run_id,firm_id,rank,company,event_type,event_year,event_label,event_date_inferred,event_date_verified,event_date_final,event_date_precision,event_date_source,event_date_verification_status,relative_timepoint,target_year,target_date,target_date_precision,observation_is_future,snapshot_status,capture_source,requested_url,cdx_original_url,canonical_original_url,archive_timestamp,selected_capture_date,temporal_distance_days,temporal_fit_quality,temporal_fit_usable_default,event_snapshot_position,days_from_actual_event,days_between_selected_snapshots,adjacent_period_overlap_flag,homepage_available,relevant_subpages_available,subpage_only_observation,observation_scope,observation_recommendation,analysis_eligible,duplicate_capture_flag,duplicate_capture_winner_timepoint,wayback_replay_url,http_status,mime_type,digest,redirect_chain,selection_reason,fallback_attempts,failure_reason,event_year_precision_note,discovered_at
508f1903-71e7-4aab-aba6-000fed4d8b7d,1,1,BLUE MOON COMMUNICATION CONSULTANTS GMBH,family_internal_succession,2024,Übernahme durch Sohn nach Tod der Mutter,,,2024-07-01,year,unverified_proxy: event_year=2024 mid-year,unverified_proxy,pre_pre_event,2020,2020-07-01,year,False,selected,wayback,https://www.bluemoon.de/,https://www.bluemoon.de/,https://www.bluemoon.de/,20201101073754.0,2020-11-01,123.0,moderate,True,before_event,-1338.0,,False,True,False,False,homepage_only,include,True,False,,https://web.archive.org/web/20201101073754id_/https://www.bluemoon.de/,200.0,text/html,UJKZA74AUROG7X3A6VRTKNPEM5RH6ZDL,,closest_within_548d_later_homepage,"[""http://bluemoon.de/"", ""http://www.bluemoon.de/"", ""https://bluemoon.de/"", ""https://www.bluemoon.de/""]",,,2026-07-25T09:43:54.039811+00:00
508f1903-71e7-4aab-aba6-000fed4d8b7d,1,1,BLUE MOON COMMUNICATION CONSULTANTS GMBH,family_internal_succession,2024,Übernahme durch Sohn nach Tod der Mutter,,,2024-07-01,year,unverified_proxy: event_year=2024 mid-year,unverified_proxy,pre_event,2022,2022-07-01,year,False,selected,wayback,https://www.bluemoon.de/,https://www.bluemoon.de/,https://www.bluemoon.de/,20220707114701.0,2022-07-07,6.0,high,True,before_event,-725.0,613.0,False,True,False,False,homepage_only,include,True,False,,https://web.archive.org/web/20220707114701id_/https://www.bluemoon.de/,200.0,text/html,7ZPOWU7LMOWNDUXSHN2KTPCYBWOUVO3Q,,closest_within_548d_later_homepage,"[""http://bluemoon.de/"", ""http://www.bluemoon.de/"", ""https://bluemoon.de/"", ""https://www.bluemoon.de/""]",,,2026-07-25T09:43:54.040694+00:00
508f1903-71e7-4aab-aba6-000fed4d8b7d,1,1,BLUE MOON COMMUNICATION CONSULTANTS GMBH,family_internal_succession,2024,Übernahme durch Sohn nach Tod der Mutter,,,2024-07-01,year,unverified_proxy: event_year=2024 mid-year,unverified_proxy,event,2024,2024-07-01,year,False,selected,wayback,https://www.bluemoon.de/,https://www.bluemoon.de/,https://www.bluemoon.de/,20250314235344.0,2025-03-14,256.0,low,True,after_event,256.0,981.0,False,True,False,False,homepage_only,include,True,False,,https://web.archive.org/web/20250314235344id_/https://www.bluemoon.de/,200.0,text/html,HMTV2LAOGVS4YEQ765UZSHMKPZDFPVVE,,closest_within_548d_later_homepage,"[""http://bluemoon.de/"", ""http://www.bluemoon.de/"", ""https://bluemoon.de/"", ""https://www.bluemoon.de/""]",,Event target uses year-level precision (2024-07-01). Event date source: unverified_proxy: event_year=2024 mid-year,2026-07-25T09:43:54.041532+00:00
508f1903-71e7-4aab-aba6-000fed4d8b7d,1,1,BLUE MOON COMMUNICATION CONSULTANTS GMBH,family_internal_succession,2024,Übernahme durch Sohn nach Tod der Mutter,,,2024-07-01,year,unverified_proxy: event_year=2024 mid-year,unverified_proxy,post_event,2026,2026-07-01,year,False,selected,wayback,https://www.bluemoon.de/,https://www.bluemoon.de/,https://www.bluemoon.de/,20260304002641.0,2026-03-04,119.0,moderate,True,after_event,611.0,355.0,False,True,False,False,homepage_only,include,True,False,,https://web.archive.org/web/20260304002641id_/https://www.bluemoon.de/,200.0,text/html,64AJ5PJEZHUCRYIZ2AZV33K6RYD5D77W,,closest_within_548d_earlier_homepage,"[""http://bluemoon.de/"", ""http://www.bluemoon.de/"", ""https://bluemoon.de/"", ""https://www.bluemoon.de/""]",,,2026-07-25T09:43:54.042341+00:00
508f1903-71e7-4aab-aba6-000fed4d8b7d,1,1,BLUE MOON COMMUNICATION CONSULTANTS GMBH,family_internal_succession,2024,Übernahme durch Sohn nach Tod der Mutter,,,2024-07-01,year,unverified_proxy: event_year=2024 mid-year,unverified_proxy,post_post_event,2028,2028-07-01,year,True,future_unavailable,wayback,,,,,,,,,unknown,,,False,False,False,False,unavailable,exclude,False,False,,,,,,,future_unavailable,,,,2026-07-25T09:43:54.042385+00:00
508f1903-71e7-4aab-aba6-000fed4d8b7d,2,2,PETER-LACKE HOLDING GMBH,family_internal_succession,2015,Übernahme durch Sohn in 5. Generation,,,2015-07-01,year,unverified_proxy: event_year=2015 mid-year,unverified_proxy,pre_pre_event,2011,2011-07-01,year,False,selected,wayback,http://www.peter-lacke.de:80/,http://www.peter-lacke.de:80/,http://www.peter-lacke.de/,20110709094353.0,2011-07-09,8.0,high,True,before_event,-1453.0,,False,True,False,False,homepage_only,include,True,False,,https://web.archive.org/web/20110709094353id_/http://www.peter-lacke.de:80/,200.0,text/html,GK5GT6YNV3AKRDHIGXWF4CYA6ZL5GLYU,,closest_within_548d_later_homepage,"[""http://peter-lacke.de/"", ""http://www.peter-lacke.de/"", ""https://peter-lacke.de/"", ""https://www.peter-lacke.de/""]",,,2026-07-25T09:43:54.044145+00:00
508f1903-71e7-4aab-aba6-000fed4d8b7d,2,2,PETER-LACKE HOLDING GMBH,family_internal_succession,2015,Übernahme durch Sohn in 5. Generation,,,2015-07-01,year,unverified_proxy: event_year=2015 mid-year,unverified_proxy,pre_event,2013,2013-07-01,year,False,selected,wayback,http://www.peter-lacke.de:80/,http://www.peter-lacke.de:80/,http://www.peter-lacke.de/,20130703032151.0,2013-07-03,2.0,high,True,before_event,-728.0,725.0,False,True,False,False,homepage_only,include,True,False,,https://web.archive.org/web/20130703032151id_/http://www.peter-lacke.de:80/,200.0,text/html,MMA3EUOIVMMZ6YMDFZVUVBKFVJVUFLNZ,,closest_within_548d_later_homepage,"[""http://peter-lacke.de/"", ""http://www.peter-lacke.de/"", ""https://peter-lacke.de/"", ""https://www.peter-lacke.de/""]",,,2026-07-25T09:43:54.044994+00:00
508f1903-71e7-4aab-aba6-000fed4d8b7d,2,2,PETER-LACKE HOLDING GMBH,family_internal_succession,2015,Übernahme durch Sohn in 5. Generation,,,2015-07-01,year,unverified_proxy: event_year=2015 mid-year,unverified_proxy,event,2015,2015-07-01,year,False,selected,wayback,http://www.peter-lacke.de:80/,http://www.peter-lacke.de:80/,http://www.peter-lacke.de/,20150522040733.0,2015-05-22,40.0,high,True,before_event,-40.0,688.0,False,True,False,False,homepage_only,sensitivity_analysis,True,False,,https://web.archive.org/web/20150522040733id_/http://www.peter-lacke.de:80/,200.0,text/html,42JDHBAVLDFXMGT5ZLY7PJ5WAXTRJBOJ,,closest_within_548d_earlier_homepage,"[""http://peter-lacke.de/"", ""http://www.peter-lacke.de/"", ""https://peter-lacke.de/"", ""https://www.peter-lacke.de/""]",,Event target uses year-level precision (2015-07-01). Event date source: unverified_proxy: event_year=2015 mid-year,2026-07-25T09:43:54.045829+00:00
508f1903-71e7-4aab-aba6-000fed4d8b7d,2,2,PETER-LACKE HOLDING GMBH,family_internal_succession,2015,Übernahme durch Sohn in 5. Generation,,,2015-07-01,year,unverified_proxy: event_year=2015 mid-year,unverified_proxy,post_event,2017,2017-07-01,year,False,beyond_tolerance,wayback,,,,,,,,,unknown,,,False,False,True,True,subpages_only,exclude,False,False,,,,,,,no_capture_within_tolerance,"[""http://peter-lacke.de/"", ""http://www.peter-lacke.de/"", ""https://peter-lacke.de/"", ""https://www.peter-lacke.de/""]",nearest_capture_exceeds_548_days,,2026-07-25T09:43:54.050893+00:00
508f1903-71e7-4aab-aba6-000fed4d8b7d,3,3,ANLAGENTECHNIK LEICHTLE GMBH,unclear_family_transition,2023,Übernahme unklar; geringe Text-/Informationsdichte,,,2023-07-01,year,unverified_proxy: event_year=2023 mid-year,unverified_proxy,pre_pre_event,2019,2019-07-01,year,False,selected,wayback,https://www.anlagentechnik-leichtle.de/,https://www.anlagentechnik-leichtle.de/,https://www.anlagentechnik-leichtle.de/,20190723051243.0,2019-07-23,22.0,high,True,before_event,-1439.0,,False,True,False,False,homepage_only,include,True,False,,https://web.archive.org/web/20190723051243id_/https://www.anlagentechnik-leichtle.de/,200.0,text/html,YREBW7SD3WM3NLRYRLEX2V7VPDS446U2,,closest_within_548d_later_homepage,"[""http://anlagentechnik-leichtle.de/"", ""http://www.anlagentechnik-leichtle.de/"", ""https://anlagentechnik-leichtle.de/"", ""https://www.anlagentechnik-leichtle.de/""]",,,2026-07-25T09:43:54.059162+00:00
508f1903-71e7-4aab-aba6-000fed4d8b7d,3,3,ANLAGENTECHNIK LEICHTLE GMBH,unclear_family_transition,2023,Übernahme unklar; geringe Text-/Informationsdichte,,,2023-07-01,year,unverified_proxy: event_year=2023 mid-year,unverified_proxy,pre_event,2021,2021-07-01,year,False,selected,wayback,https://www.anlagentechnik-leichtle.de/,https://www.anlagentechnik-leichtle.de/,https://www.anlagentechnik-leichtle.de/,20210623054251.0,2021-06-23,8.0,high,True,before_event,-738.0,701.0,False,True,False,False,homepage_only,include,True,False,,https://web.archive.org/web/20210623054251id_/https://www.anlagentechnik-leichtle.de/,200.0,text/html,ROMVPXO3ENUME4URSIEFL6T7FOM7X4SP,,closest_within_548d_earlier_homepage,"[""http://anlagentechnik-leichtle.de/"", ""http://www.anlagentechnik-leichtle.de/"", ""https://anlagentechnik-leichtle.de/"", ""https://www.anlagentechnik-leichtle.de/""]",,,2026-07-25T09:43:54.060020+00:00
508f1903-71e7-4aab-aba6-000fed4d8b7d,3,3,ANLAGENTECHNIK LEICHTLE GMBH,unclear_family_transition,2023,Übernahme unklar; geringe Text-/Informationsdichte,,,2023-07-01,year,unverified_proxy: event_year=2023 mid-year,unverified_proxy,event,2023,2023-07-01,year,False,selected,wayback,https://www.anlagentechnik-leichtle.de/,https://www.anlagentechnik-leichtle.de/,https://www.anlagentechnik-leichtle.de/,20230529054753.0,2023-05-29,33.0,high,True,before_event,-33.0,705.0,False,True,False,False,homepage_only,sensitivity_analysis,True,False,,https://web.archive.org/web/20230529054753id_/https://www.anlagentechnik-leichtle.de/,200.0,text/html,GWEJ6TZBJ2ITATVARS4JVEVA2HGK4UEG,,closest_within_548d_earlier_homepage,"[""http://anlagentechnik-leichtle.de/"", ""http://www.anlagentechnik-leichtle.de/"", ""https://anlagentechnik-leichtle.de/"", ""https://www.anlagentechnik-leichtle.de/""]",,Event target uses year-level precision (2023-07-01). Event date source: unverified_proxy: event_year=2023 mid-year,2026-07-25T09:43:54.060936+00:00
508f1903-71e7-4aab-aba6-000fed4d8b7d,3,3,ANLAGENTECHNIK LEICHTLE GMBH,unclear_family_transition,2023,Übernahme unklar; geringe Text-/Informationsdichte,,,2023-07-01,year,unverified_proxy: event_year=2023 mid-year,unverified_proxy,post_event,2025,2025-07-01,year,False,selected,wayback,https://www.anlagentechnik-leichtle.de,https://www.anlagentechnik-leichtle.de,https://www.anlagentechnik-leichtle.de/,20250615044832.0,2025-06-15,16.0,high,True,after_event,715.0,748.0,False,True,False,False,homepage_only,include,True,False,,https://web.archive.org/web/20250615044832id_/https://www.anlagentechnik-leichtle.de,200.0,text/html,VO3QOEVRGEOZW3YNAWCSF2XXQROGA3UO,,closest_within_548d_earlier_homepage,"[""http://anlagentechnik-leichtle.de/"", ""http://www.anlagentechnik-leichtle.de/"", ""https://anlagentechnik-leichtle.de/"", ""https://www.anlagentechnik-leichtle.de/""]",,,2026-07-25T09:43:54.061784+00:00
508f1903-71e7-4aab-aba6-000fed4d8b7d,3,3,ANLAGENTECHNIK LEICHTLE GMBH,unclear_family_transition,2023,Übernahme unklar; geringe Text-/Informationsdichte,,,2023-07-01,year,unverified_proxy: event_year=2023 mid-year,unverified_proxy,post_post_event,2027,2027-07-01,year,True,future_unavailable,wayback,,,,,,,,,unknown,,,False,False,False,False,unavailable,exclude,False,False,,,,,,,future_unavailable,,,,2026-07-25T09:43:54.061832+00:00
508f1903-71e7-4aab-aba6-000fed4d8b7d,4,4,MYRENNE GMBH,family_internal_succession,2012,Übergabe im April 2012 bestätigt,2012-04-15,2012-04-15,2012-04-15,month,event_label: Übergabe im April 2012 bestätigt,verified,pre_pre_event,2008,2008-07-01,year,False,selected,wayback,http://www.myrenne.com/,http://www.myrenne.com/,http://www.myrenne.com/,20080820062004.0,2008-08-20,50.0,high,True,before_event,-1334.0,,False,True,False,False,homepage_only,include,True,False,,https://web.archive.org/web/20080820062004id_/http://www.myrenne.com/,200.0,text/html,XHRDKPZEIBCJVCK3WP42JGBSI6SFZ6M7,,closest_within_548d_later_homepage,"[""http://myrenne.com/"", ""http://www.myrenne.com/"", ""https://myrenne.com/"", ""https://www.myrenne.com/""]",,,2026-07-25T09:43:54.064225+00:00
508f1903-71e7-4aab-aba6-000fed4d8b7d,4,4,MYRENNE GMBH,family_internal_succession,2012,Übergabe im April 2012 bestätigt,2012-04-15,2012-04-15,2012-04-15,month,event_label: Übergabe im April 2012 bestätigt,verified,pre_event,2010,2010-07-01,year,False,selected,wayback,http://www.myrenne.com:80/,http://www.myrenne.com:80/,http://www.myrenne.com/,20100427181748.0,2010-04-27,65.0,high,True,before_event,-719.0,615.0,False,True,False,False,homepage_only,include,True,False,,https://web.archive.org/web/20100427181748id_/http://www.myrenne.com:80/,200.0,text/html,NDB4QLKSCIVAORAE3YQ5GFA77NIFHQ3Q,,closest_within_548d_earlier_homepage,"[""http://myrenne.com/"", ""http://www.myrenne.com/"", ""https://myrenne.com/"", ""https://www.myrenne.com/""]",,,2026-07-25T09:43:54.065542+00:00
508f1903-71e7-4aab-aba6-000fed4d8b7d,4,4,MYRENNE GMBH,family_internal_succession,2012,Übergabe im April 2012 bestätigt,2012-04-15,2012-04-15,2012-04-15,month,event_label: Übergabe im April 2012 bestätigt,verified,event,2012,2012-04-15,month,False,event_unavailable,wayback,http://www.myrenne.com:80/,http://www.myrenne.com:80/,http://www.myrenne.com/,20110810103830.0,2011-08-10,249.0,low,True,before_event,-249.0,,False,True,True,True,subpages_only,exclude,False,False,,https://web.archive.org/web/20110810103830id_/http://www.myrenne.com:80/,200.0,text/html,CC7PXYZ6ATQNRQLVQXRTEU6EDVKGGYPR,,rejected_pre_event_capture_for_event_timepoint,"[""http://myrenne.com/"", ""http://www.myrenne.com/"", ""https://myrenne.com/"", ""https://www.myrenne.com/""]",closest_homepage_capture_2011-08-10_is_249d_before_event_2012-04-15,Event target uses month-level precision (2012-04-15). Event date source: event_label: Übergabe im April 2012 bestätigt,2026-07-25T09:43:54.068506+00:00
508f1903-71e7-4aab-aba6-000fed4d8b7d,4,4,MYRENNE GMBH,family_internal_succession,2012,Übergabe im April 2012 bestätigt,2012-04-15,2012-04-15,2012-04-15,month,event_label: Übergabe im April 2012 bestätigt,verified,post_event,2014,2014-07-01,year,False,selected,wayback,http://myrenne.com/,http://myrenne.com/,http://myrenne.com/,20140517163035.0,2014-05-17,45.0,high,True,after_event,762.0,1481.0,False,True,False,False,homepage_only,include,True,False,,https://web.archive.org/web/20140517163035id_/http://myrenne.com/,200.0,text/html,QTXAUEKBPENL4IABZ52F6QINQKQFAJ3A,,closest_within_548d_earlier_homepage,"[""http://myrenne.com/"", ""http://www.myrenne.com/"", ""https://myrenne.com/"", ""https://www.myrenne.com/""]",,,2026-07-25T09:43:54.070171+00:00
508f1903-71e7-4aab-aba6-000fed4d8b7d,4,4,MYRENNE GMBH,family_internal_succession,2012,Übergabe im April 2012 bestätigt,2012-04-15,2012-04-15,2012-04-15,month,event_label: Übergabe im April 2012 bestätigt,verified,post_post_event,2016,2016-07-01,year,False,selected,wayback,http://www.myrenne.com/,http://www.myrenne.com/,http://www.myrenne.com/,20160801210455.0,2016-08-01,31.0,high,True,after_event,1569.0,807.0,False,True,False,False,homepage_only,include,True,False,,https://web.archive.org/web/20160801210455id_/http://www.myrenne.com/,200.0,text/html,KDOFHURFNXXYO2XY2C6DQVFDLAGMQ7D2,,closest_within_548d_later_homepage,"[""http://myrenne.com/"", ""http://www.myrenne.com/"", ""https://myrenne.com/"", ""https://www.myrenne.com/""]",,,2026-07-25T09:43:54.071793+00:00
508f1903-71e7-4aab-aba6-000fed4d8b7d,5,5,MSF-VATHAUER ANTRIEBSTECHNIK GMBH & CO. KG,family_internal_succession_or_management_entry,2006,Marc Vathauer tritt in die Geschäftsführung ein,,2006-01-01,2006-01-01,year,event_year; MSF-Vathauer management entry 2006 (exact day unknown),verified,event,2006,2006-01-01,year,False,selected,wayback,http://www.msf-technik.de:80/,http://www.msf-technik.de:80/,http://www.msf-technik.de/,20050909231716.0,2005-09-09,114.0,moderate,True,before_event,-114.0,0.0,True,True,False,False,homepage_only,sensitivity_analysis,True,False,,https://web.archive.org/web/20050909231716id_/http://www.msf-technik.de:80/,200.0,text/html,WZAL3GD23T5T3L7HCIAQMHQVRWYITTD3,,closest_within_548d_earlier_homepage,"[""http://msf-technik.de/"", ""http://www.msf-technik.de/"", ""https://msf-technik.de/"", ""https://www.msf-technik.de/""]",,Event target uses year-level precision (2006-01-01). Event date source: event_year; MSF-Vathauer management entry 2006 (exact day unknown),2026-07-25T09:43:54.076953+00:00
508f1903-71e7-4aab-aba6-000fed4d8b7d,5,5,MSF-VATHAUER ANTRIEBSTECHNIK GMBH & CO. KG,family_internal_succession_or_management_entry,2006,Marc Vathauer tritt in die Geschäftsführung ein,,2006-01-01,2006-01-01,year,event_year; MSF-Vathauer management entry 2006 (exact day unknown),verified,post_event,2008,2008-07-01,year,False,selected,wayback,http://msf-technik.de:80/,http://msf-technik.de:80/,http://msf-technik.de/,20080327012906.0,2008-03-27,96.0,moderate,True,after_event,816.0,930.0,False,True,False,False,homepage_only,include,True,False,,https://web.archive.org/web/20080327012906id_/http://msf-technik.de:80/,200.0,text/html,DVPHI3G77ZO2CKY7TYQXZGRAQDMEZLWA,,closest_within_548d_earlier_homepage,"[""http://msf-technik.de/"", ""http://www.msf-technik.de/"", ""https://msf-technik.de/"", ""https://www.msf-technik.de/""]",,,2026-07-25T09:43:54.078389+00:00
508f1903-71e7-4aab-aba6-000fed4d8b7d,5,5,MSF-VATHAUER ANTRIEBSTECHNIK GMBH & CO. KG,family_internal_succession_or_management_entry,2006,Marc Vathauer tritt in die Geschäftsführung ein,,2006-01-01,2006-01-01,year,event_year; MSF-Vathauer management entry 2006 (exact day unknown),verified,post_post_event,2010,2010-07-01,year,False,selected,wayback,http://www.msf-technik.de:80/,http://www.msf-technik.de:80/,http://www.msf-technik.de/,20100618062303.0,2010-06-18,13.0,high,True,after_event,1629.0,813.0,False,True,False,False,homepage_only,include,True,False,,https://web.archive.org/web/20100618062303id_/http://www.msf-technik.de:80/,200.0,text/html,3I5UXFU4KTQWUQVZV222JDQY3RVGXN5L,,closest_within_548d_earlier_homepage,"[""http://msf-technik.de/"", ""http://www.msf-technik.de/"", ""https://msf-technik.de/"", ""https://www.msf-technik.de/""]",,,2026-07-25T09:43:54.079790+00:00
508f1903-71e7-4aab-aba6-000fed4d8b7d,6,6,FIELMANN GROUP AG,family_internal_succession,2019,Marc Fielmann übernimmt final von Gründer Günther Fielmann,,,2019-07-01,year,unverified_proxy: event_year=2019 mid-year,unverified_proxy,pre_pre_event,2015,2015-07-01,year,False,selected,wayback,http://www.fielmann.de/,http://www.fielmann.de/,http://www.fielmann.de/,20150701212229.0,2015-07-01,0.0,high,True,before_event,-1461.0,,False,True,False,False,homepage_only,include,True,False,,https://web.archive.org/web/20150701212229id_/http://www.fielmann.de/,200.0,text/html,V62WPBW3TCUQGVXEE7NLBE2RKGXPPFRO,,exact_date_match_homepage,"[""http://fielmann.de/"", ""http://www.fielmann.de/"", ""https://fielmann.de/"", ""https://www.fielmann-group.com/"", ""https://www.fielmann.de/""]",,,2026-07-25T10:34:23.216874+00:00
508f1903-71e7-4aab-aba6-000fed4d8b7d,6,6,FIELMANN GROUP AG,family_internal_succession,2019,Marc Fielmann übernimmt final von Gründer Günther Fielmann,,,2019-07-01,year,unverified_proxy: event_year=2019 mid-year,unverified_proxy,pre_event,2017,2017-07-01,year,False,selected,wayback,https://www.fielmann.de/,https://www.fielmann.de/,https://www.fielmann.de/,20170624163636.0,2017-06-24,7.0,high,True,before_event,-737.0,724.0,False,True,False,False,homepage_only,include,True,False,,https://web.archive.org/web/20170624163636id_/https://www.fielmann.de/,200.0,text/html,IJSDSMFNV7KWGJGPFRBGYP7ZSPT753EO,,closest_within_548d_earlier_homepage,"[""http://fielmann.de/"", ""http://www.fielmann.de/"", ""https://fielmann.de/"", ""https://www.fielmann-group.com/"", ""https://www.fielmann.de/""]",,,2026-07-25T10:34:23.227082+00:00
508f1903-71e7-4aab-aba6-000fed4d8b7d,6,6,FIELMANN GROUP AG,family_internal_succession,2019,Marc Fielmann übernimmt final von Gründer Günther Fielmann,,,2019-07-01,year,unverified_proxy: event_year=2019 mid-year,unverified_proxy,event,2019,2019-07-01,year,False,selected,wayback,https://www.fielmann.de/,https://www.fielmann.de/,https://www.fielmann.de/,20190624201807.0,2019-06-24,7.0,high,True,before_event,-7.0,730.0,False,True,False,False,homepage_only,sensitivity_analysis,True,False,,https://web.archive.org/web/20190624201807id_/https://www.fielmann.de/,200.0,text/html,OQHCWMEDNWGMUPJYFVYFLYMLFZKLWKMD,,closest_within_548d_earlier_homepage,"[""http://fielmann.de/"", ""http://www.fielmann.de/"", ""https://fielmann.de/"", ""https://www.fielmann-group.com/"", ""https://www.fielmann.de/""]",,Event target uses year-level precision (2019-07-01). Event date source: unverified_proxy: event_year=2019 mid-year,2026-07-25T10:34:23.237190+00:00
508f1903-71e7-4aab-aba6-000fed4d8b7d,6,6,FIELMANN GROUP AG,family_internal_succession,2019,Marc Fielmann übernimmt final von Gründer Günther Fielmann,,,2019-07-01,year,unverified_proxy: event_year=2019 mid-year,unverified_proxy,post_event,2021,2021-07-01,year,False,selected,wayback,https://www.fielmann.de/,https://www.fielmann.de/,https://www.fielmann.de/,20210627232106.0,2021-06-27,4.0,high,True,after_event,727.0,734.0,False,True,False,False,homepage_only,include,True,False,,https://web.archive.org/web/20210627232106id_/https://www.fielmann.de/,200.0,text/html,GAPZ6XGVOEV77NGJYFNJ2C2UHEAOUTRY,,closest_within_548d_earlier_homepage,"[""http://fielmann.de/"", ""http://www.fielmann.de/"", ""https://fielmann.de/"", ""https://www.fielmann-group.com/"", ""https://www.fielmann.de/""]",,,2026-07-25T10:34:23.247039+00:00
508f1903-71e7-4aab-aba6-000fed4d8b7d,6,6,FIELMANN GROUP AG,family_internal_succession,2019,Marc Fielmann übernimmt final von Gründer Günther Fielmann,,,2019-07-01,year,unverified_proxy: event_year=2019 mid-year,unverified_proxy,post_post_event,2023,2023-07-01,year,False,selected,wayback,https://www.fielmann.de/,https://www.fielmann.de/,https://www.fielmann.de/,20230705081123.0,2023-07-05,4.0,high,True,after_event,1465.0,738.0,False,True,False,False,homepage_only,include,True,False,,https://web.archive.org/web/20230705081123id_/https://www.fielmann.de/,200.0,text/html,NU6CDHEF3AFQWDINHTXMPSHHN5RQ6FXR,,closest_within_548d_later_homepage,"[""http://fielmann.de/"", ""http://www.fielmann.de/"", ""https://fielmann.de/"", ""https://www.fielmann-group.com/"", ""https://www.fielmann.de/""]",,,2026-07-25T10:34:23.256780+00:00
508f1903-71e7-4aab-aba6-000fed4d8b7d,7,7,SIXT SE,family_internal_succession,2021,Alexander und Konstantin Sixt übernehmen gemeinsam von Erich Sixt,,,2021-07-01,year,unverified_proxy: event_year=2021 mid-year,unverified_proxy,pre_pre_event,2017,2017-07-01,year,False,selected,wayback,https://www.sixt.com/,https://www.sixt.com/,https://www.sixt.com/,20170701075542.0,2017-07-01,0.0,high,True,before_event,-1461.0,,False,True,False,False,homepage_only,include,True,False,,https://web.archive.org/web/20170701075542id_/https://www.sixt.com/,200.0,text/html,6FESGB4DVNLKXXGUYCER4XVWGQISM7E4,,exact_date_match_homepage,"[""http://sixt.com/"", ""http://www.sixt.com/"", ""https://sixt.com/"", ""https://www.sixt.com/""]",,,2026-07-25T10:34:23.299219+00:00
508f1903-71e7-4aab-aba6-000fed4d8b7d,7,7,SIXT SE,family_internal_succession,2021,Alexander und Konstantin Sixt übernehmen gemeinsam von Erich Sixt,,,2021-07-01,year,unverified_proxy: event_year=2021 mid-year,unverified_proxy,pre_event,2019,2019-07-01,year,False,selected,wayback,https://www.sixt.com/,https://www.sixt.com/,https://www.sixt.com/,20190701113259.0,2019-07-01,0.0,high,True,before_event,-731.0,730.0,False,True,False,False,homepage_only,include,True,False,,https://web.archive.org/web/20190701113259id_/https://www.sixt.com/,200.0,text/html,QUGY43YYGIKQN7HDU4WECQI2P6VG2HJQ,,exact_date_match_homepage,"[""http://sixt.com/"", ""http://www.sixt.com/"", ""https://sixt.com/"", ""https://www.sixt.com/""]",,,2026-07-25T10:34:23.355477+00:00
508f1903-71e7-4aab-aba6-000fed4d8b7d,7,7,SIXT SE,family_internal_succession,2021,Alexander und Konstantin Sixt übernehmen gemeinsam von Erich Sixt,,,2021-07-01,year,unverified_proxy: event_year=2021 mid-year,unverified_proxy,event,2021,2021-07-01,year,False,selected,wayback,https://www.sixt.com/,https://www.sixt.com/,https://www.sixt.com/,20210701134247.0,2021-07-01,0.0,high,True,on_event_day,0.0,731.0,False,True,False,False,homepage_only,include,True,False,,https://web.archive.org/web/20210701134247id_/https://www.sixt.com/,200.0,text/html,DA33C233ITVKE7DVTSRNCPUOIGWV6PEW,,exact_date_match_homepage,"[""http://sixt.com/"", ""http://www.sixt.com/"", ""https://sixt.com/"", ""https://www.sixt.com/""]",,Event target uses year-level precision (2021-07-01). Event date source: unverified_proxy: event_year=2021 mid-year,2026-07-25T10:34:23.395214+00:00
508f1903-71e7-4aab-aba6-000fed4d8b7d,7,7,SIXT SE,family_internal_succession,2021,Alexander und Konstantin Sixt übernehmen gemeinsam von Erich Sixt,,,2021-07-01,year,unverified_proxy: event_year=2021 mid-year,unverified_proxy,post_event,2023,2023-07-01,year,False,selected,wayback,https://www.sixt.com/,https://www.sixt.com/,https://www.sixt.com/,20230701225351.0,2023-07-01,0.0,high,True,after_event,730.0,730.0,False,True,False,False,homepage_only,include,True,False,,https://web.archive.org/web/20230701225351id_/https://www.sixt.com/,200.0,text/html,3YIK22TENA7A2SM4YZGURRD5TR7RX6NY,,exact_date_match_homepage,"[""http://sixt.com/"", ""http://www.sixt.com/"", ""https://sixt.com/"", ""https://www.sixt.com/""]",,,2026-07-25T10:34:23.434865+00:00
508f1903-71e7-4aab-aba6-000fed4d8b7d,7,7,SIXT SE,family_internal_succession,2021,Alexander und Konstantin Sixt übernehmen gemeinsam von Erich Sixt,,,2021-07-01,year,unverified_proxy: event_year=2021 mid-year,unverified_proxy,post_post_event,2025,2025-07-01,year,False,selected,wayback,https://www.sixt.com/,https://www.sixt.com/,https://www.sixt.com/,20250702180013.0,2025-07-02,1.0,high,True,after_event,1462.0,732.0,False,True,False,False,homepage_only,include,True,False,,https://web.archive.org/web/20250702180013id_/https://www.sixt.com/,200.0,text/html,5OTIHFHY3VSGRF3PU3HAWQ5NWTQDZP2P,,closest_within_548d_later_homepage,"[""http://sixt.com/"", ""http://www.sixt.com/"", ""https://sixt.com/"", ""https://www.sixt.com/""]",,,2026-07-25T10:34:23.474550+00:00
508f1903-71e7-4aab-aba6-000fed4d8b7d,8,8,DM-DROGERIE MARKT GMBH + CO. KG,family_internal_succession,2019,"Christoph Werner, Sohn des Gründers, wird Vorsitzender der Geschäftsführung",,,2019-07-01,year,unverified_proxy: event_year=2019 mid-year,unverified_proxy,pre_pre_event,2015,2015-07-01,year,False,selected,wayback,https://www.dm.de/,https://www.dm.de/,https://www.dm.de/,20150810025641.0,2015-08-10,40.0,high,True,before_event,-1421.0,,False,True,False,False,homepage_only,include,True,False,,https://web.archive.org/web/20150810025641id_/https://www.dm.de/,200.0,text/html,UG4HQTBBV7YQOLMI6RYYJTERAZWZX3AX,,closest_within_548d_later_homepage,"[""http://dm.de/"", ""http://www.dm.de/"", ""https://dm.de/"", ""https://www.dm.de/""]",,,2026-07-25T10:34:23.492873+00:00
508f1903-71e7-4aab-aba6-000fed4d8b7d,8,8,DM-DROGERIE MARKT GMBH + CO. KG,family_internal_succession,2019,"Christoph Werner, Sohn des Gründers, wird Vorsitzender der Geschäftsführung",,,2019-07-01,year,unverified_proxy: event_year=2019 mid-year,unverified_proxy,pre_event,2017,2017-07-01,year,False,selected,wayback,https://www.dm.de/,https://www.dm.de/,https://www.dm.de/,20170701144430.0,2017-07-01,0.0,high,True,before_event,-730.0,691.0,False,True,False,False,homepage_only,include,True,False,,https://web.archive.org/web/20170701144430id_/https://www.dm.de/,200.0,text/html,5CPEQWLSDH6GIQJEKD6TIUF5GDGSJWMY,,exact_date_match_homepage,"[""http://dm.de/"", ""http://www.dm.de/"", ""https://dm.de/"", ""https://www.dm.de/""]",,,2026-07-25T10:34:23.509239+00:00
508f1903-71e7-4aab-aba6-000fed4d8b7d,8,8,DM-DROGERIE MARKT GMBH + CO. KG,family_internal_succession,2019,"Christoph Werner, Sohn des Gründers, wird Vorsitzender der Geschäftsführung",,,2019-07-01,year,unverified_proxy: event_year=2019 mid-year,unverified_proxy,event,2019,2019-07-01,year,False,selected,wayback,https://www.dm.de/,https://www.dm.de/,https://www.dm.de/,20190702044729.0,2019-07-02,1.0,high,True,after_event,1.0,731.0,False,True,False,False,homepage_only,include,True,False,,https://web.archive.org/web/20190702044729id_/https://www.dm.de/,200.0,text/html,BNCBNSPXRVKHX2G72TXRFHMAM6ETKZA5,,closest_within_548d_later_homepage,"[""http://dm.de/"", ""http://www.dm.de/"", ""https://dm.de/"", ""https://www.dm.de/""]",,Event target uses year-level precision (2019-07-01). Event date source: unverified_proxy: event_year=2019 mid-year,2026-07-25T10:34:23.525789+00:00
508f1903-71e7-4aab-aba6-000fed4d8b7d,8,8,DM-DROGERIE MARKT GMBH + CO. KG,family_internal_succession,2019,"Christoph Werner, Sohn des Gründers, wird Vorsitzender der Geschäftsführung",,,2019-07-01,year,unverified_proxy: event_year=2019 mid-year,unverified_proxy,post_event,2021,2021-07-01,year,False,selected,wayback,https://www.dm.de/,https://www.dm.de/,https://www.dm.de/,20210713152535.0,2021-07-13,12.0,high,True,after_event,743.0,742.0,False,True,False,False,homepage_only,include,True,False,,https://web.archive.org/web/20210713152535id_/https://www.dm.de/,200.0,text/html,SFY227SUK62UX7EJCFFXDAKOSP7MCPZL,,closest_within_548d_later_homepage,"[""http://dm.de/"", ""http://www.dm.de/"", ""https://dm.de/"", ""https://www.dm.de/""]",,,2026-07-25T10:34:23.560086+00:00
508f1903-71e7-4aab-aba6-000fed4d8b7d,8,8,DM-DROGERIE MARKT GMBH + CO. KG,family_internal_succession,2019,"Christoph Werner, Sohn des Gründers, wird Vorsitzender der Geschäftsführung",,,2019-07-01,year,unverified_proxy: event_year=2019 mid-year,unverified_proxy,post_post_event,2023,2023-07-01,year,False,selected,wayback,https://www.dm.de/,https://www.dm.de/,https://www.dm.de/,20230701010633.0,2023-07-01,0.0,high,True,after_event,1461.0,718.0,False,True,False,False,homepage_only,include,True,False,,https://web.archive.org/web/20230701010633id_/https://www.dm.de/,200.0,text/html,IDOV2HHZ6MRXRIAPS27AAMEPI3BBZEWV,,exact_date_match_homepage,"[""http://dm.de/"", ""http://www.dm.de/"", ""https://dm.de/"", ""https://www.dm.de/""]",,,2026-07-25T10:34:23.576033+00:00
508f1903-71e7-4aab-aba6-000fed4d8b7d,9,9,TRIGEMA W. GRUPP KG,family_internal_succession,2024,Wolfgang Grupp übergibt operative Leitung an Bonita und Wolfgang Grupp jr.,,,2024-07-01,year,unverified_proxy: event_year=2024 mid-year,unverified_proxy,pre_pre_event,2020,2020-07-01,year,False,selected,wayback,https://www.trigema.de/,https://www.trigema.de/,https://www.trigema.de/,20200629092627.0,2020-06-29,2.0,high,True,before_event,-1463.0,,False,True,False,False,homepage_only,include,True,False,,https://web.archive.org/web/20200629092627id_/https://www.trigema.de/,200.0,text/html,V52HNTMXRTHLY2FEVIHPIJBKXVKW7E7C,,closest_within_548d_earlier_homepage,"[""http://trigema.de/"", ""http://www.trigema.de/"", ""https://trigema.de/"", ""https://www.trigema.de/""]",,,2026-07-25T10:34:23.582825+00:00
508f1903-71e7-4aab-aba6-000fed4d8b7d,9,9,TRIGEMA W. GRUPP KG,family_internal_succession,2024,Wolfgang Grupp übergibt operative Leitung an Bonita und Wolfgang Grupp jr.,,,2024-07-01,year,unverified_proxy: event_year=2024 mid-year,unverified_proxy,pre_event,2022,2022-07-01,year,False,selected,wayback,https://www.trigema.de,https://www.trigema.de,https://www.trigema.de/,20220701193209.0,2022-07-01,0.0,high,True,before_event,-731.0,732.0,False,True,False,False,homepage_only,include,True,False,,https://web.archive.org/web/20220701193209id_/https://www.trigema.de,200.0,text/html,CT5XTMYYJ5WMJDZZ5ZNOGEK64DVE5EJT,,exact_date_match_homepage,"[""http://trigema.de/"", ""http://www.trigema.de/"", ""https://trigema.de/"", ""https://www.trigema.de/""]",,,2026-07-25T10:34:23.587885+00:00
508f1903-71e7-4aab-aba6-000fed4d8b7d,9,9,TRIGEMA W. GRUPP KG,family_internal_succession,2024,Wolfgang Grupp übergibt operative Leitung an Bonita und Wolfgang Grupp jr.,,,2024-07-01,year,unverified_proxy: event_year=2024 mid-year,unverified_proxy,event,2024,2024-07-01,year,False,selected,wayback,https://www.trigema.de/,https://www.trigema.de/,https://www.trigema.de/,20240703091852.0,2024-07-03,2.0,high,True,after_event,2.0,733.0,False,True,False,False,homepage_only,include,True,False,,https://web.archive.org/web/20240703091852id_/https://www.trigema.de/,200.0,text/html,HQLIDRUUHV4K7EGCGSEQGTD24TJMRYZF,,closest_within_548d_later_homepage,"[""http://trigema.de/"", ""http://www.trigema.de/"", ""https://trigema.de/"", ""https://www.trigema.de/""]",,Event target uses year-level precision (2024-07-01). Event date source: unverified_proxy: event_year=2024 mid-year,2026-07-25T10:34:23.592668+00:00
508f1903-71e7-4aab-aba6-000fed4d8b7d,9,9,TRIGEMA W. GRUPP KG,family_internal_succession,2024,Wolfgang Grupp übergibt operative Leitung an Bonita und Wolfgang Grupp jr.,,,2024-07-01,year,unverified_proxy: event_year=2024 mid-year,unverified_proxy,post_event,2026,2026-07-01,year,False,selected,wayback,https://www.trigema.de/,https://www.trigema.de/,https://www.trigema.de/,20260716033615.0,2026-07-16,15.0,high,True,after_event,745.0,743.0,False,True,False,False,homepage_only,include,True,False,,https://web.archive.org/web/20260716033615id_/https://www.trigema.de/,200.0,text/html,GXDZFWJOJJ52QYV6XKLC36RX34D4F53A,,closest_within_548d_later_homepage,"[""http://trigema.de/"", ""http://www.trigema.de/"", ""https://trigema.de/"", ""https://www.trigema.de/""]",,,2026-07-25T10:34:23.597868+00:00
508f1903-71e7-4aab-aba6-000fed4d8b7d,9,9,TRIGEMA W. GRUPP KG,family_internal_succession,2024,Wolfgang Grupp übergibt operative Leitung an Bonita und Wolfgang Grupp jr.,,,2024-07-01,year,unverified_proxy: event_year=2024 mid-year,unverified_proxy,post_post_event,2028,2028-07-01,year,True,future_unavailable,wayback,,,,,,,,,unknown,,,False,False,False,False,unavailable,exclude,False,False,,,,,,,future_unavailable,,,,2026-07-25T10:34:23.597991+00:00
508f1903-71e7-4aab-aba6-000fed4d8b7d,11,11,HARTING TECHNOLOGY GROUP,family_internal_succession,2015,Philip Harting übernimmt operative Führung / Vorsitz,,,2015-07-01,year,unverified_proxy: event_year=2015 mid-year,unverified_proxy,event,2015,2015-07-01,year,False,beyond_tolerance,wayback,,,,,,,,,unknown,,,False,False,True,True,subpages_only,exclude,False,False,,,,,,,no_capture_within_tolerance,"[""http://harting.com/"", ""http://www.harting.com/"", ""https://harting.com/"", ""https://www.harting.com/""]",nearest_capture_exceeds_548_days,Event target uses year-level precision (2015-07-01). Event date source: unverified_proxy: event_year=2015 mid-year,2026-07-25T11:36:30.824478+00:00
508f1903-71e7-4aab-aba6-000fed4d8b7d,12,12,DIRK ROSSMANN GMBH,family_internal_succession,2021,Dirk Rossmann zieht sich zurück; Raoul Rossmann wird Sprecher der Geschäftsführung,,,2021-07-01,year,unverified_proxy: event_year=2021 mid-year,unverified_proxy,event,2021,2021-07-01,year,False,beyond_tolerance,wayback,,,,,,,,,unknown,,,False,False,False,False,unavailable,exclude,False,False,,,,,,,no_capture_within_tolerance,"[""http://rossmann.de/"", ""http://www.rossmann.de/"", ""https://rossmann.de/"", ""https://www.rossmann.de/""]",nearest_capture_exceeds_548_days,Event target uses year-level precision (2021-07-01). Event date source: unverified_proxy: event_year=2021 mid-year,2026-07-25T11:41:30.330140+00:00
508f1903-71e7-4aab-aba6-000fed4d8b7d,13,13,HIPP HOLDING / HIPP GMBH & CO. VERTRIEB KG,family_internal_succession,2021,Claus Hipp übergibt Geschäftsführung an Stefan und Sebastian Hipp,,,2021-07-01,year,unverified_proxy: event_year=2021 mid-year,unverified_proxy,pre_pre_event,2017,2017-07-01,year,False,selected,wayback,http://www.hipp.de/,http://www.hipp.de/,http://www.hipp.de/,20170629055008.0,2017-06-29,2.0,high,True,before_event,-1463.0,,False,True,False,False,homepage_only,include,True,False,,https://web.archive.org/web/20170629055008id_/http://www.hipp.de/,200.0,text/html,S4TCLX4DPCQQFF4PQWBS6XTD6I6UUH3V,,closest_within_548d_earlier_homepage,"[""http://hipp.de/"", ""http://www.hipp.de/"", ""https://hipp.de/"", ""https://www.hipp.de/""]",,,2026-07-25T11:46:55.125390+00:00
508f1903-71e7-4aab-aba6-000fed4d8b7d,13,13,HIPP HOLDING / HIPP GMBH & CO. VERTRIEB KG,family_internal_succession,2021,Claus Hipp übergibt Geschäftsführung an Stefan und Sebastian Hipp,,,2021-07-01,year,unverified_proxy: event_year=2021 mid-year,unverified_proxy,pre_event,2019,2019-07-01,year,False,selected,wayback,https://www.hipp.de/,https://www.hipp.de/,https://www.hipp.de/,20190625223049.0,2019-06-25,6.0,high,True,before_event,-737.0,726.0,False,True,False,False,homepage_only,include,True,False,,https://web.archive.org/web/20190625223049id_/https://www.hipp.de/,200.0,text/html,XKHQLI7IYTYHTXUJWK2DMQ5DE7IQXQGL,,closest_within_548d_earlier_homepage,"[""http://hipp.de/"", ""http://www.hipp.de/"", ""https://hipp.de/"", ""https://www.hipp.de/""]",,,2026-07-25T11:46:55.136789+00:00
508f1903-71e7-4aab-aba6-000fed4d8b7d,13,13,HIPP HOLDING / HIPP GMBH & CO. VERTRIEB KG,family_internal_succession,2021,Claus Hipp übergibt Geschäftsführung an Stefan und Sebastian Hipp,,,2021-07-01,year,unverified_proxy: event_year=2021 mid-year,unverified_proxy,event,2021,2021-07-01,year,False,selected,wayback,https://www.hipp.de/,https://www.hipp.de/,https://www.hipp.de/,20210701200832.0,2021-07-01,0.0,high,True,on_event_day,0.0,737.0,False,True,False,False,homepage_only,include,True,False,,https://web.archive.org/web/20210701200832id_/https://www.hipp.de/,200.0,text/html,RGZUISAP5VVNKGKO2FBBPWP4XTT632CC,,exact_date_match_homepage,"[""http://hipp.de/"", ""http://www.hipp.de/"", ""https://hipp.de/"", ""https://www.hipp.de/""]",,Event target uses year-level precision (2021-07-01). Event date source: unverified_proxy: event_year=2021 mid-year,2026-07-25T11:46:55.146553+00:00
508f1903-71e7-4aab-aba6-000fed4d8b7d,13,13,HIPP HOLDING / HIPP GMBH & CO. VERTRIEB KG,family_internal_succession,2021,Claus Hipp übergibt Geschäftsführung an Stefan und Sebastian Hipp,,,2021-07-01,year,unverified_proxy: event_year=2021 mid-year,unverified_proxy,post_event,2023,2023-07-01,year,False,selected,wayback,https://www.hipp.de/,https://www.hipp.de/,https://www.hipp.de/,20230704211555.0,2023-07-04,3.0,high,True,after_event,733.0,733.0,False,True,False,False,homepage_only,include,True,False,,https://web.archive.org/web/20230704211555id_/https://www.hipp.de/,200.0,text/html,VPKXEW2XMZQI2GJLYOKNKEUCHGC6NWEL,,closest_within_548d_later_homepage,"[""http://hipp.de/"", ""http://www.hipp.de/"", ""https://hipp.de/"", ""https://www.hipp.de/""]",,,2026-07-25T11:46:55.157275+00:00
508f1903-71e7-4aab-aba6-000fed4d8b7d,13,13,HIPP HOLDING / HIPP GMBH & CO. VERTRIEB KG,family_internal_succession,2021,Claus Hipp übergibt Geschäftsführung an Stefan und Sebastian Hipp,,,2021-07-01,year,unverified_proxy: event_year=2021 mid-year,unverified_proxy,post_post_event,2025,2025-07-01,year,False,selected,wayback,https://www.hipp.de/,https://www.hipp.de/,https://www.hipp.de/,20250702162400.0,2025-07-02,1.0,high,True,after_event,1462.0,729.0,False,True,False,False,homepage_only,include,True,False,,https://web.archive.org/web/20250702162400id_/https://www.hipp.de/,200.0,text/html,J7J4ZPMM5T4LPSYRVVTSMZI2E6ZAEQTP,,closest_within_548d_later_homepage,"[""http://hipp.de/"", ""http://www.hipp.de/"", ""https://hipp.de/"", ""https://www.hipp.de/""]",,,2026-07-25T11:46:55.167543+00:00
508f1903-71e7-4aab-aba6-000fed4d8b7d,14,14,CLAAS KGAA MBH,external_ceo_professionalization,2019,Thomas Böck übernimmt CEO-Rolle im Familienunternehmen,,,2019-07-01,year,unverified_proxy: event_year=2019 mid-year,unverified_proxy,event,2019,2019-07-01,year,False,beyond_tolerance,wayback,,,,,,,,,unknown,,,False,False,True,True,subpages_only,exclude,False,False,,,,,,,no_capture_within_tolerance,"[""http://claas.com/"", ""http://www.claas.com/"", ""https://claas.com/"", ""https://www.claas.com/""]",nearest_capture_exceeds_548_days,Event target uses year-level precision (2019-07-01). Event date source: unverified_proxy: event_year=2019 mid-year,2026-07-25T11:51:29.030888+00:00
508f1903-71e7-4aab-aba6-000fed4d8b7d,15,15,FABER-CASTELL AG,external_ceo_professionalization,2017,Übergang zu familienexterner operativer Führung nach Tod Anton-Wolfgang Graf von Faber-Castell,,,2017-07-01,year,unverified_proxy: event_year=2017 mid-year,unverified_proxy,event,2017,2017-07-01,year,False,selected,wayback,http://www.faber-castell.com:80/,http://www.faber-castell.com:80/,http://www.faber-castell.com/,20170701130951.0,2017-07-01,0.0,high,True,on_event_day,0.0,730.0,False,True,False,False,homepage_only,include,True,False,,https://web.archive.org/web/20170701130951id_/http://www.faber-castell.com:80/,200.0,text/html,VJEVZMZFJ7PKPOFWSDYXUDSM3SGSYFU3,,exact_date_match_homepage,"[""http://faber-castell.com/"", ""http://www.faber-castell.com/"", ""https://faber-castell.com/"", ""https://www.faber-castell.com/""]",,Event target uses year-level precision (2017-07-01). Event date source: unverified_proxy: event_year=2017 mid-year,2026-07-25T11:51:29.531234+00:00
508f1903-71e7-4aab-aba6-000fed4d8b7d,16,16,HENKEL AG & CO. KGAA,external_ceo_professionalization,2020,Carsten Knobel wird Vorstandsvorsitzender in family-controlled company,,,2020-07-01,year,unverified_proxy: event_year=2020 mid-year,unverified_proxy,post_event,2022,2022-07-01,year,False,selected,wayback,https://www.henkel.com/,https://www.henkel.com/,https://www.henkel.com/,20220701011748.0,2022-07-01,0.0,high,True,after_event,730.0,730.0,False,True,False,False,homepage_only,include,True,False,,https://web.archive.org/web/20220701011748id_/https://www.henkel.com/,200.0,text/html,CPSHS2SEMWL2GFJ3NL4NHJZQCGIJVQYY,,exact_date_match_homepage,"[""http://henkel.com/"", ""http://www.henkel.com/"", ""https://henkel.com/"", ""https://www.henkel.com/""]",,,2026-07-25T12:54:22.130586+00:00
508f1903-71e7-4aab-aba6-000fed4d8b7d,19,19,HERAEUS GROUP,external_ceo_professionalization,2013,Jan Rinnert übernimmt Leitung; später umfassende Restrukturierung,,,2013-07-01,year,unverified_proxy: event_year=2013 mid-year,unverified_proxy,pre_pre_event,2009,2009-07-01,year,False,selected,wayback,http://www.heraeus.com/,http://www.heraeus.com/,http://www.heraeus.com/,20081012131838.0,2008-10-12,262.0,low,True,before_event,-1723.0,,False,True,False,False,homepage_only,include,True,False,,https://web.archive.org/web/20081012131838id_/http://www.heraeus.com/,200.0,text/html,NDSCYSQDZVOAT24SCKBUVRG5HHKQVNZE,,closest_within_548d_earlier_homepage,"[""http://heraeus.com/"", ""http://www.heraeus.com/"", ""https://heraeus.com/"", ""https://www.heraeus-group.com/"", ""https://www.heraeus.com/""]",,,2026-07-25T13:03:40.284939+00:00
508f1903-71e7-4aab-aba6-000fed4d8b7d,19,19,HERAEUS GROUP,external_ceo_professionalization,2013,Jan Rinnert übernimmt Leitung; später umfassende Restrukturierung,,,2013-07-01,year,unverified_proxy: event_year=2013 mid-year,unverified_proxy,event,2013,2013-07-01,year,False,beyond_tolerance,wayback,,,,,,,,,unknown,,,False,False,True,True,subpages_only,exclude,False,False,,,,,,,no_capture_within_tolerance,"[""http://heraeus.com/"", ""http://www.heraeus.com/"", ""https://heraeus.com/"", ""https://www.heraeus-group.com/"", ""https://www.heraeus.com/""]",nearest_capture_exceeds_548_days,Event target uses year-level precision (2013-07-01). Event date source: unverified_proxy: event_year=2013 mid-year,2026-07-25T13:05:47.083316+00:00
508f1903-71e7-4aab-aba6-000fed4d8b7d,19,19,HERAEUS GROUP,external_ceo_professionalization,2013,Jan Rinnert übernimmt Leitung; später umfassende Restrukturierung,,,2013-07-01,year,unverified_proxy: event_year=2013 mid-year,unverified_proxy,post_event,2015,2015-07-01,year,False,beyond_tolerance,wayback,,,,,,,,,unknown,,,False,False,True,True,subpages_only,exclude,False,False,,,,,,,no_capture_within_tolerance,"[""http://heraeus.com/"", ""http://www.heraeus.com/"", ""https://heraeus.com/"", ""https://www.heraeus-group.com/"", ""https://www.heraeus.com/""]",nearest_capture_exceeds_548_days,,2026-07-25T13:05:47.195893+00:00
508f1903-71e7-4aab-aba6-000fed4d8b7d,21,21,FREUDENBERG GROUP,external_ceo_professionalization,2012,Mohsen Sohi übernimmt den Vorsitz der Unternehmensleitung im Familienunternehmen,,,2012-07-01,year,unverified_proxy: event_year=2012 mid-year,unverified_proxy,event,2012,2012-07-01,year,False,selected,wayback,http://www.freudenberg.com:80/,http://www.freudenberg.com:80/,http://www.freudenberg.com/,20110320090511.0,2011-03-20,469.0,very_low,False,before_event,-469.0,240.0,False,True,False,False,homepage_only,sensitivity_analysis,True,False,,https://web.archive.org/web/20110320090511id_/http://www.freudenberg.com:80/,200.0,text/html,D7KVM6AODLGMAUXH5EQKXQNSZISMABHJ,,closest_within_548d_earlier_homepage,"[""http://freudenberg.com/"", ""http://www.freudenberg.com/"", ""https://freudenberg.com/"", ""https://www.freudenberg.com/""]",,Event target uses year-level precision (2012-07-01). Event date source: unverified_proxy: event_year=2012 mid-year,2026-07-25T13:36:25.806060+00:00
508f1903-71e7-4aab-aba6-000fed4d8b7d,21,21,FREUDENBERG GROUP,external_ceo_professionalization,2012,Mohsen Sohi übernimmt den Vorsitz der Unternehmensleitung im Familienunternehmen,,,2012-07-01,year,unverified_proxy: event_year=2012 mid-year,unverified_proxy,post_event,2014,2014-07-01,year,False,beyond_tolerance,wayback,,,,,,,,,unknown,,,False,False,False,False,unavailable,exclude,False,False,,,,,,,no_capture_within_tolerance,"[""http://freudenberg.com/"", ""http://www.freudenberg.com/"", ""https://freudenberg.com/"", ""https://www.freudenberg.com/""]",nearest_capture_exceeds_548_days,,2026-07-25T13:36:48.305900+00:00
508f1903-71e7-4aab-aba6-000fed4d8b7d,21,21,FREUDENBERG GROUP,external_ceo_professionalization,2012,Mohsen Sohi übernimmt den Vorsitz der Unternehmensleitung im Familienunternehmen,,,2012-07-01,year,unverified_proxy: event_year=2012 mid-year,unverified_proxy,post_post_event,2016,2016-07-01,year,False,selected,wayback,http://www.freudenberg.com/,http://www.freudenberg.com/,http://www.freudenberg.com/,20170703095236.0,2017-07-03,367.0,very_low,False,after_event,1828.0,2297.0,False,True,False,False,homepage_only,sensitivity_analysis,True,False,,https://web.archive.org/web/20170703095236id_/http://www.freudenberg.com/,200.0,text/html,ERRUJQFK7ERSPRKFHH3DABJ275LIPT5G,,closest_within_548d_later_homepage,"[""http://freudenberg.com/"", ""http://www.freudenberg.com/"", ""https://freudenberg.com/"", ""https://www.freudenberg.com/""]",,,2026-07-25T13:36:48.312750+00:00
508f1903-71e7-4aab-aba6-000fed4d8b7d,22,22,ANDREAS STIHL AG & CO. KG,external_ceo_professionalization,2022,Michael Traub übernimmt Vorsitz des Vorstands,,,2022-07-01,year,unverified_proxy: event_year=2022 mid-year,unverified_proxy,event,2022,2022-07-01,year,False,beyond_tolerance,wayback,,,,,,,,,unknown,,,False,False,True,True,subpages_only,exclude,False,False,,,,,,,no_capture_within_tolerance,"[""http://stihl.com/"", ""http://www.stihl.com/"", ""https://stihl.com/"", ""https://www.stihl.com/""]",nearest_capture_exceeds_548_days,Event target uses year-level precision (2022-07-01). Event date source: unverified_proxy: event_year=2022 mid-year,2026-07-25T13:37:43.671809+00:00
508f1903-71e7-4aab-aba6-000fed4d8b7d,23,23,VAILLANT GROUP,external_ceo_professionalization,2018,Norbert Schiedeck übernimmt CEO-Rolle im Familienunternehmen,,,2018-07-01,year,unverified_proxy: event_year=2018 mid-year,unverified_proxy,pre_pre_event,2014,2014-07-01,year,False,selected,wayback,http://www.vaillant-group.com/,http://www.vaillant-group.com/,http://www.vaillant-group.com/,20140902193759.0,2014-09-02,63.0,high,True,before_event,-1398.0,,False,True,False,False,homepage_only,include,True,False,,https://web.archive.org/web/20140902193759id_/http://www.vaillant-group.com/,200.0,text/html,N5QZMN44J2C3EI3OP5X6S2DU3KMR7YWA,,closest_within_548d_later_homepage,"[""http://vaillant-group.com/"", ""http://www.vaillant-group.com/"", ""https://vaillant-group.com/"", ""https://www.vaillant-group.com/""]",,,2026-07-25T13:37:55.054319+00:00
508f1903-71e7-4aab-aba6-000fed4d8b7d,23,23,VAILLANT GROUP,external_ceo_professionalization,2018,Norbert Schiedeck übernimmt CEO-Rolle im Familienunternehmen,,,2018-07-01,year,unverified_proxy: event_year=2018 mid-year,unverified_proxy,event,2018,2018-07-01,year,False,selected,wayback,https://www.vaillant-group.com/,https://www.vaillant-group.com/,https://www.vaillant-group.com/,20180613065511.0,2018-06-13,18.0,high,True,before_event,-18.0,726.0,False,True,False,False,homepage_only,sensitivity_analysis,True,False,,https://web.archive.org/web/20180613065511id_/https://www.vaillant-group.com/,200.0,text/html,HZ7XRKDMGLP2YIWFM2TYEEEYIPM7CBBY,,closest_within_548d_earlier_homepage,"[""http://vaillant-group.com/"", ""http://www.vaillant-group.com/"", ""https://vaillant-group.com/"", ""https://www.vaillant-group.com/""]",,Event target uses year-level precision (2018-07-01). Event date source: unverified_proxy: event_year=2018 mid-year,2026-07-25T13:37:55.075514+00:00
508f1903-71e7-4aab-aba6-000fed4d8b7d,24,24,VIESSMANN CLIMATE SOLUTIONS / VIESSMANN GROUP,sale_to_corporate_or_investor,2023,Carrier übernimmt Viessmann Climate Solutions,,,2023-07-01,year,unverified_proxy: event_year=2023 mid-year,unverified_proxy,pre_pre_event,2019,2019-07-01,year,False,selected,wayback,http://info@viessmann.com/,http://info@viessmann.com/,http://info@viessmann.com/,20200916010753.0,2020-09-16,443.0,very_low,False,before_event,-1018.0,,True,True,False,False,homepage_only,exclude_duplicate_capture,False,True,pre_event,https://web.archive.org/web/20200916010753id_/http://info%40viessmann.com/,200.0,text/html,FUYC4UFKTBHVXHBWIDJLTRKXXVYH7V53,,closest_within_548d_later_homepage,"[""http://viessmann.com/"", ""http://www.viessmann.com/"", ""https://viessmann.com/"", ""https://www.viessmann.com/""]",,,2026-07-25T13:38:53.857818+00:00
508f1903-71e7-4aab-aba6-000fed4d8b7d,24,24,VIESSMANN CLIMATE SOLUTIONS / VIESSMANN GROUP,sale_to_corporate_or_investor,2023,Carrier übernimmt Viessmann Climate Solutions,,,2023-07-01,year,unverified_proxy: event_year=2023 mid-year,unverified_proxy,pre_event,2021,2021-07-01,year,False,selected,wayback,http://info@viessmann.com/,http://info@viessmann.com/,http://info@viessmann.com/,20200916010753.0,2020-09-16,288.0,low,True,before_event,-1018.0,0.0,True,True,False,False,homepage_only,sensitivity_analysis,True,False,,https://web.archive.org/web/20200916010753id_/http://info%40viessmann.com/,200.0,text/html,FUYC4UFKTBHVXHBWIDJLTRKXXVYH7V53,,closest_within_548d_earlier_homepage,"[""http://viessmann.com/"", ""http://www.viessmann.com/"", ""https://viessmann.com/"", ""https://www.viessmann.com/""]",,,2026-07-25T13:38:53.869363+00:00
508f1903-71e7-4aab-aba6-000fed4d8b7d,24,24,VIESSMANN CLIMATE SOLUTIONS / VIESSMANN GROUP,sale_to_corporate_or_investor,2023,Carrier übernimmt Viessmann Climate Solutions,,,2023-07-01,year,unverified_proxy: event_year=2023 mid-year,unverified_proxy,event,2023,2023-07-01,year,False,selected,wayback,https://viessmann.com/,https://viessmann.com/,https://viessmann.com/,20230610101632.0,2023-06-10,21.0,high,True,before_event,-21.0,997.0,False,True,False,False,homepage_only,sensitivity_analysis,True,False,,https://web.archive.org/web/20230610101632id_/https://viessmann.com/,200.0,text/html,FUYC4UFKTBHVXHBWIDJLTRKXXVYH7V53,,closest_within_548d_earlier_homepage,"[""http://viessmann.com/"", ""http://www.viessmann.com/"", ""https://viessmann.com/"", ""https://www.viessmann.com/""]",,Event target uses year-level precision (2023-07-01). Event date source: unverified_proxy: event_year=2023 mid-year,2026-07-25T13:38:53.871581+00:00
508f1903-71e7-4aab-aba6-000fed4d8b7d,24,24,VIESSMANN CLIMATE SOLUTIONS / VIESSMANN GROUP,sale_to_corporate_or_investor,2023,Carrier übernimmt Viessmann Climate Solutions,,,2023-07-01,year,unverified_proxy: event_year=2023 mid-year,unverified_proxy,post_event,2025,2025-07-01,year,False,selected,wayback,https://viessmann.com/,https://viessmann.com/,https://viessmann.com/,20250620033927.0,2025-06-20,11.0,high,True,after_event,720.0,741.0,False,True,False,False,homepage_only,include,True,False,,https://web.archive.org/web/20250620033927id_/https://viessmann.com/,200.0,text/html,LRSNX2QHVBMJTAHRWLK4KUFBX3BMAZPO,,closest_within_548d_earlier_homepage,"[""http://viessmann.com/"", ""http://www.viessmann.com/"", ""https://viessmann.com/"", ""https://www.viessmann.com/""]",,,2026-07-25T13:38:53.874463+00:00
508f1903-71e7-4aab-aba6-000fed4d8b7d,24,24,VIESSMANN CLIMATE SOLUTIONS / VIESSMANN GROUP,sale_to_corporate_or_investor,2023,Carrier übernimmt Viessmann Climate Solutions,,,2023-07-01,year,unverified_proxy: event_year=2023 mid-year,unverified_proxy,post_post_event,2027,2027-07-01,year,True,future_unavailable,wayback,,,,,,,,,unknown,,,False,False,False,False,unavailable,exclude,False,False,,,,,,,future_unavailable,,,,2026-07-25T13:38:53.874646+00:00
508f1903-71e7-4aab-aba6-000fed4d8b7d,26,26,RIMOWA GMBH,sale_to_corporate_or_investor,2016,LVMH übernimmt 80 Prozent an Rimowa,,,2016-07-01,year,unverified_proxy: event_year=2016 mid-year,unverified_proxy,pre_pre_event,2012,2012-07-01,year,False,selected,wayback,http://www.rimowa.com/,http://www.rimowa.com/,http://www.rimowa.com/,20120505102804.0,2012-05-05,57.0,high,True,before_event,-1518.0,,False,True,False,False,homepage_only,include,True,False,,https://web.archive.org/web/20120505102804id_/http://www.rimowa.com/,200.0,text/html,2MYMGCQ6NV6HGPIIY5TMLGDEV76KPKMR,,closest_within_548d_earlier_homepage,"[""http://rimowa.com/"", ""http://www.rimowa.com/"", ""https://rimowa.com/"", ""https://www.rimowa.com/""]",,,2026-07-25T14:45:35.643103+00:00
508f1903-71e7-4aab-aba6-000fed4d8b7d,26,26,RIMOWA GMBH,sale_to_corporate_or_investor,2016,LVMH übernimmt 80 Prozent an Rimowa,,,2016-07-01,year,unverified_proxy: event_year=2016 mid-year,unverified_proxy,pre_event,2014,2014-07-01,year,False,selected,wayback,http://www.rimowa.com/,http://www.rimowa.com/,http://www.rimowa.com/,20140702211240.0,2014-07-02,1.0,high,True,before_event,-730.0,788.0,False,True,False,False,homepage_only,include,True,False,,https://web.archive.org/web/20140702211240id_/http://www.rimowa.com/,200.0,text/html,4EUXVZAFYMNFXGZO6Y3RW7VINFTXWTJG,,closest_within_548d_later_homepage,"[""http://rimowa.com/"", ""http://www.rimowa.com/"", ""https://rimowa.com/"", ""https://www.rimowa.com/""]",,,2026-07-25T14:45:35.673052+00:00
508f1903-71e7-4aab-aba6-000fed4d8b7d,26,26,RIMOWA GMBH,sale_to_corporate_or_investor,2016,LVMH übernimmt 80 Prozent an Rimowa,,,2016-07-01,year,unverified_proxy: event_year=2016 mid-year,unverified_proxy,event,2016,2016-07-01,year,False,selected,wayback,http://www.rimowa.com:80/,http://www.rimowa.com:80/,http://www.rimowa.com/,20160630115200.0,2016-06-30,1.0,high,True,before_event,-1.0,729.0,False,True,False,False,homepage_only,sensitivity_analysis,True,False,,https://web.archive.org/web/20160630115200id_/http://www.rimowa.com:80/,200.0,text/html,3VAHFXY2RN7NMEN4CROJ2ZDGJJEKTUN4,,closest_within_548d_earlier_homepage,"[""http://rimowa.com/"", ""http://www.rimowa.com/"", ""https://rimowa.com/"", ""https://www.rimowa.com/""]",,Event target uses year-level precision (2016-07-01). Event date source: unverified_proxy: event_year=2016 mid-year,2026-07-25T14:45:35.691048+00:00
508f1903-71e7-4aab-aba6-000fed4d8b7d,26,26,RIMOWA GMBH,sale_to_corporate_or_investor,2016,LVMH übernimmt 80 Prozent an Rimowa,,,2016-07-01,year,unverified_proxy: event_year=2016 mid-year,unverified_proxy,post_event,2018,2018-07-01,year,False,selected,wayback,https://www.rimowa.com/,https://www.rimowa.com/,https://www.rimowa.com/,20180701032350.0,2018-07-01,0.0,high,True,after_event,730.0,731.0,False,True,False,False,homepage_only,include,True,False,,https://web.archive.org/web/20180701032350id_/https://www.rimowa.com/,200.0,text/html,FRAS76LTM6VDPVO5H2HUADKM3MJCZAGI,,exact_date_match_homepage,"[""http://rimowa.com/"", ""http://www.rimowa.com/"", ""https://rimowa.com/"", ""https://www.rimowa.com/""]",,,2026-07-25T14:45:35.707828+00:00
508f1903-71e7-4aab-aba6-000fed4d8b7d,26,26,RIMOWA GMBH,sale_to_corporate_or_investor,2016,LVMH übernimmt 80 Prozent an Rimowa,,,2016-07-01,year,unverified_proxy: event_year=2016 mid-year,unverified_proxy,post_post_event,2020,2020-07-01,year,False,selected,wayback,https://www.rimowa.com/,https://www.rimowa.com/,https://www.rimowa.com/,20200626230349.0,2020-06-26,5.0,high,True,after_event,1456.0,726.0,False,True,False,False,homepage_only,include,True,False,,https://web.archive.org/web/20200626230349id_/https://www.rimowa.com/,200.0,text/html,V65MVYRLN6SB4L3TVOBUKIFC6VFXTMLG,,closest_within_548d_earlier_homepage,"[""http://rimowa.com/"", ""http://www.rimowa.com/"", ""https://rimowa.com/"", ""https://www.rimowa.com/""]",,,2026-07-25T14:45:35.726539+00:00
508f1903-71e7-4aab-aba6-000fed4d8b7d,27,27,DOUGLAS HOLDING / DOUGLAS GROUP,sale_to_corporate_or_investor,2012,Advent International übernimmt Douglas; Kreke-Familie bleibt mit Minderheit beteiligt,,,2012-07-01,year,unverified_proxy: event_year=2012 mid-year,unverified_proxy,pre_pre_event,2008,2008-07-01,year,False,selected,wayback,http://www.douglas.de:80/,http://www.douglas.de:80/,http://www.douglas.de/,20080701071152.0,2008-07-01,0.0,high,True,before_event,-1461.0,,False,True,False,False,homepage_only,include,True,False,,https://web.archive.org/web/20080701071152id_/http://www.douglas.de:80/,200.0,text/html,EJISJACPAMUYPD7IZRUHUUFYSWDB56ZT,,exact_date_match_homepage,"[""http://douglas.de/"", ""http://www.douglas.de/"", ""https://douglas.de/"", ""https://www.douglas.de/""]",,,2026-07-25T14:46:42.770303+00:00
508f1903-71e7-4aab-aba6-000fed4d8b7d,27,27,DOUGLAS HOLDING / DOUGLAS GROUP,sale_to_corporate_or_investor,2012,Advent International übernimmt Douglas; Kreke-Familie bleibt mit Minderheit beteiligt,,,2012-07-01,year,unverified_proxy: event_year=2012 mid-year,unverified_proxy,post_post_event,2016,2016-07-01,year,False,selected,wayback,https://www.douglas.de/,https://www.douglas.de/,https://www.douglas.de/,20170727054939.0,2017-07-27,391.0,very_low,False,after_event,1852.0,3084.0,False,True,False,False,homepage_only,sensitivity_analysis,True,False,,https://web.archive.org/web/20170727054939id_/https://www.douglas.de/,200.0,text/html,HRDAE4YQBAS66KAZNFZBU5QYWHVOQT4C,,closest_within_548d_later_homepage,"[""http://douglas.de/"", ""http://www.douglas.de/"", ""https://douglas.de/"", ""https://www.douglas.de/""]",,,2026-07-25T14:57:11.270502+00:00
508f1903-71e7-4aab-aba6-000fed4d8b7d,29,29,CONDITOREI COPPENRATH & WIESE KG,sale_to_corporate_or_investor,2015,Übernahme durch Dr. Oetker,,,2015-07-01,year,unverified_proxy: event_year=2015 mid-year,unverified_proxy,pre_pre_event,2011,2011-07-01,year,False,selected,wayback,http://www.coppenrath-wiese.de/,http://www.coppenrath-wiese.de/,http://www.coppenrath-wiese.de/,20110703003559.0,2011-07-03,2.0,high,True,before_event,-1459.0,,False,True,False,False,homepage_only,include,True,False,,https://web.archive.org/web/20110703003559id_/http://www.coppenrath-wiese.de/,200.0,text/html,CHHJZVDGX56TBRZBXQEDG52W7BLNWBN3,,closest_within_548d_later_homepage,"[""http://coppenrath-wiese.de/"", ""http://www.coppenrath-wiese.de/"", ""https://coppenrath-wiese.de/"", ""https://www.coppenrath-wiese.de/""]",,,2026-07-25T14:59:18.726682+00:00
508f1903-71e7-4aab-aba6-000fed4d8b7d,29,29,CONDITOREI COPPENRATH & WIESE KG,sale_to_corporate_or_investor,2015,Übernahme durch Dr. Oetker,,,2015-07-01,year,unverified_proxy: event_year=2015 mid-year,unverified_proxy,pre_event,2013,2013-07-01,year,False,selected,wayback,http://www.coppenrath-wiese.de:80/,http://www.coppenrath-wiese.de:80/,http://www.coppenrath-wiese.de/,20130708032813.0,2013-07-08,7.0,high,True,before_event,-723.0,736.0,False,True,False,False,homepage_only,include,True,False,,https://web.archive.org/web/20130708032813id_/http://www.coppenrath-wiese.de:80/,200.0,text/html,RGPLLNPFDIAHMZK5GBAQSMOT7DNXCT7V,,closest_within_548d_later_homepage,"[""http://coppenrath-wiese.de/"", ""http://www.coppenrath-wiese.de/"", ""https://coppenrath-wiese.de/"", ""https://www.coppenrath-wiese.de/""]",,,2026-07-25T14:59:18.739720+00:00
508f1903-71e7-4aab-aba6-000fed4d8b7d,29,29,CONDITOREI COPPENRATH & WIESE KG,sale_to_corporate_or_investor,2015,Übernahme durch Dr. Oetker,,,2015-07-01,year,unverified_proxy: event_year=2015 mid-year,unverified_proxy,event,2015,2015-07-01,year,False,selected,wayback,http://www.coppenrath-wiese.de/,http://www.coppenrath-wiese.de/,http://www.coppenrath-wiese.de/,20150628204035.0,2015-06-28,3.0,high,True,before_event,-3.0,720.0,False,True,False,False,homepage_only,sensitivity_analysis,True,False,,https://web.archive.org/web/20150628204035id_/http://www.coppenrath-wiese.de/,200.0,text/html,TUPON6LBFWVTRNDK4NI3VJQUTD2SBKYQ,,closest_within_548d_earlier_homepage,"[""http://coppenrath-wiese.de/"", ""http://www.coppenrath-wiese.de/"", ""https://coppenrath-wiese.de/"", ""https://www.coppenrath-wiese.de/""]",,Event target uses year-level precision (2015-07-01). Event date source: unverified_proxy: event_year=2015 mid-year,2026-07-25T14:59:18.745923+00:00
508f1903-71e7-4aab-aba6-000fed4d8b7d,29,29,CONDITOREI COPPENRATH & WIESE KG,sale_to_corporate_or_investor,2015,Übernahme durch Dr. Oetker,,,2015-07-01,year,unverified_proxy: event_year=2015 mid-year,unverified_proxy,post_event,2017,2017-07-01,year,False,selected,wayback,https://www.coppenrath-wiese.de/,https://www.coppenrath-wiese.de/,https://www.coppenrath-wiese.de/,20170713151440.0,2017-07-13,12.0,high,True,after_event,743.0,746.0,False,True,False,False,homepage_only,include,True,False,,https://web.archive.org/web/20170713151440id_/https://www.coppenrath-wiese.de/,200.0,text/html,X6AFEFYI6OKCBNPLXQDABTLB53NPWXJZ,,closest_within_548d_later_homepage,"[""http://coppenrath-wiese.de/"", ""http://www.coppenrath-wiese.de/"", ""https://coppenrath-wiese.de/"", ""https://www.coppenrath-wiese.de/""]",,,2026-07-25T14:59:18.751081+00:00
508f1903-71e7-4aab-aba6-000fed4d8b7d,29,29,CONDITOREI COPPENRATH & WIESE KG,sale_to_corporate_or_investor,2015,Übernahme durch Dr. Oetker,,,2015-07-01,year,unverified_proxy: event_year=2015 mid-year,unverified_proxy,post_post_event,2019,2019-07-01,year,False,selected,wayback,https://www.coppenrath-wiese.de/,https://www.coppenrath-wiese.de/,https://www.coppenrath-wiese.de/,20190626103642.0,2019-06-26,5.0,high,True,after_event,1456.0,713.0,False,True,False,False,homepage_only,include,True,False,,https://web.archive.org/web/20190626103642id_/https://www.coppenrath-wiese.de/,200.0,text/html,Z3M6ACM67ZQD3WWCCRYPTUYP3KWVHJQO,,closest_within_548d_earlier_homepage,"[""http://coppenrath-wiese.de/"", ""http://www.coppenrath-wiese.de/"", ""https://coppenrath-wiese.de/"", ""https://www.coppenrath-wiese.de/""]",,,2026-07-25T14:59:18.756127+00:00
508f1903-71e7-4aab-aba6-000fed4d8b7d,30,30,DR. AUGUST OETKER KG / OETKER-GRUPPE,family_governance_split,2021,Oetker-Gruppe wird nach Familienstreit geteilt,,,2021-07-01,year,unverified_proxy: event_year=2021 mid-year,unverified_proxy,pre_pre_event,2017,2017-07-01,year,False,beyond_tolerance,wayback,,,,,,,,,unknown,,,False,False,True,True,subpages_only,exclude,False,False,,,,,,,no_capture_within_tolerance,"[""http://oetker-gruppe.de/"", ""http://www.oetker-gruppe.de/"", ""https://oetker-gruppe.de/"", ""https://www.oetker-gruppe.de/""]",nearest_capture_exceeds_548_days,,2026-07-25T15:06:14.487353+00:00
508f1903-71e7-4aab-aba6-000fed4d8b7d,30,30,DR. AUGUST OETKER KG / OETKER-GRUPPE,family_governance_split,2021,Oetker-Gruppe wird nach Familienstreit geteilt,,,2021-07-01,year,unverified_proxy: event_year=2021 mid-year,unverified_proxy,pre_event,2019,2019-07-01,year,False,beyond_tolerance,wayback,,,,,,,,,unknown,,,False,False,True,True,subpages_only,exclude,False,False,,,,,,,no_capture_within_tolerance,"[""http://oetker-gruppe.de/"", ""http://www.oetker-gruppe.de/"", ""https://oetker-gruppe.de/"", ""https://www.oetker-gruppe.de/""]",nearest_capture_exceeds_548_days,,2026-07-25T15:06:53.166364+00:00
508f1903-71e7-4aab-aba6-000fed4d8b7d,30,30,DR. AUGUST OETKER KG / OETKER-GRUPPE,family_governance_split,2021,Oetker-Gruppe wird nach Familienstreit geteilt,,,2021-07-01,year,unverified_proxy: event_year=2021 mid-year,unverified_proxy,event,2021,2021-07-01,year,False,beyond_tolerance,wayback,,,,,,,,,unknown,,,False,False,True,True,subpages_only,exclude,False,False,,,,,,,no_capture_within_tolerance,"[""http://oetker-gruppe.de/"", ""http://www.oetker-gruppe.de/"", ""https://oetker-gruppe.de/"", ""https://www.oetker-gruppe.de/""]",nearest_capture_exceeds_548_days,Event target uses year-level precision (2021-07-01). Event date source: unverified_proxy: event_year=2021 mid-year,2026-07-25T15:06:53.180267+00:00
508f1903-71e7-4aab-aba6-000fed4d8b7d,30,30,DR. AUGUST OETKER KG / OETKER-GRUPPE,family_governance_split,2021,Oetker-Gruppe wird nach Familienstreit geteilt,,,2021-07-01,year,unverified_proxy: event_year=2021 mid-year,unverified_proxy,post_event,2023,2023-07-01,year,False,selected,wayback,https://www.oetker-gruppe.de/,https://www.oetker-gruppe.de/,https://www.oetker-gruppe.de/,20240720130831.0,2024-07-20,385.0,very_low,False,after_event,1115.0,,True,True,False,False,homepage_only,sensitivity_analysis,True,False,,https://web.archive.org/web/20240720130831id_/https://www.oetker-gruppe.de/,200.0,text/html,QPFYOHPPXWF5XFH6LWG6372K7KF2QZXH,,closest_within_548d_later_homepage,"[""http://oetker-gruppe.de/"", ""http://www.oetker-gruppe.de/"", ""https://oetker-gruppe.de/"", ""https://www.oetker-gruppe.de/""]",,,2026-07-25T15:06:53.181404+00:00
508f1903-71e7-4aab-aba6-000fed4d8b7d,30,30,DR. AUGUST OETKER KG / OETKER-GRUPPE,family_governance_split,2021,Oetker-Gruppe wird nach Familienstreit geteilt,,,2021-07-01,year,unverified_proxy: event_year=2021 mid-year,unverified_proxy,post_post_event,2025,2025-07-01,year,False,selected,wayback,https://www.oetker-gruppe.de/,https://www.oetker-gruppe.de/,https://www.oetker-gruppe.de/,20241110181644.0,2024-11-10,233.0,low,True,after_event,1228.0,113.0,True,True,False,False,homepage_only,sensitivity_analysis,True,False,,https://web.archive.org/web/20241110181644id_/https://www.oetker-gruppe.de/,200.0,text/html,5CAAH4H3KXUTCVMACJT7VLZWI4VQ7YR3,,closest_within_548d_earlier_homepage,"[""http://oetker-gruppe.de/"", ""http://www.oetker-gruppe.de/"", ""https://oetker-gruppe.de/"", ""https://www.oetker-gruppe.de/""]",,,2026-07-25T15:06:53.182066+00:00
508f1903-71e7-4aab-aba6-000fed4d8b7d,28,28,CANYON BICYCLES GMBH,sale_to_corporate_or_investor,2020,GBL übernimmt Mehrheitsbeteiligung; Gründer Roman Arnold bleibt beteiligt,,,2020-07-01,year,unverified_proxy: event_year=2020 mid-year,unverified_proxy,pre_pre_event,2016,2016-07-01,year,False,selected,wayback,https://www.canyon.com/,https://www.canyon.com/,https://www.canyon.com/,20160814214247,2016-08-14,44.0,high,True,before_event,-1417.0,,False,True,False,False,homepage_only,include,True,False,,https://web.archive.org/web/20160814214247id_/https://www.canyon.com/,200,text/html,BPSJY5LDIHZ73DI2BJKJE4LZHEORKFJR,,closest_within_548d_later_homepage,"[""http://canyon.com/"", ""http://www.canyon.com/"", ""https://canyon.com/"", ""https://www.canyon.com/""]",,,2026-07-25T16:29:06.926561+00:00
508f1903-71e7-4aab-aba6-000fed4d8b7d,28,28,CANYON BICYCLES GMBH,sale_to_corporate_or_investor,2020,GBL übernimmt Mehrheitsbeteiligung; Gründer Roman Arnold bleibt beteiligt,,,2020-07-01,year,unverified_proxy: event_year=2020 mid-year,unverified_proxy,pre_event,2018,2018-07-01,year,False,selected,wayback,https://www.canyon.com/,https://www.canyon.com/,https://www.canyon.com/,20180716035226,2018-07-16,15.0,high,True,before_event,-716.0,701,False,True,False,False,homepage_only,include,True,False,,https://web.archive.org/web/20180716035226id_/https://www.canyon.com/,200,text/html,7TMKMUQ74KN2J64WJWCJ3TGHHUUTPU3S,,closest_within_548d_later_homepage,"[""http://canyon.com/"", ""http://www.canyon.com/"", ""https://canyon.com/"", ""https://www.canyon.com/""]",,,2026-07-25T16:29:06.940448+00:00
508f1903-71e7-4aab-aba6-000fed4d8b7d,28,28,CANYON BICYCLES GMBH,sale_to_corporate_or_investor,2020,GBL übernimmt Mehrheitsbeteiligung; Gründer Roman Arnold bleibt beteiligt,,,2020-07-01,year,unverified_proxy: event_year=2020 mid-year,unverified_proxy,event,2020,2020-07-01,year,False,selected,wayback,https://www.canyon.com/,https://www.canyon.com/,https://www.canyon.com/,20200627151022,2020-06-27,4.0,high,True,before_event,-4.0,712,False,True,False,False,homepage_only,sensitivity_analysis,True,False,,https://web.archive.org/web/20200627151022id_/https://www.canyon.com/,200,text/html,UNRYZXFPM5W4EUA6RRYOZVXTNGCK2357,,closest_within_548d_earlier_homepage,"[""http://canyon.com/"", ""http://www.canyon.com/"", ""https://canyon.com/"", ""https://www.canyon.com/""]",,Event target uses year-level precision (2020-07-01). Event date source: unverified_proxy: event_year=2020 mid-year,2026-07-25T16:29:06.953912+00:00
508f1903-71e7-4aab-aba6-000fed4d8b7d,28,28,CANYON BICYCLES GMBH,sale_to_corporate_or_investor,2020,GBL übernimmt Mehrheitsbeteiligung; Gründer Roman Arnold bleibt beteiligt,,,2020-07-01,year,unverified_proxy: event_year=2020 mid-year,unverified_proxy,post_event,2022,2022-07-01,year,False,selected,wayback,https://www.canyon.com/,https://www.canyon.com/,https://www.canyon.com/,20220701055135,2022-07-01,0.0,high,True,after_event,730.0,734,False,True,False,False,homepage_only,include,True,False,,https://web.archive.org/web/20220701055135id_/https://www.canyon.com/,200,text/html,YRS7X5TYAPTINNCWADCO7QS6PXMU2XER,,exact_date_match_homepage,"[""http://canyon.com/"", ""http://www.canyon.com/"", ""https://canyon.com/"", ""https://www.canyon.com/""]",,,2026-07-25T16:29:06.966660+00:00
508f1903-71e7-4aab-aba6-000fed4d8b7d,28,28,CANYON BICYCLES GMBH,sale_to_corporate_or_investor,2020,GBL übernimmt Mehrheitsbeteiligung; Gründer Roman Arnold bleibt beteiligt,,,2020-07-01,year,unverified_proxy: event_year=2020 mid-year,unverified_proxy,post_post_event,2024,2024-07-01,year,False,selected,wayback,https://www.canyon.com/,https://www.canyon.com/,https://www.canyon.com/,20240701122414,2024-07-01,0.0,high,True,after_event,1461.0,731,False,True,False,False,homepage_only,include,True,False,,https://web.archive.org/web/20240701122414id_/https://www.canyon.com/,200,text/html,MBNJOSL2APX2WN2Q6LISPZI2ZB2B5IIE,,exact_date_match_homepage,"[""http://canyon.com/"", ""http://www.canyon.com/"", ""https://canyon.com/"", ""https://www.canyon.com/""]",,,2026-07-25T16:29:06.980006+00:00
508f1903-71e7-4aab-aba6-000fed4d8b7d,2,2,PETER-LACKE HOLDING GMBH,family_internal_succession,2015,Übernahme durch Sohn in 5. Generation,,,2015-07-01,year,unverified_proxy: event_year=2015 mid-year,unverified_proxy,post_post_event,2019,2019-07-01,year,False,selected,wayback,https://www.peter-lacke.com/,https://www.peter-lacke.com/,https://www.peter-lacke.com/,20190826043633,2019-08-26,56,high,True,after_event,1517,1509.0,False,True,False,False,homepage_only,include,True,False,,https://web.archive.org/web/20190826043633id_/https://www.peter-lacke.com/,200,text/html,WBVNVBTZIWJ5X7BFVMLGCKFOMNLKWBNG,,closest_within_548d_later_homepage,"[""https://www.peter-lacke.com/""]",, | rescue_seed=https://www.peter-lacke.com/ source_row=2 type=historical_domain,2026-08-26T03:12:02.898928+00:00
508f1903-71e7-4aab-aba6-000fed4d8b7d,5,5,MSF-VATHAUER ANTRIEBSTECHNIK GMBH & CO. KG,family_internal_succession_or_management_entry,2006,Marc Vathauer tritt in die Geschäftsführung ein,,2006-01-01,2006-01-01,year,event_year; MSF-Vathauer management entry 2006 (exact day unknown),verified,pre_event,2004,2004-07-01,year,False,selected,wayback,http://www.msf-technik.de:80/frames/ueber-uns.shtml,http://www.msf-technik.de:80/frames/ueber-uns.shtml,http://www.msf-technik.de/frames/ueber-uns.shtml,20040611201410,2004-06-11,20,high,True,before_event,-569,562.0,False,False,True,True,subpages_only,sensitivity_analysis,True,False,,https://web.archive.org/web/20040611201410id_/http://www.msf-technik.de:80/frames/ueber-uns.shtml,200,text/html,M6FPWTMTQGOM2RDIEJCT62364FI632PU,,closest_within_548d_earlier,"[""http://www.msf-technik.de/frames/ueber-uns.shtml""]",, | rescue_seed=http://www.msf-technik.de/frames/ueber-uns.shtml source_row=3 type=about_page,2026-09-23T10:12:22.674829+00:00
508f1903-71e7-4aab-aba6-000fed4d8b7d,5,5,MSF-VATHAUER ANTRIEBSTECHNIK GMBH & CO. KG,family_internal_succession_or_management_entry,2006,Marc Vathauer tritt in die Geschäftsführung ein,,2006-01-01,2006-01-01,year,event_year; MSF-Vathauer management entry 2006 (exact day unknown),verified,pre_pre_event,2002,2002-07-01,year,False,selected,wayback,http://www.msf-technik.de:80/frames/ueber-uns.shtml,http://www.msf-technik.de:80/frames/ueber-uns.shtml,http://www.msf-technik.de/frames/ueber-uns.shtml,20021127131300,2002-11-27,149,moderate,True,before_event,-1131,,False,False,True,True,subpages_only,sensitivity_analysis,True,False,,https://web.archive.org/web/20021127131300id_/http://www.msf-technik.de:80/frames/ueber-uns.shtml,200,text/html,KQPEMVG6GM6MF5TY5GI4OKY76XAPFM2X,,closest_within_548d_later,"[""http://www.msf-technik.de/frames/ueber-uns.shtml""]",, | rescue_seed=http://www.msf-technik.de/frames/ueber-uns.shtml source_row=3 type=about_page,2026-09-23T10:12:22.673489+00:00
508f1903-71e7-4aab-aba6-000fed4d8b7d,10,10,B. BRAUN SE,family_internal_succession,2019,Anna Maria Braun übernimmt Vorstandsvorsitz in 6. Generation,,,2019-07-01,year,unverified_proxy: event_year=2019 mid-year,unverified_proxy,event,2019,2019-07-01,year,False,selected,wayback,http://www.bbraun.de:80/de.html,http://www.bbraun.de:80/de.html,http://www.bbraun.de/de.html,20190704175027,2019-07-04,3,high,True,after_event,3,733.0,False,False,False,False,unavailable,include,True,False,,https://web.archive.org/web/20190704175027id_/http://www.bbraun.de:80/de.html,200,text/html,Y47JT3LO6M4OYXDN5LN5IWCW53IWVHN3,,closest_within_548d_later,"[""https://www.bbraun.de/de.html""]",,Event target uses year-level precision (2019-07-01). Event date source: unverified_proxy: event_year=2019 mid-year | rescue_seed=https://www.bbraun.de/de.html source_row=5 type=locale_path,2026-08-11T10:17:12.992230+00:00
508f1903-71e7-4aab-aba6-000fed4d8b7d,10,10,B. BRAUN SE,family_internal_succession,2019,Anna Maria Braun übernimmt Vorstandsvorsitz in 6. Generation,,,2019-07-01,year,unverified_proxy: event_year=2019 mid-year,unverified_proxy,post_event,2021,2021-07-01,year,False,selected,wayback,https://www.bbraun.de/de.html,https://www.bbraun.de/de.html,https://www.bbraun.de/de.html,20210706194317,2021-07-06,5,high,True,after_event,736,733.0,False,False,False,False,unavailable,include,True,False,,https://web.archive.org/web/20210706194317id_/https://www.bbraun.de/de.html,200,text/html,IAVY54R7PB3DVCHKGM4KICW7M7ZATLNX,,closest_within_548d_later,"[""https://www.bbraun.de/de.html""]",, | rescue_seed=https://www.bbraun.de/de.html source_row=5 type=locale_path,2026-08-11T10:17:12.993400+00:00
508f1903-71e7-4aab-aba6-000fed4d8b7d,10,10,B. BRAUN SE,family_internal_succession,2019,Anna Maria Braun übernimmt Vorstandsvorsitz in 6. Generation,,,2019-07-01,year,unverified_proxy: event_year=2019 mid-year,unverified_proxy,post_post_event,2023,2023-07-01,year,False,selected,wayback,https://www.bbraun.de/de.html,https://www.bbraun.de/de.html,https://www.bbraun.de/de.html,20230701145021,2023-07-01,0,high,True,after_event,1461,725.0,False,False,False,False,unavailable,include,True,False,,https://web.archive.org/web/20230701145021id_/https://www.bbraun.de/de.html,200,text/html,G6RJANM5WM5DVXLZD3CPFIEVPYS5CFSI,,exact_date_match,"[""https://www.bbraun.de/de.html""]",, | rescue_seed=https://www.bbraun.de/de.html source_row=5 type=locale_path,2026-08-11T10:17:12.994566+00:00
508f1903-71e7-4aab-aba6-000fed4d8b7d,10,10,B. BRAUN SE,family_internal_succession,2019,Anna Maria Braun übernimmt Vorstandsvorsitz in 6. Generation,,,2019-07-01,year,unverified_proxy: event_year=2019 mid-year,unverified_proxy,pre_event,2017,2017-07-01,year,False,selected,wayback,https://www.bbraun.de/de.html,https://www.bbraun.de/de.html,https://www.bbraun.de/de.html,20170701101545,2017-07-01,0,high,True,before_event,-730,459.0,False,False,False,False,unavailable,include,True,False,,https://web.archive.org/web/20170701101545id_/https://www.bbraun.de/de.html,200,text/html,O3GJYWSB2GRST2MO7MQ7TNAZMQNDUFPI,,exact_date_match,"[""https://www.bbraun.de/de.html""]",, | rescue_seed=https://www.bbraun.de/de.html source_row=5 type=locale_path,2026-08-11T10:17:12.990984+00:00
508f1903-71e7-4aab-aba6-000fed4d8b7d,10,10,B. BRAUN SE,family_internal_succession,2019,Anna Maria Braun übernimmt Vorstandsvorsitz in 6. Generation,,,2019-07-01,year,unverified_proxy: event_year=2019 mid-year,unverified_proxy,pre_pre_event,2015,2015-07-01,year,False,selected,wayback,http://www.bbraun.de:80/de.html,http://www.bbraun.de:80/de.html,http://www.bbraun.de/de.html,20160329173241,2016-03-29,272,low,True,before_event,-1189,,False,False,False,False,unavailable,include,True,False,,https://web.archive.org/web/20160329173241id_/http://www.bbraun.de:80/de.html,200,text/html,ZMVUOS6YDDZ6XRQ5OBTZV6JWMBBNGVSQ,,closest_within_548d_later,"[""https://www.bbraun.de/de.html""]",, | rescue_seed=https://www.bbraun.de/de.html source_row=5 type=locale_path,2026-08-11T10:17:12.989542+00:00
508f1903-71e7-4aab-aba6-000fed4d8b7d,11,11,HARTING TECHNOLOGY GROUP,family_internal_succession,2015,Philip Harting übernimmt operative Führung / Vorsitz,,,2015-07-01,year,unverified_proxy: event_year=2015 mid-year,unverified_proxy,post_event,2017,2017-07-01,year,False,selected,wayback,https://www.harting.com/DE/de,https://www.harting.com/DE/de,https://www.harting.com/DE/de,20180304082313,2018-03-04,246,low,True,after_event,977,2082.0,False,False,False,False,unavailable,include,True,False,,https://web.archive.org/web/20180304082313id_/https://www.harting.com/DE/de,200,text/html,7N5M2D2MPU3TWBDJ7WBTFCC6H4SIPBTM,,closest_within_548d_later,"[""https://www.harting.com/DE/de""]",, | rescue_seed=https://www.harting.com/DE/de source_row=7 type=locale_path,2026-08-26T03:17:39.873827+00:00
508f1903-71e7-4aab-aba6-000fed4d8b7d,11,11,HARTING TECHNOLOGY GROUP,family_internal_succession,2015,Philip Harting übernimmt operative Führung / Vorsitz,,,2015-07-01,year,unverified_proxy: event_year=2015 mid-year,unverified_proxy,post_post_event,2019,2019-07-01,year,False,selected,wayback,https://www.harting.com/DE/de,https://www.harting.com/DE/de,https://www.harting.com/DE/de,20190724072426,2019-07-24,23,high,True,after_event,1484,507.0,False,False,False,False,unavailable,include,True,False,,https://web.archive.org/web/20190724072426id_/https://www.harting.com/DE/de,200,text/html,BDIT4IFWLRUUMATSA6E3DM7EP36NGUYS,,closest_within_548d_later,"[""https://www.harting.com/DE/de""]",, | rescue_seed=https://www.harting.com/DE/de source_row=7 type=locale_path,2026-08-26T03:17:39.877494+00:00
508f1903-71e7-4aab-aba6-000fed4d8b7d,11,11,HARTING TECHNOLOGY GROUP,family_internal_succession,2015,Philip Harting übernimmt operative Führung / Vorsitz,,,2015-07-01,year,unverified_proxy: event_year=2015 mid-year,unverified_proxy,pre_event,2013,2013-07-01,year,False,selected,wayback,http://www.harting.de:80/,http://www.harting.de:80/,http://www.harting.de/,20120621013032,2012-06-21,375,very_low,False,before_event,-1105,344.0,False,True,False,False,homepage_only,sensitivity_analysis,True,False,,https://web.archive.org/web/20120621013032id_/http://www.harting.de:80/,200,text/html,5H2FF62XN7D3U7O564FSAXOALIDNJNPL,,closest_within_548d_earlier_homepage,"[""http://www.harting.de/""]",, | rescue_seed=http://www.harting.de/ source_row=6 type=historical_domain,2026-08-26T03:12:35.633400+00:00
508f1903-71e7-4aab-aba6-000fed4d8b7d,11,11,HARTING TECHNOLOGY GROUP,family_internal_succession,2015,Philip Harting übernimmt operative Führung / Vorsitz,,,2015-07-01,year,unverified_proxy: event_year=2015 mid-year,unverified_proxy,pre_pre_event,2011,2011-07-01,year,False,selected,wayback,http://www.harting.de:80/,http://www.harting.de:80/,http://www.harting.de/,20110713070400,2011-07-13,12,high,True,before_event,-1449,,False,True,False,False,homepage_only,include,True,False,,https://web.archive.org/web/20110713070400id_/http://www.harting.de:80/,200,text/html,CWX5PPQSTYZIO7QZQSU2QQ4KAEKEKEL7,,closest_within_548d_later_homepage,"[""http://www.harting.de/""]",, | rescue_seed=http://www.harting.de/ source_row=6 type=historical_domain,2026-08-26T03:12:35.628441+00:00
508f1903-71e7-4aab-aba6-000fed4d8b7d,12,12,DIRK ROSSMANN GMBH,family_internal_succession,2021,Dirk Rossmann zieht sich zurück; Raoul Rossmann wird Sprecher der Geschäftsführung,,,2021-07-01,year,unverified_proxy: event_year=2021 mid-year,unverified_proxy,post_event,2023,2023-07-01,year,False,selected,wayback,https://unternehmen.rossmann.de/,https://unternehmen.rossmann.de/,https://unternehmen.rossmann.de/,20230629084845,2023-06-29,2,high,True,after_event,728,1463.0,False,True,False,False,homepage_only,include,True,False,,https://web.archive.org/web/20230629084845id_/https://unternehmen.rossmann.de/,200,text/html,TJOOYYXQ5EI4VR7FS7FKBJUZJQZR72JN,,closest_within_548d_earlier_homepage,"[""https://unternehmen.rossmann.de/"", ""https://www.unternehmen.rossmann.de/""]",, | rescue_seed=https://unternehmen.rossmann.de/ source_row=9 type=historical_domain,2026-08-26T03:21:24.414298+00:00
508f1903-71e7-4aab-aba6-000fed4d8b7d,12,12,DIRK ROSSMANN GMBH,family_internal_succession,2021,Dirk Rossmann zieht sich zurück; Raoul Rossmann wird Sprecher der Geschäftsführung,,,2021-07-01,year,unverified_proxy: event_year=2021 mid-year,unverified_proxy,post_post_event,2025,2025-07-01,year,False,selected,wayback,https://unternehmen.rossmann.de/,https://unternehmen.rossmann.de/,https://unternehmen.rossmann.de/,20250701125246,2025-07-01,0,high,True,after_event,1461,733.0,False,True,False,False,homepage_only,include,True,False,,https://web.archive.org/web/20250701125246id_/https://unternehmen.rossmann.de/,200,text/html,EOTIV7XSGPF5HUBX234FXOUMYWRL3CVK,,exact_date_match_homepage,"[""https://unternehmen.rossmann.de/""]",, | rescue_seed=https://unternehmen.rossmann.de/ source_row=9 type=historical_domain,2026-08-26T03:22:24.939333+00:00
508f1903-71e7-4aab-aba6-000fed4d8b7d,12,12,DIRK ROSSMANN GMBH,family_internal_succession,2021,Dirk Rossmann zieht sich zurück; Raoul Rossmann wird Sprecher der Geschäftsführung,,,2021-07-01,year,unverified_proxy: event_year=2021 mid-year,unverified_proxy,pre_event,2019,2019-07-01,year,False,selected,wayback,https://www.rossmann.de/unternehmen/,https://www.rossmann.de/unternehmen/,https://www.rossmann.de/unternehmen,20190627052815,2019-06-27,4,high,True,before_event,-735,796.0,False,False,True,True,subpages_only,sensitivity_analysis,True,False,,https://web.archive.org/web/20190627052815id_/https://www.rossmann.de/unternehmen/,200,text/html,Z3FGUVCWURYDN62RJTVAMMBDENE37DFM,,closest_within_548d_earlier,"[""https://www.rossmann.de/unternehmen/""]",, | rescue_seed=https://www.rossmann.de/unternehmen/ source_row=8 type=company_section,2026-08-26T03:17:49.670619+00:00
508f1903-71e7-4aab-aba6-000fed4d8b7d,12,12,DIRK ROSSMANN GMBH,family_internal_succession,2021,Dirk Rossmann zieht sich zurück; Raoul Rossmann wird Sprecher der Geschäftsführung,,,2021-07-01,year,unverified_proxy: event_year=2021 mid-year,unverified_proxy,pre_pre_event,2017,2017-07-01,year,False,selected,wayback,https://www.rossmann.de/unternehmen/,https://www.rossmann.de/unternehmen/,https://www.rossmann.de/unternehmen,20170422114716,2017-04-22,70,high,True,before_event,-1531,,False,False,True,True,subpages_only,sensitivity_analysis,True,False,,https://web.archive.org/web/20170422114716id_/https://www.rossmann.de/unternehmen/,200,text/html,JJGSIM5Q3KMNVI2AOTNPC4ZMQ5ZRF5DA,,closest_within_548d_earlier,"[""https://www.rossmann.de/unternehmen/""]",, | rescue_seed=https://www.rossmann.de/unternehmen/ source_row=8 type=company_section,2026-08-26T03:17:49.667237+00:00
508f1903-71e7-4aab-aba6-000fed4d8b7d,14,14,CLAAS KGAA MBH,external_ceo_professionalization,2019,Thomas Böck übernimmt CEO-Rolle im Familienunternehmen,,,2019-07-01,year,unverified_proxy: event_year=2019 mid-year,unverified_proxy,post_event,2021,2021-07-01,year,False,selected,wayback,http://www.claas-gruppe.com/,http://www.claas-gruppe.com/,http://www.claas-gruppe.com/,20210701104556,2021-07-01,0,high,True,after_event,731,716,False,True,False,False,homepage_only,include,True,False,,https://web.archive.org/web/20210701104556id_/http://www.claas-gruppe.com/,200,text/html,Z5DFWB5OLXD56N56ATR2Q56YMIZUHVWU,,exact_date_match_homepage,"[""http://www.claas-gruppe.com/""]",, | rescue_seed=http://www.claas-gruppe.com/ source_row=10 type=historical_domain,2026-09-09T08:06:44.643684+00:00
508f1903-71e7-4aab-aba6-000fed4d8b7d,14,14,CLAAS KGAA MBH,external_ceo_professionalization,2019,Thomas Böck übernimmt CEO-Rolle im Familienunternehmen,,,2019-07-01,year,unverified_proxy: event_year=2019 mid-year,unverified_proxy,post_post_event,2023,2023-07-01,year,False,selected,wayback,https://www.claas-gruppe.com/,https://www.claas-gruppe.com/,https://www.claas-gruppe.com/,20230704073533,2023-07-04,3,high,True,after_event,1464,733,False,True,False,False,homepage_only,include,True,False,,https://web.archive.org/web/20230704073533id_/https://www.claas-gruppe.com/,200,text/html,KYGYYJ5MKOSDQ5LLJNJYR5K4M66DGUYV,,closest_within_548d_later_homepage,"[""http://www.claas-gruppe.com/""]",, | rescue_seed=http://www.claas-gruppe.com/ source_row=10 type=historical_domain,2026-09-09T08:06:44.646268+00:00
508f1903-71e7-4aab-aba6-000fed4d8b7d,14,14,CLAAS KGAA MBH,external_ceo_professionalization,2019,Thomas Böck übernimmt CEO-Rolle im Familienunternehmen,,,2019-07-01,year,unverified_proxy: event_year=2019 mid-year,unverified_proxy,pre_event,2017,2017-07-01,year,False,selected,wayback,http://www.claas-gruppe.com:80/,http://www.claas-gruppe.com:80/,http://www.claas-gruppe.com/,20170707063719,2017-07-07,6,high,True,before_event,-724,744,False,True,False,False,homepage_only,include,True,False,,https://web.archive.org/web/20170707063719id_/http://www.claas-gruppe.com:80/,200,text/html,V4HQ6GF3DKZ2NVJIL4S6TOZRDW5TAJNM,,closest_within_548d_later_homepage,"[""http://www.claas-gruppe.com/""]",, | rescue_seed=http://www.claas-gruppe.com/ source_row=10 type=historical_domain,2026-09-09T08:06:44.639935+00:00
508f1903-71e7-4aab-aba6-000fed4d8b7d,14,14,CLAAS KGAA MBH,external_ceo_professionalization,2019,Thomas Böck übernimmt CEO-Rolle im Familienunternehmen,,,2019-07-01,year,unverified_proxy: event_year=2019 mid-year,unverified_proxy,pre_pre_event,2015,2015-07-01,year,False,selected,wayback,http://www.claas-gruppe.com:80/,http://www.claas-gruppe.com:80/,http://www.claas-gruppe.com/,20150624111706,2015-06-24,7,high,True,before_event,-1468,,False,True,False,False,homepage_only,include,True,False,,https://web.archive.org/web/20150624111706id_/http://www.claas-gruppe.com:80/,200,text/html,4RANZOJ2M6275O7WTSJ4Y276JD627ZHP,,closest_within_548d_earlier_homepage,"[""http://www.claas-gruppe.com/""]",, | rescue_seed=http://www.claas-gruppe.com/ source_row=10 type=historical_domain,2026-09-09T08:06:44.637901+00:00
508f1903-71e7-4aab-aba6-000fed4d8b7d,15,15,FABER-CASTELL AG,external_ceo_professionalization,2017,Übergang zu familienexterner operativer Führung nach Tod Anton-Wolfgang Graf von Faber-Castell,,,2017-07-01,year,unverified_proxy: event_year=2017 mid-year,unverified_proxy,post_event,2019,2019-07-01,year,False,selected,wayback,https://www.faber-castell.de/,https://www.faber-castell.de/,https://www.faber-castell.de/,20190625095359,2019-06-25,6,high,True,after_event,724,752,False,True,False,False,homepage_only,include,True,False,,https://web.archive.org/web/20190625095359id_/https://www.faber-castell.de/,200,text/html,4W6BFGVITUQVGN2LSQEOX663QNZXF2FV,,closest_within_548d_earlier_homepage,"[""https://www.faber-castell.de/""]",, | rescue_seed=https://www.faber-castell.de/ source_row=12 type=corporate_root_alias,2026-09-09T08:06:44.663590+00:00
508f1903-71e7-4aab-aba6-000fed4d8b7d,15,15,FABER-CASTELL AG,external_ceo_professionalization,2017,Übergang zu familienexterner operativer Führung nach Tod Anton-Wolfgang Graf von Faber-Castell,,,2017-07-01,year,unverified_proxy: event_year=2017 mid-year,unverified_proxy,post_post_event,2021,2021-07-01,year,False,selected,wayback,https://www.faber-castell.de/,https://www.faber-castell.de/,https://www.faber-castell.de/,20210624222513,2021-06-24,7,high,True,after_event,1454,730,False,True,False,False,homepage_only,include,True,False,,https://web.archive.org/web/20210624222513id_/https://www.faber-castell.de/,200,text/html,VQJ7MEGJ3BJKEZ25TBD26RUKMD7GTW45,,closest_within_548d_earlier_homepage,"[""https://www.faber-castell.de/""]",, | rescue_seed=https://www.faber-castell.de/ source_row=12 type=corporate_root_alias,2026-09-09T08:06:44.667545+00:00
508f1903-71e7-4aab-aba6-000fed4d8b7d,15,15,FABER-CASTELL AG,external_ceo_professionalization,2017,Übergang zu familienexterner operativer Führung nach Tod Anton-Wolfgang Graf von Faber-Castell,,,2017-07-01,year,unverified_proxy: event_year=2017 mid-year,unverified_proxy,pre_event,2015,2015-07-01,year,False,selected,wayback,http://www.faber-castell.de/,http://www.faber-castell.de/,http://www.faber-castell.de/,20150629012847,2015-06-29,2,high,True,before_event,-733,729,False,True,False,False,homepage_only,include,True,False,,https://web.archive.org/web/20150629012847id_/http://www.faber-castell.de/,200,text/html,TROMHU3YDKILATLYOXN54H7GU7KOVUS5,,closest_within_548d_earlier_homepage,"[""https://www.faber-castell.de/""]",, | rescue_seed=https://www.faber-castell.de/ source_row=12 type=corporate_root_alias,2026-09-09T08:06:44.655862+00:00
508f1903-71e7-4aab-aba6-000fed4d8b7d,15,15,FABER-CASTELL AG,external_ceo_professionalization,2017,Übergang zu familienexterner operativer Führung nach Tod Anton-Wolfgang Graf von Faber-Castell,,,2017-07-01,year,unverified_proxy: event_year=2017 mid-year,unverified_proxy,pre_pre_event,2013,2013-07-01,year,False,selected,wayback,http://www.faber-castell.de:80/,http://www.faber-castell.de:80/,http://www.faber-castell.de/,20130630131120,2013-06-30,1,high,True,before_event,-1462,,False,True,False,False,homepage_only,include,True,False,,https://web.archive.org/web/20130630131120id_/http://www.faber-castell.de:80/,200,text/html,EVONYFSUSDMEJCR4X4RUONIICTDILYSR,,closest_within_548d_earlier_homepage,"[""https://www.faber-castell.de/""]",, | rescue_seed=https://www.faber-castell.de/ source_row=12 type=corporate_root_alias,2026-09-09T08:06:44.650958+00:00
508f1903-71e7-4aab-aba6-000fed4d8b7d,16,16,HENKEL AG & CO. KGAA,external_ceo_professionalization,2020,Carsten Knobel wird Vorstandsvorsitzender in family-controlled company,,,2020-07-01,year,unverified_proxy: event_year=2020 mid-year,unverified_proxy,event,2020,2020-07-01,year,False,selected,wayback,https://www.henkel.de/,https://www.henkel.de/,https://www.henkel.de/,20200630112845,2020-06-30,1,high,True,before_event,-1,736,False,True,False,False,homepage_only,sensitivity_analysis,True,False,,https://web.archive.org/web/20200630112845id_/https://www.henkel.de/,200,text/html,USC2CZHZ55GNBHH266ECHWW7VFILM2ON,,closest_within_548d_earlier_homepage,"[""https://www.henkel.de/""]",,Event target uses year-level precision (2020-07-01). Event date source: unverified_proxy: event_year=2020 mid-year | rescue_seed=https://www.henkel.de/ source_row=13 type=corporate_root_alias,2026-09-09T08:06:44.693773+00:00
508f1903-71e7-4aab-aba6-000fed4d8b7d,16,16,HENKEL AG & CO. KGAA,external_ceo_professionalization,2020,Carsten Knobel wird Vorstandsvorsitzender in family-controlled company,,,2020-07-01,year,unverified_proxy: event_year=2020 mid-year,unverified_proxy,post_post_event,2024,2024-07-01,year,False,selected,wayback,https://www.henkel.de/,https://www.henkel.de/,https://www.henkel.de/,20240701021813,2024-07-01,0,high,True,after_event,1461,731,False,True,False,False,homepage_only,include,True,False,,https://web.archive.org/web/20240701021813id_/https://www.henkel.de/,200,text/html,YRCE4ZGUO2HMKZ3KFRVXB7C35RV3WY7G,,exact_date_match_homepage,"[""https://www.henkel.de/""]",, | rescue_seed=https://www.henkel.de/ source_row=13 type=corporate_root_alias,2026-09-09T08:06:44.710278+00:00
508f1903-71e7-4aab-aba6-000fed4d8b7d,16,16,HENKEL AG & CO. KGAA,external_ceo_professionalization,2020,Carsten Knobel wird Vorstandsvorsitzender in family-controlled company,,,2020-07-01,year,unverified_proxy: event_year=2020 mid-year,unverified_proxy,pre_event,2018,2018-07-01,year,False,selected,wayback,https://www.henkel.de/,https://www.henkel.de/,https://www.henkel.de/,20180625122911,2018-06-25,6,high,True,before_event,-737,722,False,True,False,False,homepage_only,include,True,False,,https://web.archive.org/web/20180625122911id_/https://www.henkel.de/,200,text/html,IP4KGJ4225RCK6QXJFUKLJCJHJXOBGMR,,closest_within_548d_earlier_homepage,"[""https://www.henkel.de/""]",, | rescue_seed=https://www.henkel.de/ source_row=13 type=corporate_root_alias,2026-09-09T08:06:44.685314+00:00
508f1903-71e7-4aab-aba6-000fed4d8b7d,16,16,HENKEL AG & CO. KGAA,external_ceo_professionalization,2020,Carsten Knobel wird Vorstandsvorsitzender in family-controlled company,,,2020-07-01,year,unverified_proxy: event_year=2020 mid-year,unverified_proxy,pre_pre_event,2016,2016-07-01,year,False,selected,wayback,http://www.henkel.de:80/,http://www.henkel.de:80/,http://www.henkel.de/,20160703113103,2016-07-03,2,high,True,before_event,-1459,,False,True,False,False,homepage_only,include,True,False,,https://web.archive.org/web/20160703113103id_/http://www.henkel.de:80/,200,text/html,D5QZE7IJ55BAHBPASEJMSMMQON7F6V6P,,closest_within_548d_later_homepage,"[""https://www.henkel.de/""]",, | rescue_seed=https://www.henkel.de/ source_row=13 type=corporate_root_alias,2026-09-09T08:06:44.677183+00:00
508f1903-71e7-4aab-aba6-000fed4d8b7d,17,17,MERCK KGAA,external_ceo_professionalization,2021,Belén Garijo wird CEO der familienkontrollierten Merck KGaA,,,2021-07-01,year,unverified_proxy: event_year=2021 mid-year,unverified_proxy,event,2021,2021-07-01,year,False,selected,wayback,https://www.merckgroup.com/de,https://www.merckgroup.com/de,https://www.merckgroup.com/de,20210609180252,2021-06-09,22,high,True,before_event,-22,691,False,False,False,False,unavailable,sensitivity_analysis,True,False,,https://web.archive.org/web/20210609180252id_/https://www.merckgroup.com/de,200,text/html,LCY3WY5DKSIO3JA3Z5AVM6MMU7VRADG7,,closest_within_548d_earlier,"[""https://www.merckgroup.com/de""]",,Event target uses year-level precision (2021-07-01). Event date source: unverified_proxy: event_year=2021 mid-year | rescue_seed=https://www.merckgroup.com/de source_row=14 type=other,2026-09-09T16:02:12.524378+00:00
508f1903-71e7-4aab-aba6-000fed4d8b7d,17,17,MERCK KGAA,external_ceo_professionalization,2021,Belén Garijo wird CEO der familienkontrollierten Merck KGaA,,,2021-07-01,year,unverified_proxy: event_year=2021 mid-year,unverified_proxy,post_event,2023,2023-07-01,year,False,selected,wayback,https://www.merckgroup.com/de,https://www.merckgroup.com/de,https://www.merckgroup.com/de,20230701160411,2023-07-01,0,high,True,after_event,730,752,False,False,False,False,unavailable,include,True,False,,https://web.archive.org/web/20230701160411id_/https://www.merckgroup.com/de,200,text/html,RYDSJYDJCHBRNEHMZ6TJAQVAGQKFYKU5,,exact_date_match,"[""https://www.merckgroup.com/de""]",, | rescue_seed=https://www.merckgroup.com/de source_row=14 type=other,2026-09-09T16:02:12.525857+00:00
508f1903-71e7-4aab-aba6-000fed4d8b7d,17,17,MERCK KGAA,external_ceo_professionalization,2021,Belén Garijo wird CEO der familienkontrollierten Merck KGaA,,,2021-07-01,year,unverified_proxy: event_year=2021 mid-year,unverified_proxy,post_post_event,2025,2025-07-01,year,False,selected,wayback,https://www.merckgroup.com/de,https://www.merckgroup.com/de,https://www.merckgroup.com/de,20250806204111,2025-08-06,36,high,True,after_event,1497,767,False,False,False,False,unavailable,include,True,False,,https://web.archive.org/web/20250806204111id_/https://www.merckgroup.com/de,200,text/html,NRIAOB23PCRDR55ZB35IGD4RIG6ASC3O,,closest_within_548d_later,"[""https://www.merckgroup.com/de""]",, | rescue_seed=https://www.merckgroup.com/de source_row=14 type=other,2026-09-09T16:02:12.527102+00:00
508f1903-71e7-4aab-aba6-000fed4d8b7d,17,17,MERCK KGAA,external_ceo_professionalization,2021,Belén Garijo wird CEO der familienkontrollierten Merck KGaA,,,2021-07-01,year,unverified_proxy: event_year=2021 mid-year,unverified_proxy,pre_event,2019,2019-07-01,year,False,selected,wayback,https://www.merckgroup.com/de,https://www.merckgroup.com/de,https://www.merckgroup.com/de,20190719141851,2019-07-19,18,high,True,before_event,-713,717,False,False,False,False,unavailable,include,True,False,,https://web.archive.org/web/20190719141851id_/https://www.merckgroup.com/de,200,text/html,MBXNZZCB62BYUARKGIZSO7PLPHSGQI3B,,closest_within_548d_later,"[""https://www.merckgroup.com/de""]",, | rescue_seed=https://www.merckgroup.com/de source_row=14 type=other,2026-09-09T16:02:12.523327+00:00
508f1903-71e7-4aab-aba6-000fed4d8b7d,17,17,MERCK KGAA,external_ceo_professionalization,2021,Belén Garijo wird CEO der familienkontrollierten Merck KGaA,,,2021-07-01,year,unverified_proxy: event_year=2021 mid-year,unverified_proxy,pre_pre_event,2017,2017-07-01,year,False,selected,wayback,https://www.merckgroup.com/de,https://www.merckgroup.com/de,https://www.merckgroup.com/de,20170801064041,2017-08-01,31,high,True,before_event,-1430,,False,False,False,False,unavailable,include,True,False,,https://web.archive.org/web/20170801064041id_/https://www.merckgroup.com/de,200,text/html,KKI6HIIMFIMQB6KSSRNY2K5LGI3BK3W3,,closest_within_548d_later,"[""https://www.merckgroup.com/de""]",, | rescue_seed=https://www.merckgroup.com/de source_row=14 type=other,2026-09-09T16:02:12.521912+00:00
508f1903-71e7-4aab-aba6-000fed4d8b7d,18,18,SCHAEFFLER AG,external_ceo_professionalization,2014,Klaus Rosenfeld wird CEO der familienkontrollierten Schaeffler-Gruppe,,,2014-07-01,year,unverified_proxy: event_year=2014 mid-year,unverified_proxy,event,2014,2014-07-01,year,False,selected,wayback,http://www.schaeffler.de/content.schaeffler.de/de/index.jsp,http://www.schaeffler.de/content.schaeffler.de/de/index.jsp,http://www.schaeffler.de/content.schaeffler.de/de/index.jsp,20140626163520,2014-06-26,5,high,True,before_event,-5,717,False,False,True,True,subpages_only,sensitivity_analysis,True,False,,https://web.archive.org/web/20140626163520id_/http://www.schaeffler.de/content.schaeffler.de/de/index.jsp,200,text/html,Z2XIGBNBIZE3PZHXXQGFZLAW4NKMXYE5,,closest_within_548d_earlier,"[""http://www.schaeffler.de/content.schaeffler.de/de/index.jsp""]",,Event target uses year-level precision (2014-07-01). Event date source: unverified_proxy: event_year=2014 mid-year | rescue_seed=http://www.schaeffler.de/content.schaeffler.de/de/index.jsp source_row=15 type=archived_subpage_seed,2026-09-09T16:02:12.532368+00:00
508f1903-71e7-4aab-aba6-000fed4d8b7d,18,18,SCHAEFFLER AG,external_ceo_professionalization,2014,Klaus Rosenfeld wird CEO der familienkontrollierten Schaeffler-Gruppe,,,2014-07-01,year,unverified_proxy: event_year=2014 mid-year,unverified_proxy,post_event,2016,2016-07-01,year,False,selected,wayback,http://www.schaeffler.de:80/content.schaeffler.de/de/index.jsp,http://www.schaeffler.de:80/content.schaeffler.de/de/index.jsp,http://www.schaeffler.de/content.schaeffler.de/de/index.jsp,20160627103617,2016-06-27,4,high,True,after_event,727,732,False,False,True,True,subpages_only,sensitivity_analysis,True,False,,https://web.archive.org/web/20160627103617id_/http://www.schaeffler.de:80/content.schaeffler.de/de/index.jsp,200,text/html,LYMNO5TAITOOBT5AUFSS4BPETCEDVYRZ,,closest_within_548d_earlier,"[""http://www.schaeffler.de/content.schaeffler.de/de/index.jsp""]",, | rescue_seed=http://www.schaeffler.de/content.schaeffler.de/de/index.jsp source_row=15 type=archived_subpage_seed,2026-09-09T16:02:12.534038+00:00
508f1903-71e7-4aab-aba6-000fed4d8b7d,18,18,SCHAEFFLER AG,external_ceo_professionalization,2014,Klaus Rosenfeld wird CEO der familienkontrollierten Schaeffler-Gruppe,,,2014-07-01,year,unverified_proxy: event_year=2014 mid-year,unverified_proxy,post_post_event,2018,2018-07-01,year,False,selected,wayback,https://www.schaeffler.de/content.schaeffler.de/de/index.jsp,https://www.schaeffler.de/content.schaeffler.de/de/index.jsp,https://www.schaeffler.de/content.schaeffler.de/de/index.jsp,20180722050121,2018-07-22,21,high,True,after_event,1482,755,False,False,True,True,subpages_only,sensitivity_analysis,True,False,,https://web.archive.org/web/20180722050121id_/https://www.schaeffler.de/content.schaeffler.de/de/index.jsp,200,text/html,FTNTU2VGDJQZOYIWQXA6KPDNHZRXY7IQ,,closest_within_548d_later,"[""http://www.schaeffler.de/content.schaeffler.de/de/index.jsp""]",, | rescue_seed=http://www.schaeffler.de/content.schaeffler.de/de/index.jsp source_row=15 type=archived_subpage_seed,2026-09-09T16:02:12.535681+00:00
508f1903-71e7-4aab-aba6-000fed4d8b7d,18,18,SCHAEFFLER AG,external_ceo_professionalization,2014,Klaus Rosenfeld wird CEO der familienkontrollierten Schaeffler-Gruppe,,,2014-07-01,year,unverified_proxy: event_year=2014 mid-year,unverified_proxy,pre_event,2012,2012-07-01,year,False,selected,wayback,http://www.schaeffler.de:80/content.schaeffler.de/de/index.jsp?,http://www.schaeffler.de:80/content.schaeffler.de/de/index.jsp?,http://www.schaeffler.de/content.schaeffler.de/de/index.jsp,20120709062345,2012-07-09,8,high,True,before_event,-722,717,False,False,True,True,subpages_only,sensitivity_analysis,True,False,,https://web.archive.org/web/20120709062345id_/http://www.schaeffler.de:80/content.schaeffler.de/de/index.jsp?,200,text/html,IZ55LIWY3D7KW47GD7P6NELR6PXJK56T,,closest_within_548d_later,"[""http://www.schaeffler.de/content.schaeffler.de/de/index.jsp""]",, | rescue_seed=http://www.schaeffler.de/content.schaeffler.de/de/index.jsp source_row=15 type=archived_subpage_seed,2026-09-09T16:02:12.530783+00:00
508f1903-71e7-4aab-aba6-000fed4d8b7d,18,18,SCHAEFFLER AG,external_ceo_professionalization,2014,Klaus Rosenfeld wird CEO der familienkontrollierten Schaeffler-Gruppe,,,2014-07-01,year,unverified_proxy: event_year=2014 mid-year,unverified_proxy,pre_pre_event,2010,2010-07-01,year,False,selected,wayback,http://www.schaeffler.de:80/content.schaeffler.de/de/index.jsp,http://www.schaeffler.de:80/content.schaeffler.de/de/index.jsp,http://www.schaeffler.de/content.schaeffler.de/de/index.jsp,20100723011723,2010-07-23,22,high,True,before_event,-1439,,False,False,True,True,subpages_only,sensitivity_analysis,True,False,,https://web.archive.org/web/20100723011723id_/http://www.schaeffler.de:80/content.schaeffler.de/de/index.jsp,200,text/html,PWEGKTIEYASAYD4CDA5FQ7ZBWEBUZJ7L,,closest_within_548d_later,"[""http://www.schaeffler.de/content.schaeffler.de/de/index.jsp""]",, | rescue_seed=http://www.schaeffler.de/content.schaeffler.de/de/index.jsp source_row=15 type=archived_subpage_seed,2026-09-09T16:02:12.529233+00:00
508f1903-71e7-4aab-aba6-000fed4d8b7d,19,19,HERAEUS GROUP,external_ceo_professionalization,2013,Jan Rinnert übernimmt Leitung; später umfassende Restrukturierung,,,2013-07-01,year,unverified_proxy: event_year=2013 mid-year,unverified_proxy,post_post_event,2017,2017-07-01,year,False,selected,wayback,https://www.heraeus.com/de/group/home/home.aspx,https://www.heraeus.com/de/group/home/home.aspx,https://www.heraeus.com/de/group/home/home.aspx,20170703173749,2017-07-03,2,high,True,after_event,1463,576,False,False,False,False,unavailable,include,True,False,,https://web.archive.org/web/20170703173749id_/https://www.heraeus.com/de/group/home/home.aspx,200,text/html,2V22XKY4S72WEHY3FP4MDMKEI37UF6WU,,closest_within_548d_later,"[""https://www.heraeus.com/de/group/home/home.aspx""]",, | rescue_seed=https://www.heraeus.com/de/group/home/home.aspx source_row=17 type=historical_domain,2026-09-09T16:02:12.673513+00:00
508f1903-71e7-4aab-aba6-000fed4d8b7d,19,19,HERAEUS GROUP,external_ceo_professionalization,2013,Jan Rinnert übernimmt Leitung; später umfassende Restrukturierung,,,2013-07-01,year,unverified_proxy: event_year=2013 mid-year,unverified_proxy,pre_event,2011,2011-07-01,year,False,selected,wayback,http://heraeus.com:80/de/home/default.aspx,http://heraeus.com:80/de/home/default.aspx,http://heraeus.com/de/home/default.aspx,20120825140213,2012-08-25,421,very_low,False,before_event,-310,,False,False,False,False,unavailable,sensitivity_analysis,True,False,,https://web.archive.org/web/20120825140213id_/http://heraeus.com:80/de/home/default.aspx,200,text/html,MY3TUHGQQ2B6J3KP3M544N4DXBQGMILW,,closest_within_548d_later,"[""http://heraeus.com/de/home/default.aspx""]",, | rescue_seed=http://heraeus.com/de/home/default.aspx source_row=16 type=locale_path,2026-09-09T16:02:12.538970+00:00
508f1903-71e7-4aab-aba6-000fed4d8b7d,20,20,BAHLSEN GMBH & CO. KG,family_withdrawal_or_external_management,2022,Verena Bahlsen verlässt operative Rolle; Management stärker familienextern,,,2022-07-01,year,unverified_proxy: event_year=2022 mid-year,unverified_proxy,event,2022,2022-07-01,year,False,selected,wayback,https://www.thebahlsenfamily.com/de/,https://www.thebahlsenfamily.com/de/,https://www.thebahlsenfamily.com/de,20220625071846,2022-06-25,6,high,True,before_event,-6,682,False,False,False,False,unavailable,sensitivity_analysis,True,False,,https://web.archive.org/web/20220625071846id_/https://www.thebahlsenfamily.com/de/,200,text/html,IOBPFURMQBP4O2JU67OBKOPNSAUZDHTR,,closest_within_548d_earlier,"[""https://www.thebahlsenfamily.com/de/""]",,Event target uses year-level precision (2022-07-01). Event date source: unverified_proxy: event_year=2022 mid-year | rescue_seed=https://www.thebahlsenfamily.com/de/ source_row=18 type=locale_path,2026-09-10T14:42:29.728343+00:00
508f1903-71e7-4aab-aba6-000fed4d8b7d,20,20,BAHLSEN GMBH & CO. KG,family_withdrawal_or_external_management,2022,Verena Bahlsen verlässt operative Rolle; Management stärker familienextern,,,2022-07-01,year,unverified_proxy: event_year=2022 mid-year,unverified_proxy,post_event,2024,2024-07-01,year,False,selected,wayback,https://www.thebahlsenfamily.com/de/,https://www.thebahlsenfamily.com/de/,https://www.thebahlsenfamily.com/de,20240705065944,2024-07-05,4,high,True,after_event,735,741,False,False,False,False,unavailable,include,True,False,,https://web.archive.org/web/20240705065944id_/https://www.thebahlsenfamily.com/de/,200,text/html,MPJUAUB7GIBIFOQKULUJORUPS2OUXV7Q,,closest_within_548d_later,"[""https://www.thebahlsenfamily.com/de/""]",, | rescue_seed=https://www.thebahlsenfamily.com/de/ source_row=18 type=locale_path,2026-09-10T14:42:29.728898+00:00
508f1903-71e7-4aab-aba6-000fed4d8b7d,20,20,BAHLSEN GMBH & CO. KG,family_withdrawal_or_external_management,2022,Verena Bahlsen verlässt operative Rolle; Management stärker familienextern,,,2022-07-01,year,unverified_proxy: event_year=2022 mid-year,unverified_proxy,post_post_event,2026,2026-07-01,year,False,selected,wayback,https://www.thebahlsenfamily.com/de/,https://www.thebahlsenfamily.com/de/,https://www.thebahlsenfamily.com/de,20251206090208,2025-12-06,207,low,True,after_event,1254,519,False,False,False,False,unavailable,include,True,False,,https://web.archive.org/web/20251206090208id_/https://www.thebahlsenfamily.com/de/,200,text/html,ZCYJBBT5FQPPHRMRFYXJJFA5FC5VJXKE,,closest_within_548d_earlier,"[""https://www.thebahlsenfamily.com/de/""]",, | rescue_seed=https://www.thebahlsenfamily.com/de/ source_row=18 type=locale_path,2026-09-10T14:42:29.729450+00:00
508f1903-71e7-4aab-aba6-000fed4d8b7d,20,20,BAHLSEN GMBH & CO. KG,family_withdrawal_or_external_management,2022,Verena Bahlsen verlässt operative Rolle; Management stärker familienextern,,,2022-07-01,year,unverified_proxy: event_year=2022 mid-year,unverified_proxy,pre_event,2020,2020-07-01,year,False,selected,wayback,https://www.thebahlsenfamily.com/de/,https://www.thebahlsenfamily.com/de/,https://www.thebahlsenfamily.com/de,20200812232704,2020-08-12,42,high,True,before_event,-688,440,False,False,False,False,unavailable,include,True,False,,https://web.archive.org/web/20200812232704id_/https://www.thebahlsenfamily.com/de/,200,text/html,DD6WZFM4OKWLPLOIBG6VSKLIELAAYXW7,,closest_within_548d_later,"[""https://www.thebahlsenfamily.com/de/""]",, | rescue_seed=https://www.thebahlsenfamily.com/de/ source_row=18 type=locale_path,2026-09-10T14:42:29.727691+00:00
508f1903-71e7-4aab-aba6-000fed4d8b7d,20,20,BAHLSEN GMBH & CO. KG,family_withdrawal_or_external_management,2022,Verena Bahlsen verlässt operative Rolle; Management stärker familienextern,,,2022-07-01,year,unverified_proxy: event_year=2022 mid-year,unverified_proxy,pre_pre_event,2018,2018-07-01,year,False,selected,wayback,https://www.thebahlsenfamily.com/de/,https://www.thebahlsenfamily.com/de/,https://www.thebahlsenfamily.com/de,20190530072058,2019-05-30,333,low,True,before_event,-1128,,False,False,False,False,unavailable,include,True,False,,https://web.archive.org/web/20190530072058id_/https://www.thebahlsenfamily.com/de/,200,text/html,JJHQHVFNJHY7QSYX6P6CFE2NJWMPMOCY,,closest_within_548d_later,"[""https://www.thebahlsenfamily.com/de/""]",, | rescue_seed=https://www.thebahlsenfamily.com/de/ source_row=18 type=locale_path,2026-09-10T14:42:29.726707+00:00
508f1903-71e7-4aab-aba6-000fed4d8b7d,21,21,FREUDENBERG GROUP,external_ceo_professionalization,2012,Mohsen Sohi übernimmt den Vorsitz der Unternehmensleitung im Familienunternehmen,,,2012-07-01,year,unverified_proxy: event_year=2012 mid-year,unverified_proxy,pre_event,2010,2010-07-01,year,False,selected,wayback,http://www.freudenberg.de:80/,http://www.freudenberg.de:80/,http://www.freudenberg.de/,20100706110658,2010-07-06,5,high,True,before_event,-726,821,False,True,False,False,homepage_only,sensitivity_analysis,True,False,,https://web.archive.org/web/20100706110658id_/http://www.freudenberg.de:80/,200,text/html,6JCFGVMYBUYJCBOKL2BWBF7O3HRCYTJQ,,closest_within_548d_later_homepage,"[""http://www.freudenberg.de/""]",, | rescue_seed=http://www.freudenberg.de/ source_row=19 type=corporate_root_alias,2026-09-22T21:09:13.344207+00:00
508f1903-71e7-4aab-aba6-000fed4d8b7d,21,21,FREUDENBERG GROUP,external_ceo_professionalization,2012,Mohsen Sohi übernimmt den Vorsitz der Unternehmensleitung im Familienunternehmen,,,2012-07-01,year,unverified_proxy: event_year=2012 mid-year,unverified_proxy,pre_pre_event,2008,2008-07-01,year,False,selected,wayback,http://www.freudenberg.de:80/,http://www.freudenberg.de:80/,http://www.freudenberg.de/,20080406050653,2008-04-06,86,high,True,before_event,-1547,,False,True,False,False,homepage_only,sensitivity_analysis,True,False,,https://web.archive.org/web/20080406050653id_/http://www.freudenberg.de:80/,200,text/html,VCXFEA3IHZ5FPCIIW3FCGRSKQHAK57ZA,,closest_within_548d_earlier_homepage,"[""http://www.freudenberg.de/""]",, | rescue_seed=http://www.freudenberg.de/ source_row=19 type=corporate_root_alias,2026-09-22T21:09:13.343063+00:00
508f1903-71e7-4aab-aba6-000fed4d8b7d,22,22,ANDREAS STIHL AG & CO. KG,external_ceo_professionalization,2022,Michael Traub übernimmt Vorsitz des Vorstands,,,2022-07-01,year,unverified_proxy: event_year=2022 mid-year,unverified_proxy,post_event,2024,2024-07-01,year,False,selected,wayback,https://corporate.stihl.de/de,https://corporate.stihl.de/de,https://corporate.stihl.de/de,20240615160920,2024-06-15,16,high,True,after_event,715,1469,False,False,False,False,unavailable,sensitivity_analysis,True,False,,https://web.archive.org/web/20240615160920id_/https://corporate.stihl.de/de,200,text/html,7A2YESYZKIQRLSTAOKSOS4YQW7BQXYMV,,closest_within_548d_earlier,"[""https://corporate.stihl.de/de""]",, | rescue_seed=https://corporate.stihl.de/de source_row=24 type=historical_domain,2026-09-22T21:09:13.361503+00:00
508f1903-71e7-4aab-aba6-000fed4d8b7d,22,22,ANDREAS STIHL AG & CO. KG,external_ceo_professionalization,2022,Michael Traub übernimmt Vorsitz des Vorstands,,,2022-07-01,year,unverified_proxy: event_year=2022 mid-year,unverified_proxy,post_post_event,2026,2026-07-01,year,False,selected,wayback,https://corporate.stihl.de/de,https://corporate.stihl.de/de,https://corporate.stihl.de/de,20260414184608,2026-04-14,78,high,True,after_event,1383,668,False,False,False,False,unavailable,sensitivity_analysis,True,False,,https://web.archive.org/web/20260414184608id_/https://corporate.stihl.de/de,200,text/html,56YTBLUFXE5U4QPXMRT2WCYNRADZEO7B,,closest_within_548d_earlier,"[""https://corporate.stihl.de/de""]",, | rescue_seed=https://corporate.stihl.de/de source_row=24 type=historical_domain,2026-09-22T21:09:13.362107+00:00
508f1903-71e7-4aab-aba6-000fed4d8b7d,22,22,ANDREAS STIHL AG & CO. KG,external_ceo_professionalization,2022,Michael Traub übernimmt Vorsitz des Vorstands,,,2022-07-01,year,unverified_proxy: event_year=2022 mid-year,unverified_proxy,pre_event,2020,2020-07-01,year,False,selected,wayback,https://www.stihl.de/,https://www.stihl.de/,https://www.stihl.de/,20200607024032,2020-06-07,24,high,True,before_event,-754,715,False,True,False,False,homepage_only,sensitivity_analysis,True,False,,https://web.archive.org/web/20200607024032id_/https://www.stihl.de/,200,text/html,UIGFWR7ZQ5KZXLUZGYDL5REAGID7NSAP,,closest_within_548d_earlier_homepage,"[""https://www.stihl.de/""]",, | rescue_seed=https://www.stihl.de/ source_row=22 type=historical_domain,2026-09-22T21:09:13.360514+00:00
508f1903-71e7-4aab-aba6-000fed4d8b7d,22,22,ANDREAS STIHL AG & CO. KG,external_ceo_professionalization,2022,Michael Traub übernimmt Vorsitz des Vorstands,,,2022-07-01,year,unverified_proxy: event_year=2022 mid-year,unverified_proxy,pre_pre_event,2018,2018-07-01,year,False,selected,wayback,https://www.stihl.de/,https://www.stihl.de/,https://www.stihl.de/,20180623201951,2018-06-23,8,high,True,before_event,-1469,,False,True,False,False,homepage_only,sensitivity_analysis,True,False,,https://web.archive.org/web/20180623201951id_/https://www.stihl.de/,200,text/html,TUSMMLKVJMY2JUVTNMJISZXMGBGRWKCU,,closest_within_548d_earlier_homepage,"[""https://www.stihl.de/""]",, | rescue_seed=https://www.stihl.de/ source_row=22 type=historical_domain,2026-09-22T21:09:13.357204+00:00
508f1903-71e7-4aab-aba6-000fed4d8b7d,23,23,VAILLANT GROUP,external_ceo_professionalization,2018,Norbert Schiedeck übernimmt CEO-Rolle im Familienunternehmen,,,2018-07-01,year,unverified_proxy: event_year=2018 mid-year,unverified_proxy,post_event,2020,2020-07-01,year,False,selected,wayback,https://www.vaillant-group.com/de/,https://www.vaillant-group.com/de/,https://www.vaillant-group.com/de,20200903022719,2020-09-03,64,high,True,after_event,795,1511,False,False,False,False,unavailable,include,True,False,,https://web.archive.org/web/20200903022719id_/https://www.vaillant-group.com/de/,200,text/html,BD3HM5EL4P45BATL5PFD3LLDRPSWR5DO,,closest_within_548d_later,"[""https://www.vaillant-group.com/de/""]",, | rescue_seed=https://www.vaillant-group.com/de/ source_row=26 type=locale_path,2026-09-10T14:42:29.735080+00:00
508f1903-71e7-4aab-aba6-000fed4d8b7d,23,23,VAILLANT GROUP,external_ceo_professionalization,2018,Norbert Schiedeck übernimmt CEO-Rolle im Familienunternehmen,,,2018-07-01,year,unverified_proxy: event_year=2018 mid-year,unverified_proxy,post_post_event,2022,2022-07-01,year,False,selected,wayback,https://www.vaillant-group.com/de/,https://www.vaillant-group.com/de/,https://www.vaillant-group.com/de,20220701024011,2022-07-01,0,high,True,after_event,1461,666,False,False,False,False,unavailable,include,True,False,,https://web.archive.org/web/20220701024011id_/https://www.vaillant-group.com/de/,200,text/html,BOYUTNG7C6DWJ7V3WEVLMAYIMXJJR4SV,,exact_date_match,"[""https://www.vaillant-group.com/de/""]",, | rescue_seed=https://www.vaillant-group.com/de/ source_row=26 type=locale_path,2026-09-10T14:42:29.735615+00:00
508f1903-71e7-4aab-aba6-000fed4d8b7d,23,23,VAILLANT GROUP,external_ceo_professionalization,2018,Norbert Schiedeck übernimmt CEO-Rolle im Familienunternehmen,,,2018-07-01,year,unverified_proxy: event_year=2018 mid-year,unverified_proxy,pre_event,2016,2016-07-01,year,False,selected,wayback,http://www.vaillant-group.com:80/index.de_de.html,http://www.vaillant-group.com:80/index.de_de.html,http://www.vaillant-group.com/index.de_de.html,20160715150237,2016-07-15,14,high,True,before_event,-716,239,False,False,False,False,unavailable,include,True,False,,https://web.archive.org/web/20160715150237id_/http://www.vaillant-group.com:80/index.de_de.html,200,text/html,LGVFIQTZUV72MNJY4VIYRQMRSLIV42B4,,closest_within_548d_later,"[""http://www.vaillant-group.com/index.de_de.html""]",, | rescue_seed=http://www.vaillant-group.com/index.de_de.html source_row=25 type=other,2026-09-10T14:42:29.730792+00:00
508f1903-71e7-4aab-aba6-000fed4d8b7d,25,25,BIRKENSTOCK GROUP,sale_to_corporate_or_investor,2021,Mehrheitsverkauf an L Catterton / Financière Agache,,,2021-07-01,year,unverified_proxy: event_year=2021 mid-year,unverified_proxy,event,2021,2021-07-01,year,False,selected,wayback,https://www.birkenstock.com/de,https://www.birkenstock.com/de,https://www.birkenstock.com/de,20210702143730,2021-07-02,1,high,True,after_event,1,732,False,False,False,False,unavailable,include,True,False,,https://web.archive.org/web/20210702143730id_/https://www.birkenstock.com/de,200,text/html,GBCLTUMKT5GEZO6JT3LCZIIXP7MIHGFJ,,closest_within_548d_later,"[""https://www.birkenstock.com/de/""]",,Event target uses year-level precision (2021-07-01). Event date source: unverified_proxy: event_year=2021 mid-year | rescue_seed=https://www.birkenstock.com/de/ source_row=29 type=locale_path,2026-09-10T14:42:29.797157+00:00
508f1903-71e7-4aab-aba6-000fed4d8b7d,25,25,BIRKENSTOCK GROUP,sale_to_corporate_or_investor,2021,Mehrheitsverkauf an L Catterton / Financière Agache,,,2021-07-01,year,unverified_proxy: event_year=2021 mid-year,unverified_proxy,post_event,2023,2023-07-01,year,False,selected,wayback,https://www.birkenstock.com/de,https://www.birkenstock.com/de,https://www.birkenstock.com/de,20230701184712,2023-07-01,0,high,True,after_event,730,729,False,False,False,False,unavailable,include,True,False,,https://web.archive.org/web/20230701184712id_/https://www.birkenstock.com/de,200,text/html,JXSLXSLYOEU4WKENATKRT6Z45JIUUUV4,,exact_date_match,"[""https://www.birkenstock.com/de/""]",, | rescue_seed=https://www.birkenstock.com/de/ source_row=29 type=locale_path,2026-09-10T14:42:29.817315+00:00
508f1903-71e7-4aab-aba6-000fed4d8b7d,25,25,BIRKENSTOCK GROUP,sale_to_corporate_or_investor,2021,Mehrheitsverkauf an L Catterton / Financière Agache,,,2021-07-01,year,unverified_proxy: event_year=2021 mid-year,unverified_proxy,post_post_event,2025,2025-07-01,year,False,selected,wayback,https://www.birkenstock.com/de,https://www.birkenstock.com/de,https://www.birkenstock.com/de,20250630135847,2025-06-30,1,high,True,after_event,1460,730,False,False,False,False,unavailable,include,True,False,,https://web.archive.org/web/20250630135847id_/https://www.birkenstock.com/de,200,text/html,BEXLXVOWJC4D7EWFVMWGQITDSMJ2D3B3,,closest_within_548d_earlier,"[""https://www.birkenstock.com/de/""]",, | rescue_seed=https://www.birkenstock.com/de/ source_row=29 type=locale_path,2026-09-10T14:42:29.858871+00:00
508f1903-71e7-4aab-aba6-000fed4d8b7d,25,25,BIRKENSTOCK GROUP,sale_to_corporate_or_investor,2021,Mehrheitsverkauf an L Catterton / Financière Agache,,,2021-07-01,year,unverified_proxy: event_year=2021 mid-year,unverified_proxy,pre_event,2019,2019-07-01,year,False,selected,wayback,https://www.birkenstock.com/de,https://www.birkenstock.com/de,https://www.birkenstock.com/de,20190701141932,2019-07-01,0,high,True,before_event,-731,730,False,False,False,False,unavailable,include,True,False,,https://web.archive.org/web/20190701141932id_/https://www.birkenstock.com/de,200,text/html,OJD4WADA2XEEYQF5ZDQOJBGEZ27YCHJU,,exact_date_match,"[""https://www.birkenstock.com/de/""]",, | rescue_seed=https://www.birkenstock.com/de/ source_row=29 type=locale_path,2026-09-10T14:42:29.776548+00:00
508f1903-71e7-4aab-aba6-000fed4d8b7d,25,25,BIRKENSTOCK GROUP,sale_to_corporate_or_investor,2021,Mehrheitsverkauf an L Catterton / Financière Agache,,,2021-07-01,year,unverified_proxy: event_year=2021 mid-year,unverified_proxy,pre_pre_event,2017,2017-07-01,year,False,selected,wayback,http://www.birkenstock.com/de,http://www.birkenstock.com/de,http://www.birkenstock.com/de,20170701215655,2017-07-01,0,high,True,before_event,-1461,,False,False,False,False,unavailable,include,True,False,,https://web.archive.org/web/20170701215655id_/http://www.birkenstock.com/de,200,text/html,2N7TGAA5XLTVGV3W3KZYTVJHQKXCM4VK,,exact_date_match,"[""https://www.birkenstock.com/de/""]",, | rescue_seed=https://www.birkenstock.com/de/ source_row=29 type=locale_path,2026-09-10T14:42:29.756211+00:00
508f1903-71e7-4aab-aba6-000fed4d8b7d,27,27,DOUGLAS HOLDING / DOUGLAS GROUP,sale_to_corporate_or_investor,2012,Advent International übernimmt Douglas; Kreke-Familie bleibt mit Minderheit beteiligt,,,2012-07-01,year,unverified_proxy: event_year=2012 mid-year,unverified_proxy,event,2012,2012-07-01,year,False,selected,wayback,http://www.douglas-holding.de:80/?,http://www.douglas-holding.de:80/?,http://www.douglas-holding.de/,20120616032758,2012-06-16,15,high,True,before_event,-15,713.0,False,True,False,False,homepage_only,sensitivity_analysis,True,False,,https://web.archive.org/web/20120616032758id_/http://www.douglas-holding.de:80/?,200,text/html,BEMB4XDNCSAHYSKBPVFIGV7H7U4XPEUK,,closest_within_548d_earlier_homepage,"[""http://www.douglas-holding.de/""]",,Event target uses year-level precision (2012-07-01). Event date source: unverified_proxy: event_year=2012 mid-year | rescue_seed=http://www.douglas-holding.de/ source_row=31 type=corporate_root_alias,2026-09-23T10:12:22.680214+00:00
508f1903-71e7-4aab-aba6-000fed4d8b7d,27,27,DOUGLAS HOLDING / DOUGLAS GROUP,sale_to_corporate_or_investor,2012,Advent International übernimmt Douglas; Kreke-Familie bleibt mit Minderheit beteiligt,,,2012-07-01,year,unverified_proxy: event_year=2012 mid-year,unverified_proxy,post_event,2014,2014-07-01,year,False,selected,wayback,http://douglas-holding.de/,http://douglas-holding.de/,http://douglas-holding.de/,20140313054235,2014-03-13,110,moderate,True,after_event,620,635.0,False,True,False,False,homepage_only,include,True,False,,https://web.archive.org/web/20140313054235id_/http://douglas-holding.de/,200,text/html,OVFJD6ECREQH2C2WVN7GDXVIWBLHLUAI,,closest_within_548d_earlier_homepage,"[""http://www.douglas-holding.de/""]",, | rescue_seed=http://www.douglas-holding.de/ source_row=31 type=corporate_root_alias,2026-09-23T10:12:22.681254+00:00
508f1903-71e7-4aab-aba6-000fed4d8b7d,27,27,DOUGLAS HOLDING / DOUGLAS GROUP,sale_to_corporate_or_investor,2012,Advent International übernimmt Douglas; Kreke-Familie bleibt mit Minderheit beteiligt,,,2012-07-01,year,unverified_proxy: event_year=2012 mid-year,unverified_proxy,pre_event,2010,2010-07-01,year,False,selected,wayback,http://www.douglas-holding.de:80/,http://www.douglas-holding.de:80/,http://www.douglas-holding.de/,20100704103411,2010-07-04,3,high,True,before_event,-728,659.0,False,True,False,False,homepage_only,include,True,False,,https://web.archive.org/web/20100704103411id_/http://www.douglas-holding.de:80/,200,text/html,PWVWT7H4G5RY6RMFBIJR34ZKR4XZ4VXT,,closest_within_548d_later_homepage,"[""http://www.douglas-holding.de/""]",, | rescue_seed=http://www.douglas-holding.de/ source_row=31 type=corporate_root_alias,2026-09-23T10:12:22.679159+00:00
