run_id,firm_id,company,relative_timepoint,target_date,selected_capture_date,original_archived_url,wayback_replay_url,document_title,page_category,extracted_text,managing_directors_raw,legal_representatives_raw,legal_entity_raw,parent_company_raw,registered_address_raw,registration_number_raw,vat_id_raw,extraction_confidence,extraction_notes,governance_inclusion_reason,governance_rule_id,governance_evidence_type
508f1903-71e7-4aab-aba6-000fed4d8b7d,2,PETER-LACKE HOLDING GMBH,pre_pre_event,2011-07-01,2011-07-09,http://www.peter-lacke.de/deu/peter-lacke/unternehmen/unternehmensgruppe/unternehmensgruppe.html,https://web.archive.org/web/20110709094353.0id_/http://www.peter-lacke.de/deu/peter-lacke/unternehmen/unternehmensgruppe/unternehmensgruppe.html,"Unternehmensgruppe - 
		PETER-LACKE   Farbe & mehr",corporate_affiliation,"Unternehmen - Unternehmensgruppe Die PETER-LACKE Unternehmensgruppe ist bereits in der 4. Generation inhabergeführt. Die damit verbundenen schnellen Entscheidungsprozesse und die kurzen Wege in der Gesamtorganisation sind für Geschäftsführer Andreas Peter von großer Bedeutung. Farbe bekennen Wir sind uns der Verantwortung gegenüber unseren Partnern, Mitarbeitern und der Gesellschaft bewusst. Gespür für Menschen und Märkte, Sachkenntnis und Wagemut bestimmen unsere Denk- und Handelsweisen. Wir werden die internationale Ausrichtung der Gruppe weiter ausbauen, Standorte sichern und weitere Märkte erschließen. Unternehmensdaten Zentrale in Hiddenhausen, Deutschland Hauptsitz Hiddenhausen, Deutschland Beschäftige 240 Jahresumsatz ca. 40 Mio. EUR Exportquote über 50% Kompetenz und solides Wachstum seit 1906 Firmenchronik 1906 Gründung als Malergeschäft und Möbellackiererei durch Ernst Peter und Sohn Wilhelm 1920 Start der eigenen Produktion als ""Lack- Oelfarben- und Kittfabrik"" 1945 PEHAZELL-NV-Lacke / PEHALUX-Kunstharzlacke 1950 PEHADUR-Einbrennlacke 1960 Umzug nach Hiddenhausen-Schweicheln. PEHAPOL-2K-Lacke. 1978 Andreas Peter wird Geschäftsführer. PEHACRYL-Kunststoff-Lacke. 1980 Lacksysteme für die Automobilindustrie 1990 PEHALUX-UV-Lacke für Holz und Kunststoff, Entwicklungen für Flachglas und Hohlglas 2000 Einsatz von Nanotechnologie bei Wasserlacken 2006 100 Jahre PETER-LACKE Die Geschäftsführer Ernst Peter 1853 - 1929 Wilhelm Peter 1878 - 1948 E. H. Peter Andreas Peter zur Bildergalerie",Andreas Peter von großer Bedeutung,,,,,,,0.25,,included_as_corporate_affiliation,gov.affiliation,affiliation_url_title
508f1903-71e7-4aab-aba6-000fed4d8b7d,2,PETER-LACKE HOLDING GMBH,pre_event,2013-07-01,2013-07-03,http://www.peter-lacke.de/deu/peter-lacke/unternehmen/unternehmensgruppe/unternehmensgruppe.html,https://web.archive.org/web/20130703032151.0id_/http://www.peter-lacke.de/deu/peter-lacke/unternehmen/unternehmensgruppe/unternehmensgruppe.html,"Unternehmensgruppe - 
		PETER-LACKE   Farbe & mehr",corporate_affiliation,"Unternehmen - Unternehmensgruppe Die PETER-LACKE Unternehmensgruppe ist bereits in der 4. Generation inhabergeführt. Die damit verbundenen schnellen Entscheidungsprozesse und die kurzen Wege in der Gesamtorganisation sind für Geschäftsführer Andreas Peter von großer Bedeutung. Farbe bekennen Wir sind uns der Verantwortung gegenüber unseren Partnern, Mitarbeitern und der Gesellschaft bewusst. Gespür für Menschen und Märkte, Sachkenntnis und Wagemut bestimmen unsere Denk- und Handelsweisen. Wir werden die internationale Ausrichtung der Gruppe weiter ausbauen, Standorte sichern und weitere Märkte erschließen. Unternehmensdaten Zentrale in Hiddenhausen, Deutschland Hauptsitz Hiddenhausen, Deutschland Beschäftige 245 Jahresumsatz ca. 40 Mio. EUR Exportquote über 50% Kompetenz und solides Wachstum seit 1906 Firmenchronik 1906 Gründung als Malergeschäft und Möbellackiererei durch Ernst Peter und Sohn Wilhelm 1920 Start der eigenen Produktion als ""Lack- Oelfarben- und Kittfabrik"" 1945 PEHAZELL-NV-Lacke / PEHALUX-Kunstharzlacke 1950 PEHADUR-Einbrennlacke 1960 Umzug nach Hiddenhausen-Schweicheln. PEHAPOL-2K-Lacke. 1978 Andreas Peter wird Geschäftsführer. PEHACRYL-Kunststoff-Lacke. 1980 Lacksysteme für die Automobilindustrie 1990 PEHALUX-UV-Lacke für Holz und Kunststoff, Entwicklungen für Flachglas und Hohlglas 2000 Einsatz von Nanotechnologie bei Wasserlacken 2006 100 Jahre PETER-LACKE Die Geschäftsführer Ernst Peter 1853 - 1929 Wilhelm Peter 1878 - 1948 E. H. Peter Andreas Peter zur Bildergalerie",Andreas Peter von großer Bedeutung,,,,,,,0.25,,included_as_corporate_affiliation,gov.affiliation,affiliation_url_title
508f1903-71e7-4aab-aba6-000fed4d8b7d,3,ANLAGENTECHNIK LEICHTLE GMBH,pre_pre_event,2019-07-01,2019-07-23,https://www.anlagentechnik-leichtle.de/über-uns/impressum,https://web.archive.org/web/20190723051243.0id_/https://www.anlagentechnik-leichtle.de/%C3%BCber-uns/impressum,Anlagentechnik Leichtle - Impressum,impressum,"Verantwortlich: Arthur Leichtle Schloßstr. 16 86441 Zusmarshausen Kontakt Telefon: 082911359 Telefax: 08291 859044 Mobil: 0177 2341359 E-Mail: mail@anlagentechnik-leichtle.de Handwerksmeister: Arthur Leichtle Zuständige Kammer: Handwerkskammer für Schwaben (86152 Augsburg Schmiedberg 4 Berufsbezeichnung: GWL - Gas Wasser Lüftung Berufsrechtliche Regelung: Handwerksordnung (Zu finden im Bundesgesetzblatt I, Seite 3074 in der Fassung vom 24.September 1998) Umsatzsteuer-Identifikationsnummer: gemäß §27a Umsatzsteuergesetz -DE 255444610 Haftungshinweis: Trotz sorgfältiger inhaltlicher Kontrolle übernehmen wir keine Haftung für die Inhalte externer Links. Für den Inhalt der verlinkten Seiten sind ausschließlich deren Betreiber verantwortlich.",,,,,Arthur Leichtle Schloßstr. 16 86441 Zusmarshausen Kontakt Telefon,,-Identifikationsnummer,0.5,,included_as_impressum,gov.impressum_path,impressum_url_title
508f1903-71e7-4aab-aba6-000fed4d8b7d,3,ANLAGENTECHNIK LEICHTLE GMBH,pre_event,2021-07-01,2021-06-23,https://www.anlagentechnik-leichtle.de/über-uns/impressum,https://web.archive.org/web/20210623054251.0id_/https://www.anlagentechnik-leichtle.de/%C3%BCber-uns/impressum,Anlagentechnik Leichtle - Impressum,impressum,"Verantwortlich: Arthur Leichtle Schloßstr. 16 86441 Zusmarshausen Kontakt Telefon: 082911359 Telefax: 08291 859044 Mobil: 0177 2341359 E-Mail: mail@anlagentechnik-leichtle.de Handwerksmeister: Arthur Leichtle Zuständige Kammer: Handwerkskammer für Schwaben (86152 Augsburg Schmiedberg 4 Berufsbezeichnung: GWL - Gas Wasser Lüftung Berufsrechtliche Regelung: Handwerksordnung (Zu finden im Bundesgesetzblatt I, Seite 3074 in der Fassung vom 24.September 1998) Umsatzsteuer-Identifikationsnummer: gemäß §27a Umsatzsteuergesetz -DE 255444610 Haftungshinweis: Trotz sorgfältiger inhaltlicher Kontrolle übernehmen wir keine Haftung für die Inhalte externer Links. Für den Inhalt der verlinkten Seiten sind ausschließlich deren Betreiber verantwortlich.",,,,,Arthur Leichtle Schloßstr. 16 86441 Zusmarshausen Kontakt Telefon,,-Identifikationsnummer,0.5,,included_as_impressum,gov.impressum_path,impressum_url_title
508f1903-71e7-4aab-aba6-000fed4d8b7d,3,ANLAGENTECHNIK LEICHTLE GMBH,event,2023-07-01,2023-05-29,https://www.anlagentechnik-leichtle.de/über-uns/impressum,https://web.archive.org/web/20230529054753.0id_/https://www.anlagentechnik-leichtle.de/%C3%BCber-uns/impressum,AnlagenTechnik Leichtle GmbH - Impressum,impressum,"Geschäftsführer: Arthur Leichtle und Michael Scherer Im Oberdorf 1 86441 Zusmarshausen OT Gabelbach Kontakt Telefon: 08291 1359 E-Mail: mail@anlagentechnik-leichtle.de Handwerksmeister: Arthur Leichtle Michael Scherer Zuständige Kammer: Handwerkskammer für Schwaben (86152 Augsburg, Schmiedberg 4) Berufsbezeichnung: GWL - Gas Wasser Lüftung Berufsrechtliche Regelung: Handwerksordnung (Zu finden im Bundesgesetzblatt I, Seite 3074 in der Fassung vom 24.September 1998) Umsatzsteuer-Identifikationsnummer: gemäß §27a Umsatzsteuergesetz -DE 255444610 Haftungshinweis: Trotz sorgfältiger inhaltlicher Kontrolle übernehmen wir keine Haftung für die Inhalte externer Links. Für den Inhalt der verlinkten Seiten sind ausschließlich deren Betreiber verantwortlich.",Arthur Leichtle und Michael Scherer Im Oberdorf 1 86441 Zusmarshausen OT Gabelbach Kontakt Telefon: 08291 1359 E-Mail: m,,,,Arthur Leichtle und Michael Scherer Im Oberdorf 1 86441 Zusmarshausen OT Gabelbach Kontakt Telefon,,-Identifikationsnummer,0.75,,included_as_impressum,gov.impressum_path,impressum_url_title
508f1903-71e7-4aab-aba6-000fed4d8b7d,3,ANLAGENTECHNIK LEICHTLE GMBH,post_event,2025-07-01,2025-06-15,https://www.anlagentechnik-leichtle.de/über-uns/impressum,https://web.archive.org/web/20250615044832.0id_/https://www.anlagentechnik-leichtle.de/%C3%BCber-uns/impressum,"AnlagenTechnik Leichtle GmbH - Im Oberdorf 1 86441 Zusmarshausen  Tel,  08291 1359 - Impressum",impressum,"Geschäftsführer: Arthur Leichtle und Michael Scherer Im Oberdorf 1 86441 Zusmarshausen OT Gabelbach Kontakt Telefon: 08291 1359 E-Mail: mail@anlagentechnik-leichtle.de Handwerksmeister: Arthur Leichtle Michael Scherer Zuständige Kammer: Handwerkskammer für Schwaben (86152 Augsburg, Schmiedberg 4) Berufsbezeichnung: GWL - Gas Wasser Lüftung Berufsrechtliche Regelung: Handwerksordnung (Zu finden im Bundesgesetzblatt I, Seite 3074 in der Fassung vom 24.September 1998) Umsatzsteuer-Identifikationsnummer: gemäß §27a Umsatzsteuergesetz -DE 255444610 Haftungshinweis: Trotz sorgfältiger inhaltlicher Kontrolle übernehmen wir keine Haftung für die Inhalte externer Links. Für den Inhalt der verlinkten Seiten sind ausschließlich deren Betreiber verantwortlich.",Arthur Leichtle und Michael Scherer Im Oberdorf 1 86441 Zusmarshausen OT Gabelbach Kontakt Telefon: 08291 1359 E-Mail: m,,,,Arthur Leichtle und Michael Scherer Im Oberdorf 1 86441 Zusmarshausen OT Gabelbach Kontakt Telefon,,-Identifikationsnummer,0.75,,included_as_impressum,gov.impressum_path,impressum_url_title
508f1903-71e7-4aab-aba6-000fed4d8b7d,7,SIXT SE,post_post_event,2025-07-01,2025-07-02,https://about.sixt.com/,https://web.archive.org/web/20250702180013.0id_/https://about.sixt.com/,Startseite,management_legal_representatives,"Wir verändern die Art und Weise, wie sich die Welt bewegt. Unsere Strategie Strategie & Produkte Wir schaffen Erlebnisse, die unsere Kundinnen und Kunden begeistern, indem wir ihre Erwartungen übertreffen und Mobilität bequemer, nachhaltiger und aufregender machen. EXPECT BETTER ist unser Antrieb. Unsere Produkte News SIXT rent 2025-06-16 Siemens AG setzt bei Geschäftsreisen auf das internationale Mobilitätsangebot von SIXT Mehr erfahren Finanzen 2025-05-13 SIXT startet 2025 mit Rekordumsatz und deutlicher Ergebnisverbesserung; Jahresprognose bestätigt Knappe Flotte sowie starkes Wachstum in Europa und den USA bilden Grundlage der deutlichen Ergebnisverbesserung und Bestätigung des Ausblicks 2025 mit signifikant höherer Jahresprofitabilität Regine Sixt Kinderhilfe Stiftung 2025-04-15 Regine Sixt Kinderhilfe Stiftung TRÄNCHEN TROCKNEN: Osterüberraschungen für Kinder weltweit, unterstützt durch die Simba Dickie Group + 43.5 %P Internationaler Anteil am Umsatz Internationaler Anteil am Umsatz steigt von 28% auf 71,5% 2009 28% 2024 71,5% 300 % Umsatzsteigerung Umsatzsteigerung von 1 Mrd. € auf 4 Mrd. € 1,0 Mrd. € 4,00 Mrd. € 36 fach Gewinn Gewinn steigt von 9,4 Mio. € auf 335,2 Mio. € 9,4 Mio. € 335,2 Mio. € 195 Flottenwachstum Flotte wächst von 121 Tsd. Fahrzeuge auf 357.100 Tsd. Fahrzeuge 121 Tsd. 357,1 Tsd. Die verwendeten Vergleichsdaten beziehen sich jeweils auf fortgeführte Geschäftsbereiche. Der Geschäftsbereich Leasing wurde im Juli 2020 veräußert. Flottenzahlen inkl. Franchise. Investor Relations UNSERE VERANTWORTUNG Ganzheitlich nachhaltig Culture & New Work Seit jeher machen wir Mobilität für unsere Kundinnen und Kunden so einfach und flexibel wie möglich. Auch ohne eigenes Auto. Mit unserem Nachhaltigkeitsprogramm setzen wir auf die langfristige Elektrifizierung unserer Flotte, investieren in Ladeinfrastruktur und den weiteren Ausbau unserer SIXT App zum Dreh- und Angelpunkt für klimafreundliche Mobilitätangebote. Außerdem machten wir den Betrieb an unseren Stationen und Standorten bereits bis Ende 2023 CO2-neutral. Eigenständig. Unternehmerisch. Absolut kundenorientiert. SIXT steht für eine Kultur mit starken Unternehmenswerten. Wir setzen auf erstklassige Führung und innovative Arbeitsformen. Und auf unser einzigartiges „Team Orange“, das unsere Kundinnen und Kunden weltweit jeden Tag aufs Neue begeistert. Als offizielles Corporate Social Responsibility (CSR) Programm der Sixt SE und integraler Bestandteil der SIXT Unternehmenskultur, unterstützt die Regine Sixt Kinderhilfe Stiftung TRÄNCHEN TROCKNEN weltweit Kinderhilfsprojekte in den vier Bereichen Bildung, Gesundheit, Fürsorge und Nothilfe. In Zusammenarbeit mit den SIXT Corporate- und Franchise-Ländern konnte die Stiftung bereits über 400 Projekte in mehr als 65 Ländern weltweit unterstützen. Sixt weltweit Unsere Standorte Verwaltungs- und Technologiezentren Mehr anzeigen SIXT HQ München Sixt Tech Pullach, Deutschland Zugspitzstraße 1 Google Maps 089 / 7 44 44 - 0 SIXT Berlin Berlin, Deutschland Huttenstraße 50 SIXT Rostock Rostock, Deutschland Trelleborger Straße 9 SIXT USA Fort Lauderdale, Vereinigte Staaten 1501 NW 49th Street, Suite 100 SIXT Großbritannien Langley, Vereinigtes Königreich Langley Quay Waterside Drive 5 SIXT Indien Karnataka, Indien Building 9, 6th Floor, Cessna Business Parl, Bellandur, Bengaluru SIXT Ukraine Kiev, Ukraine Turgenevska Str. 46/11 SIXT Italien Segrate MI, Italien Via Rivoltana, 2/D SIXT Frankreich Paris, Frankreich Avenue de Saxe 42 SIXT Spanien Palma de Mallorca, Spanien C/del Canal de Sant Jordi, 29 Local 2 Pol. Son Oms SIXT Schweiz Basel, Schweiz Müllheimer-Straße 195 SIXT Belgien Machelen, Belgien Kouterveldstraat 6 SIXT Niederlande Hoofddorp, Niederlande Kruisweg 791 SIXT Österreich Wien, Österreich Liesinger-Flur-Gasse 17 SIXT Portugal Lissabon, Portugal Headquarter Pullach Stationen Unser Management Vorstand & Executive Leadership Team Alexander Sixt Co-CEO, Vorstand Nationalität deutsch Bestellt bis: März 2027 Erstmals bestellt Februar 2015 Co-Vorstandsvorsitzender Seit Juni 2021 Alexander Sixt, Jahrgang 1979, ist seit Juni 2021 gemeinsam mit seinem Bruder Konstantin Sixt Co-Vorstandsvorsitzender der Sixt SE. Alexander Sixt trat im Jahr 2009 in die SIXT-Gruppe ein und war bis 2010 zuständig für die Konzeption und Umsetzung des Effizienzprogramms der Allane SE (vormals Sixt Leasing SE). Anschließend übernahm er die Leitung der Konzernstrategie sowie die Verantwortung für Mobilitätsangebote wie bspw. DriveNow und später dann auch für den Konzerneinkauf. Im Februar 2015 wurde Alexander Sixt in den Vorstand berufen und übernahm die Verantwortung für den globalen SIXT TECH Bereich, die Konzernstrategie/M&A, das globale Personalwesen, den Konzerneinkauf sowie die Leitung der globalen Shared Services- und Verwaltungsfunktionen. Zum 17. Juni 2021 wurden Alexander Sixt und sein Bruder Konstantin Sixt vom Aufsichtsrat der Sixt SE zu Co-Vorstandsvorsitzenden bestellt und sind seither gemeinsam federführend für die Gesamtleitung und die Geschäftspolitik des Unternehmens so wie deren Koordinierung verantwortlich . Neben den Co-CEO Aufgaben ist Alexander Sixt derzeit für di e K onzernstrategie, das globale Personalwesen, IT (Soft- und Hardware) sowie für Global Business Services zuständig. Vor seinem Wechsel zu SIXT war Alexander Sixt im Kompetenzzentrum Corporate Performance and Restructuring von Roland Berger Strategy Consultants tätig. Er studierte in Paris, London und Berlin an der Ecole Superieure de Commerce de Paris (ESCP) und schloss sein Studium mit einem Diplome de Grande Ecole und einem Master of Science (M.Sc.) sowie als Diplom-Kaufmann mit Schwerpunkten Accounting und Corporate Finance ab. Konstantin Sixt Konstantin Sixt, Jahrgang 1982, ist seit Juni 2021 gemeinsam mit seinem Bruder Alexander Sixt Co-Vorstandsvorsitzender der Sixt SE. Konstantin Sixt trat im Jahr 2005 in die Sixt SE ein und verantwortete das gesamte Online-Geschäft des Unternehmens. Ab 2013 leitete er den Deutschland-Vertrieb der SIXT Autovermietung. Im Februar 2015 wurde Konstantin Sixt in den Vorstand des Unternehmens berufen und übernahm die Verantwortung für den nationalen und internationalen Vertrieb sowie das globale E-Commerce-Geschäft des Konzerns. Seit dem Jahr 2020 verantwortete er zusätzlich den Bereich Revenue Management. Zum 17. Juni 2021 wurden Konstantin Sixt und sein Bruder Alexander Sixt vom Aufsichtsrat der Sixt SE zu Co-Vorstandsvorsitzenden bestellt und sind seither gemeinsam federführend für die Gesamtleitung und die Geschäftspolitik des Unternehmens sowie deren Koordinierung verantwortlich Neben den Co-CEO-Aufgaben ist Konstantin Sixt derzeit verantwortlich für Marketing, International Franchise Development sowie für das Revenue Management. Konstantin Sixt studierte in Genf, Paris und London und hält einen MSc in Int. Accounting and Finance der Bayes Business School (ehem. Cass). Nico Gabriel Chief Operating Officer (COO), Vorstand Februar 2027 Januar 2021 Nico Gabriel, Jahrgang 1977, ist seit Januar 2021 Vorstand Operations/Chief Operating Officer (COO) der Sixt SE. Nico Gabriel studierte in Berlin und Brisbane/Australien mit den Schwerpunkten Internationales Management und Innovationsmanagement und machte seinen Abschluss als Diplom-Kaufmann (FH). 2004 startete Gabriel als Trainee bei SIXT und begleitete das SIXT-Kerngeschäft der Autovermietung mit dem Filialnetzwerk als Operations und Business Development Manager für Skandinavien, den Mittleren Osten und Australien von Grund auf. Als langjähriger Geschäftsführer von DriveNow (2011 bis 2018) prägte Gabriel wesentlich das free-floating Carsharing-Geschäft und baute dies im Joint Venture mit BMW zu einem der größten und profitablen Carsharing-Anbieter in Europa auf. Zudem verantwortete er den Aufbau der Elektroflotte von SIXT. Ab 2018 fungierte Nico Gabriel als Bereichsvorstand für den Mobility Operations-Bereich, in dem bei SIXT alle Digitalisierungsinitiativen, das Carsharing-Angebot SIXT share sowie die Mobilitätsplattform ONE gebündelt sind. Als Vorstand Operations (seit 2021) verantwortet Nico Gabriel die Bereiche Operations , international Reservierung und Kundenservice, Network and Sales & Service Excellence , Performance Europe, Security & Fraud Management, Globales Flottenmanagement, Corporate Development, Truck, SIXT-Share , Mobility TECH and Processes , E-Mobility, Mobility Projects, Gebrauchtwagenhandel sowie International Franchise Vinzenz Pflanz Chief Business Officer (CBO), Vorstand September 2025 Oktober 2022 Vinzenz Pflanz, Jahrgang 1972, ist seit Oktober 2022 Chief Business Officer (CBO) der Sixt SE. Vinzenz Pflanz startete 2016 als Chief Sales Officer der SIXT Leasing. Im Jahr 2017 übernahm er als President Corporate Sales der Sixt SE die Verantwortung für den Bereich Sales & Products über alle Vertriebskanäle und Tochtergesellschaften weltweit. Von 2010 bis 2016 war Vinzenz Pflanz als Chief Commercial Officer bei Fleet Logistics, einem der führenden Flottendienstleister in Europa, tätig. Er verantwortete dort neben der Internationalisierung des Konzerns den Bestands- und Neukundenvertrieb im Bereich Flottenmanagement sowie die Geschäftsbereiche IT und Recht. Zuvor war er von 2008 bis 2010 Leiter Vertriebsinnendienst, Außendienst und Remarketing bei der Hannover Leasing Automotive GmbH und von 1997 bis 2007 Director International Business & Remarketing bei der ASL Auto Service Leasing GmbH. Vinzenz Pflanz studierte in Regensburg und schloss sein Studium als Diplom-Kaufmann ab. Als CBO ist Vinzenz Pflanz für den globalen Vertrieb verantwortlich. Franz Weinberger Chief Financial Officer (CFO), Vorstand deutsch/schweiz Mai 2027 Juni 2024 Dr. Franz Weinberger, Jahrgang 1982, ist seit Juni 2024 Vorstand Finanzen/Chief Financial Officer (CFO) der Sixt SE. Dr. Franz Weinberger studierte an der LMU München Rechtswissenschaften und schloss dieses im Jahr 2008 ab. Im Jahre 2010 folgte die Promotion. 2009 startete Herr Dr. Franz Weinberger seine berufliche Laufbahn bei der internationalen Anwaltskanzlei Taylor Wessing mit den Schwerpunkten Gesellschafts-und Kapitalmarktrecht und beriet zahlreiche M&A sowie Finanzierungstransaktionen. Ende 2013 wechselte Herr Dr. Franz Weinberger zu Sixt und verantwortete bereits viele für den Konzern wichtige Projekte. Während seiner Zugehörigkeit zur Rechtsabteilung der Sixt SE begleitete er neben der Hauptversammlung und den Finanzierungen an führender Position den IPO der Sixt Leasing SE, den Verkauf der DriveNow-Beteiligung an die BMW Group sowie den Verkauf der Beteiligung an der Sixt Leasing SE an ein Joint Venture zwischen Santander und Hyundai. Während der Corona-Pandemie leitete Franz Weinberger die Finanzierungsgespräche mit Banken und Investoren und übernahm die Position des Head of Corporate Finance. Dort entwickelte er die Finanzierungsstrategie der Sixt Gruppe maßgeblich fort und verantwortete unter anderem den Ratingprozess mit S&P. Als Vorstand Finanzen (seit Juni 2024) verantwortet Dr. Franz Weinberger bei SIXT die Ressorts Corporate Finance, Rechnungswesen, Controlling & Finance Products Recht, Steuern, Interne Revision, Risikomanagement/ Compliance, Financial Projects / M&A, PR / Kommunikation, Investor Relations und ESG. Boyan Dimitrov Chief Technology Officer (CTO) Bulgarisch Boyan Dimitrov ist Chief Technology Officer von SIXT und in dieser Rolle verantwortlich für Vision und Strategie des Tech-Bereiches des Unternehmens. Zu seinem Verantwortungsbereich gehören die SIXT Entwicklungsstandorte in München, Bangalore, Kiew und Lissabon. Bevor er 2015 zu SIXT kam, war Boyan Dimitrov lange in den Startup-Ökosystemen in Großbritannien und Bulgarien tätig. In seiner letzten Position leitete er die Plattformteams bei Hailo in London, wo er eine globale Microservices-Plattform für den Mobilitätsbereich entwickelt hat. Boyan Dimitrov verfügt über mehr als 15 Jahre Erfahrung mit Cloud- und Distributed-Systems und ist ein gefragter Redner auf Technologiekonferenzen weltweit. Er hat einen Bachelor-Abschluss in Netzwerktechnologien und einen M.Sc.-Abschluss in IT-Projektmanagement von der Aston University in Birmingham. „SIXT hat es sich zur Aufgabe gemacht, ein erstklassiges Kunden- und Serviceerlebnis zu bieten und die Art und Weise zu verändern, wie Menschen auf der ganzen Welt Mobilität erleben. Unsere leidenschaftlichen Ingenieurteams arbeiten unermüdlich an der Entwicklung der Spitzentechnologie, die jeden Aspekt dieses Erlebnisses untermauert.” Jean-Philippe Doyen Präsident Europa Französisch Jean-Philippe Doyen ist Präsident von SIXT Europa und verantwortlich für das Wachstum in dieser Region. Bevor er 2009 zu SIXT kam, arbeitete Jean-Philippe Doyen bei der Veolia Transport Group, dem damals führenden privaten europäischen Personenbeförderungsunternehmen, wo er mehrere Profit-Center leitete. Davor verantwortete er die internationale Entwicklung des französischen Hightech-KMU Integral Media, wo er zunächst die Exportaktivitäten in den deutschsprachigen Märkten initiierte und anschließend eine Tochtergesellschaft in den USA gründete und leitete. Doyen studierte Ingenieurwesen an der Ecole Nationale des Ponts et Chaussées in Paris und an der Technischen Universität in München. „Für mich bedeutet SIXT, dass wir uns ständig neu erfinden, um einen Schritt voraus zu sein. SIXT verbindet die Stärke eines traditionellen Unternehmens mit der Mentalität eines schnell wachsenden Start-ups, angetrieben von einer starken unternehmerischen Kultur, einem ausgeprägten Kundenfokus und einem großartigen Arbeitsumfeld.“ Nils Hüske Chief Commercial Officer (CCO) Deutsch Dr. Nils K. Hüske ist Chief Commercial Officer der Sixt SE. Er ist verantwortlich für alle flottenbezogenen Themen, von Einkauf und strategischem Flottenmanagement bis hin zum Remarketing sowie für die Unternehmensstrategie. Dr. Hüske trat 2022 als Senior Vice President Strategy und Chief of Staff bei SIXT ein. Dr. Hüske ist promovierter Teilchenphysiker und breite Erfahrung in der Arbeit mit neuronalen Netzen und anderen Machine Learning-Techniken. Er startete seine Karriere in der Automobilindustrie bei der globalen Strategieberatung Roland Berger im Automotive Kompetenzzentrum mit dem Schwerpunkt auf OEMs und Tier-1-Zulieferern. Er setzte seine Karriere bei der Volkswagen Group fort, wo er verschiedene Führungspositionen innehatte. Initial war er als Senior Manager in der internen Top-Managementberatung Volkswagen Consulting tätig. Bevor er zu SIXT kam, war er als Leiter der Abteilung Digital-Strategie, Mobilitätsdienstleistungen und User Experience für die Marke Volkswagen tätig. Insgesamt hat er mehr als 15 Jahre Erfahrung in der Automobilindustrie. „Unser Ziel bei SIXT ist es, unseren Kunden ein außergewöhnliches Reiseerlebnis zu bieten, das für immer in Erinnerung bleibt. Unsere Flotte ist eine Reflexion unserer Verpflichtung zu Innovationen und erstklassigen Mobilitätslösungen. Mein Team und ich kämpfen dafür, immer die aufregenden Premium-Automobile in unserer Flotte zu haben, die unsere Kunden wieder und wieder von SIXT überzeugen. Unsere Hingabe zu herausragendem Kundenservice, verbunden mit unserem Fokus auf modernste Technologie, führt dazu, dass SIXT die Spitzenposition als Premium-Mobilitätsdienstleister innehat.“ Thomas C. Kennedy Präsident Nordamerika Amerikanisch Thomas C. Kennedy ist Präsident von SIXT Nordamerika. Er ist dafür verantwortlich, die Premium- und Digitalisierungsstrategie von SIXT in den USA voranzutreiben. Bevor er zu SIXT USA kam, war Herr Kennedy von 2013 bis 2018 Senior Executive Vice President und Chief Financial Officer von Hertz Global Holdings, von 2008 bis 2013 Executive Vice President und Chief Financial Officer von Hilton Worldwide Holdings sowie von 2003 bis 2007 Executive Vice President und CFO bei Vanguard Car Rental. Herr Kennedy schloss 1992 sein Studium an der Harvard University mit einem Master of Business Administration ab. „SIXT ist ein führender globaler Mobilitätsanbieter, der innovativ, technologieorientiert und finanziell gut aufgestellt ist und vor allem unermüdlich daran arbeitet, seinen Kunden ein hervorragendes Erlebnis zu bieten. Ich freue mich sehr, Teil des Team Orange zu sein.“ Friederike-Katharina Reichenberger Chief Human Resources Officer (CHRO) Friederike-Katharina Reichenberger ist Chief Human Resources Officer bei SIXT. Sie ist verantwortlich für das Recruiting und die Entwicklung von Talenten bei SIXT. Dafür stellen sie und ihr Team exzellente Personaldienstleistungen, Programme und digitale Tools bereit. Bevor sie 2013 zu SIXT wechselte, war Friederike Reichenberger stellvertretende Leiterin der Personalabteilung bei Conrad Electronics. Nach ihrem Bachelor of Arts in Hotelmanagement startete sie 2005 ihre Karriere im Bereich Human Resources/People Management bei E. Breuninger GmbH & Co. und absolvierte gleichzeitig ihren MBA in Human Resources Management an der Fachhochschule Ludwigshafen. „SIXT ist ein attraktiver Arbeitgeber, der es allen Mitarbeitern ermöglicht, leidenschaftliche und engagierte Leistungsträger zu sein, die sich in ihrem Arbeitsumfeld wohlfühlen.“ Meilensteine Historischer Aktienschlusskurs *zwischen 1986 und 1990 liegen keine Werte vor. Der Beginn einer bewegenden Geschichte 1912 Martin Sixt gründet 1912 mit drei Fahrzeugen die Firma ""Martin Sixt Autofahrten"" und legt damit den Grundstein für die Erfolgsgeschichte des Unternehmens. 1917 kauft sich Martin Sixt eine Station in der Münchner Seitzstraße 11, in der sich noch heute eine der meistbesuchten SIXT Filialen findet. Die Geburtsstunde von „Auto SIXT“ 1951 1927 übernimmt Hans Sixt das Unternehmen, Martin Sixts Neffe. Nach Innovationen wie den ersten Funktaxis Europas gründet Hans Sixt die Autovermietung „Auto SIXT“. Schon wenige Jahre später eröffnen die ersten Flughafen-Filialen in Frankfurt am Main und München und SIXT startet als erstes deutsches Unternehmen 1967 mit einem Full-Service Leasingprogramm für Fahrzeuge. Zuwachs im Familienunternehmen 1969 Erich Sixt führt das Familienunternehmen in dritter Generation. Zusammen mit seiner Frau Regine Sixt baut er das Unternehmen kontinuierlich und signifikant aus und startet die Präsenz an allen deutschen Flughäfen. SIXT geht an die Börse 1986 Erich Sixt trifft eine der bedeutendsten Entscheidungen der SIXT-Firmengeschichte: Er geht mit seinem Unternehmen an die Börse und eröffnet SIXT so neue Wachstumschancen. Im Jahr 2013 erfolgt die Umwandlung der Sixt AG in die Rechtsform einer Europäischen Gesellschaft, die heutige Sixt SE. SIXT internationalisiert 1991 Nachdem die Autovermietung SIXT ein Jahr zuvor bereits in die Schweiz expandierte, startet Regine Sixt die internationale Expansion mit Lizenznehmern und baut die Präsenz des Unternehmens zügig aus. Zu Beginn der 90er Jahre erreicht SIXT die Marktführerschaft in Deutschland. Regine Sixt Kinderhilfe 2000 Regine Sixt gründet im Jahr 2000 den Regine Sixt Kinderhilfe e.V. in Pullach, Deutschland, und wandelt diesen im Jahr 2011 in eine gemeinnützige Stiftung bürgerlichen Rechts um. Unter dem Motto TRÄNCHEN TROCKNEN unterstützt sie weltweit Projekte für Kinder in Not. Heute ist die Regine Sixt Kinderhilfe Stiftung das offizielle Corporate Social Responsibility (CSR) Programm der Sixt SE. Vierte Generation Im Jahr 2009 übernimmt Alexander Sixt die Leitung der Konzernentwicklung, Konstantin Sixt verantwortet das gesamte Internetgeschäft, das für SIXT von zentraler Bedeutung ist. Bereits ein Jahr zuvor war es bei SIXT, als erster Autovermietung weltweit, möglich per iPhone zu buchen. SIXT expandiert in die USA und gründet im selben Jahr in Deutschland DriveNow 2011 Erichs Sixt lang gehegter Traum wird wahr: SIXT startet seine Expansion in den USA und eröffnet in Florida die ersten SIXT-Stationen. Heute ist SIXT mit einer eigenen Landesgesellschaft im größten Vermietmarkt der Welt (Volumen von mehr als 30 Mrd. USD) vertreten. Im selben Jahr startet das Unternehmen gemeinsam mit BMW das Joint-Venture DriveNow, ein Premium-Carsharing-Angebot in Deutschland. Dieses innovative Mobilitätskonzept verbindet höchste Qualität bei Fahrzeugen und Service mit einer einfachen und flexiblen Nutzung. 100 Jahre – Herzlichen Glückwunsch SIXT 2012 SIXT feiert 100-jähriges Bestehen und setzt weiter auf Internationalisierung. Bitte einsteigen! 2013 Mit myDriver erweitert SIXT sein Mobilitätsangebot um einen professionellen Fahrservice für Privat- und Geschäftskunden zu kostengünstigen und transparenten Festpreisen. Im Laufe seines Bestehens konzentriert sich myDriver vor allem auf Flughafentransfers. Die Fahrzeugflotte besteht aus hochwertig ausgestatteten Limousinen namhafter Marken. Seit dem Launch der digitalen Mobilitätsplattform ONE im Jahr 2019 gehört myDriver zum Produktbereich SIXT ride. Börsengang der SIXT Leasing 2015 Mit dem Börsengang der SIXT Leasing AG stellt SIXT das Leasinggeschäft finanziell auf eigene Füße und wird zudem die erste börsennotierte Autoleasinggesellschaft in Deutschland. Im selben Jahr werden die Söhne von Erich und Regine Sixt, Alexander und Konstantin, in den Vorstand der Sixt SE berufen. Benvenuto SIXT Italia 2017 SIXT gründet mit SIXT Italia eine eigene Landesgesellschaft, die das bisherige Franchisegeschäft ablöst. Der Start ist vielversprechend. Bereits in den ersten Monaten werden zwölf Stationen an den größten Flughäfen Norditaliens eröffnet, darunter in Mailand, Rom, Florenz und Venedig. Zahlreiche weitere Eröffnungen in Mittel- und Süditalien folgen. Eine Erfolgsstory in der Mobilität 2018 SIXT veräußert seine Beteiligung an dem Gemeinschaftsunternehmen DriveNow an die BMW Group. Mit einer Bewertung von 420 Mio. Euro gehört DriveNow zu einem der 10 größten Exits der jüngeren deutschen Internetgeschichte. Die Veräußerung seiner Unternehmensanteile ermöglicht es SIXT, nun unabhängig die Position als führender Mobilitätsanbieter durch die Integration aller Mobilitätsangebote unter einem Dach konsequent auszubauen. SIXT wird zum integrierten Mobilitätsdienstleister 2019 Im Februar 2019 launcht SIXT seine Mobilitätsplattform ONE samt der neuen SIXT App. Durch die Integration der Produkte SIXT rent (Autovermietung), SIXT share (Carsharing) und SIXT ride (Taxi-, Transfer und Chauffeurservices) in nur einer App haben Kunden Zugriff auf flexible Mobilitäsdienstleistungen und -services. Seit Mitte 2020 offeriert SIXT zudem Auto Abos über die neue Produktkategorie SIXT+, außerdem diverse Partner-Produkte im Bereich Mikromobilität. Alle Angebote können über die SIXT App gebucht und bezahlt werden. Internationalisierung voraus: Trotz Corona geht SIXT in die Offensive 2020 SIXT spielt in der globalen Krise seine Stärken aus und nutzt seine finanziellen und strategischen Vorteile: Im Sommer expandiert das Unternehmen mit seinem Carsharing-Dienst SIXT share mit einer 100%igen Elektroflotte in die Niederlande, erweitert mit dem flexiblen Auto Abo SIXT+ das Angebot seiner Mobilitätsplattform SIXT ONE und erwirbt in den USA 10 strategisch wichtige Airportstationen. Damit legt SIXT den Grundstein für eine massive Expansion in Nordamerika. Wechsel an der Unternehmensspitze: Alexander und Konstantin Sixt werden Co-CEOs 2021 Nach mehr als 50 Jahren an der Unternehmensspitze legt der langjährige CEO Erich Sixt Mitte Juni sein Vorstandsmandat nieder und übernimmt den Aufsichtsratsvorsitz der Sixt SE. Seine Söhne Alexander und Konstantin werden vom Aufsichtsrat zu den neuen Co-CEOs der Sixt SE bestellt. Damit setzt das Unternehmen auf strategische Kontinuität, internationales Wachstum und Digitalisierung. Diese wollen beide Brüder auch künftig mit voller Kraft vorantreiben. Das zeigt sich bereits im Spätsommer: Auf der IAA Mobility geben Intel CEO Pat Gelsinger und Alexander Sixt bekannt, dass sie ab 2022 als erste Anbieter überhaupt autonome Ride-Hailing-Dienste in einer Pilotphase in München anbieten werden. Die autonome Robotaxi-Option der Intel-Tochter Mobileye wird Teil des Ride-Hailing-Dienstes SIXT ride sein. SIXT besiegelt in Australien eine der größten Franchise-Kooperationen der Firmengeschichte Mit dem Abschluss einer der bislang größten Franchise-Kooperationen der Firmengeschichte startet SIXT Anfang Dezember seine Partnerschaft mit der National Roads & Motorists‘ Association (NRMA), dem größten nationalen Automobilclub und einem der führenden Autovermieter Australiens. Im Zuge der Zusammenarbeit erzielt der internationale Mobilitätskonzern auf einen Schlag einen Marktanteil von 13 Prozent auf dem Kontinent und erweitert sein internationales Netzwerk um rund 160 Stationen mit einer Vermietflotte von 16.000 Fahrzeugen. SIXT schließt 2021 mit dem höchsten Ergebnis der Firmengeschichte ab Dank eines starken Wachstums im europäischen Ausland sowie in den USA, eines hohen Marktpreisniveaus sowie eines effizienten Kostenmanagements während der Corona-Pandemie liefert SIXT 2021 mit einem Konzerngewinn vor Steuern (EBT) von 442,2 Mio. Euro das beste Ergebnis der Unternehmensgeschichte ab. Impulsgeber für grüne Mobilitätswende: SIXT wird ganzheitlich nachhaltig 2022 Mit seinem neuen Nachhaltigkeitsprogramm wird SIXT mehr denn je zum Vorreiter in Sachen Klimaschutz. Dafür setzen wir auf die Elektrifizierung unserer Flotte, investieren in Ladeinfrastruktur und den weiteren Ausbau unserer SIXT App zum Dreh- und Angelpunkt für nachhaltige Mobilitätsangebote. Außerdem machen wir den Betrieb an unseren Stationen und Standorten bereits bis Ende 2023 CO2-neutral.",von DriveNow (2011 bis 2018) prägte Gabriel wesentlich das free-floating Carsharing-Geschäft und baute dies im Joint Ven,,Siemens AG,"s, von 2008 bis 2013 Executive Vice President und Chief Financial Officer von Hilton Worldwide Holdings sowie von 2003 b",1951 1927 übernimmt Hans Sixt das Unternehmen,,,1.0,,included_as_management_legal_representatives,gov.management_legal,management_legal_url_title
508f1903-71e7-4aab-aba6-000fed4d8b7d,7,SIXT SE,post_post_event,2025-07-01,2025-07-02,https://about.sixt.com/newsroom,https://web.archive.org/web/20250702180013.0id_/https://about.sixt.com/newsroom,Siemens AG setzt bei Geschäftsreisen auf das internationale Mobilitätsangebot von SIXT,management_legal_representatives,"Newsroom Finanzen 2025-05-13 SIXT startet 2025 mit Rekordumsatz und deutlicher Ergebnisverbesserung; Jahresprognose bestätigt Knappe Flotte sowie starkes Wachstum in Europa und den USA bilden Grundlage der deutlichen Ergebnisverbesserung und Bestätigung des Ausblicks 2025 mit signifikant höherer Jahresprofitabilität Das Wichtigste auf einen Blick Unsere Highlights SIXT rent 2025-06-16 Siemens AG setzt bei Geschäftsreisen auf das internationale Mobilitätsangebot von SIXT 2025-01-20 Wachstumsfinanzierung: SIXT platziert erfolgreich Anleihe im Volumen von 500 Mio. Euro zu Top-Konditionen Unternehmen 2025-01-09 BUSINESS TRAVELLER AWARDS 2024: SIXT erneut zur besten Autovermietung gekürt Rückblick und Archiv Weitere Pressemitteilungen Published Select content Jahr 2025 2024 2023 News Search Search content Clear Categories Alle Themen Unkategorisiert Produkte SIXT share SIXT van & truck Investor Relations Regine Sixt Kinderhilfe Stiftung Regine Sixt Kinderhilfe Stiftung TRÄNCHEN TROCKNEN: Osterüberraschungen für Kinder weltweit, unterstützt durch die Simba Dickie Group 2025-04-15 SIXT durchbricht erstmals die Vier-Milliarden-Umsatzmarke: Drittes Rekordjahr in Folge 2025-02-27 SIXT share erweitert Angebot: mehr Auslandsfahrten, mehr Tankmöglichkeiten, mehr Benefits 2025-01-30 Strahlende Kinderaugen – Die Regine Sixt Kinderhilfe Stiftung TRÄNCHEN TROCKNEN und SIXT Mitarbeitende weltweit bringen Kindern den Weihnachtszauber 2024-12-20 SIXT eröffnet 50. Flughafen-Station in den USA 2024-12-03 Rekord-Sommer bei SIXT: Umsatz in Q3 mit 1,24 Mrd. Euro auf Allzeit-Hoch, EBT mit 246 Mio. Euro auf Vorjahresniveau, Rendite bei rund 20% 2024-11-12 Mehr laden 2024-04-30 Alexander Sixt im großen Handelsblatt Unternehmergespräch Interview 2023-12-03 Alexander Sixt über E-Mobilität und Expansionspläne 2023-10-03 Konstantin Sixt über die Erfolgsgeschichte und Ambitionen von SIXT Mobilität 2023-05-05 Alexander Sixt bei Handelsblatt Disrupt Podcast über die Zukunft der Mobilität 2023-02-22 Gastbeitrag von Alexander Sixt: „Unsere Verantwortung und unsere Chance“ 2023-02-02 CNN „First Move“: Die Expansion von SIXT im US-Markt 2022-11-17 Alexander Sixt über die Zukunft der Branche und das boomende US-Geschäft 2022-09-19 SIXT setzt auf nachhaltige Mobilität Innovation 2022-01-31 Sixt: Alexander Sixt über E-Mobilität & Herausforderungen für Autovermieter 2021-06-13 Interview mit Alexander und Konstantin Sixt Vorstand und Familie 7 Dateien Image-Categories Alle Kategorien Vorstand & Familie Alexander Sixt Konstantin Sixt Nico Gabriel Vinzenz Pflanz Dr. Franz Weinberger Regine Sixt Erich Sixt 14 Dateien SIXT rent – Flughafen München SIXT ride SIXT rent – Mailand Malpensa Flughafen SIXT rent – Mailand Linate Flughafen SIXT rent – Mailand Lifestyle mit Fahrzeug Stationen 9 Dateien SIXT Station Mailand Malpensa Flughafen SIXT Station Mailand Porta Genova (Innen) SIXT Station Mailand Porta Genova (Aussen) SIXT Station München Flughafen (Totale) SIXT Station München Flughafen (Detail) SIXT Station München Flughafen (Detail Logo) Logos 5 Dateien Sixt SE Logo SIXT Logo SIXT share Logo SIXT ride Logo SIXT+ Logo Corporate Markets North America Discover all the latest news about the North American market. Show more Spain Descubrir las últimas noticias sobre el mercado español. Mostrar más United Kingdom Discover all the latest news about the UK market. Kontakt für Journalisten Mark Schneider Leiter der Sixt SE Unternehmenskommunikation Maximilian Hofmann Pressesprecher der Sixt SE +49 (0) 89 7 44 44 – 6700 [email protected] Hinweis: Für diesen Inhalt ist JavaScript erforderlich.",,,Siemens AG,,2024 2023 News Search Search content Clear Categories Alle Themen Unkategorisiert Produkte SIXT share SIXT van,,,0.5,,included_as_management_legal_representatives,gov.management_legal,management_legal_url_title
508f1903-71e7-4aab-aba6-000fed4d8b7d,13,HIPP HOLDING / HIPP GMBH & CO. VERTRIEB KG,pre_pre_event,2017-07-01,2017-06-29,http://www.hipp.de/ueber-hipp/unternehmen/daten-fakten,https://web.archive.org/web/20170629055008.0id_/http://www.hipp.de/ueber-hipp/unternehmen/daten-fakten,HiPP: Daten & Fakten,corporate_affiliation,"Daten & Fakten Erste Säuglingsnahrung aus dem Stammhaus HiPP 1899 Firmengründung 1932 durch Georg Hipp Gesellschafter Geschäftsführende Gesellschafter: Gesellschafter: Prof. Dr. Claus Hipp, Paulus Hipp Stefan Hipp, Sebastian Hipp und weitere Familienmitglieder Unternehmensphilosophie Herstellung von Produkten in Spitzenqualität und im Einklang mit der Natur Zahl der Beschäftigten ca. 3.500 Produktionsstätten Deutschland, Kroatien, Österreich, Russland, Schweiz, Ukraine, Ungarn wichtige Absatzmärkte Deutschland, Baltikum, Benelux, Bulgarien, Frankreich, Großbritannien, Italien, Kroatien, Österreich, Polen, Russland, Schweiz, Skandinavien, Südafrika, Tschechien, Türkei, Ukraine, Ungarn, weitere ost- und südosteuropäische Länder sowie China, Vietnam und weitere asiatische Länder. Produktbereiche/Artikel Deutschland Säuglings-Milchnahrungen/Breie/Tees: Beikost/Getränke: Babysanft Babypflege/Mamasanft: Säfte/Tees für Schwangere und Stillende: Trink- und Sondennahrung: Insgesamt: 79 202 35 3 17 336 Kundenstruktur Klassischer Lebensmittel-Einzelhandel und Drogerie-Märkte, Apotheken, Drogerien Anschrift HiPP GmbH & Co. Vertrieb KG Georg-Hipp-Straße 7 D-85276 Pfaffenhofen Telefon: +49 (0)8441-757-0 Telefax: +49 (0)8441-757-402 E-Mail: Kontakt Web: www.hipp.de Anfahrtsskizze Das könnte Sie auch interessieren Ausgezeichnet: Preise & Anerkennungen von HiPP im Überblick Historie: Erfahren Sie mehr über unsere Unternehmensgeschichte. Unternehmens-Philosophie: Das macht HiPP aus. Häufig geklickt Nachhaltigkeit Gemüse-Anbau Historie Bio-Siegel Broschüre Bio-Milch Sortiment Media-Center Berichte HiPP im Ausland Karriere Stellenangebote Wer Babys in den Mittelpunkt stellt, trägt große Verantwortung. Deshalb sind unsere Bio-Produkte von ganz besonderer Qualität und gemäß EU-Bio-Verordnung ohne Gentechnik. Mehr zu Nachhaltigkeit bei HiPP erfahren",,,Drogerien Anschrift HiPP GmbH & Co. Vertrieb KG,,,,,0.25,,included_as_corporate_affiliation,gov.affiliation,affiliation_url_title
508f1903-71e7-4aab-aba6-000fed4d8b7d,13,HIPP HOLDING / HIPP GMBH & CO. VERTRIEB KG,pre_event,2019-07-01,2019-06-25,https://www.hipp.de/ueber-hipp/unternehmen/daten-fakten,https://web.archive.org/web/20190625223049.0id_/https://www.hipp.de/ueber-hipp/unternehmen/daten-fakten,Daten & Fakten | HiPP,corporate_affiliation,"Daten & Fakten Erste Säuglingsnahrung aus dem Stammhaus HiPP 1899 Firmengründung 1932 durch Georg Hipp Gesellschafter Geschäftsführende Gesellschafter: Gesellschafter: Prof. Dr. Claus Hipp, Paulus Hipp Stefan Hipp, Sebastian Hipp und weitere Familienmitglieder Unternehmensphilosophie Herstellung von Produkten in Spitzenqualität und im Einklang mit der Natur Zahl der Beschäftigten ca. 3.650 Produktionsstätten Deutschland, Kroatien, Österreich, Russland, Schweiz, Ukraine, Ungarn wichtige Absatzmärkte Deutschland, Baltikum, Benelux, Bulgarien, Frankreich, Großbritannien, Italien, Kroatien, Österreich, Polen, Russland, Schweiz, Skandinavien, Südafrika, Tschechien, Türkei, Ukraine, Ungarn, weitere ost- und südosteuropäische Länder sowie China, Philippinen, Vietnam und weitere asiatische Länder. Produktbereiche Säuglings-Milchnahrungen/Breie/Tees/Müeslis Knabberprodukte/Riegel Kinder 3+ Beikost/Getränke Babysanft Babypflege/Windeln/Mamasanft Säfte/Tees für Schwangere und Stillende Trink- und Sondennahrung Kita- und Kindergartengerichte Kundenstruktur Klassischer Lebensmittel-Einzelhandel und Drogerie-Märkte, Apotheken, Drogerien Das könnte Sie auch interessieren Ausgezeichnet: Preise & Anerkennungen von HiPP im Überblick Historie: Erfahren Sie mehr über unsere Unternehmensgeschichte. Unternehmens-Philosophie: Das macht HiPP aus. Häufig geklickt Nachhaltigkeit Gemüse-Anbau Historie Bio-Siegel Bio-Milch Videos Bio-Rohstoffe Sortiment Media-Center HiPP im Ausland Stellenangebote Karriere Wer Babys in den Mittelpunkt stellt, trägt große Verantwortung. Deshalb sind unsere Bio-Produkte von ganz besonderer Qualität und gemäß EU-Bio-Verordnung ohne Gentechnik. Mehr zu Bio-Qualität und Nachhaltigkeit bei HiPP erfahren",,,,,,,,0.0,raw_text_retained_only,included_as_corporate_affiliation,gov.affiliation,affiliation_url_title
508f1903-71e7-4aab-aba6-000fed4d8b7d,13,HIPP HOLDING / HIPP GMBH & CO. VERTRIEB KG,post_event,2023-07-01,2023-07-04,https://www.hipp.de/ueber-hipp/unternehmen/daten-fakten,https://web.archive.org/web/20230704211555.0id_/https://www.hipp.de/ueber-hipp/unternehmen/daten-fakten,Daten & Fakten | HiPP,corporate_affiliation,"Daten & Fakten Erste Säuglingsnahrung aus dem Stammhaus HiPP 1899 Firmengründung 1932 durch Georg Hipp Gesellschafter Geschäftsführende Gesellschafter: Gesellschafter: Prof. Dr. Claus Hipp, Paulus Hipp Stefan Hipp, Sebastian Hipp und weitere Familienmitglieder Unternehmensphilosophie Herstellung von Produkten in Spitzenqualität und im Einklang mit der Natur Zahl der Beschäftigten ca. 3.200 Produktionsstätten Deutschland, Kroatien, Österreich, Russland, Ukraine, Ungarn wichtige Absatzmärkte Deutschland, Baltikum, Benelux, Bulgarien, Frankreich, Großbritannien, Italien, Kroatien, Mexico, Österreich, Polen, Russland, Schweiz, Skandinavien, Südafrika, Südkorea, Tschechien, Türkei, Ukraine, Ungarn, weitere ost- und südosteuropäische Länder sowie China, Philippinen, Vietnam und weitere asiatische Länder. Produktbereiche Säuglings-Milchnahrungen Breie Tees Beikost / Getränke Bio für Kinder Babysanft Babypflege / Mamasanft / Windeln Säfte / Tees für Schwangere und Stillende Sondennahrung Kundenstruktur Klassischer Lebensmittel-Einzelhandel und Drogerie-Märkte, Apotheken, Drogerien Das könnte Sie auch interessieren Ausgezeichnet: Preise & Anerkennungen von HiPP im Überblick Historie: Erfahren Sie mehr über unsere Unternehmensgeschichte. Unternehmens-Philosophie: Das macht HiPP aus. Viele Vorteile & Geschenke Neu registrieren Jetzt einloggen Häufig geklickt Nachhaltigkeit Gemüse-Anbau Historie Bio-Siegel Bio Milch Videos Bio Rohstoffe Sortiment Media-Center HiPP im Ausland Stellenangebote Karriere Wer Babys in den Mittelpunkt stellt, trägt große Verantwortung. Deshalb sind unsere Bio-Produkte von ganz besonderer Qualität und gemäß EU-Bio-Verordnung ohne Gentechnik. Mehr zu Bio-Qualität und Nachhaltigkeit bei HiPP erfahren",,,,,,,,0.0,raw_text_retained_only,included_as_corporate_affiliation,gov.affiliation,affiliation_url_title
508f1903-71e7-4aab-aba6-000fed4d8b7d,13,HIPP HOLDING / HIPP GMBH & CO. VERTRIEB KG,post_post_event,2025-07-01,2025-07-02,https://www.hipp.de/ueber-hipp/unternehmen/daten-fakten,https://web.archive.org/web/20250702162400.0id_/https://www.hipp.de/ueber-hipp/unternehmen/daten-fakten,Daten & Fakten,corporate_affiliation,"Erste Säuglingsnahrung aus dem Stammhaus HiPP 1899 Firmengründung 1932 durch Georg Hipp Geschäftsführende Gesellschafter Stefan Hipp, Sebastian Hipp Unternehmensphilosophie Herstellung von Produkten in Spitzenqualität und im Einklang mit der Natur Zahl der Beschäftigten ca. 3.200 Produktionsstätten Deutschland, Kroatien, Österreich, Russland, Ukraine, Ungarn wichtige Absatzmärkte Deutschland, Baltikum, Benelux, Bulgarien, Frankreich, Großbritannien, Italien, Kroatien, Mexico, Österreich, Polen, Russland, Schweiz, Skandinavien, Südafrika, Südkorea, Tschechien, Türkei, Ukraine, Ungarn, weitere ost- und südosteuropäische Länder sowie China, Philippinen, Vietnam und weitere asiatische Länder. Produktbereiche Säuglings-Milchnahrungen Breie Tees Beikost / Getränke Bio für Kinder Babysanft Babypflege / Mamasanft / Windeln Säfte / Tees für Schwangere und Stillende Sondennahrung Kundenstruktur Klassischer Lebensmittel-Einzelhandel und Drogerie-Märkte, Apotheken, Drogerien Ausgezeichnet: Preise & Anerkennungen von HiPP im Überblick Historie: Erfahren Sie mehr über unsere Unternehmensgeschichte. Unternehmens-Philosophie: Das macht HiPP aus.",,,,,,,,0.0,raw_text_retained_only,included_as_corporate_affiliation,gov.affiliation,affiliation_url_title
508f1903-71e7-4aab-aba6-000fed4d8b7d,16,HENKEL AG & CO. KGAA,post_event,2022-07-01,2022-07-01,https://www.henkel.com/company/management-corporate-boards,https://web.archive.org/web/20220701011748.0id_/https://www.henkel.com/company/management-corporate-boards,Management & Corporate Boards,corporate_affiliation,"Management & Corporate Boards Close collaboration to drive further success. The Management Board, the Shareholders’ Committee and the Supervisory Board are committed to ensuring that the management and stewardship of the company are conducted in a responsible and transparent manner aligned to achieving a long-term increase in shareholder value. With this in mind, they have pledged themselves to the following three principles: Value creation as the foundation of our management approach Sustainability achieved through the application of socially responsible management principles Transparency supported by an active and open information policy The Management Board, Supervisory Board and Shareholder’s Committee work in close cooperation for the benefit of the company. The Management Board agrees on the strategic direction of the company with the Shareholders’ Committee and discusses with it the status of strategy implementation at regular intervals. In keeping with good corporate management practice, the Management Board informs the Supervisory Board and the Shareholders’ Committee regularly, and in a timely and comprehensive fashion, of all relevant issues concerning business policy, corporate planning, profitability, the business development of the corporation and its major affiliated companies, and also matters relating to risk exposure and risk management. Management Board The Management Board of Henkel Management AG, the sole personally liable partner of Henkel AG & Co. KGaA, is responsible for the management of Henkel’s business. Learn more Shareholders' Committee The Shareholders’ Committee is involved in the management of the business on behalf of the Annual General Meeting. Supervisory Board The Supervisory Board is responsible for regularly monitoring and advising the Management Board in its stewardship of the company.",,,s Committee work in close cooperation for the benefit of the company. The Management Board ag,,,,,0.25,,included_as_corporate_affiliation,gov.affiliation,affiliation_url_title
508f1903-71e7-4aab-aba6-000fed4d8b7d,19,HERAEUS GROUP,pre_pre_event,2009-07-01,2008-10-12,http://www.heraeus.com/de/imprint.aspx,https://web.archive.org/web/20081012131838.0id_/http://www.heraeus.com/de/imprint.aspx,Heraeus Holding - Impressum,legal_notice,"Impressum Heraeus Holding GmbH Heraeusstraße 12-14 63450 Hanau Deutschland Tel.: +49 (0) 6181/35-0 E-Mail: pr@heraeus.com Vorsitzender des Aufsichtsrates: Dr. Jürgen Heraeus Geschäftsführer: Dr. Frank Heinricht (Vors.), Jan Rinnert Verantwortlicher gemäß § 55 Abs. 2 RStV: Martina Rauch, Konzernkommunikation, Heraeusstraße 12-14, 63450 Hanau Sitz der Gesellschaft: Hanau Registergericht: Amtsgericht Hanau Registernummer: HRB 3364 Umsatzsteueridentifikationsnummer DE 113524617 Anmerkung: Um sprachlich klar und unbürokratisch zu sein, verwenden wir auf unseren Webseiten nur die männliche Form. Gemeint sind selbstverständlich immer auch Personen weiblichen Geschlechts. Konzeption, Design und Realisierung: stoll & fischbach eBusiness SF eBusiness GmbH Kalkofenstraße 51 D-71083 Herrenberg www.sfebusiness.com",Dr,,Impressum Heraeus Holding GmbH,GmbH Heraeusstraße 12-14 63450 Hanau Deutschland Tel,-14 63450 Hanau Deutschland Tel.,3364 Umsatzsteueridentifikationsnummer D,identifikationsnummer DE 113524617 Anmer,1.0,,included_as_legal_notice,gov.impressum_path,legal_notice_url_title
508f1903-71e7-4aab-aba6-000fed4d8b7d,21,FREUDENBERG GROUP,post_post_event,2016-07-01,2017-07-03,http://www.freudenberg.com/company/company-structure,https://web.archive.org/web/20170703095236.0id_/http://www.freudenberg.com/company/company-structure,Freudenberg - Company Structure,corporate_affiliation,"Freudenberg sees itself as an enterprise of entrepreneurs. Operational business is in the hands of independent companies whose management conducts business under their own responsibility. These individual companies in turn belong to Business Groups. Freudenberg has two parent companies: Freudenberg & Co. Kommanditgesellschaft (Freudenberg & Co. KG), Weinheim, Germany, is the strategic parent company; Freudenberg SE , Weinheim, Germany, is the parent company with responsibility for managing business operations. The corporate bodies of Freudenberg & Co. KG are the Management Board, the Board of Partners and the General Meeting. The corporate bodies of Freudenberg SE are the Board of Management, the Supervisory Board and the Shareholder’s Meeting. The Management Board of Freudenberg & Co. KG and the Board of Management of Freudenberg SE have the same members. This also applies to the Board of Partners of Freudenberg & Co. KG and the Supervisory Board of Freudenberg SE. Freudenberg is a family company and is currently owned by some 320 heirs to the founding father Carl Johann Freudenberg .",,,Freudenberg & Co. KG,with responsibility for managing business operations,,,,0.5,,included_as_corporate_affiliation,gov.affiliation,affiliation_url_title
508f1903-71e7-4aab-aba6-000fed4d8b7d,23,VAILLANT GROUP,pre_pre_event,2014-07-01,2014-09-02,http://www.vaillant-group.com/gruppe/organisation/aufsichtsrat,https://web.archive.org/web/20140902193759.0id_/http://www.vaillant-group.com/gruppe/organisation/aufsichtsrat,Vaillant Group » 404 - Seite nicht gefunden / Page not found,management_legal_representatives,"Nicht gefunden / Not found Seite nicht gefunden / Page not found Leider konnte der gewünschte Inhalt nicht gefunden werden. Bitte schauen Sie in unserer Sitemap nach oder verwenden Sie unsere Suchfunktion . We're really sorry, but we couldn't find the page you are looking for. Please try our or search our site using our Search function",,,,,,,,0.0,raw_text_retained_only,included_as_management_legal_representatives,gov.management_legal,management_legal_url_title
508f1903-71e7-4aab-aba6-000fed4d8b7d,23,VAILLANT GROUP,pre_pre_event,2014-07-01,2014-09-02,http://www.vaillant-group.com/gruppe/organisation/geschaeftsfuehrung,https://web.archive.org/web/20140902193759.0id_/http://www.vaillant-group.com/gruppe/organisation/geschaeftsfuehrung,Vaillant Group » 404 - Seite nicht gefunden / Page not found,management_legal_representatives,"Nicht gefunden / Not found Seite nicht gefunden / Page not found Leider konnte der gewünschte Inhalt nicht gefunden werden. Bitte schauen Sie in unserer Sitemap nach oder verwenden Sie unsere Suchfunktion . We're really sorry, but we couldn't find the page you are looking for. Please try our or search our site using our Search function",,,,,,,,0.0,raw_text_retained_only,included_as_management_legal_representatives,gov.management_legal,management_legal_url_title
508f1903-71e7-4aab-aba6-000fed4d8b7d,24,VIESSMANN CLIMATE SOLUTIONS / VIESSMANN GROUP,post_event,2025-07-01,2025-06-20,https://viessmann.com/en/imprint.html,https://web.archive.org/web/20250620033927.0id_/https://viessmann.com/en/imprint.html,Imprint,legal_notice,"Imprint and legal notice Viessmann Generations Group GmbH & Co. KG Im Birkenried 1 35088 Battenberg (Eder) Deutschland Telefon +49 6452 9296 000 E-Mail: info@viessmann.com General partners: Viessmann Komplementär B.V., Venlo (NL) entered into the commercial register (Kamer van Koophandel) represented by the board of directors: Prof. Dr. Martin Viessmann (Chairman of the Board), Maximilian Viessmann (CEO), Frauke von Polier (CPO) as well as the Viessmann Werke Beteiligungs OHG, Battenberg (Eder) entered into the commercial register Amtsgericht Marburg. Registered office: Battenberg (Eder) Registr court: AG Marburg (Lahn), HRA 3389 VAT-IdNr.: DE111845525 Disclaimer The Viessmann websites were created with all possible care. Nevertheless, Viessmann cannot guarantee that the given information is free from error or inaccuracy. Viessmann excludes all liability for losses which may be directly or indirectly the result of using this website, insofar as such losses are not the direct result of deliberate or negligent actions by Viessmann. Viessmann retains the right to change the contents of its website without reservation, at any time and without prior notification. Viessmann is not liable for the data protection strategy or for the contents of websites linked to the Viessmann website. Information on dispute resolution before consumer arbitration bodies Viessmann does not participate in a dispute resolution procedure before a consumer arbitration body and is not obliged to do so. Use of image material The copyright for the majority of the photographic material used is held by Viessmann Generations Group GmbH & Co. KG. Any further use of the pictorial material must be authorised by Viessmann Generations Group GmbH & Co. KG must be agreed in writing. To do so, please send an e-mail to info@viessmann.com . Selected pictorial material was purchased in addition. Special thanks go to Unsplash, Rawpixel, Plainpicture, istock, Pixabay, Getty Images and Shutterstock for providing images and graphics.",,the board of directors: Prof,Imprint and legal notice Viessmann Generations Group GmbH & Co. KG,,Co. KG Im Birkenried 1 35088 Battenberg,3389 VAT-IdNr,,1.0,,included_as_legal_notice,gov.impressum_path,legal_notice_url_title
508f1903-71e7-4aab-aba6-000fed4d8b7d,30,DR. AUGUST OETKER KG / OETKER-GRUPPE,post_event,2023-07-01,2024-07-20,https://www.oetker-gruppe.de/de_DE/impressum,https://web.archive.org/web/20240720130831.0id_/https://www.oetker-gruppe.de/de_DE/impressum,Impressum | Oetker-Gruppe,impressum,"Dr. August Oetker KG ⁠Holding der Oetker-Gruppe ⁠Lutterstraße 14 ⁠33617 Bielefeld Germany presse@oetker.de ⁠www.oetker-gruppe.de ⁠Telefon: +49 (0) 521 155 0 ⁠Fax: +49 (0) 521 155 2995 Handelsregister Amtsgericht Bielefeld HRA 8242 ⁠Ust. Id. Nr.: DE123999982 Vertretungsberechtigter i.S.d. § 5 DDG (Digitale-Dienste-Gesetz): Dr. Jörg Schillinger ⁠Leiter Hauptabteilung Öffentlichkeitsarbeit ⁠joerg.schillinger@oetker.de Information zur Verbraucherschlichtung: Die Dr. August Oetker KG ist weder bereit noch verpflichtet, an Streitbeilegungsverfahren vor einer Verbraucherschlichtungsstelle teilzunehmen.",,er i,Dr. August Oetker KG,der Oetker-Gruppe ⁠Lutterstraße 14 ⁠33617 Bielefeld Germany presse@oetker,155 2995 Handelsregister Amtsgericht Bielefeld HRA,Amtsgericht Bielefeld HRA 8242,,1.0,,included_as_impressum,gov.impressum_path,impressum_url_title
508f1903-71e7-4aab-aba6-000fed4d8b7d,30,DR. AUGUST OETKER KG / OETKER-GRUPPE,post_post_event,2025-07-01,2024-11-10,https://www.oetker-gruppe.de/de/footer-meta/impressum,https://web.archive.org/web/20241110181644.0id_/https://www.oetker-gruppe.de/de/footer-meta/impressum,Impressum - Footer-Meta | Dr. Oetker,impressum,"Impressum Anbieterin und verantwortlich für den Inhalt dieser Internetseiten: Dr. August Oetker KG Holding der Oetker-Gruppe Lutterstraße 14 33617 Bielefeld Germany presse@oetker.de www.oetker-gruppe.de Telefon: +49 (0) 521 155 0 Fax: +49 (0) 521 155 2995 Handelsregister Amtsgericht Bielefeld HRA 8242 Ust. Id. Nr.: DE123999982 Vertretungsberechtigter i.S.d. § 5 TMG: Dr. Jörg Schillinger Leiter Hauptabteilung Öffentlichkeitsarbeit joerg.schillinger@oetker.de Information zur Verbraucherschlichtung: Die Dr. August Oetker KG ist weder bereit noch verpflichtet, an Streitbeilegungsverfahren vor einer Verbraucherschlichtungsstelle teilzunehmen. zurück Tracking-Einwilligung Wir würden uns über die Zustimmung freuen, dass wir und unsere Partner Cookies und ähnliche Technologien einsetzen, um zu verstehen, wie unsere Website benutzt wird. So können wir das Nutzerverhalten besser verstehen und unsere Website entsprechend anpassen. Außerdem möchten wir und auch unsere Partner auf ihren Plattformen diese Daten für personalisierte Angebote nutzen. Wenn Sie hiermit einverstanden sind, klicken Sie bitte auf ""Einverstanden"". Ihr Einverständnis umfasst dabei ausdrücklich auch eine mögliche Datenübermittlung in die USA im Sinne von Art. 49 DSGVO. Genaue Informationen finden Sie in unserer Datenschutzerklärung, hier sind auch Technologieanbieter und Partner mit einer möglichen Datenverarbeitung in den USA benannt. Sie können sich jederzeit umentscheiden. Einverstanden Detail-Auswahl Ablehnen Auswahl bestätigen Notwendige Funktionen Diese Cookies und ähnliche Technologien benötigen wir, um die grundlegenden Funktionen unserer Webseite zu ermöglichen. Dies umfasst zum Beispiel das Speichern dieser Einstellungen. Dies ist zwingend notwendig, sodass Sie dies nicht ausschalten können. immer aktiv Analyse & Personalisierung Darüber hinaus möchten wir gerne mehr darüber lernen, wie Sie unsere Webseite nutzen, um diese für Sie und andere Nutzer zu optimieren. Dazu setzen wir Cookies und ähnliche Technologien ein, die das Nutzerverhalten abbilden und uns damit helfen, unser Angebot für Sie zu verbessern. Wir setzen dabei auch Technologieanbieter ein, bei denen eine Verarbeitung Ihrer Daten in den USA möglich ist. Hierbei besteht insbesondere das Risiko, dass US-Sicherheitsbehörden anlasslos und in großem Maßstab auf Ihre Daten zugreifen und Sie hiergegen in den USA nicht wirksam rechtlich vorgehen können. aktiv Inaktiv Marketing / Datennutzung durch Partner Damit wir auch unsere Marketing-Kampagnen voll und ganz an Ihren Bedürfnissen ausrichten können, erfassen wir, wie Sie auf unsere Webseite kommen und wie Sie mit unseren Werbeanzeigen interagieren. Das hilft uns nicht nur unsere Anzeigen, sondern auch unsere Inhalte für Sie noch besser zu machen. Unsere Marketing-Partner verwenden diese Daten auch noch für ihre Zwecke, z.B. um Ihren Account bzw. Ihr Profil auf ihrer Plattform zu personalisieren. Wir arbeiten dabei auch mit Partnern zusammen, bei denen eine Verarbeitung Ihrer Daten in den USA möglich ist. Hierbei besteht insbesondere das Risiko, dass US-Sicherheitsbehörden anlasslos und in großem Maßstab auf Ihre Daten zugreifen und Sie hiergegen in den USA nicht wirksam rechtlich vorgehen können.",,er i,Dr. August Oetker KG,der Oetker-Gruppe Lutterstraße 14 33617 Bielefeld Germany presse@oetker,Dr. August Oetker KG Holding der Oetker-Gruppe Lutterstraße 14 33617 Bielefeld Germany presse,Amtsgericht Bielefeld HRA 8242 Ust,,1.0,,included_as_impressum,gov.impressum_path,impressum_url_title
508f1903-71e7-4aab-aba6-000fed4d8b7d,10,B. BRAUN SE,pre_pre_event,2015-07-01,2016-03-29,http://www.bbraun.de/de/unternehmen/organisation-zahlen-und-fakten/sparten-und-management.html,https://web.archive.org/web/20160329173241id_/http://www.bbraun.de/de/unternehmen/organisation-zahlen-und-fakten/sparten-und-management.html,Sparten und Management,management_legal_representatives,"IHRE COOKIE EINSTELLUNGEN B. Braun setzt Cookies ein, um Ihnen die bestmögliche Nutzung dieser Website zu ermöglichen. Cookies erlauben es uns, Ihnen spezielle Funktionen anzubieten wie beispielsweise das Abspielen von Videos oder das Anzeigen von personalisiertem Inhalt oder auf Sie zugeschnittenen Benachrichtigungen und Werbeanzeigen (auf unserer oder anderen Websites). Sie helfen uns außerdem dabei zu verstehen, wie unsere Websites genutzt werden und tragen so zu einer Verbesserung des Nutzererlebnisses bei. Wählen Sie ""Cookies erlauben"", um Cookies für diese Website bestmöglich zu nutzen. Über die Option „Cookie Einstellungen“ können Sie die Nutzung von Cookies selbst verwalten oder abschalten. Weitere Informationen zu Cookies und wofür diese eingesetzt werden finden Sie in der Cookie-Richtline Cookies akzeptieren Cookie Einstellungen COOKIE-EINSTELLUNGEN Essentielle/funktionale Cookies Funktionale Cookies sind zwingend erforderlich, um wesentliche Funktionen der Website zu gewährleisten. Ohne diese kann die Website nicht wie beabsichtigt genutzt werden. Sie gewähren u. a. die Funktionalität bei einem Seitenwechsel von http zu https und damit das Einhalten von erhöhten Sicherheitsanforderungen. Ihre Zustimmung zur Nutzung dieser Cookies ist nicht erforderlich. Immer aktiv Performance- und Statistik-Cookies Performance-Cookies sind solche, die Informationen über die Nutzungsweise einer Website durch den Besucher erfassen. Das heißt, welche Seite ein Nutzer am häufigsten aufruft und ob Fehlermeldungen angezeigt werden. Diese Cookies speichern keine darüber hinaus gehenden Informationen. Sie werden ausschließlich dazu verwendet, die Benutzerfreundlichkeit zu steigern und Websites gezielter auf den Nutzer abzustimmen. Auch diese Daten werden ausschließlich in anonymisierter Form gespeichert. Toggle AN AUS Marketing Cookies Marketing Cookies werden verwendet, um dem Nutzer auf ihn abgestimmte und relevante Werbung vorzustellen. Weiterhin werden sie dazu genutzt, die Erscheinungshäufigkeit einer Anzeige festzulegen und die Effektivität einer Werbekampagne zu ermitteln. Activated Weitere Informationen Cookie-Richtline. Einstellungen speichern",,,,,,,,0.0,raw_text_retained_only,included_as_management_legal_representatives,gov.management_legal,management_legal_url_title
508f1903-71e7-4aab-aba6-000fed4d8b7d,14,CLAAS KGAA MBH,post_post_event,2023-07-01,2023-07-04,https://www.claas-gruppe.com/gruppe/historie/helmut-claas/pressemeldung,https://web.archive.org/web/20230704073533id_/https://www.claas-gruppe.com/gruppe/historie/helmut-claas/pressemeldung,"Pressemeldung
					- Helmut Claas | CLAAS Gruppe",management_legal_representatives,"Landtechnik-Pionier Helmut Claas verstorben Helmut Claas, der langjährige geschäftsführende Gesellschafter, Aufsichtsratsvorsitzende und Vorsitzende des Gesellschafterausschusses der CLAAS Gruppe, ist am 5. Januar 2021 im Alter von 94 Jahren verstorben. Sein Tod löst tiefe Betroffenheit aus. Mit der Familie und allen Angehörigen trauern nicht nur weit über 11.000 Mitarbeiterinnen und Mitarbeiter weltweit, sondern eine gesamte Branche, die mit Helmut Claas eine bedeutende europäische Unternehmerpersönlichkeit verloren hat. Helmut Claas wurde 1926 als Sohn von August und Paula Claas in Harsewinkel geboren. Sein Vater leitete gemeinsam mit seinen drei Brüdern Franz jun., Theo und Bernhard die kleine Landmaschinenfabrik mit damals etwa 100 Mitarbeitern. Nach dem Abitur absolvierte er eine Ausbildung als Maschinenschlosser. Es folgten Praktika in metallverarbeitenden Betrieben und weitere praktische Studien auf dem Gebiet des Gießereiwesens. Nach einem ergänzenden Landwirtschaftsstudium in Paris übernahm er die Verantwortung für die Planung und Gründung einer CLAAS Vertriebsgesellschaft in Frankreich, der heutigen CLAAS France SAS. Im Jahre 1958 trat er ins elterliche Familienunternehmen in Harsewinkel ein. Hier widmete er sich zunächst vor allem seinem Spezialgebiet, der Technik. Im Jahre 1962 wurde er zum Geschäftsführer bestellt. Bei der Umgründung des Unternehmens in eine Offene Handelsgesellschaft (OHG) im Jahre 1978 trat Helmut Claas als persönlich haftender Gesellschafter ein. Im Zuge der gesellschaftlichen Umwandlung im Jahre 1996 in eine Kommanditgesellschaft auf Aktien wechselte er von der Funktion des geschäftsführenden Gesellschafters in die Position des Aufsichtsratsvorsitzenden und Vorsitzenden des Gesellschafterausschusses. Sein besonderes Augenmerk galt stets der Entwicklung zukunftsweisender Produkte und ihrer wirtschaftlichen Serienfertigung. In seine Ära fiel nach dem Mähdrescher-Erfolgsmodell „DOMINATOR“ später die völlig neue Konstruktion eines Mähdreschers, des LEXION, der heute als der leistungsstärkste Mähdrescher der Welt gilt. Auch der JAGUAR Feldhäcksler und der Großtraktor XERION entwickelten sich unter Helmut Claas‘ Regie zur Erfolgsgeschichte. Im Jahre 2003 gelang ihm ein wichtiger Schritt für die Zukunft des Unternehmens: CLAAS übernahm in Frankreich das komplette Traktorengeschäft von Renault. Auch sonst kam die Internationalisierung mit dem Aufbau und Ausbau von Produktionsstandorten in Russland, den USA und China immer weiter voran. Vier international bekannte Universitäten in Ungarn, Großbritannien, Bulgarien und Deutschland verliehen Helmut Claas die Würde des Doktor honoris causa (Dr. h. c.). So erhielt er unter anderem im Jahre 2000 den Titel des „Doktors der Agrarwissenschaften“ ehrenhalber von der Universität Stuttgart-Hohenheim. Diese Universität war es auch, die ihn im Jahre 2004 in den Ehrensenat berief. Im Juni 2009 verlieh ihm die Moskauer Gorjatschkin Universität den Titel eines Professors e.h. Ebenfalls 2009 erhob die Republik Frankreich Helmut Claas in den Rang eines Ritters der französischen Ehrenlegion und würdigte damit seine Verdienste als Pionier der deutsch-französischen Zusammenarbeit. Im November 2013 schließlich wurde Helmut Claas in die Hall of Fame der „American Equipment Manufacturers“ (AEM) aufgenommen. Ein wichtiger Höhepunkt war im Jahr 2017 die Verleihung der Dieselmedaille durch das Deutsche Institut für Erfindungswesen. Persönliche Auszeichnungen wie die Ehrenbürgerschaft seiner Heimatstadt Harsewinkel, die Verdienstmedaille des Bundeslandes Baden-Württemberg oder aber der Verdienstorden des französischen Landwirtschaftsministers runden sein Lebenswerk ab. Helmut Claas war vor allem auch Landwirt. Er betrieb eine Farm in East Anglia in Großbritannien und hielt sich dort häufig mit seiner Ehefrau Erika auf. Er pflegte sehr gern die Kontakte mit Farmern der Umgebung und kümmerte sich intensiv um die Belange des landwirtschaftlichen Betriebes. Außerdem war er ein passionierter Jäger. Und auch die kontinuierliche Weiterentwicklung des Familienunternehmens hatte er lange vorbereitet, denn die nächste Generation hat bereits Verantwortung in der Claas-Gruppe übernommen. So lenkt seine Tochter Cathrina Claas-Mühlhäuser heute als Vorsitzende des Gesellschafterausschusses alle Entscheidungen und Entwicklungen der erfolgreichen Unternehmensgruppe. Der Tod von Helmut Claas hinterlässt eine nicht zu schließende Lücke in der Welt der Agrartechnik Seine Familie, alle Gesellschafter, Konzernleitung sowie die Mitarbeiterinnen und Mitarbeiter trauern um eine große Persönlichkeit und werden die CLAAS Gruppe in seinem Sinne weiter entwickeln.",bestellt,,Doktors der Ag,,,,,0.5,,included_as_management_legal_representatives,gov.management_legal,management_legal_url_title
508f1903-71e7-4aab-aba6-000fed4d8b7d,16,HENKEL AG & CO. KGAA,event,2020-07-01,2020-06-30,https://www.henkel.de/unternehmen/management-und-gremien,https://web.archive.org/web/20200630112845id_/https://www.henkel.de/unternehmen/management-und-gremien,Management & Gremien,management_legal_representatives,"Management & Gremien Der Vorstand, der Gesellschafterausschuss und der Aufsichtsrat bekennen sich zu einer verantwortungsvollen, transparenten und auf die langfristige Steigerung des Unternehmenswerts ausgerichteten Führung und Kontrolle des Unternehmens. Vor diesem Hintergrund haben sich die Mitglieder der Gremien zu folgenden Prinzipien verpflichtet: Wertorientierung ist die Maxime unseres unternehmerischen Handelns Nachhaltigkeit erreichen wir durch verantwortungsvolle Unternehmensführung Transparenz erzielen wir mit unserer aktiven und offenen Informationspolitik. Der Vorstand, der Gesellschafterausschuss und der Aufsichtsrat arbeiten zum Wohle des gesamten Unternehmens eng zusammen. Der Vorstand stimmt die strategische Ausrichtung des Unternehmens mit dem Gesellschafterausschuss ab und erörtert mit ihm in regelmäßigen Abständen den Stand der Strategieumsetzung. Im Sinn einer guten Unternehmensführung informiert der Vorstand den Aufsichtsrat und den Gesellschafterausschuss der Gesellschaft regelmäßig, zeitnah und umfassend über alle für das Unternehmen relevanten Fragen der Geschäftspolitik, der Unternehmensplanung, der Rentabilität, der Geschäftsentwicklung der Gesellschaft und der wesentlichen Konzernunternehmen sowie über die Risikolage und das Risikomanagement. Vorstand Der Vorstand der Henkel Management AG, der alleinigen persönlich haftenden Gesellschafterin der Henkel AG & CO. KGaA, verantwortet die Führung der Geschäfte von Henkel sowie die Nachhaltigkeitsstrategie und Compliance-Organisation. Mehr erfahren Gesellschafterausschuss Der Gesellschafterausschuss wirkt anstelle der Hauptversammlung bei der Führung der Geschäfte mit. Aufsichtsrat Aufgabe des Aufsichtsrats ist es, den Vorstand bei der Leitung des Unternehmens regelmäßig zu überwachen und zu beraten.",,,sowie über die Risikolage und das Risikomanagement. Vorstand Der Vorstand der Henkel Management AG,,,,,0.25,,included_as_management_legal_representatives,gov.management_legal,management_legal_url_title
508f1903-71e7-4aab-aba6-000fed4d8b7d,16,HENKEL AG & CO. KGAA,post_post_event,2024-07-01,2024-07-01,https://www.henkel.de/unternehmen/management-und-gremien,https://web.archive.org/web/20240701021813id_/https://www.henkel.de/unternehmen/management-und-gremien,Management & Gremien,management_legal_representatives,"MANAGEMENT & GREMIEN Der Vorstand, der Gesellschafterausschuss und der Aufsichtsrat bekennen sich zu einer verantwortungsvollen, transparenten und auf die langfristige Steigerung des Unternehmenswerts ausgerichteten Führung und Kontrolle des Unternehmens. Vor diesem Hintergrund haben sich die Mitglieder der Gremien zu folgenden Prinzipien verpflichtet: Wertorientierung ist die Maxime unseres unternehmerischen Handelns Nachhaltigkeit erreichen wir durch verantwortungsvolle Unternehmensführung Transparenz erzielen wir mit unserer aktiven und offenen Informationspolitik. Der Vorstand, der Gesellschafterausschuss und der Aufsichtsrat arbeiten zum Wohle des gesamten Unternehmens eng zusammen. Der Vorstand stimmt die strategische Ausrichtung des Unternehmens mit dem Gesellschafterausschuss ab und erörtert mit ihm in regelmäßigen Abständen den Stand der Strategieumsetzung. Im Sinn einer guten Unternehmensführung informiert der Vorstand den Aufsichtsrat und den Gesellschafterausschuss der Gesellschaft regelmäßig, zeitnah und umfassend über alle für das Unternehmen relevanten Fragen der Geschäftspolitik, der Unternehmensplanung, der Rentabilität, der Geschäftsentwicklung der Gesellschaft und der wesentlichen Konzernunternehmen sowie über die Risikolage und das Risikomanagement. Vorstand Der Vorstand der Henkel Management AG, der alleinigen persönlich haftenden Gesellschafterin der Henkel AG & Co. KGaA, verantwortet die Führung der Geschäfte von Henkel sowie die Nachhaltigkeitsstrategie und Compliance-Organisation. Mehr erfahren Gesellschafter­ausschuss Der Gesellschafterausschuss wirkt anstelle der Hauptversammlung bei der Führung der Geschäfte mit. Aufsichtsrat Aufgabe des Aufsichtsrats ist es, den Vorstand bei der Leitung des Unternehmens regelmäßig zu überwachen und zu beraten.",,,sowie über die Risikolage und das Risikomanagement. Vorstand Der Vorstand der Henkel Management AG,,,,,0.25,,included_as_management_legal_representatives,gov.management_legal,management_legal_url_title
508f1903-71e7-4aab-aba6-000fed4d8b7d,16,HENKEL AG & CO. KGAA,pre_event,2018-07-01,2018-06-25,https://www.henkel.de/unternehmen/management-und-gremien,https://web.archive.org/web/20180625122911id_/https://www.henkel.de/unternehmen/management-und-gremien,Management & Gremien,management_legal_representatives,"Management & Gremien Der Vorstand, der Gesellschafterausschuss und der Aufsichtsrat bekennen sich zu einer verantwortungsvollen, transparenten und auf die langfristige Steigerung des Unternehmenswerts ausgerichteten Führung und Kontrolle des Unternehmens. Vor diesem Hintergrund haben sich die Mitglieder der Gremien zu folgenden Prinzipien verpflichtet: Wertorientierung ist die Maxime unseres unternehmerischen Handelns Nachhaltigkeit erreichen wir durch verantwortungsvolle Unternehmensführung Transparenz erzielen wir mit unserer aktiven und offenen Informationspolitik. Der Vorstand, der Gesellschafterausschuss und der Aufsichtsrat arbeiten zum Wohle des gesamten Unternehmens eng zusammen. Der Vorstand stimmt die strategische Ausrichtung des Unternehmens mit dem Gesellschafterausschuss ab und erörtert mit ihm in regelmäßigen Abständen den Stand der Strategieumsetzung. Im Sinn einer guten Unternehmensführung informiert der Vorstand den Aufsichtsrat und den Gesellschafterausschuss der Gesellschaft regelmäßig, zeitnah und umfassend über alle für das Unternehmen relevanten Fragen der Geschäftspolitik, der Unternehmensplanung, der Rentabilität, der Geschäftsentwicklung der Gesellschaft und der wesentlichen Konzernunternehmen sowie über die Risikolage und das Risikomanagement. Vorstand Der Vorstand der Henkel Management AG, der alleinigen persönlich haftenden Gesellschafterin der Henkel AG & CO. KGaA, verantwortet die Führung der Geschäfte von Henkel sowie die Nachhaltigkeitsstrategie und Compliance-Organisation. Mehr erfahren Gesellschafterausschuss Der Gesellschafterausschuss wirkt anstelle der Hauptversammlung bei der Führung der Geschäfte mit. Aufsichtsrat Aufgabe des Aufsichtsrats ist es, den Vorstand bei der Leitung des Unternehmens regelmäßig zu überwachen und zu beraten.",,,sowie über die Risikolage und das Risikomanagement. Vorstand Der Vorstand der Henkel Management AG,,,,,0.25,,included_as_management_legal_representatives,gov.management_legal,management_legal_url_title
508f1903-71e7-4aab-aba6-000fed4d8b7d,16,HENKEL AG & CO. KGAA,pre_pre_event,2016-07-01,2016-07-03,http://www.henkel.de/unternehmen/management-und-gremien,https://web.archive.org/web/20160703113103id_/http://www.henkel.de/unternehmen/management-und-gremien,Management & Gremien,management_legal_representatives,"/resources/213102/46/wp-landscape.css x Bitte akzeptieren Sie unsere Cookies, um die Webseite optimal nutzen zu können. Einige Funktionen können nur mit Cookies korrekt ausgeführt werden. Um mehr über den Einsatz von Cookies auf unserer Webseite zu erfahren, lesen Sie unsere Cookie Informationsseite . Sitemap Kontakt Impressum Nutzungsbedingungen Datenschutzerklärung Cookies Meine Sammlung Management & Gremien Der Vorstand, der Gesellschafterausschuss und der Aufsichtsrat bekennen sich zu einer verantwortungsvollen, transparenten und auf die langfristige Steigerung des Unternehmenswerts ausgerichteten Führung und Kontrolle des Unternehmens. Vor diesem Hintergrund haben sich die Mitglieder der Gremien zu folgenden Prinzipien verpflichtet: Wertorientierung ist die Maxime unseres unternehmerischen Handelns Nachhaltigkeit erreichen wir durch verantwortungsvolle Unternehmensführung Transparenz erzielen wir mit unserer aktiven und offenen Informationspolitik. Der Vorstand, der Gesellschafterausschuss und der Aufsichtsrat arbeiten zum Wohle des gesamten Unternehmens eng zusammen. Der Vorstand stimmt die strategische Ausrichtung des Unternehmens mit dem Gesellschafterausschuss ab und erörtert mit ihm in regelmäßigen Abständen den Stand der Strategieumsetzung. Im Sinn einer guten Unternehmensführung informiert der Vorstand den Aufsichtsrat und den Gesellschafterausschuss der Gesellschaft regelmäßig, zeitnah und umfassend über alle für das Unternehmen relevanten Fragen der Geschäftspolitik, der Unternehmensplanung, der Rentabilität, der Geschäftsentwicklung der Gesellschaft und der wesentlichen Konzernunternehmen sowie über die Risikolage und das Risikomanagement. Vorstand Der Vorstand der Henkel Management AG, der alleinigen persönlich haftenden Gesellschafterin der Henkel AG & CO. KGaA, verantwortet die Führung der Geschäfte von Henkel sowie die Nachhaltigkeitsstrategie und Compliance-Organisation. Gesellschafterausschuss Der Gesellschafterausschuss wirkt anstelle der Hauptversammlung bei der Führung der Geschäfte mit. Aufsichtsrat Aufgabe des Aufsichtsrats ist es, den Vorstand bei der Leitung des Unternehmens regelmäßig zu überwachen und zu beraten.",,,sowie über die Risikolage und das Risikomanagement. Vorstand Der Vorstand der Henkel Management AG,,,,,0.25,,included_as_management_legal_representatives,gov.management_legal,management_legal_url_title
508f1903-71e7-4aab-aba6-000fed4d8b7d,17,MERCK KGAA,post_event,2023-07-01,2023-07-01,https://www.merckgroup.com/de/company/management/executive-board.html,https://web.archive.org/web/20230701160411id_/https://www.merckgroup.com/de/company/management/executive-board.html,Geschäftsleitung | Merck,corporate_affiliation,Wählen Sie eine Region Weltweit Afrika Algeria Benin Botswana Burkina Faso Burundi Cameroon Cape Verde Central African Republic Chad Comoros Congo Congo Democratic Republic Djibouti Egypt Equatorial Guinea Eritrea Ethiopia Gabon Gambia Ghana Guinea Guinea-Bissau Ivory Coast Lesotho Liberia Libya Madagascar Malawi Mauritania Mauritius Morocco Namibia Niger Nigeria Reunion Islands Rwanda Saint Helena São Tomé and Príncipe Senegal Seychelles Sierra Leone Somalia South Africa Sudan Swaziland Tanzania Togo Tunisia Uganda Zambia Zimbabwe Asien Bahrain Bangladesh China Hong Kong India Indonesia Iran Iraq Israel Japan Jordan Kuwait Lebanon Malaysia Oman Palestine Philippines Qatar Saudi Arabia Singapore South Korea Syria Taiwan Thailand Turkey United Arab Emirates Vietnam Yemen Europa Albanien Baltikum Belgien Bulgarien Dänemark Deutschland Estland Finnland Frankreich Griechenland Großbritannien Irland Italien Kroatien Lettland Litauen Luxemburg Niederlande Nordmazedonien Norwegen Österreich Polen Portugal Rumänien Russland Schweden Schweiz Serbien Slowakei Slowenien Spanien Tschechische Republik Türkei Ukraine Ungarn Weißrussland Zypern Lateinamerika Argentinien Aruba Bahamas Barbados Belize Bolivia Brazil Central America Chile Colombia Costa Rica Cuba Curacao-NL Antillen Ecuador El Salvador Guatemala Haiti Honduras Jamaica Mexico Nicaragua Panama Paraguay Perú República Dominicana Trinidad and Tobago Uruguay Venezuela Nordamerika Kanada United States of America Ozeanien Australia New Zealand Belén Garijo Vorsitzende der Geschäftsleitung von Merck Mehr erfahren Kai Beckmann Mitglied der Geschäftsleitung | CEO Electronics Peter Guenter Mitglied der Geschäftsleitung | CEO Healthcare Matthias Heinzel Mitglied der Geschäftsleitung | CEO Life Science Marcus Kuhnert Mitglied der Geschäftsleitung | Chief Financial Officer,,,,,,in Bangladesh China Hong Kong India Indo,,0.25,,included_as_corporate_affiliation,gov.affiliation,affiliation_url_title
508f1903-71e7-4aab-aba6-000fed4d8b7d,17,MERCK KGAA,post_post_event,2025-07-01,2025-08-06,https://www.merckgroup.com/de/company/management/executive-board.html,https://web.archive.org/web/20250806204111id_/https://www.merckgroup.com/de/company/management/executive-board.html,Geschäftsleitung,corporate_affiliation,"Inhalte Teilen Durch das Teilen des Inhalts, übermitteln Sie freiwillig Daten an den entsprechenden Betreiber der Social Media Plattform. Mehr Informationen finden Sie in unserer Datenschutzerklärung . OK Abbrechen Verwendung von Cookies Wir verwenden Cookies, um Ihnen das bestmögliche Website-Erlebnis zu bieten. Dazu gehören Cookies, die für den Betrieb der App und der Website erforderlich sind, sowie andere Cookies, die ausschließlich zu anonymen statistischen Zwecken, für komfortablere Website-Einstellungen oder zur Anzeige personalisierter Inhalte verwendet werden. Sie können in den Cookie-Einstellungen frei entscheiden, welche Kategorien Sie zulassen möchten. Bitte beachten Sie, dass je nach Auswahl möglicherweise nicht mehr die volle Funktionalität der Website zur Verfügung steht. Sie können Ihre Auswahl jederzeit überprüfen und ändern. Weitere Informationen finden Sie in unserer Cookies Akzeptieren Nur notwendige Cookies Cookie Einstellungen Notwendig + - Diese Cookies sind für den Betrieb der Website erforderlich. Ohne diese Cookies kann unsere Website nicht funktionieren und sie können nur über Ihre Browsereinstellungen deaktiviert werden. Funktionale Diese Cookies ermöglichen die Bereitstellung erweiterter Funktionalitäten und dienen der Personalisierung. Die Cookies werden insbesondere als Reaktion auf Ihre Aktionen gesetzt und hängen von Ihren konkreten Serviceanfragen (z. B. Einstellung der Sprache) ab. Targeting Diese Cookies können gesetzt werden, um mehr über Ihre Interessen zu erfahren und Ihnen relevante Werbung auf anderen Websites anzuzeigen. Diese Cookies funktionieren, indem sie Ihren Browser und Ihr Gerät eindeutig identifizieren. Durch die Einbindung dieser Cookies möchten wir mehr über Ihre Interessen und Ihr Surfverhalten erfahren und unsere Werbung gezielt platzieren. {""analytics"":""targeting"",""share"":""targeting""} Zum Hauptinhalt wechseln",,,,,,,,0.0,raw_text_retained_only,included_as_corporate_affiliation,gov.affiliation,affiliation_url_title
508f1903-71e7-4aab-aba6-000fed4d8b7d,18,SCHAEFFLER AG,pre_event,2012-07-01,2012-07-09,http://www.schaeffler.de/content.schaeffler.de/de/company/owners-management/owners.jsp,https://web.archive.org/web/20120709062345id_/http://www.schaeffler.de/content.schaeffler.de/de/company/owners-management/owners.jsp,Schaeffler Technologies  | Unternehmen  | Gesellschafter / Management,corporate_affiliation,"Schaeffler Technologies AG & Co. KG · Deutschland Unternehmen Gesellschafter / Management Maria-Elisabeth Schaeffler Gesellschafterin und Lic. oec. HSG Georg F. W. Schaeffler JD/LLM Gesellschafter Dr. Jürgen M. Geißinger Vorsitzender der Geschäftsleitung In einer Welt, die sich immer schneller entwickelt und in der die Halbwertszeit von Prognosen immer kürzer wird, bekennen wir uns als Familienunternehmen zu der Verantwortung, nicht mit Stillstand zu reagieren. Wir als Schaeffler Gruppe müssen wettbewerbsfähig sein und unsere Kräfte darauf konzentrieren, Ziele gemeinsam und vertrauensvoll zu verfolgen. Gemeinsam haben wir viel getan, um an die Spitze zu kommen: Die drei starken Marken INA, LuK und FAG sind in der Schaeffler Gruppe zusammengewachsen. Mit unbedingtem Willen zum Erfolg, Nachhaltigkeit im Tun und Handeln sowie Leidenschaft für das Unternehmen: „Gemeinsam bewegen wir die Welt“. Wir fördern die Kompetenz unserer Mitarbeiter und wir setzen auf gezielte Investitionen in Forschung und Entwicklung. Dabei orientieren wir uns an den Erwartungen unserer Kunden. Die wiederum fordern von uns Nähe auf den wachsenden und neu entstehenden Märkten. Technisches Know-how, kaufmännischer Sachverstand und der Einsatz unserer hervorragenden Mitarbeiter waren immer eine Grundlage unseres Erfolges, ebenso wie die regionale Bindung, die immer mit dem Blick auf die Weltkarte verbunden ist. Nicht nur Verantwortlichkeit des Wirtschaftens und Beständigkeit in der Unternehmensentwicklung haben unsere Entwicklung bestimmt, sondern auch die aktive Gestaltung der Verbindung von Unternehmensgeschichte und Unternehmenskultur. Eine außergewöhnliche Einsatzbereitschaft, gegenseitiges Vertrauen und Verlässlichkeit werden gepflegt und beweisen ihre Kraft und Tragfähigkeit. Im Sinne der Verlässlichkeit einer „Family Economy“ betrachten es Gesellschafter und Führung der Schaeffler Gruppe als ihre Aufgabe, das Unternehmen verantwortungsvoll und erfolgreich weiterzuentwickeln.",,,Schaeffler Technologies AG & Co. KG,,,,,0.25,,included_as_corporate_affiliation,gov.affiliation,affiliation_url_title
508f1903-71e7-4aab-aba6-000fed4d8b7d,18,SCHAEFFLER AG,pre_pre_event,2010-07-01,2010-07-23,http://www.schaeffler.de/content.schaeffler.de/de/company/owners-management/owners.jsp,https://web.archive.org/web/20100723011723id_/http://www.schaeffler.de/content.schaeffler.de/de/company/owners-management/owners.jsp,Schaeffler Technologies  | Unternehmen  | Gesellschafter / Management,corporate_affiliation,"In einer Welt, die sich immer schneller entwickelt und in der die Halbwertszeit von Prognosen immer kürzer wird, bekennen wir uns als Familienunternehmen zu der Verantwortung, nicht mit Stillstand zu reagieren. Wir als Schaeffler Gruppe müssen wettbewerbsfähig sein und unsere Kräfte darauf konzentrieren, Ziele gemeinsam und vertrauensvoll zu verfolgen. Gemeinsam haben wir viel getan, um an die Spitze zu kommen: Die drei starken Marken INA, LuK und FAG sind in der Schaeffler Gruppe zusammengewachsen. Mit unbedingtem Willen zum Erfolg, Nachhaltigkeit im Tun und Handeln sowie Leidenschaft für das Unternehmen: „Gemeinsam bewegen wir die Welt“. Wir fördern die Kompetenz unserer Mitarbeiter und wir setzen auf gezielte Investitionen in Forschung und Entwicklung. Dabei orientieren wir uns an den Erwartungen unserer Kunden. Die wiederum fordern von uns Nähe auf den wachsenden und neu entstehenden Märkten. Technisches Know-how, kaufmännischer Sachverstand und der Einsatz unserer hervorragenden Mitarbeiter waren immer eine Grundlage unseres Erfolges, ebenso wie die regionale Bindung, die immer mit dem Blick auf die Weltkarte verbunden ist. Nicht nur Verantwortlichkeit des Wirtschaftens und Beständigkeit in der Unternehmensentwicklung haben unsere Entwicklung bestimmt, sondern auch die aktive Gestaltung der Verbindung von Unternehmensgeschichte und Unternehmenskultur. Eine außergewöhnliche Einsatzbereitschaft, gegenseitiges Vertrauen und Verlässlichkeit werden gepflegt und beweisen ihre Kraft und Tragfähigkeit. Im Sinne der Verlässlichkeit einer „Family Economy“ betrachten es Gesellschafter und Führung der Schaeffler Gruppe als ihre Aufgabe, das Unternehmen verantwortungsvoll und erfolgreich weiterzuentwickeln.",,,,,,,,0.0,raw_text_retained_only,included_as_corporate_affiliation,gov.affiliation,affiliation_url_title
508f1903-71e7-4aab-aba6-000fed4d8b7d,19,HERAEUS GROUP,pre_event,2011-07-01,2012-08-25,http://heraeus.com/de/imprint/imprint.aspx,https://web.archive.org/web/20120825140213id_/http://heraeus.com/de/imprint/imprint.aspx,Heraeus Holding - Impressum,legal_notice,"Impressum Heraeus Holding GmbH Heraeusstraße 12-14 63450 Hanau Deutschland Tel.: +49 (0) 6181/35-0 E-Mail: pr@heraeus.com Vorsitzender des Aufsichtsrates: Dr. Jürgen Heraeus Geschäftsführung: Dr. Frank Heinricht (Vors.), Jan Rinnert (stellv. Vors.) Verantwortlicher gemäß § 55 Abs. 2 RStV: Martina Rauch, Konzernkommunikation, Heraeusstraße 12-14, 63450 Hanau Sitz der Gesellschaft: Hanau Registergericht: Amtsgericht Hanau Registernummer: HRB 3364 Umsatzsteueridentifikationsnummer DE 113524617 Anmerkung: Um sprachlich klar und unbürokratisch zu sein, verwenden wir auf unseren Webseiten nur die männliche Form. Gemeint sind selbstverständlich immer auch Personen weiblichen Geschlechts. Konzeption, Design und Realisierung: stoll & fischbach eBusiness SF eBusiness GmbH Kalkofenstraße 51 D-71083 Herrenberg www.sfebusiness.com",,,Impressum Heraeus Holding GmbH,GmbH Heraeusstraße 12-14 63450 Hanau Deutschland Tel,-14 63450 Hanau Deutschland Tel.,3364 Umsatzsteueridentifikationsnummer D,identifikationsnummer DE 113524617 Anmer,1.0,,included_as_legal_notice,gov.impressum_path,legal_notice_url_title
508f1903-71e7-4aab-aba6-000fed4d8b7d,20,BAHLSEN GMBH & CO. KG,post_event,2024-07-01,2024-07-05,https://www.thebahlsenfamily.com/de/presse,https://web.archive.org/web/20240705065944id_/https://www.thebahlsenfamily.com/de/presse,The Bahlsen Family Deutschland: 2022,management_legal_representatives,"27.10.2022 Bahlsen ernennt mit Alexander Kühnen einen neuen CEO Hannover. Alexander Kühnen, derzeit Vorsitzender der Geschäftsführung der Carl Kühne KG in Hamburg, wird zum 1. Januar 2023 neuer CEO von Bahlsen. Die Karriere des 51-Jährigen ist durch und durch geprägt von einem tiefen Verständnis und einer ansteckenden Begeisterung für Marken, Qualitätsprodukte und Weiterentwicklung. Vor seiner Zeit bei Carl Kühne war der gebürtige Niederrheiner viele Jahre im In- und Ausland für Unilever tätig, verantwortete dort Führungsrollen im Vertrieb und Marketing und leitete zuletzt die Schweizer Geschäftseinheit als General Manager. In seiner neuen Funktion bei Bahlsen wird er das gesamte Geschäft des erfolgreichen Gebäckherstellers mit rund 2.600 Mitarbeitenden und einem Vertriebsnetz in über 80 Ländern verantworten. Verena Bahlsen hat sich entschieden, ihre aktive Rolle als Chief Mission Officer zum Ende des Jahres zu beenden, nachdem sie gemeinsam mit dem Verwaltungsrat den neuen CEO rekrutiert hat. Verena ist seit 2018 als aktive Gesellschafterin im Unternehmen tätig und hat in den vergangenen Jahren die erste Phase unserer Transformation, insbesondere die Neuaufstellung der drei Marken vorangetrieben. Zukünftig möchte sie sich neuen Projekten außerhalb von Bahlsen widmen. Werner M. Bahlsen, Vorsitzender des Verwaltungsrates, sagte: „Alexander Kühnen ist ein sehr motivierender und dynamischer Manager, der die Branche kennt und Familienunternehmen versteht. Wir freuen uns außerordentlich, dass wir ihn als CEO gewinnen konnten, um mit ihm die Neuausrichtung des Unternehmens in einem herausfordernden Umfeld zu gestalten. Wir als Familie und der Verwaltungsrat danken Verena, dass sie mit ihrem tiefen Verständnis für die Veränderungen der globalen Märkte und ihrem Einfühlungsvermögen für die Marken geholfen hat, unsere Key Assets zuneuem Glanz zu verhelfen. Wir werden auch weiterhin in ihrer Rolle als Gesellschafterin mit ihr zusammenarbeiten."" Alexander Kühnen sagte: „Jeder kennt die Marken BAHLSEN, LEIBNIZ und PiCK UP! Auf der Basis dieser Tradition werden wir die Zukunft von Bahlsen gestalten. Diese Aufgabe motiviert mich außerordentlich, trotz oder gerade aufgrund der herausfordernden Rahmenbedingungen, die in der Lebensmittelbranche und darüber hinaus aktuell herrschen. Am meisten freue ich mich darauf, dies mit den Menschen bei Bahlsen gemeinsam zu tun.“ Verena Bahlsen sagte: „Ich habe die Transformation von Bahlsen und den Relaunch der Marken in den vergangenen Jahren mit großer Begeisterung für die Aufgabe mitgestaltet. Wir haben vieles auf den Weg gebracht und ich bin sehr froh, dass ich einen Teil dazu beitragen durfte. Jetzt wünsche ich Alexander Kühnen ganz viel Erfolg bei seiner Arbeit. Als Gesellschafterin werde ich den Weg von Bahlsen weiterhin eng begleiten.“",,,derzeit Vorsitzender der Geschäftsführung der Carl Kühne KG,,,,,0.25,,included_as_management_legal_representatives,gov.management_legal,management_legal_url_title
508f1903-71e7-4aab-aba6-000fed4d8b7d,20,BAHLSEN GMBH & CO. KG,post_event,2024-07-01,2024-07-05,https://www.thebahlsenfamily.com/de/presse/meldungen,https://web.archive.org/web/20240705065944id_/https://www.thebahlsenfamily.com/de/presse/meldungen,The Bahlsen Family Deutschland: 2022,management_legal_representatives,"27.10.2022 Bahlsen ernennt mit Alexander Kühnen einen neuen CEO Hannover. Alexander Kühnen, derzeit Vorsitzender der Geschäftsführung der Carl Kühne KG in Hamburg, wird zum 1. Januar 2023 neuer CEO von Bahlsen. Die Karriere des 51-Jährigen ist durch und durch geprägt von einem tiefen Verständnis und einer ansteckenden Begeisterung für Marken, Qualitätsprodukte und Weiterentwicklung. Vor seiner Zeit bei Carl Kühne war der gebürtige Niederrheiner viele Jahre im In- und Ausland für Unilever tätig, verantwortete dort Führungsrollen im Vertrieb und Marketing und leitete zuletzt die Schweizer Geschäftseinheit als General Manager. In seiner neuen Funktion bei Bahlsen wird er das gesamte Geschäft des erfolgreichen Gebäckherstellers mit rund 2.600 Mitarbeitenden und einem Vertriebsnetz in über 80 Ländern verantworten. Verena Bahlsen hat sich entschieden, ihre aktive Rolle als Chief Mission Officer zum Ende des Jahres zu beenden, nachdem sie gemeinsam mit dem Verwaltungsrat den neuen CEO rekrutiert hat. Verena ist seit 2018 als aktive Gesellschafterin im Unternehmen tätig und hat in den vergangenen Jahren die erste Phase unserer Transformation, insbesondere die Neuaufstellung der drei Marken vorangetrieben. Zukünftig möchte sie sich neuen Projekten außerhalb von Bahlsen widmen. Werner M. Bahlsen, Vorsitzender des Verwaltungsrates, sagte: „Alexander Kühnen ist ein sehr motivierender und dynamischer Manager, der die Branche kennt und Familienunternehmen versteht. Wir freuen uns außerordentlich, dass wir ihn als CEO gewinnen konnten, um mit ihm die Neuausrichtung des Unternehmens in einem herausfordernden Umfeld zu gestalten. Wir als Familie und der Verwaltungsrat danken Verena, dass sie mit ihrem tiefen Verständnis für die Veränderungen der globalen Märkte und ihrem Einfühlungsvermögen für die Marken geholfen hat, unsere Key Assets zuneuem Glanz zu verhelfen. Wir werden auch weiterhin in ihrer Rolle als Gesellschafterin mit ihr zusammenarbeiten."" Alexander Kühnen sagte: „Jeder kennt die Marken BAHLSEN, LEIBNIZ und PiCK UP! Auf der Basis dieser Tradition werden wir die Zukunft von Bahlsen gestalten. Diese Aufgabe motiviert mich außerordentlich, trotz oder gerade aufgrund der herausfordernden Rahmenbedingungen, die in der Lebensmittelbranche und darüber hinaus aktuell herrschen. Am meisten freue ich mich darauf, dies mit den Menschen bei Bahlsen gemeinsam zu tun.“ Verena Bahlsen sagte: „Ich habe die Transformation von Bahlsen und den Relaunch der Marken in den vergangenen Jahren mit großer Begeisterung für die Aufgabe mitgestaltet. Wir haben vieles auf den Weg gebracht und ich bin sehr froh, dass ich einen Teil dazu beitragen durfte. Jetzt wünsche ich Alexander Kühnen ganz viel Erfolg bei seiner Arbeit. Als Gesellschafterin werde ich den Weg von Bahlsen weiterhin eng begleiten.“",,,derzeit Vorsitzender der Geschäftsführung der Carl Kühne KG,,,,,0.25,,included_as_management_legal_representatives,gov.management_legal,management_legal_url_title
508f1903-71e7-4aab-aba6-000fed4d8b7d,23,VAILLANT GROUP,post_event,2020-07-01,2020-09-03,https://www.vaillant-group.com/unser-unternehmen/organisation,https://web.archive.org/web/20200903022719id_/https://www.vaillant-group.com/unser-unternehmen/organisation,Vaillant Group - Unser Unternehmen - Organisation,ownership_disclosure,"Das Familienunternehmen Bis heute engagiert sich die Eigentümerfamilie in den Gremien der Vaillant Group – und gestaltet so die Entwicklung des Unternehmens aktiv mit. Im Mittelpunkt: die nachhaltige Steigerung des Unternehmenswerts Die Eigentümer der Vaillant Group übernehmen im Gesellschafterausschuss, im Aufsichtsrat und in der Gesellschafterversammlung Verantwortung für das Unternehmen. Die Geschäftsführung legt die Unternehmensstrategie in enger Abstimmung mit dem Gesellschafterausschuss fest. Im Mittelpunkt steht dabei die nachhaltige Steigerung des Unternehmenswerts. Vorsitzender der Vaillant Group Geschäftsführung Dr.-Ing. Norbert Schiedeck Vorsitzender der Geschäftsführung seit 01.04.2014 Geschäftsführer der Vaillant GmbH, seit 01.05.2018 Vorsitzender der Geschäftsführung der Vaillant GmbH Nach dem Studium des Maschinenbaus und der Promotion an der Technischen Universität Clausthal arbeitete Dr.-Ing. Schiedeck in verschiedenen Positionen im Bereich Dieseleinspritzsysteme bei der Robert Bosch GmbH. Im Jahr 2000 wechselte er zur Volkswagen AG, wo er für diverse Aufgaben in der Motorenproduktion verantwortlich zeichnete. Von 2003 bis 2007 war Dr.-Ing. Schiedeck für die ThyssenKrupp Bilstein Suspension GmbH tätig, zuletzt als Technischer Geschäftsführer. Anschließend wurde er Mitglied des Vorstands der Vossloh AG, wo er von 2007 bis 2014 die Zentralbereiche Technik, Vertrieb und Personal verantwortete. Als Vorsitzender der Geschäftsführung verantwortet er die Unternehmensstrategie, den Ausbau des Wärmepumpengeschäfts, die IT und verschiedene Zentralbereiche. Geschäftsführer der Vaillant Group Dr. Stefan Borchers Geschäftsführer Finanzen und Dienstleistungen seit 01.01.2018 Geschäftsführer der Vaillant GmbH Nach seinem Studium der Betriebswirtschaftslehre war zunächst als wissenschaftlicher Mitarbeiter an der Technischen Universität Braunschweig tätig und promovierte dort im Bereich Controlling. Im Jahr 2000 trat er in die Deutsche Lufthansa AG ein und arbeitete dort im Bereich Beteiligungsmanagement / M&A. Zwei Jahre später wechselte Dr. Borchers in den Bayer-Konzern. Nachdem er in leitenden Positionen in Deutschland und Südamerika tätig war, übernahm er im August 2010 die Position des Vice President Global Accounting bei Bayer Material Science in Leverkusen. In die Vaillant Group trat er am 1. Mai 2012 als Group Finance Director ein. Als Geschäftsführer der Vaillant Group zeichnet er für die Bereiche Finanzen und Dienstleistungen verantwortlich. Dr. Andree Groos Geschäftsführer Vertrieb, Marketing und Service seit 01.10.2015 Geschäftsführer der Vaillant GmbH Nach dem Studium der Betriebswirtschaftslehre in Rostock und Fontainebleau und seiner Promotion in Innsbruck begann seine berufliche Laufbahn 2002 als Assistent der Geschäftsführung der Vaillant Group. 2004 übernahm er die Leitung des gruppenweiten Qualitätsmanagements. 2007 wechselte der Diplom-Kaufmann in den Bereich Marketing. Dort hatte er verschiedene leitende Funktionen inne, bevor er im Mai 2009 Geschäftsführer Vaillant Deutschland wurde. Seit September 2010 verantwortete Dr. Andree Groos zusätzlich zu dieser Aufgabe als Regionaldirektor die Vertriebs-, Marketing- und Serviceaktivitäten der Vaillant Group in Zentraleuropa. Als Geschäftsführer der Vaillant Group zeichnet Dr. Andree Groos für die Bereiche Vertrieb, Marketing und Service verantwortlich. Ralph Jakobs Geschäftsführer Technik seit 01.11.2019 Geschäftsführer der Vaillant GmbH Nach seinem Maschinenbau-Studium an der RWTH Aachen trat 1996 als Trainee in den Volkswagen-Konzern ein. Dort übernahm er unter anderem Aufgaben in den Bereichen Technische Entwicklung, Produktion, Projektmanagement und Qualitätssicherung. Später bekleidete er operative Führungsfunktionen in Deutschland und in den USA. Diese Funktionen deckten ein breites technisches Themenspektrum ab. Von 2016 bis Mai 2019 leitete Ralph Jakobs als Vice President die Forschungs- und Entwicklungsaktivitäten eines Joint Ventures des Volkswagen-Konzerns in China und war dort für 2.000 Mitarbeiter zuständig. Als Geschäftsführer der Vaillant Group zeichnet er für den Bereich Technik verantwortlich. Gesellschafterausschuss Die gewählte Vertretung der Eigentümer besteht aus drei Familienmitgliedern und zwei externen Mitgliedern. Dr. Matthias Blaum seit 2007 Dr. Hubertus W. Labes seit 2011 Dr. Patrick M. Müller seit 2018 Hartmut Reuter seit 2010 Dr. Philipp Vaillant seit 2002 Aufsichtsrat Der Aufsichtsrat besteht aus folgenden Mitgliedern: Vorsitzender Raimund Heuser seit 2016 stellv. Vorsitzender Dr. Kurt-Ludwig Gutberlet seit 2014 Kerstin Mittelbach seit 2017 Agustin Navarro-Lopez Robert Sadowsky Gabi Schilling Marcus Schmidt seit 2001","der Vaillant GmbH, seit 01",,Geschäftsführer der Vaillant GmbH,,,,,0.5,,included_as_ownership_disclosure,gov.ownership,ownership_url_title
508f1903-71e7-4aab-aba6-000fed4d8b7d,23,VAILLANT GROUP,post_event,2020-07-01,2020-09-03,https://www.vaillant-group.com/de/legalnotice-368494.html,https://web.archive.org/web/20200903022719id_/https://www.vaillant-group.com/de/legalnotice-368494.html,Vaillant Group - Impressum,legal_notice,"Anbieter Vaillant GmbH Berghauser Str. 40 42859 Remscheid Telefon: +49 2191 180 Gesellschaft mit beschränkter Haftung Sitz: Remscheid Registergericht: Amtsgericht Wuppertal HRB 11775 Geschäftsführer: Dr.-Ing. Norbert Schiedeck (Vorsitzender), Dr. Stefan Borchers, Dr. Andree Groos, Ralph Jakobs Vorsitzender des Aufsichtsrates: Dr. Matthias Blaum UST.-Ident-Nr. DE 811142240 Verantwortlich Dr. Jens Wichtermann Direktor Unternehmenskommunikation, Nachhaltigkeit & Politik 42850 Remscheid E-Mail: jens.wichtermann@vaillant-group.com Gestaltung & Design UDG United Digital Group GmbH Datenschutz Unsere Websites werden in verschiedenen Ländern betrieben und sind für Besucher aus diesen Ländern bestimmt. Ihre persönlichen Daten werden in Übereinstimmung mit den Datenschutzbestimmungen des Landes, in dem die Website betrieben wird, gespeichert und weiterverwendet. Genauere Informationen zum Datenschutz finden Sie auf der jeweiligen Website. Gesetzlicher Hinweis Seit dem 1. Januar 2013 sind wir gesetzlich verpflichtet, eine Pumpen-Ersatzteilliste (7599 kB) zu veröffentlichen. Bitte beachten Sie die folgenden wichtigen Hinweise, die auch in weiteren Sprachen (52 kB) vorliegen: - Durch unsachgemäße Installation eines Ersatzteils kann es zu Schäden kommen. - Montieren Sie diese Bauteile nur durch einen Fachmann! - Lesen Sie unbedingt vorher die dem Gerät beigefügte Installations- und Bedienungsanleitung! Diese Liste ersetzt nicht die jeweils gültigen Ersatzteilkataloge. - Wählen Sie das richtige Ersatzteil stets aus dem aktuellen Ersatzteilkatalog aus! Änderungen bleiben jederzeit vorbehalten. Seit dem 1. Januar 2013 werden Heizungsumwälzpumpen außerdem mit dem Energieeffizienzindex (EEI) bewertet. Der Index liefert einen Vergleichswert für den Energieverbrauch. Herkömmliche Umwälzpumpen haben einen Effizienzindex von ungefähr 0,8. Frei installierte Heizungspumpen müssen seit dem 1. Januar 2013 einen EEI < 0,27 aufweisen. Sie verbrauchen also rund 65 Prozent weniger elektrische Energie als eine herkömmliche Pumpe. Vom 1. August 2015 an wird dieser Wert verschärft auf EEI < 0,23. Die Anforderung gilt dann ebenfalls für die Heizungspumpen eines Wärmeerzeugers und für Solepumpen. Der Referenzwert für die effizientesten Umwälzpumpen ist EEI ≤ 0,20. Der Referenzwert ist auch in anderen Landessprachen als PDF verfügbar (34 kB). Darüber hinaus müssen ab dem 1. Januar 2013 Angaben darüber, wie Komponenten und Materialien von externen Umwälzpumpen und von in Produkte integrierten Umwälzpumpen am Ende der Lebensdauer zu demontieren, zu recyceln oder zu entsorgen sind, für Entsorgungseinrichtungen zur Verfügung gestellt werden. Bitte entnehmen Sie der Tabelle als PDF die Angaben zu Recyclingfähigkeit von Pumpen (34 kB). Dieser Hinweis ist auch in anderen Landessprachen als PDF (50 kB) verfügbar. Urheberrechte © Vaillant GmbH Berghauser Str. 40 , D-42859 Remscheid, Deutschland. Alle Rechte vorbehalten. Text, Bilder, Grafiken, Sound, Animationen und Videos sowie deren Anordnung auf der Vaillant Group Website unterliegen dem Schutz des Urheberrechts und anderer Schutzgesetze. Der Inhalt dieser Website darf nicht zu kommerziellen Zwecken kopiert, verbreitet, verändert oder Dritten zugänglich gemacht werden. Wir weisen daraufhin, dass auf den Websites enthaltene Bilder teilweise dem Urheberrecht Dritter unterliegen. Markenzeichen Soweit nicht anders angegeben, sind alle Markenzeichen auf dieser Website markenrechtlich zugunsten der Vaillant GmbH geschützt. Dies gilt insbesondere für Marken, Typenbezeichnungen, Logos und Embleme. Haftung Diese Website wurde mit größtmöglicher Sorgfalt zusammengestellt. Trotzdem kann keine Gewähr für die Fehlerfreiheit und Genauigkeit der enthaltenen Informationen übernommen werden. Jegliche Haftung für Schäden, die direkt oder indirekt aus der Benutzung dieser Website entstehen, wird ausgeschlossen, soweit diese nicht auf Vorsatz oder grober Fahrlässigkeit beruhen. Sofern von dieser Website auf Internetseiten verwiesen wird, die von Dritten betrieben werden, übernimmt die Vaillant GmbH keine Verantwortung für deren Inhalte. Nutzungsrechte Die Vaillant GmbH möchte sich Ihnen mit einer innovativen und informativen Website präsentieren. Das darin enthaltene geistige Eigentum wie Patente, Marken und Urheberrechte ist geschützt. Durch diese Website wird keine Lizenz zur Nutzung des geistigen Eigentums von Unternehmen der Vaillant GmbH oder Dritten erteilt. Streitbeilegungsverfahren vor einer Verbraucherschlichtungsstelle An einem Streitbeilegungsverfahren vor einer Verbraucherschlichtungsstelle nehmen wir nicht teil und sind hierzu auch nicht verpflichtet.",Dr,,Anbieter Vaillant GmbH,,Anbieter Vaillant GmbH Berghauser Str. 40 42859 Remscheid Telefon,11775 Gesch,,1.0,,included_as_legal_notice,gov.impressum_path,legal_notice_url_title
508f1903-71e7-4aab-aba6-000fed4d8b7d,23,VAILLANT GROUP,post_post_event,2022-07-01,2022-07-01,https://www.vaillant-group.com/unser-unternehmen/organisation,https://web.archive.org/web/20220701024011id_/https://www.vaillant-group.com/unser-unternehmen/organisation,Vaillant Group - Unser Unternehmen - Organisation,ownership_disclosure,"Das Familienunternehmen Bis heute engagiert sich die Eigentümerfamilie in den Gremien der Vaillant Group – und gestaltet so die Entwicklung des Unternehmens aktiv mit. Denken in Generationen Die Eigentümer der Vaillant Group übernehmen im Gesellschafterausschuss, im Aufsichtsrat und in der Gesellschafterversammlung Verantwortung für das Unternehmen. Die Geschäftsführung legt die Unternehmensstrategie in enger Abstimmung mit dem Gesellschafterausschuss fest. Dabei stehen sowohl ökonomische als auch ökologische und soziale Aspekte im Fokus. Zu unseren Zielen zählen die nachhaltige Steigerung des Unternehmenswertes und ein besseres Klima – auch für kommende Generationen. Vorsitzender der Vaillant Group Geschäftsführung Dr.-Ing. Norbert Schiedeck Vorsitzender der Geschäftsführung seit 01.04.2014 Geschäftsführer der Vaillant GmbH, seit 01.05.2018 Vorsitzender der Geschäftsführung der Vaillant GmbH Nach dem Studium des Maschinenbaus und der Promotion an der Technischen Universität Clausthal arbeitete in verschiedenen Positionen im Bereich Dieseleinspritzsysteme bei der Robert Bosch GmbH. Im Jahr 2000 wechselte er zur Volkswagen AG, wo er für diverse Aufgaben in der Motorenproduktion verantwortlich zeichnete. Von 2003 bis 2007 war Dr.-Ing. Schiedeck für die ThyssenKrupp Bilstein Suspension GmbH tätig, zuletzt als Technischer Geschäftsführer. Anschließend wurde er Mitglied des Vorstands der Vossloh AG, wo er von 2007 bis 2014 die Zentralbereiche Technik, Vertrieb und Personal verantwortete. Von 2014 bis 2018 zeichnete Dr.-Ing. Norbert Schiedeck als Geschäftsführer der Vaillant Group für das Industrial Ressort verantwortlich. Im Mai 2018 übernahm er den Vorsitz der Geschäftsführung. Geschäftsführer der Vaillant Group Dr. Stefan Borchers Geschäftsführer Finanzen und Dienstleistungen seit 01.01.2018 Geschäftsführer der Vaillant GmbH Nach seinem Studium der Betriebswirtschaftslehre war zunächst als wissenschaftlicher Mitarbeiter an der Technischen Universität Braunschweig tätig und promovierte dort im Bereich Controlling. Im Jahr 2000 trat er in die Deutsche Lufthansa AG ein und arbeitete dort im Bereich Beteiligungsmanagement / M&A. Zwei Jahre später wechselte Dr. Borchers in den Bayer-Konzern. Nachdem er in leitenden Positionen in Deutschland und Südamerika tätig war, übernahm er im August 2010 die Position des Vice President Global Accounting bei Bayer Material Science in Leverkusen. In die Vaillant Group trat er am 1. Mai 2012 als Group Finance Director ein. Als Geschäftsführer der Vaillant Group zeichnet er für die Bereiche Finanzen und Dienstleistungen verantwortlich. Dr. Andree Groos Geschäftsführer Vertrieb, Marketing und Service seit 01.10.2015 Geschäftsführer der Vaillant GmbH Nach dem Studium der Betriebswirtschaftslehre in Rostock und Fontainebleau und seiner Promotion in Innsbruck begann seine berufliche Laufbahn 2002 als Assistent der Geschäftsführung der Vaillant Group. 2004 übernahm er die Leitung des gruppenweiten Qualitätsmanagements. 2007 wechselte der Diplom-Kaufmann in den Bereich Marketing. Dort hatte er verschiedene leitende Funktionen inne, bevor er im Mai 2009 Geschäftsführer Vaillant Deutschland wurde. Seit September 2010 verantwortete Dr. Andree Groos zusätzlich zu dieser Aufgabe als Regionaldirektor die Vertriebs-, Marketing- und Serviceaktivitäten der Vaillant Group in Zentraleuropa. Als Geschäftsführer der Vaillant Group zeichnet Dr. Andree Groos für die Bereiche Vertrieb, Marketing und Service verantwortlich. Klaus König Geschäftsführer Industrial seit 01.02.2022 Geschäftsführer der Vaillant GmbH Nach seinem Maschinenbau-Studium an der RWTH Aachen trat 1997 als Trainee bei Kautex Textron, einem Hersteller von Kraftstoffsystemen für die Automobilindustrie, ein. Dort bekleidete er verschiedene Führungspositionen. 2017 wechselte er zu Kuka, einem führenden Anbieter von Industrierobotern. Dort war er zunächst als Chief Operating Officer für das operative Geschäft, die Produktion sowie die Lieferkette der Produkt-Fertigungsstandorte verantwortlich. Ab 2018 war er Vorsitzender der Geschäftsführung der Kuka Deutschland GmbH mit der Gesamtverantwortung für das Roboter-Produktgeschäft und den projektbezogenen Anlagenbau. Als Geschäftsführer der Vaillant Group zeichnet Klaus König für den Bereich Industrial verantwortlich. Gesellschafterausschuss Die gewählte Vertretung der Eigentümer besteht aus drei Familienmitgliedern und zwei externen Mitgliedern. Dr. Matthias Blaum seit 2007 Dr. Kurt-Ludwig Gutberlet seit 2022 Dr. Hubertus W. Labes seit 2011 Dr. Patrick M. Müller seit 2018 Dr. Philipp Vaillant seit 2002 Aufsichtsrat Der Aufsichtsrat besteht aus folgenden Mitgliedern: Vorsitzender Raimund Heuser seit 2016 stellv. Vorsitzender seit 2014 Axel Kleinjunge seit 2021 Diana Kraus Norbert Lux Agustin Navarro-Lopez Dr. Stefan Nöken Gabi Schilling seit 2001","der Vaillant GmbH, seit 01",,Geschäftsführer der Vaillant GmbH,,,,,0.5,,included_as_ownership_disclosure,gov.ownership,ownership_url_title
508f1903-71e7-4aab-aba6-000fed4d8b7d,23,VAILLANT GROUP,post_post_event,2022-07-01,2022-07-01,https://www.vaillant-group.com/de/legalnotice-368494.html,https://web.archive.org/web/20220701024011id_/https://www.vaillant-group.com/de/legalnotice-368494.html,Vaillant Group - Impressum,legal_notice,"Anbieter Vaillant GmbH Berghauser Str. 40 42859 Remscheid Telefon: +49 2191 18-0 Gesellschaft mit beschränkter Haftung Sitz: Remscheid Registergericht: Amtsgericht Wuppertal HRB 11775 Geschäftsführer: Dr.-Ing. Norbert Schiedeck (Vorsitzender), Dr. Stefan Borchers, Dr. Andree Groos, Klaus König Vorsitzender des Aufsichtsrates: Dr. Matthias Blaum UST.-Ident-Nr. DE 811142240 Verantwortlich Dr. Jens Wichtermann Direktor Unternehmenskommunikation, Nachhaltigkeit & Politik 42850 Remscheid E-Mail: jens.wichtermann@vaillant-group.com Gestaltung & Design UDG United Digital Group GmbH Datenschutz Unsere Websites werden in verschiedenen Ländern betrieben und sind für Besucher aus diesen Ländern bestimmt. Ihre persönlichen Daten werden in Übereinstimmung mit den Datenschutzbestimmungen des Landes, in dem die Website betrieben wird, gespeichert und weiterverwendet. Genauere Informationen zum Datenschutz finden Sie auf der jeweiligen Website. Gesetzlicher Hinweis Seit dem 1. Januar 2013 sind wir gesetzlich verpflichtet, eine Pumpen-Ersatzteilliste (7599 kB) zu veröffentlichen. Bitte beachten Sie die folgenden wichtigen Hinweise, die auch in weiteren Sprachen (52 kB) vorliegen: - Durch unsachgemäße Installation eines Ersatzteils kann es zu Schäden kommen. - Montieren Sie diese Bauteile nur durch einen Fachmann! - Lesen Sie unbedingt vorher die dem Gerät beigefügte Installations- und Bedienungsanleitung! Diese Liste ersetzt nicht die jeweils gültigen Ersatzteilkataloge. - Wählen Sie das richtige Ersatzteil stets aus dem aktuellen Ersatzteilkatalog aus! Änderungen bleiben jederzeit vorbehalten. Seit dem 1. Januar 2013 werden Heizungsumwälzpumpen außerdem mit dem Energieeffizienzindex (EEI) bewertet. Der Index liefert einen Vergleichswert für den Energieverbrauch. Herkömmliche Umwälzpumpen haben einen Effizienzindex von ungefähr 0,8. Frei installierte Heizungspumpen müssen seit dem 1. Januar 2013 einen EEI < 0,27 aufweisen. Sie verbrauchen also rund 65 Prozent weniger elektrische Energie als eine herkömmliche Pumpe. Vom 1. August 2015 an wird dieser Wert verschärft auf EEI < 0,23. Die Anforderung gilt dann ebenfalls für die Heizungspumpen eines Wärmeerzeugers und für Solepumpen. Der Referenzwert für die effizientesten Umwälzpumpen ist EEI ≤ 0,20. Der Referenzwert ist auch in anderen Landessprachen als PDF verfügbar (34 kB). Darüber hinaus müssen ab dem 1. Januar 2013 Angaben darüber, wie Komponenten und Materialien von externen Umwälzpumpen und von in Produkte integrierten Umwälzpumpen am Ende der Lebensdauer zu demontieren, zu recyceln oder zu entsorgen sind, für Entsorgungseinrichtungen zur Verfügung gestellt werden. Bitte entnehmen Sie der Tabelle als PDF die Angaben zu Recyclingfähigkeit von Pumpen (34 kB). Dieser Hinweis ist auch in anderen Landessprachen als PDF (50 kB) verfügbar. Urheberrechte © Vaillant GmbH Berghauser Str. 40 , D-42859 Remscheid, Deutschland. Alle Rechte vorbehalten. Text, Bilder, Grafiken, Sound, Animationen und Videos sowie deren Anordnung auf der Vaillant Group Website unterliegen dem Schutz des Urheberrechts und anderer Schutzgesetze. Der Inhalt dieser Website darf nicht zu kommerziellen Zwecken kopiert, verbreitet, verändert oder Dritten zugänglich gemacht werden. Wir weisen daraufhin, dass auf den Websites enthaltene Bilder teilweise dem Urheberrecht Dritter unterliegen. Markenzeichen Soweit nicht anders angegeben, sind alle Markenzeichen auf dieser Website markenrechtlich zugunsten der Vaillant GmbH geschützt. Dies gilt insbesondere für Marken, Typenbezeichnungen, Logos und Embleme. Haftung Diese Website wurde mit größtmöglicher Sorgfalt zusammengestellt. Trotzdem kann keine Gewähr für die Fehlerfreiheit und Genauigkeit der enthaltenen Informationen übernommen werden. Jegliche Haftung für Schäden, die direkt oder indirekt aus der Benutzung dieser Website entstehen, wird ausgeschlossen, soweit diese nicht auf Vorsatz oder grober Fahrlässigkeit beruhen. Sofern von dieser Website auf Internetseiten verwiesen wird, die von Dritten betrieben werden, übernimmt die Vaillant GmbH keine Verantwortung für deren Inhalte. Nutzungsrechte Die Vaillant GmbH möchte sich Ihnen mit einer innovativen und informativen Website präsentieren. Das darin enthaltene geistige Eigentum wie Patente, Marken und Urheberrechte ist geschützt. Durch diese Website wird keine Lizenz zur Nutzung des geistigen Eigentums von Unternehmen der Vaillant GmbH oder Dritten erteilt. Streitbeilegungsverfahren vor einer Verbraucherschlichtungsstelle An einem Streitbeilegungsverfahren vor einer Verbraucherschlichtungsstelle nehmen wir nicht teil und sind hierzu auch nicht verpflichtet.",Dr,,Anbieter Vaillant GmbH,,Anbieter Vaillant GmbH Berghauser Str. 40 42859 Remscheid Telefon,11775 Gesch,,1.0,,included_as_legal_notice,gov.impressum_path,legal_notice_url_title
508f1903-71e7-4aab-aba6-000fed4d8b7d,23,VAILLANT GROUP,pre_event,2016-07-01,2016-07-15,http://www.vaillant-group.com/unser-unternehmen/organisation/index.de_de.html,https://web.archive.org/web/20160715150237id_/http://www.vaillant-group.com/unser-unternehmen/organisation/index.de_de.html,Vaillant Group - Unser Unternehmen - Organisation,ownership_disclosure,"Geschäftsführer der Vaillant Group Dr. Carsten Voigtländer Vorsitzender der Geschäftsführung * 1963 seit 01.09.2009 Geschäftsführer der Vaillant GmbH, seit 01.01.2011 Vorsitzender der Geschäftsführung Dr. Carsten Voigtländer wurde am 14. September 1963 geboren. Sein Studium Maschinenbau und Verfahrenstechnik an der Technischen Universität Braunschweig schloss er mit Diplom und Promotion ab. Nach wissenschaftlicher Tätigkeit am Institut für Thermodynamik der TU Braunschweig und verschiedenen Stationen bei der in Neumünster ansässigen Neumag war er zuletzt CEO von Oerlikon Textile mit Sitz in Remscheid. Dr. Voigtländer ist verheiratet und hat zwei Kinder. Er ist Vorsitzender der Geschäftsführung der Vaillant Group. Geschäftsführer der Vaillant Group Dr. Andree Groos Geschäftsführer Vertrieb, Marketing und Service * 1973 seit 01.10.2015 Geschäftsführer der Vaillant GmbH Dr. Andree Groos wurde am 3. Dezember 1973 in Siegen geboren. Nach dem Studium der Betriebswirtschaftslehre in Rostock und Fontainebleau und seiner Promotion in Innsbruck begann Dr. Groos seine berufliche Laufbahn 2002 als Assistent der Geschäftsführung der Vaillant Group. 2004 übernahm er die Leitung des gruppenweiten Qualitätsmanagements. 2007 wechselte der Diplom-Kaufmann in den Bereich Marketing. Dort hatte er verschiedene leitende Funktionen inne, bevor er im Mai 2009 zum Geschäftsführer Vaillant Deutschland berufen wurde. Seit September 2010 verantwortete Dr. Andree Groos zusätzlich zu dieser Aufgabe als Regionaldirektor die Vertriebs-, Marketing- und Serviceaktivitäten der Vaillant Group in Zentraleuropa. Dr. Groos ist verheiratet und hat drei Kinder. Als Geschäftsführer der Vaillant Group zeichnet Dr. Andree Groos für die Bereiche Vertrieb, Marketing und Service verantwortlich. Geschäftsführer der Vaillant Group Dr. Dietmar Meister Geschäftsführer Finanzen & Dienstleistungen * 1962 seit 01.07.2009 Geschäftsführer der Vaillant GmbH Dr. Dietmar Meister wurde am 19. August 1962 geboren. Nach seinem Studienabschluss übernahm der promovierte Diplom-Betriebswirt 1991 bei der Daimler-Benz AG verschiedene Führungsaufgaben im operativen Controlling eines großen Werks sowie im Bereich Finanzdienstleistungen. 1997 wechselte er als Leiter des Konzerncontrollings zur Jungheinrich AG nach Hamburg. Danach war er von 2000 bis 2006 für den Geschäftsbereich Kältetechnik der Linde AG in Köln als kaufmännischer Geschäftsführer tätig. Im Jahr 2006 übernahm Dr. Meister die kaufmännische Gesamtverantwortung der Brose Gruppe, Coburg, einem weltweit tätigen Zulieferer der Automobilindustrie. Dr. Meister ist verheiratet und hat einen Sohn. Als Geschäftsführer der Vaillant Group zeichnet Dr. Dietmar Meister für die Bereiche Finanzen und Dienstleistungen verantwortlich. Geschäftsführer der Vaillant Group Dr. Norbert Schiedeck Geschäftsführer Technik * 1965 seit 01.04.2014 Geschäftsführer der Vaillant GmbH Dr. Norbert Schiedeck wurde am 13. Dezember 1965 geboren. Nach dem Studium des Maschinenbaus und der Promotion an der Technischen Universität Clausthal arbeitete Dr. Schiedeck in verschiedenen Positionen im Bereich Dieseleinspritzsysteme bei der Robert Bosch GmbH. Im Jahr 2000 wechselte er zur Volkswagen AG, wo er für diverse Aufgaben in der Motorenproduktion verantwortlich zeichnete. Von 2003 bis 2007 war Dr. Schiedeck für die ThyssenKrupp Bilstein Suspension GmbH tätig, zuletzt als Technischer Geschäftsführer. Anschließend wurde er Mitglied des Vorstands der Vossloh AG, wo er von 2007 bis 2014 die Zentralbereiche Technik, Vertrieb und Personal verantwortete. Dr. Norbert Schiedeck ist verheiratet und hat vier Kinder. Als Geschäftsführer der Vaillant Group zeichnet Dr. Norbert Schiedeck für den Bereich Technik verantwortlich. Gesellschafterausschuss Mitglieder des Gesellschafterausschusses Die gewählte Vertretung der Eigentümer besteht aus drei Familienmitgliedern und zwei externen Mitgliedern. Dr. Matthias Blaum - Rechtsanwalt, Meerbusch - * 1955 - seit 2007 Dr. Hubertus W. Labes - Rechtsanwalt, Hamburg - * 1961 - seit 2011 Dr. Christoph M. Müller - Rechtsanwalt, Küssnacht am Rigi/Schweiz - * 1948 - seit 1986 Hartmut Reuter - Unternehmensberater, Steckborn/Schweiz - * 1957 - seit 2010 Dr. Philipp Vaillant - Dipl.-Ingenieur, Hannover - * 1968 - seit 2002 Mitglieder des Aufsichtsrats Aufsichtsrat Der Aufsichtsrat besteht aus sechs Vertretern der Eigentümer und sechs Vertretern der Arbeitnehmer. Dr. Matthias Blaum - Rechtsanwalt, Meerbusch - * 1955 - seit 2007 - Vorsitzender seit 25.06.2007 Yasemin Rosenau - Betriebsratsvorsitzende Vaillant GmbH, Gelsenkirchen, Gelsenkirchen - * 1968 - seit 2006 - Stellvertretende Vorsitzende seit 29.06.2011 Dr. Kurt-Ludwig Gutberlet - Unternehmensberater, Holzkirchen - * 1957 - seit 2014 René Krakau - Mitglied des Betriebsrats Vaillant GmbH, Remscheid, Remscheid - * 1963 - seit 2013 Dr. Hubertus W. Labes - Rechtsanwalt, Hamburg - * 1961 - seit 2011 Norbert Lux - Gewerkschaftssekretär IG Metall Remscheid-Solingen, Remscheid - * 1962 - seit 2010 Dr. Christoph M. Müller - Rechtsanwalt, Küssnacht am Rigi/Schweiz - * 1948 - seit 2001 Agustin Navarro-Lopez - Mitglied des Betriebsrats Vaillant GmbH, Remscheid, Remscheid - * 1960 - seit 2011 Hartmut Reuter - Unternehmensberater, Steckborn/Schweiz - * 1957 - seit 2010 Marcus Schmidt - Human Resources Manager, Dortmund - * 1966 - seit 2011 Dr. Philipp Vaillant - Dipl.-Ingenieur, Hannover - * 1968 - seit 2001 Sibylle Wankel - Gewerkschaftssekretärin der IG Metall Bezirksleitung Bayern, München - * 1964 - seit 2001",der Vaillant Group Dr,,Geschäftsführer der Vaillant GmbH,,,,,0.5,,included_as_ownership_disclosure,gov.ownership,ownership_url_title
508f1903-71e7-4aab-aba6-000fed4d8b7d,23,VAILLANT GROUP,pre_event,2016-07-01,2016-07-15,http://www.vaillant-group.com/impressum-1-368494.de_de.html,https://web.archive.org/web/20160715150237id_/http://www.vaillant-group.com/impressum-1-368494.de_de.html,Vaillant Group - Impressum,impressum,"Anbieter Vaillant GmbH Berghauser Str. 40 42859 Remscheid Telefon: +49 2191 180 Gesellschaft mit beschränkter Haftung Sitz: Remscheid Registergericht: Amtsgericht Wuppertal HRB 11775 Geschäftsführer: Dr. Carsten Voigtländer (Vorsitzender), Dr. Andree Groos, Dr. Dietmar Meister, Dr. Norbert Schiedeck Vorsitzender des Aufsichtsrates: Dr. Matthias Blaum UST.-Ident-Nr. DE 811142240 Verantwortlich Dr. Jens Wichtermann Direktor Unternehmenskommunikation, Nachhaltigkeit & Politik 42850 Remscheid E-Mail: jens.wichtermann@vaillant.de Gestaltung & Design UDG United Digital Group GmbH Datenschutz Unsere Websites werden in verschiedenen Ländern betrieben und sind für Besucher aus diesen Ländern bestimmt. Ihre persönlichen Daten werden in Übereinstimmung mit den Datenschutzbestimmungen des Landes, in dem die Website betrieben wird, gespeichert und weiterverwendet. Genauere Informationen zum Datenschutz finden Sie auf der jeweiligen Website. Gesetzlicher Hinweis Seit dem 1. Januar 2013 sind wir gesetzlich verpflichtet, eine Pumpen-Ersatzteilliste (7599 kB) zu veröffentlichen. Bitte beachten Sie die folgenden wichtigen Hinweise, die auch in weiteren Sprachen (52 kB) vorliegen: - Durch unsachgemäße Installation eines Ersatzteils kann es zu Schäden kommen. - Montieren Sie diese Bauteile nur durch einen Fachmann! - Lesen Sie unbedingt vorher die dem Gerät beigefügte Installations- und Bedienungsanleitung! Diese Liste ersetzt nicht die jeweils gültigen Ersatzteilkataloge. - Wählen Sie das richtige Ersatzteil stets aus dem aktuellen Ersatzteilkatalog aus! Änderungen bleiben jederzeit vorbehalten. Seit dem 1. Januar 2013 werden Heizungsumwälzpumpen außerdem mit dem Energieeffizienzindex (EEI) bewertet. Der Index liefert einen Vergleichswert für den Energieverbrauch. Herkömmliche Umwälzpumpen haben einen Effizienzindex von ungefähr 0,8. Frei installierte Heizungspumpen müssen seit dem 1. Januar 2013 einen EEI < 0,27 aufweisen. Sie verbrauchen also rund 65 Prozent weniger elektrische Energie als eine herkömmliche Pumpe. Vom 1. August 2015 an wird dieser Wert verschärft auf EEI < 0,23. Die Anforderung gilt dann ebenfalls für die Heizungspumpen eines Wärmeerzeugers und für Solepumpen. Der Referenzwert für die effizientesten Umwälzpumpen ist EEI ≤ 0,20. Der Referenzwert ist auch in anderen Landessprachen als PDF verfügbar (34 kB). Darüber hinaus müssen ab dem 1. Januar 2013 Angaben darüber, wie Komponenten und Materialien von externen Umwälzpumpen und von in Produkte integrierten Umwälzpumpen am Ende der Lebensdauer zu demontieren, zu recyceln oder zu entsorgen sind, für Entsorgungseinrichtungen zur Verfügung gestellt werden. Bitte entnehmen Sie der Tabelle als PDF die Angaben zu Recyclingfähigkeit von Pumpen (34 kB). Dieser Hinweis ist auch in anderen Landessprachen als PDF (50 kB) verfügbar. Urheberrechte © Vaillant GmbH Berghauser Str. 40 , D-42859 Remscheid, Deutschland. Alle Rechte vorbehalten. Text, Bilder, Grafiken, Sound, Animationen und Videos sowie deren Anordnung auf der Vaillant Group Website unterliegen dem Schutz des Urheberrechts und anderer Schutzgesetze. Der Inhalt dieser Website darf nicht zu kommerziellen Zwecken kopiert, verbreitet, verändert oder Dritten zugänglich gemacht werden. Wir weisen daraufhin, dass auf den Websites enthaltene Bilder teilweise dem Urheberrecht Dritter unterliegen. Markenzeichen Soweit nicht anders angegeben, sind alle Markenzeichen auf dieser Website markenrechtlich zugunsten der Vaillant GmbH geschützt. Dies gilt insbesondere für Marken, Typenbezeichnungen, Logos und Embleme. Haftung Diese Website wurde mit größtmöglicher Sorgfalt zusammengestellt. Trotzdem kann keine Gewähr für die Fehlerfreiheit und Genauigkeit der enthaltenen Informationen übernommen werden. Jegliche Haftung für Schäden, die direkt oder indirekt aus der Benutzung dieser Website entstehen, wird ausgeschlossen, soweit diese nicht auf Vorsatz oder grober Fahrlässigkeit beruhen. Sofern von dieser Website auf Internetseiten verwiesen wird, die von Dritten betrieben werden, übernimmt die Vaillant GmbH keine Verantwortung für deren Inhalte. Nutzungsrechte Die Vaillant GmbH möchte sich Ihnen mit einer innovativen und informativen Website präsentieren. Das darin enthaltene geistige Eigentum wie Patente, Marken und Urheberrechte ist geschützt. Durch diese Website wird keine Lizenz zur Nutzung des geistigen Eigentums von Unternehmen der Vaillant GmbH oder Dritten erteilt.",Dr,,Anbieter Vaillant GmbH,,Anbieter Vaillant GmbH Berghauser Str. 40 42859 Remscheid Telefon,11775 Gesch,,1.0,,included_as_impressum,gov.impressum_path,impressum_url_title
508f1903-71e7-4aab-aba6-000fed4d8b7d,27,DOUGLAS HOLDING / DOUGLAS GROUP,event,2012-07-01,2012-06-16,http://www.douglas-holding.de/index.php?id=189,https://web.archive.org/web/20120616032758id_/http://www.douglas-holding.de/index.php?id=189,DOUGLAS HOLDING: Impressum,impressum,"Startseite Impressum DOUGLAS HOLDING AG Kabeler Straße 4 58099 Hagen Tel.: +49 (0)2331 / 690-0 Fax.: +49 (0)2331 / 690-271 Email: info@douglas-holding.com Ust.IdNr.: DE 125 135 697 Handelsregister Hagen: HRB 242 Vorstand Dr. Henning Kreke (Vors.) Dr. Burkhard Bamberger Anke Giesen Vorsitzender des Aufsichtsrates Dr. Jörn Kreke Rechtliche Hinweise Die DOUGLAS HOLDING AG prüft und aktualisiert die Informationen auf ihren Webseiten ständig. Trotz aller Sorgfalt können sich die Daten inzwischen verändert haben. Eine Haftung oder Garantie für die Aktualität, Richtigkeit und Vollständigkeit der zur Verfügung gestellten Informationen kann daher nicht übernommen werden. Gleiches gilt auch für alle anderen Webseiten, auf die mittels Hyperlink verwiesen wird. Die DOUGLAS HOLDING AG ist für den Inhalt der Webseiten, die aufgrund einer solchen Verbindung erreicht werden, nicht verantwortlich. Des weiteren behält sich die DOUGLAS HOLDING AG das Recht vor, Änderungen oder Ergänzungen der bereitgestellten Informationen vorzunehmen. Inhalt und Struktur der DOUGLAS HOLDING AG Webseiten sind urheberrechtlich geschützt. Die Vervielfältigung von Informationen oder Daten, insbesondere die Verwendung von Texten, Textteilen oder Bildmaterial, bedarf der vorherigen Zustimmung der DOUGLAS HOLDING AG. Datenschutz Sofern innerhalb der Webseiten die Möglichkeit zur Eingabe persönlicher oder geschäftlicher Daten (Emailadressen, Namen, Anschriften) besteht, so erfolgt die Preisgabe dieser Daten seitens des Nutzers auf ausdrücklich freiwilliger Basis. Die Inanspruchnahme und Bezahlung aller angebotenen Dienste ist - soweit technisch möglich und zumutbar - auch ohne Angabe solcher Daten bzw. unter Angabe anonymisierter Daten oder eines Pseudonyms gestattet. Linkhinweis Mit Urteil vom 12. Mai 1998 hat das Landgericht Hamburg entschieden, dass man durch Setzen eines Links sich die Inhalte der gelinkten Seite zu eigen macht und ggf. mit zu verantworten hat. Dem kann man - so das LG - nur dadurch entgegenwirken, indem man sich ausdrücklich von den Inhalten der verlinkten Seiten distanziert. Wir distanzieren uns deshalb hiermit ausdrücklich von Inhalten jeglicher Art auf den von uns verlinkten Seiten. Wir erklären ausdrücklich, dass wir auf die außerhalb unserer Domain liegenden Seiten keinerlei Einfluss bezüglich deren Gestaltung und Inhalt haben und somit auch nicht verantwortlich sind.",,,Startseite Impressum DOUGLAS HOLDING AG,AG Kabeler Straße 4 58099 Hagen Tel,Startseite Impressum DOUGLAS HOLDING AG Kabeler Straße 4 58099 Hagen Tel.,Hagen,,1.0,,included_as_impressum,gov.impressum_title,impressum_url_title
508f1903-71e7-4aab-aba6-000fed4d8b7d,27,DOUGLAS HOLDING / DOUGLAS GROUP,post_event,2014-07-01,2014-03-13,http://douglas-holding.de/index.php?id=189,https://web.archive.org/web/20140313054235id_/http://douglas-holding.de/index.php?id=189,DOUGLAS HOLDING: Impressum,impressum,"Startseite Impressum DOUGLAS HOLDING AG Kabeler Straße 4 58099 Hagen Tel.: +49 (0)2331 / 690-0 Fax.: +49 (0)2331 / 690-271 Email: info@douglas-holding.com Ust.IdNr.: DE 125 135 697 Handelsregister Hagen: HRB 242 Vorstand Dr. Henning Kreke (Vors.) Dr. Dennis Schulze Manfred Kroneder Michael Busch Vorsitzender des Aufsichtsrates Dr. Jörn Kreke Rechtliche Hinweise Die DOUGLAS HOLDING AG prüft und aktualisiert die Informationen auf ihren Webseiten ständig. Trotz aller Sorgfalt können sich die Daten inzwischen verändert haben. Eine Haftung oder Garantie für die Aktualität, Richtigkeit und Vollständigkeit der zur Verfügung gestellten Informationen kann daher nicht übernommen werden. Gleiches gilt auch für alle anderen Webseiten, auf die mittels Hyperlink verwiesen wird. Die DOUGLAS HOLDING AG ist für den Inhalt der Webseiten, die aufgrund einer solchen Verbindung erreicht werden, nicht verantwortlich. Des weiteren behält sich die DOUGLAS HOLDING AG das Recht vor, Änderungen oder Ergänzungen der bereitgestellten Informationen vorzunehmen. Inhalt und Struktur der DOUGLAS HOLDING AG Webseiten sind urheberrechtlich geschützt. Die Vervielfältigung von Informationen oder Daten, insbesondere die Verwendung von Texten, Textteilen oder Bildmaterial, bedarf der vorherigen Zustimmung der DOUGLAS HOLDING AG. Datenschutz Sofern innerhalb der Webseiten die Möglichkeit zur Eingabe persönlicher oder geschäftlicher Daten (Emailadressen, Namen, Anschriften) besteht, so erfolgt die Preisgabe dieser Daten seitens des Nutzers auf ausdrücklich freiwilliger Basis. Die Inanspruchnahme und Bezahlung aller angebotenen Dienste ist - soweit technisch möglich und zumutbar - auch ohne Angabe solcher Daten bzw. unter Angabe anonymisierter Daten oder eines Pseudonyms gestattet. Linkhinweis Mit Urteil vom 12. Mai 1998 hat das Landgericht Hamburg entschieden, dass man durch Setzen eines Links sich die Inhalte der gelinkten Seite zu eigen macht und ggf. mit zu verantworten hat. Dem kann man - so das LG - nur dadurch entgegenwirken, indem man sich ausdrücklich von den Inhalten der verlinkten Seiten distanziert. Wir distanzieren uns deshalb hiermit ausdrücklich von Inhalten jeglicher Art auf den von uns verlinkten Seiten. Wir erklären ausdrücklich, dass wir auf die außerhalb unserer Domain liegenden Seiten keinerlei Einfluss bezüglich deren Gestaltung und Inhalt haben und somit auch nicht verantwortlich sind.",,,Startseite Impressum DOUGLAS HOLDING AG,AG Kabeler Straße 4 58099 Hagen Tel,Startseite Impressum DOUGLAS HOLDING AG Kabeler Straße 4 58099 Hagen Tel.,Hagen,,1.0,,included_as_impressum,gov.impressum_title,impressum_url_title
508f1903-71e7-4aab-aba6-000fed4d8b7d,27,DOUGLAS HOLDING / DOUGLAS GROUP,post_event,2014-07-01,2014-03-13,http://douglas-holding.de/index.php?id=2057,https://web.archive.org/web/20140313054235id_/http://douglas-holding.de/index.php?id=2057,DOUGLAS HOLDING: Nocibé,corporate_affiliation,"DOUGLAS-Gesellschafter unterzeichnen Vertrag zur Übernahme von Nocibé 14. Februar 2014 Die Al Perfume France SAS, eine indirekt von den Gesellschaftern der DOUGLAS HOLDING AG kontrollierte Gesellschaft, hat heute einen Vertrag zur Übernahme der französischen Parfümeriekette Nocibé unterzeichnet. Nocibé gehörte bisher Fonds, die mehrheitlich vom europäischen Finanzinvestor Charterhouse Capital Partners kontrolliert werden. Die DOUGLAS-Gesellschafter sind im Oktober 2013 in exklusive Verhandlungen mit Charterhouse Capital Partners eingetreten. Seit dem 23. Januar 2014 liegt nunmehr auch die für eine Kaufvertragsunterzeichnung in Frankreich erforderliche Stellungnahme des Nocibé-Betriebsrats vor. Somit steht die Transaktion nur noch unter dem Vorbehalt der Genehmigung durch die Kartellbehörden. Mit der Übernahme von Nocibé will die DOUGLAS-Gruppe, die sich seit Mai 2013 im alleinigen Besitz von Advent International und der Gründerfamilie Kreke befindet, ihre Position als führende Parfümeriekette in Europa nochmals deutlich ausbauen. Mit Vollzug der Transaktion würden Douglas und Nocibé gemeinsam über das größte Parfümerie-Filialnetz in Frankreich verfügen. Dr. Henning Kreke, Vertreter der Familie Kreke, sagte: „Wir freuen uns, dass wir nun den nächsten Schritt in unserer Wachstumsstrategie erfolgreich umsetzen können. Douglas und Nocibé sind zwei spezialisierte Parfümerieketten und passen daher sehr gut zusammen. In Zukunft werden wir den Wachstumskurs gemeinsam fortführen. Dabei setzen wir insbesondere auf ein größeres Filialnetz und deutlich erweiterte und attraktivere Produkt- und Serviceangebote.“ Isabelle Parize, CEO von Nocibé, erklärte: „Die Transaktion bietet ausgezeichnete zusätzliche Chancen für Nocibé, die bereits heute eine der führenden französischen Parfümerieketten ist. Die Einbindung in die internationale DOUGLAS-Gruppe fällt mit unserem 30-jährigen Jubiläum zusammen und stellt einen Wendepunkt für unsere Marke dar: Sie verschafft uns die nötigen Mittel, um unsere weitere Entwicklung voranzutreiben. Wir teilen mit Douglas eine sehr ähnliche Unternehmens- und Wertekultur. Daher gewinnen wir an Weitblick und können ehrgeizige, inspirierende und mutige Projekte umsetzen.“",,,eine indirekt von den Gesellschaftern der DOUGLAS HOLDING AG,"AG kontrollierte Gesellschaft, hat heute einen Vertrag zur Übernahme der französischen Parfümeriekette Nocibé unterzeich",,,,0.5,,included_as_corporate_affiliation,gov.affiliation,affiliation_url_title
508f1903-71e7-4aab-aba6-000fed4d8b7d,27,DOUGLAS HOLDING / DOUGLAS GROUP,pre_event,2010-07-01,2010-07-04,http://www.douglas-holding.de/index.php?id=189,https://web.archive.org/web/20100704103411id_/http://www.douglas-holding.de/index.php?id=189,Impressum,impressum,"DOUGLAS HOLDING AG Kabeler Stra�e 4 58099 Hagen Tel.: +49 (0)2331 / 690-0 Fax.: +49 (0)2331 / 690-271 Email: info@douglas-holding.com Ust.IdNr.: DE 125 135 697 Handelsregister Hagen: HRB 242 Vorstand Dr. Henning Kreke (Vors.) Dr. Burkhard Bamberger Anke Giesen Vorsitzender des Aufsichtsrates Dr. J�rn Kreke Rechtliche Hinweise Die DOUGLAS HOLDING AG pr�ft und aktualisiert die Informationen auf ihren Webseiten st�ndig. Trotz aller Sorgfalt k�nnen sich die Daten inzwischen ver�ndert haben. Eine Haftung oder Garantie f�r die Aktualit�t, Richtigkeit und Vollst�ndigkeit der zur Verf�gung gestellten Informationen kann daher nicht �bernommen werden. Gleiches gilt auch f�r alle anderen Webseiten, auf die mittels Hyperlink verwiesen wird. Die DOUGLAS HOLDING AG ist f�r den Inhalt der Webseiten, die aufgrund einer solchen Verbindung erreicht werden, nicht verantwortlich. Des weiteren beh�lt sich die DOUGLAS HOLDING AG das Recht vor, �nderungen oder Erg�nzungen der bereitgestellten Informationen vorzunehmen. Inhalt und Struktur der DOUGLAS HOLDING AG Webseiten sind urheberrechtlich gesch�tzt. Die Vervielf�ltigung von Informationen oder Daten, insbesondere die Verwendung von Texten, Textteilen oder Bildmaterial, bedarf der vorherigen Zustimmung der DOUGLAS HOLDING AG. Datenschutz Sofern innerhalb der Webseiten die M�glichkeit zur Eingabe pers�nlicher oder gesch�ftlicher Daten (Emailadressen, Namen, Anschriften) besteht, so erfolgt die Preisgabe dieser Daten seitens des Nutzers auf ausdr�cklich freiwilliger Basis. Die Inanspruchnahme und Bezahlung aller angebotenen Dienste ist - soweit technisch m�glich und zumutbar - auch ohne Angabe solcher Daten bzw. unter Angabe anonymisierter Daten oder eines Pseudonyms gestattet. Linkhinweis Mit Urteil vom 12. Mai 1998 hat das Landgericht Hamburg entschieden, dass man durch Setzen eines Links sich die Inhalte der gelinkten Seite zu eigen macht und ggf. mit zu verantworten hat. Dem kann man - so das LG - nur dadurch entgegenwirken, indem man sich ausdr�cklich von den Inhalten der verlinkten Seiten distanziert. Wir distanzieren uns deshalb hiermit ausdr�cklich von Inhalten jeglicher Art auf den von uns verlinkten Seiten. Wir erkl�ren ausdr�cklich, dass wir auf die au�erhalb unserer Domain liegenden Seiten keinerlei Einfluss bez�glich deren Gestaltung und Inhalt haben und somit auch nicht verantwortlich sind.",,,DOUGLAS HOLDING AG,AG Kabeler Stra�e 4 58099 Hagen Tel,e 4 58099 Hagen Tel.,Hagen,,1.0,,included_as_impressum,gov.impressum_title,impressum_url_title
