run_id,firm_id,company,relative_timepoint,branding_text,branding_word_count,branding_token_count,source_page_count,source_page_urls_json,source_page_categories_json,text_analysis_eligible,text_analysis_quality_band
c956bd4e-2b8a-4c48-8780-c187587f46b3,1,BLUE MOON COMMUNICATION CONSULTANTS GMBH,pre_pre_event,"BLUE MOON: DEINE FULL SERVICE WERBEAGENTUR. Familiär. Zuverlässig. State of the Art. Als unabhängige, familiengeführte Werbeagentur mit Sitz in Neuss bei Düsseldorf navigiert BLUE MOON seit 25 Jahren Kunden zum Marketing-Erfolg. Unsere vier eigenständigen Teams für PR, Social Media, Branding und Online Marketing bilden einen Kompetenz-Hub, der uns zur optimal aufgestellten Full Service Agentur für den Mittelstand macht. Unser Anspruch lautet: Wir MACHEN Weltmarktführer! Oder ganz konkret: Wir entwickeln und verwirklichen die Marketing-Strategie, die perfekt zu deinen Vertriebszielen passt. Da trifft es sich umso besser, dass wir seit mehr als zwei Jahrzehnten einen starken Fokus auf Kunden aus Mittelstand, Industrie und B2B legen. In Branchen wie Sanitär/Heizung/Klima, Bau, Elektrotechnik und Automotive sind wir bestens vernetzt und verfügen über tiefgreifendes technisches Verständnis. Mit unseren Kunden verbinden uns gemeinsame Werte. Seit Anita Gilges BLUE MOON im Jahr 2000 in der Region Neuss/Düsseldorf gegründet hat, agieren wir als unabhängiges Familienunternehmen. Statt auf „Hire & Fire“ setzen wir auf langfristige Mitarbeiterbindung und -entwicklung – unsere Kunden profitieren von festen, erfahrenen Ansprechpartnern. Wir passen uns jederzeit flexibel an Markttrends an und entwickeln unsere Kompetenzen permanent im Sinne unserer Kunden und Zielbranchen weiter. Sie sehen gerade einen Platzhalterinhalt von YouTube. Um auf den eigentlichen Inhalt zuzugreifen, klicken Sie auf die Schaltfläche unten. Bitte beachten Sie, dass dabei Daten an Drittanbieter weitergegeben werden. Mehr Informationen get in touch

+49 2131 66156-0 info[at]bluemoon.de Newsletter Blog News Lexikon Deutsch English Italiano Français Nederlands Polski Español Home Agentur Projekte Kunden Karriere Trendabende Werbung Kampagnen Anzeigen Messedesign VKF Events Marketing Vertriebsmarketing Balanced Branding Employer Branding CSR Online Marketing Internet Social Media Video Foto SEO/SEA Apps 3D-Animationen PR Fachpresse PR Online-PR Dokumentation Krisen-PR IPR Netzwerk Erfolgsstory Leistungen Grafik Design Corporate Design Corporate Publishing Corporate Building Facebook YouTube Xing Twitter Sozial Media Telefon Kontakt BLUE MOON – die Full Service Werbeagentur für den Mittelstand Als Full Service Werbeagentur aus Neuss bei Düsseldorf bringt BLUE MOON mittelständische Unternehmen auf Erfolgskurs – digital, analog und auch international. Die Spezialisten unseres crossfunktionalen Teams bieten crossmediales Marketing für eine zielgerichtete und erfolgreiche 360° Kommunikation. Ob PR und internationale PR, Werbung, Grafik Design, Events, Internet & Apps oder Social Media – mit unseren Full-Service-Leistungen aus einer Hand erzielen wir messbare Ergebnisse – und das zu einem fairen Preis. Ob innovativer Mittelständler oder internationaler Konzern – auf BLUE MOON können Sie sich immer verlassen und gewinnen mehr Zeit für Ihr Tagesgeschäft. BLUE MOON: effizient, inspirierend, servicestark für Ihren Erfolg. Werbung // Rust-Oleum Kreativ-Event Oerlikon Messekonzept Solidpower: Event zum Produktlaunch GRAFIK DESIGN // Varisol Endkunden-Broschüren + Projektübersicht Werbeagentur und PR-Agentur BLUE MOON Neuss bei Düsseldorf Ihre Full Service Agentur für klassische Werbung Als PR-Agentur gegründet, ist BLUE MOON heute eine Werbeagentur zur Lösung anspruchsvoller Kommunikationsaufgaben. Von internationaler PR bis zum Grafik Design bietet unsere Agentur Full Service in den Bereichen Werbung, PR, Internationale PR, Grafik Design, Marketing und Online Marketing. PR-Agentur BLUE MOON – Ihre Profis für Public Relations Kern der Öffentlichkeitsarbeit sind Beziehungen Ob klassische Public Relations, Fachpressearbeit, PR-Events, der Aufbau von Pressediensten, Corporate Publishing, Internationale PR, Krisen-PR oder Dokumentation – wir schlagen die richtigen Töne an und sorgen dafür, dass Ihr Unternehmen in guten wie in schlechten Zeiten ganz vorne mitspielt. BLUE MOON, die Agentur für internationale PR 24 Partneragenturen weltweit Als PR-Agentur im Raum Neuss/Düsseldorf sind wir global vernetzt. Wir sind die Leadagentur eines internationalen Agentur-Netzwerkes und begleiten gemeinsam mit unseren Partnern die PR unserer mittelständischen Kunden wie Viega, hülsta, Solarlux oder FP International weltweit. Grafik Design Agentur – wir machen Ihr Unternehmen unverwechselbar Corporate Design für einen professionellen Auftritt Mit einem professionellen Corporate Design sorgen wir dafür, dass Sie ein einheitliches und positives Unternehmensbild in der Öffentlichkeit erreichen. Wir kreieren aus Ihren Visionen eine Realität, die Ihren Wünschen entspricht. So verleihen wir Ihrem Unternehmen ein unverwechselbares Profil. BLUE MOON, die Agentur für vertriebsorientiertes Marketing Kampagnen für mehr Umsatz Vertriebsmarketing ist ein ganzheitlicher Ansatz an der Schnittstelle von Vertrieb und Marketing, um Kunden, Interessenten sowie Geschäftspartner nachhaltig zu begeistern und mehr Absatz zu erzielen. Als auf Vertriebsmarketing spezialisierte Werbeagentur entwickeln wir Konzepte, die Ihren Vertrieb unterstützen. BLUE MOON, die Agentur für Online-Marketing Der richtige Content in allen Kanälen Internet, Social Media, SEO, SEA, Videos und mehr – BLUE MOON als Agentur für Online-Marketing ist Ihr Partner in diesem Segment. Ob eigene Homepage, Suchmaschinen-Optimierung oder Unternehmensfilm, als innovative Werbeagentur bringen wir Ihr Projekt online. UNFOREIGN SIGNALS: BLUE MOON AKTUELL. Neue Digital-Förderung für den Mittelstand Pressemitteilungen Für eine erfolgversprechende Zukunfts- und Wettbewerbsfähigkeit eines Unternehmens spielt die Digitalisierung eine beträchtliche Rolle. Wer in Zukunft Prozesse digitalisieren, digitale Software einsetzen oder seine Mitarbeiter im Hinblick auf den digitalen Wandel... mehr lesen Hochwertiger Print Newsletter für Energiedienstleister Immer wieder verfolgt uns in den letzten Jahren die Vorhersage des endgültgen Ablebens von Printpublikationen. Print sei tot, heißt es. Doch ist das wirklich so? Wir glauben nicht. Den Beweis – und ein herausragendes Leseereignis – liefert der halbjährlich... + weitere News + zum Blog BLUE MOON – Ihre Experten für Werbung Full Service – alles aus einer Hand Um eine Zielgruppe optimal zu erreichen, muss Werbung ganz genau auf diese zugeschnitten sein. Das erfordert Empathie und ein besonderes Fingerspitzengefühl für Produkte, Dienstleistungen und die Bedürfnisse potenzieller Käufer. Werbung ist für unsere BLUE MOON-Experten kein Buch mit sieben Siegeln. Als Werbeagentur aus Neuss in der Nähe von Düsseldorf verfügen wir über langjährige Erfahrungen, die bestmögliche Werbestrategie zu kreieren. Wir produzieren und positionieren für Sie Anzeigen online und offline, stellen Plakatwerbung und produzieren Clips für Radio und TV. Durch ein gut ausgebautes Partnernetzwerk ist es uns möglich, ganz individuell auf die Wünsche und Bedürfnisse unserer Kunden einzugehen und auch ausgefallene Ideen in die Tat umzusetzen. Neuss Marketing Kampagne mehr zu Werbung Marketing // German Contract Handwerker-Marketing BLUE MOON – Marketingexperten national und international Vertriebsorientiertes Marketing für mehr Umsatz Von der strategischen Neupositionierung über den systematischen Markenaufbau bis zur operativen Umsetzung einzelner Marketing-Maßnahmen begleiten wir Ihren Marktauftritt und die Marktbearbeitung. Dazu greifen wir auf einen großen Pool ausgewiesener Experten zurück – wenn Sie es wünschen, in allen wichtigen Märkten der Welt. Denn unser Partner-Netzwerk öffnet Ihnen die Tore zu den internationalen Geschäftsplätzen. mehr zu Marketing Online Marketing // mehrwärme Online-Portal BLUE MOON – Konzepte für seriöses Online-Marketing Content ist King – zu viel Content nervt Auch im Bereich Online-Marketing beraten wir unsere Kunden ganzheitlich: Ob Internet, Social Media, Suchmaschinenoptimierung (SEO), google Adwords (SEA), Videos und mehr – als Experten für Online-Marketing sind wir Ihr Partner in diesem Segment. So berücksichtigen wir bei der Webseitengestaltung und Programmierung von Anfang an die Funktionalität der Suchmaschinenoptimierung und des Online-Marketings. Denn mit einer reinen Präsenz ist es nicht getan – Ihr Unternehmen und Ihre Dienstleistungen müssen auch über den richtigen Content gefunden werden. So sorgen wir mit unseren Online-Marketing Maßnahmen für mehr Traffic auf Ihren Seiten, um mehr Umsatz zu erzielen. mehr zu Online Marketing BLUE MOON – Ihre PR-Agentur für mehr Bekanntheit Public Relations – wir senden Ihre Botschaft in allen Kanälen Wortbalance und Kontinuität zeichnen seriöse PR-Arbeit aus. Nur ein Unternehmen, das fortlaufend von sich reden macht, zeigt, dass es ungeachtet von Konjunkturbarometern zu den Großen seiner Branche gehört. Bei BLUE MOON ist PR in besten Händen. Wir betrachten PR als das, was es wortwörtlich bedeutet: Beziehungen zur Öffentlichkeit. Dabei zählt für uns jeder einzelne und jede spezifische Zielgruppe. Unsere Berater, Texter, Grafiker und Programmierer bauen Kommunikationsbrücken zu denen, die erreicht werden sollen. Damit PR keine Einbahnstraße ist, sondern in erster Linie Beziehungspflege. PR // mehr zu PR IPR // Internationale PR für hülsta in den Benelux BLUE MOON – Ihre Experten für Internationale PR Internationale PR für den Mittelstand Internationale PR mit BLUE MOON: Erfolgreich mit Ihrer PR durchstarten – dabei stehen wir professionell an Ihrer Seite. Die Anforderungen an internationale PR sind facettenreich. Unternehmen müssen zu jeder Zeit in der Lage sein, in einer angemessenen Weise zu agieren und zu reagieren. Effizienz und Effektivität der internationalen PR stehen dabei im Fokus. Bei BLUE MOON haben wir die passende Antwort auf diese Anforderungen: Unsere internationale Herangehensweise an die PR weltweit ist interdisziplinär und mit bewährten Qualitätsstandards. mehr zu IPR BLUE MOON – Ihre Profis für Grafik Design Design ist eine subtile Sprache aus Formen, Farben und Strukturen Ob Printmaterialien, multimediale Produkte oder Messeauftritte – bei Grafik Design legen wir größten Wert auf medienübergreifende Einheitlichkeit als Voraussetzung erfolgreicher Markenführung. Die konkrete Umsetzung einzelner Maßnahmen geschieht dann im Spannungsfeld zwischen den verbindlichen Vorgaben des Corporate Designs auf der einen und dem kreativem Spiel mit der jeweiligen Aufgabenstellung auf der anderen Seite. In diesem Sinne erarbeiten wir mit dem Blick für das große, harmonische Ganze vollständige Corporate Designs mit Logoentwicklung, Festlegung von Gestaltungsrichtlinien, Geschäftspapieren, Beschilderungen, Broschüren, Websites – eben allem, was dazugehört. Grafik Design // Jubiläumsbuch Baugenossenschaft Dormagen eG mehr zu Grafik Design Ihr Kontakt zu uns Werbeagentur BLUE MOON Friedrichstraße 8 D-41460 Neuss Telefon: +49 2131 66156-0 Fax: +49 2131 66156-66 Name E-Mail-Adresse Nachricht Sind Sie mit den Datenschutzbestimmungen einverstanden Sind Sie mit den Datenschutzbestimmungen einverstanden Ich bin mit den Datenschutzbestimmungen einverstanden 14 + 14 = Senden Hier gelangen Sie zu unseren Datenschutzbestimmungen BLUE MOON – die Full Service Werbeagentur aus Neuss bei Düsseldorf Wer zielgruppengerechte Werbung möchte und dabei eine Werbeagentur in der Nähe von Düsseldorf sucht, landet automatisch bei BLUE MOON. Als Full Service Werbeagentur, bieten wir Ihnen stets intelligente Lösungen für jegliche Herausforderungen in der Werbung und Kommunikation. Dabei vereinen wir das Know-how unserer verschiedenen kreativen Köpfe und bieten Ihnen zahlreiche Leistungen von klassischer Werbung über Online-Marketing bis hin zu Corporate Design. Spezialisten aus unterschiedlichen Bereichen, wie Grafik Design, IT und nationaler und internationaler PR arbeiten hier gemeinsam an kreativen Kampagnen, vertriebsorientierten Marketingmaßnahmen, Imagebroschüren, Websites und PR. Das Team der Neusser Werbeagentur BLUE MOON ist stets über die neuesten Kommunikationstrends informiert und geht gemeinsam mit seinen Kunden individuelle und innovative Wege. Dabei ist es uns als Full Service Werbeagentur besonders wichtig, unseren Kunden beratend zur Seite zu stehen, damit sie im Kommunikations-Universum mit seinen zahlreichen Planeten wie Corporate Wording, Content Marketing, SEO oder SEA nicht den Überblick verlieren. Wir helfen Ihnen dabei, eine starke Marke aufzubauen und Ihre Botschaft auf allen Kanälen zu kommunizieren. BLUE MOON legt Wert auf eine vertrauensvolle und dauerhafte Zusammenarbeit mit seinen Kunden. Tag für Tag sind wir mit Leidenschaft für unsere Kunden nicht nur von unserer Homebase in Neuss bei Düsseldorf, sondern in ganz Deutschland und im Sinne der internationalen PR auch weltweit im Einsatz. Als Full Service Werbeagentur bieten wir unseren Kunden eine individuelle Betreuung durch ein konstantes Team, kreative Lösungen für aufsehenerregende Werbung und ein ansprechendes Grafik Design − alles aus einer Hand: von internationaler PR über Vertriebsmarketing bis zu Online PR. Wir sind Ihr Partner für einen eindrucksvollen Messeauftritt, aber helfen Ihnen auch dabei, über die eigene Website und auf den Social-Media Plattformen wie Facebook, Youtube, Twitter und Co. für Ihr Unternehmen zu werben. Was Sie auch vorhaben: Mit unserer langjährigen Erfahrung und tiefgreifendem Branchen-Know-how finden wir für Sie die die richtige Strategie und das passende Konzept für Ihre Werbung und PR! Unsere Kunden kommen aus den Bereichen SHK, Bauen & Wohnen, der Immobilienwirtschaft, Technik und zahlreichen anderen Branchen, in denen sie von unserer langjährigen Expertise und Erfahrung profitieren können. Lernen Sie uns kennen und folgen uns in die Weiten des Kommunikationsuniversums, denn mit BLUE MOON aus Neuss in der Nähe von Düsseldorf haben Sie eine Full Service Werbeagentur an Ihrer Seite, die Sie bei all Ihren Missionen tatkräftig unterstützt! Sprache auswählen Linkedin Instagram Moontalk Impressum Datenschutz Sitemap Suche Copyright © 2020 BLUE MOON Communication Consultants GmbH | Friedrichstraße 8 | D-41460 Neuss . All rights reserved.

BLUE MOON Blogging – freie Sicht auf das gesamte (Kommunikations-) Universum In unserem Blog berichten wir regelmäßig über Neuigkeiten, Praxistipps und Trends aus der Presse- und Öffentlichkeitsarbeit, Public Relations und Online-PR. Wir bloggen, was Sie wissen sollten, denn: wer einen weiten Horizont hat, sieht bis zum Horizont. Wer sich aber auf den Mond begibt, hat freie Sicht auf das gesamte Universum. Hochwertiger Print Newsletter für Energiedienstleister Immer wieder verfolgt uns in den letzten Jahren die Vorhersage des endgültgen Ablebens von Printpublikationen. Print sei tot, heißt es. Doch ist das wirklich so? Wir glauben nicht. Den Beweis – und ein herausragendes Leseereignis – liefert der halbjährlich... Blick hinter die Kulissen Individuelle und aussagekräftige Fotos sind für eine erfolgreiche Unternehmenskommunikation unverzichtbar. Ganz egal, ob es um Bildmaterial für eine Werbekampagne, den eigenen Internetauftritt, eine Broschüre oder den Einsatz in den sozialen Medien geht. Wir werfen... How to Sell Health Online Made in Germany lautet die Devise der drei Gründer*innen von Immunbar. Die drei Jungunternehmer sind mit ihren Produkten – individuell gestaltete Hygienemasken und ausgefallene, gesunde Snacks – genau am Puls der Zeit. Herzstück des Unternehmens ist ein modern... Aus- und Weiterbildung trotz Corona: Eine Investition in die Zukunft Die unmittelbaren wie auch lang- und mittelfristigen Auswirkungen der Corona-Krise stellen ganze Unternehmen, Arbeitgeber und Arbeitnehmer vor nie gekannte Herausforderungen. Doch der Arbeitsmarkt ruht nicht. Employer Branding sowie das Aufrechterhalten von... Kampagnenplanung 360° „Make it yours“ lautete das Motto der bundesweiten Marken- und PR-Kampagne für den amerikanischen Farbenhersteller Rust-Oleum. Für einen Zeitraum von drei Monaten konzipierte, plante und realisierte BLUE MOON ein umfassendes Maßnahmenpaket rund um die Farbprodukte für... AUS DEM AGENTURKOSMOS – BLUE MOON PODCAST Warum heißt Blue Moon eigentlich Blue Moon? Wir gehen der Gründungsgeschichte unserer Agentur auf den Grund und erfahren, was es mit dem Namen aus der Welt der Astronomie auf sich hat.

Immer wieder verfolgt uns in den letzten Jahren die Vorhersage des endgültgen Ablebens von Printpublikationen. Print sei tot, heißt es. Doch ist das wirklich so? Wir glauben nicht. Den Beweis – und ein herausragendes Leseereignis – liefert der halbjährlich erscheinende Print Newsletter rund um die Energieservices mehr|wärme und sonnen|strom der Stadtwerke Neuss. Onlinemedien sind in der heutigen Zeit unverzichtbar, schaffen Reichweite und ermöglichen eine extrem zielgruppenspezifische Ansprache – keine Frage. Doch die klassische Printpublikation bietet auch heute noch – in Zeiten von Social Media und überbordenden Onlinemedien – eine Möglichkeit, nachhaltig und effizient mit seiner Zielgruppe in Kontakt zu treten. Lang lebe das Printmedium Printprodukte – von außergewöhnlich gestalteteten Broschüren und Flyern über seriös aufbereitete Geschäftsberichte bis hin zu aufmerksamkeitsstarken Buch- oder Magazinveröffentlichungen – sind heute mehr denn je Imageträger und Interaktionsvermittler. Der große Vorteil der von vielen längst totgesagten Printpublikationen: die Beteiliung aller Sinne beim Lesen. Die Haptik qualitativ hochwertigen Papiers, der optische Einrdruck eines liebevoll gestalteten Layouts und das Rascheln von Papier – all diese Faktoren sorgen dafür, dass der/die Leser*in sich bewusster mit Inhalten auseinandersetzt und diese besser im Gedächtnis bleiben. Fazit: Das klassische Printprodukt ermöglicht eine effiziente und langfristige Vernetzung mit der Zielgruppe. Energiereiche Neuigkeiten Rund um die Energieservices mehr|wärme und sonnen|strom der Stadtwerke Neuss konzipiert, textet und gestaltet Blue Moon zweimal jährlich einen hochwertigen Print Newsletter. Das halbjährlich erscheindende, vierseitige Magazin informiert, unterhält und hinterlässt – dank herausragender Optik und der haptischen (Lese-) Erfahrung eines hochwertigen Produkts – einen bleibenden Eindruck. Bestandskunden werden über aktuelle Themen aus der Energiebranche, Neuigkeiten aus dem Unternehmen auf dem Laufenden gehalten und bekommen darüber hinaus regelmäßig einen Blick über den Tellerrand serviert. Persönliche Kundengeschichten, Themen rund um den Klimawandel und erneuerbare Energien sowie Expertentipps zum richtigen Umgang mit der Heizung bilden ein inhaltliches Gesamtpaket, das – eingebettet in ein aufmerksamkeitsstarkes Layout und eine sehr persönliche Ansprache – ein außergewöhnliches Leseerlebnis garantiert. Nina Zolper Autorin und Ansprechpartnerin Kontaktieren Sie uns:

Grafik Design – visuelle Gestaltung mit Wow-Effekt Von der kreativen Idee zum professionellen Unternehmensauftritt BLUE MOON ist Ihre Agentur für Grafik Design im Raum Neuss / Düsseldorf! Bei uns erhalten Sie alles zum Thema visuelle Gestaltung aus einer Hand! Wir wissen, dass ein einheitliches und ansprechendes Corporate Design Voraussetzung für eine erfolgreiche Markenführung ist: Wir gestalten Ihr Logo und legen die Gestaltungsrichtlinien für Ihre Geschäftspapiere, Beschilderungen, Broschüren und Internetauftritte fest. Auch für Ihre Flyer, Kataloge, Plakatwerbungen, Websites und alles, was Sie sonst noch vorhaben, haben wir die richtigen, kreativen Ideen und das nötige Know-how – so garantieren wir Ihnen einen Auftritt mit Wow-Effekt! Corporate Design – Ihr Unternehmensbild auf einen Blick Ein ansprechendes Corporate Design macht Ihr Unternehmen unverwechselbar – BLUE MOON ist der kompetente Partner für Ihre visuelle Identität. Wir verwandeln das Leitbild Ihres Unternehmens in ein individuelles Corporate Design, das Sie einzigartig macht und von den anderen Mitbewerbern abhebt! Die Designregeln zur einheitlichen visuellen Gestaltung halten wir in einem übersichtlichen und detaillierten Corporate Design Manual für Sie fest, damit alle Drucksachen, Flyer, Kataloge und Internetseiten auch stets Ihre ganz persönliche Unternehmens-Handschrift enthalten. Corporate Publishing – bleiben Sie im Gespräch Corporate Publishing sorgt dafür, dass Ihre Kunden und Geschäftspartner immer Up to Date bleiben. Regelmäßige wertvolle Informationen, beispielsweise in Form eines Kundenmagazins tragen zur Kundenbindung und zum Austausch mit Ihrer Kundschaft bei – so bleiben Sie bei Ihrer Zielgruppe immer im Gespräch. Eine aktuelle Imagebroschüre und ein ansprechender Geschäftsbericht helfen Ihnen, sich öffentlichkeitswirksam zu präsentieren und Interessenten ein attraktives und umfassendes Bild ihres Unternehmens zu vermitteln. Welches Projekt Sie auch umsetzen möchten, mit BLUE MOON haben Sie einen starken Partner für ein effektvolles Corporate Publishing an Ihrer Seite! Corporate Building – Corporate Identity für Ihr Unternehmensgebäude Die Grafik-Design Experten bei Blue Moon haben mit Corporate Building ein Konzept geschaffen, welches das Firmengebäude durch grafische Gestaltung in Einklang mit dem Image Ihres Unternehmens bringt. Gerade Ihr Unternehmenssitz sollte nicht vom Corporate Design Ihres Unternehmens ausgenommen sein, repräsentiert er doch tagtäglich Ihr Image gegenüber Ihren Mitarbeitern, Kunden und Geschäftspartnern. Neben dem optischen Aspekt beinhaltet Corporate Building aber auch eine intuitive Orientierung für die Menschen, die im Gebäude arbeiten oder sogar leben. Dafür entwickelt BLUE MOON grafisch anspruchsvolle, individuelle Leitsysteme, die perfekt zum Auftritt Ihres Unternehmens passen. Weitere ausführliche Projektbeispiele finden Sie in unserer Corporate Building Broschüre zum Download. Agentur BLUE MOON – Grafik Design aus Neuss bei Düsseldorf Grafik Design von BLUE MOON setzt Ihre Marke perfekt in Szene: von Corporate Design über Corporate Publishing bis hin zu Corporate Building. Die Agentur BLUE MOON bietet Ihnen Grafik Design aus einer Hand für ein hochwertiges, unverwechselbares Erscheinungsbild. An unserem Standort in Neuss bei Düsseldorf erstellen wir Corporate Designs ebenso wie einzelne Imagebroschüren und Geschäftsberichte, Kataloge und Kundenmagazine, Flyer und Werbeanzeigen, Gebäudebeschilderungen und Leitsysteme, Visitenkarten, Präsentationen und Geschäftspapiere – und vieles mehr. Ob gedruckt oder digital: Ihre Marke erhält einen rundum erstklassigen Auftritt und hebt sich so von der Konkurrenz spürbar ab. Dafür befassen sich unsere Grafik Design-Spezialisten intensiv mit Ihrem Unternehmen und Ihren Produkten. Mit unseren individuell entwickelten Corporate Designs schaffen wir das Fundament für Ihr Erscheinungsbild – mit einem markanten Logo und einem Corporate Design-Manual, das Schriften, Fotomotive, Farben und Layouts exakt und passend zu Ihrer Corporate Identity festlegt. Nutzen Sie unsere Kreativität und Erfahrung im Bereich Corporate Publishing: In Imagebroschüren, Kundenmagazinen, Geschäftsberichten und vielen weiteren, individuellen Publikationen bringen wir die Vorzüge Ihres Unternehmens auf dem Punkt. Neben dem Layout übernehmen wir für Sie gerne alle weiteren Aufgaben: erstklassige Fotos, Illustrationen, Imagetexte, Übersetzungen sowie das Management der Druckproduktion – denn wir verstehen Grafik Design ganzheitlich und serviceorientiert. Unser Ziel: Ihr Unternehmen, Ihre Produkte und Dienstleistungen zielgerichtet und attraktiv, aber auch in der nötigen Komplexität darzustellen. Dafür bringen wir Erfahrungen aus nahezu allen Branchen ein. So verfügen wir über langjährige Expertise in der grafischen Darstellung komplexer technischer Produkte und organisatorischer Abläufe. Auch Ihre Gebäude, Büros, Ausstellungs- und Geschäftsräume setzen wir perfekt in Szene: Im Bereich Corporate Building erstellen wir Schilder, Piktogramme, Leitsysteme und Gestaltungskonzepte, ebenso Messestände und Präsentationssysteme. Ob bei Ihnen vor Ort oder unterwegs auf Messen und Veranstaltungen: Ihre Kunden, Gäste und Mitarbeiter fühlen sich dank unserer Designs bestens bei Ihnen aufgehoben. Sie haben einen ganz individuellen Wunsch rund um das Thema Grafik Design? Wir lieben es, kreativ zu werden und selbst ausgefallenste Design-Ideen mit Ihnen zu entwickeln und praktisch umzusetzen. Nutzen Sie unser Know-how in der Erstellung hochwertiger Grafik Designs – und bringen Sie Ihre Marke den entscheidenden Schritt weiter! BLUE MOON – Die Grafik Design Agentur für Ihren erfolgreichen Markenauftritt! Werbeagentur BLUE MOON Friedrichstraße 8 D-41460 Neuss Telefon: +49 2131 66156-0 Fax: +49 2131 66156-66 Hier gelangen Sie zu unseren Datenschutzbestimmungen

Impressum BLUE MOON Communication Consultants GmbH Friedrichstraße 8 D-41460 Neuss Telefon +49 2131 66156-0 Telefax +49 2131 66156-66 E-Mail: info[at]bluemoon.de Geschäftsführung: Anita Gilges, Peter Lütkenhaus, Robert Pichel Datenschutzbeauftragter: Tobias Erdmann, sicdata Unternehmensberatung Amtsgericht Neuss, HRB 10669 Umsatzsteuer-Identifikations-Nummer (USt-ID-Nr.): DE 209822145 Wegbeschreibung Haftungsausschluss Inhalte fremder Internetseiten, auf die wir in unserem Internetauftritt direkt oder indirekt verweisen (durch sog. „Hyperlinks“ oder „Deeplinks“), liegen außerhalb unseres Verantwortungsbereiches. Wir machen uns solche Inhalte nicht zu Eigen. Wir können jedoch erklären, dass zum Zeitpunkt der Linksetzung keine illegalen Inhalte auf den verlinkten Internetseiten erkennbar waren. Weder auf die aktuelle noch auf die zukünftige Gestaltung, die Inhalte oder die Urheberschaft der verlinkten Internetseiten haben wir irgendwie Einfluss. Daher distanzieren wir uns ausdrücklich von allen Inhalten aller verlinkten Internetseiten, die nach der Linksetzung verändert wurden. Diese Feststellung gilt für alle innerhalb des eigenen Internetauftrittes gesetzten Links und Verweise. Für illegale, fehlerhafte, oder unvollständige Inhalte und insbesondere für Schäden, die aus der Nutzung der in den verlinkten Internetseiten aufrufbaren Inhalte oder Informationen entstehen, haftet allein der jeweilige Anbieter der Seite, auf die verwiesen wurde. Erhalten wir Kenntnis von illegalen, rechtswidrigen oder fehlerhaften Inhalten auf Internetseiten, auf welche wir verlinken, werden wir die Verlinkung aufheben. AGB Download Allgemeine Geschäftsbedingungen (PDF, 53 KB) Download here our standard business conditions (PDF, 57 KB)

LEXIKON RUND UM KOMMUNIKATION Unser Lexikon stellt dir Begriffe aus der BLUE MOON PR-Welt vor. Erfahre in unserem Lexikon, welche Instrumente du für deine Kommunikation benötigst und wie BLUE MOON dich dabei unterstützt. Digitalisierung SEM SEM ist die Abkürzung für Search Engine Marketing und umfasst den Teil des Online-Marketings, der alle Maßnahmen zur Gewinnung von Websitebesuchern über Suchmaschinen umfasst. Zum SEM gehören SEO (Search Engine Optimization) und SEA (Suchmaschinenwerbung). Ziel aller... Shitstorm Der Begriff Shitstorm beschreibt eine flutartig auftretende, große Menge an negativer Kritik auf sozialen Medien (Facebook, Twitter, Instagram, Blogs, öffentliche Plattformen, Kommentarbereiche auf Websites). Die öffentlich ausgeübte Kritik wird durch einen bestimmten... Keyword Keywords sind wichtige Schlüsselwörter oder Kombinationen von solchen innerhalb eines Textes. Die Verwendung dieser Schlüsselwörter ist vor allem für die Suchmaschinenoptimierung (SEO) wichtig, sodass Nutzern, die online nach bestimmten Themen suche, die relevanten... User Experience Die User Experience umfasst die gesamte Erfahrung / das Erlebnis eines Anwenders im Rahmen der Nutzung oder der Interaktion mit einem Dienst, einer Website oder einem Produkt im Bereich digitaler Medien. Die User Experience beschreibt die Qualität gemäß dem... Targeting Targeting, von englisch target (Ziel), bezeichnet die zielgruppenspezifische Ausrichtung von Maßnahmen im Online Marketing. Für eine erfolgreiche Targeting Strategie muss die Zielgruppe für die jeweilige Marketingmaßnahme zuvor so genau wie möglich bestimmt werden. Es... SEO Mit Hilfe von SEO (Search Engine Optimization) kann das Ranking einer Website, das diese bei einer organischen Suchanfrage eines Nutzers erreicht, optimiert werden. Ziel ist es, die Website so zu optimieren, dass sie von Suchmaschinen wie Google bestmöglich ausgelesen... SEA Die Abkürzung SEA steht für Search Engine Advertising und umfasst das Schalten von Anzeigen in Suchmaschinen sowie auf Werbeflächen von Suchmaschinenpartnern. Das bekannteste Beispiel für SEA sind Google Adwords. Die Anzeigen werden bei der Eingabe von zuvor... CPI / CPM Die Abkürzung CPI steht für Cost per Impression und beschreibt ein Bezahlmodell im Internet. Der Auftraggeber muss beim CPI-Bezahlverfahren für jeden Aufruf der Anzeige durch einen Nutzer zahlen. Es ist dabei nicht nachzuverfolgen, ob der Nutzer die Anzeige auch... Real Time Advertising Mit Real Time Advertising ist die Live-Versteigerung von Online-Werbeflächen gemeint. Dabei steht nicht mehr das Umfeld der Webseite, auf der das Werbebanner ausgespielt wird, sondern der individuelle Nutzer im Vordergrund. Mittels RTA wird zu jeder einzelnen... Retargeting Retargeting – auch Remarketing genannt – beschreibt ein Verfahren des Online Marketings, bei dem Websitenutzer markiert werden, um diese im Anschluss mit gezielter Werbung wieder anzusprechen. Ziel beim Retargeting ist es, Websitebesucher, die eine bestimmte Seite... Online Marketing Online Marketing (auch Internet- oder Webmarketing) beschreibt alle Marketing Maßnahmen eines Unternehmens, die online durchgeführt werden. Dazu gehört nicht nur das Schalten von Anzeigen auf Onlineauftritten von Zeitschriften und (Online-) Magazinen. Neben... Native Advertising Native Advertising ist eine Form von Werbung, die so gestaltet ist, dass sie nur schwer von redaktionellen Inhalten zu unterscheiden ist. Durch diese Form der Aufbereitung zieht Native Advertising die Aufmerksamkeit des Nutzers auf sich. Die Inhalte solcher Werbung... Microblogging Microblogging beschreibt eine bestimmte Variante des Bloggens, bei dem es – im Unterschied zu klassischen Blog – nicht darum geht, ein bestimmtes Thema ausführlich zu betrachten, sondern zu verschiedensten Themen in kurzer Zeit komprimierte Nachrichten zu beliebigen... Leads Ein Lead ist ein neuer Kontakt/Neukunde, der durch Online Marketing gewonnen wurde. Dazu gehören E-Mail-Adressen, Telefonnummern, Namen und Unternehmensnamen. Leads generiert man über direkte Kontaktanfragen, Anmeldungen im Newsletter oder durch ausgefüllte... Influencer Marketing Influencer Marketing – auch Multiplikatoren-Marketing genannt – ist ein Bereich des Online-Marketings. Diese Form des Marketings nutzt sogenannte Influencer als Multiplikatoren für unterschiedlichste Werbe- bzw. Unternehmensbotschaften. Influencer sind Akteure aus... Google Ads Google Ads sind via Google oder Google Partner-Seiten geschaltete Anzeigen. Es gibt unterschiedliche Arten von Anzeigen: Suchnetzwerk mit Displayauswahl Nur Suchnetzwerk Nur Displaynetzwerk Shopping-Kampagnen Video Apps Die Position auf der die Anzeige ausgespielt... Digitale Transformation Die digitale Transformation oder Digitalisierung bezeichnet einen fortlaufenden technologischen Veränderungsprozess von Gesellschaft und – vor allem in wirtschaftlicher Hinsicht - Unternehmen. Unternehmensinterne Abläufe werden im Zuge der digitalen Transformation... CPC Die Abkürzung CPC (alternativ PPC = Pay per Click) steht für Cost per Klick und beschreibt ein Bezahlmodell im Online-Marketing. Beim CPC zahlt der Auftraggeber nicht für das reine Ausspielen einer Werbemaßnahme im Internet, sondern erst dann, wenn ein Nutzer die... Cookie Der Begriff Cookies umfasst Daten eines Websitenutzers wie Login-Daten, Einkaufskorbdaten sowie Daten für personalisierte Daten, die lokal und zeitlich begrenzt auf dem Rechner gespeichert werden. So kann der Nutzer bzw. der Rechner immer wieder identifiziert werden.... Conversion Eine Conversion ist die Umwandlung eines interessierten Nutzers in einen handelnden Nutzer. Beispiele für Conversions auf einer Website sind unter anderem Newsletteranmeldungen, Produktkäufe, das Anklicken eines bestimmten Links, Downloads, Registrierungen oder das... Augmented-Reality Der Begriff Augmented Reality beschreibt eine technische Erweiterung der realen Welt. Im Gegensatz zur Virtual Reality taucht man hier nicht in eine vollkommen fremde, virtuelle Welt ein, sondern erhält über einen Bildschirm oder eine Brille zusätzliche Informationen... Social Media Soziale Medien (Social Media) bezeichnet die Gesamtheit digitaler Medien, Anwendungen und Technologien, mit deren Hilfe die Benutzer via Internet interagieren und selbst Inhalte gestalten können. Das Internet wird so zu einer Projektionsfläche miteinander vernetzter... Unternehmen Pitch Pitch heißt übersetzt aus dem Englischen „das Verkaufsgespräch“ und diese Übersetzung trifft den Kern des Vorgangs. Denn der Pitch ist eine Wettbewerbspräsentation, mit der eine Agentur oder eine Unternehmensberatung im Kampf um einen Etat, einen Klienten oder einen... Ordnung Ordnung ist das halbe Leben – aber wie schwierig es ist Ordnung zu schaffen und beizubehalten, erfahren wir täglich an unserem Arbeitsplatz. Die Suche nach Dokumenten und anderen Utensilien nimmt viel Zeit in Anspruch und im Laufe des Tages türmt sich auf dem... Mitarbeiterzeitschrift Die Mitarbeiterzeitschrift unterscheidet sich als Kommunikationsinstrument in Planung, Realisation und Wirkung von den digitalen Medien: In der Regel bildet ein fester Redaktionskreis die Schnittstelle zwischen Mitarbeitern und Management und gibt alle relevanten... Mitarbeitermotivation ""Dienst nach Vorschrift"" war bis vor kurzem ein Begriff, der meist Behörden und öffentlichen Ämtern angelastet wurde. Doch wie jüngst eine Studie des Gallup-Instituts zeigt, scheint sich die sinkende Arbeitsmoral auch zunehmend in Privatunternehmen breitzumachen. Laut... Leitbild Unter dem Begriff Leitbild versteht man die komprimierte Formulierung der Unternehmenspolitik und der Corporate Identity. Das Leitbild umschreibt in einfacher, leicht verständlicher Form Unternehmenszweck, -ziele und Verhaltensgrundsätze der Unternehmensführung... Intranet Ein Intranet ist ein Netz innerhalb eines Unternehmens, das nicht öffentlich zugänglich ist, sondern nur von einer festgelegten Gruppe von Personen genutzt werden kann. Über den Intranet-Server können die Mitarbeiter firmenrelevante Informationen zu jeder Zeit und von... Imagebroschüre Verständliche Unternehmensbotschaft Bevor Inhalt und Gestalt der Broschüre thematisiert werden, ist es wichtig, zunächst die Zielgruppe zu definieren. Stil der Texte, die Auswahl der Themen sowie das Layout sind abhängig davon, wer die Broschüre bekommen soll und wo... Employer Branding Der aus dem anglo-amerikanischen stammende Begriff des Employer Branding bezeichnet eine unternehmensstrategische Maßnahme, deren Wurzeln in Marketingkonzepten der Markenbildung liegen. Das Ziel der in den späten neunziger Jahren entstandenen Arbeitgebermarkenbildung... CRM Teil 1 CRM ist die Abkürzung für Customer Relationship Management und wird als eine alle Unternehmensbereiche übergreifende, IT-unterstützte Geschäftsstrategie verstanden. Mit der Annahme, dass in heutigen Unternehmensphilosophien das Kundenmanagement eine zentrale Bedeutung... Corporate Wording Hinter dem Begriff Corporate Wording verbirgt sich die definierte und bewusst eingesetzte Sprachwelt eines Unternehmens - von der Verwendung oder Vermeidung bestimmter Wörter über eine einheitliche Sprachregelung hin zur Tonalität und zum Stil von Texten, sei es bei... Corporate Identity Die Corporate Identity, wörtlich übersetzt die Unternehmensidentität, setzt sich zusammen aus dem Verhalten, der Kommunikation und dem Erscheinungsbild eines Unternehmens sowie seiner am Markt angebotenen Leistungen und Produkte. Durch die Entwicklung einer Corporate... Online Marketing Social Media Soziale Medien (Social Media) bezeichnet die Gesamtheit digitaler Medien, Anwendungen und Technologien, mit deren Hilfe die Benutzer via Internet interagieren und selbst Inhalte gestalten können. Das Internet wird so zu einer Projektionsfläche miteinander vernetzter... Online-PR Als Online-PR wird alles definiert, das an Öffentlichkeitsarbeit im Internet stattfindet. Das kann ein elektronisches Pressecenter auf der Internetseite des Unternehmens sein, Social Media Aktivitäten auf relevanten Plattformen sowie Einträge in Suchmaschinen oder... Newsletter Der Newsletter ist ein häufig angewandtes Instrument der externen Kommunikation. Unternehmensnachrichten werden redaktionell zusammengefasst und inhaltlich auf die jeweilige Zielgruppe abgestimmt – das können Journalisten, Mitarbeiter oder Kunden sein. Wurden die... Internet-Relaunch Der Begriff Internet-Relaunch bezeichnet die Überarbeitung eines bestehenden Internetauftritts, der einem veränderten Kundengeschmack, rechtlichen Ansprüchen, und unternehmens- und branchenspezifischen Besonderheiten genügen muss. Hierbei werden alle Bereiche der... Internet Seit Jahren ist das Internet aus dem Alltags- und Geschäftsleben nicht mehr wegzudenken, doch was genau ist es eigentlich? Der aus dem Englischen stammende Begriff des Interconnected Networks wird heute weitläufig mit Internet abgekürzt. Gemeint ist damit ein... Barrierefreiheit nach BITV Die Verordnung eines barrierefreien Internetauftritts ist eine Ergänzung des Behindertengleichstellungsgesetztes vom 27. April 2002. In der Barrierefreien Informationstechnik-Verordnung (BITV) heißt es demnach, dass durchgängig alle Inhalte im World Wide Web auch für... Marketing Wortgekringel Wortgekringel – über Floskeln und Füllwörter Goethe bringt es auf den Punkt: „Getretener Quark wird breit, nicht stark!“ Das ist eine der schönsten Regeln für gutes Schreiben. Breit wird ein Text, wenn der Schreiber in umständliche und formelhafte Sprache versinkt,... Marketing Der Begriff Marketing leitet sich aus dem englischen von „to market – Handel treiben“ her. Er bezeichnet eine „marktorientierte Unternehmensführung, die alle relevanten Unternehmensaktivitäten auf die Wünsche und Bedürfnisse von Anspruchsgruppen ausrichtet“ (Deutscher... Marke – Markenstrategie Ursprünglich hervorgegangen ist der Begriff ""Marke"" aus dem mittelhochdeutschen Wort marc, das für Grenze, Grenzland oder -linie steht. Die Definition lässt sich von dieser Übersetzung ableiten: Die Marke dient der Kennzeichnung eines Produktes oder einer... Guerilla-Marketing Guerilla-Marketing hört sich nach rücksichtslosen, aufdringlichen Werbeaktionen an. Tatsächlich war es in den Anfängen um 1965 eine auf Angriff ausgerichtete Strategie gegen Mitbewerber, die hauptsächlich von kleinen und mittelständischen Firmen gegen überlegene... Direktmarketing Gepflegte Adressdatenbank als Basis für den Erfolg Um den potenziellen Kunden neugierig auf das beworbene Produkt und das Unternehmen zu machen, bedarf es einer exakten Planung. Das Direktmarketing bietet viele Instrumente: Mailings, Wurfsendungen, Anzeigen mit Coupon... Crossmedia Crossmedia bezeichnet die Vernetzung verschiedener Medientypen, über die zentrale Inhalte, wie Unternehmens- oder Produktinformationen, kommuniziert werden. So werden den Kunden möglichst viele, unterschiedliche Informationskanäle angeboten, um die Botschaft zu... PR Redaktionsreise Bei einer Redaktionsreise besuchen das Management und der Pressesprecher eines Unternehmens die wichtigsten Journalisten in den jeweiligen Redaktionen. Der Redaktionsbesuch eignet sich, um den Kontakt zu den Fachmedien zu pflegen. Natürlich gilt: Niemals ohne... Pressemappe Die Pressemappe ist eine Zusammenstellung von Pressemeldungen, die Informationen zu Produkten, Personen und Services eines Unternehmens zu einem Paket bündelt. Die Mappe kann an Journalisten versendet oder bei Presseveranstaltungen überreicht werden. Die einzelnen... Pressekonferenz Pressekonferenzen - für viele Unternehmen ein Muss und zugleich eine Qual - für andere dagegen eine gute Gelegenheit zur Kontakt- und Imagepflege. Ist alles perfekt geplant und vorbereitet, stellen wir uns optimal dar, haben wir nichts vergessen? So mancher... Presseinformation Eine Presseinformation (PI) informiert die Medien schriftlich über Wissenswertes aus dem Unternehmen. Sie ist neben der Pressekonferenz das am häufigsten eingesetzte Instrument der Medienarbeit. Sie bietet schnelle Informationen und es gibt weniger Missverständnisse... PR-Konzept Ein gut durchdachtes PR-Konzept ist die wichtigste Grundlage für erfolgreiche Unternehmenskommunikation. Ziel ist die Planung und Durchführung von PR-Maßnahmen, die das Unternehmen am Markt positionieren und es unverwechselbar machen. Nach einer umfassenden Definition... PR-Anzeige Anzeigen, die meist mitten im redaktionellen Teil einer Zeitung oder Zeitschrift stehen und sich in ihren Gestaltungsmerkmalen (Schrift, Aufmachung usw.) kaum vom redaktionellen Umfeld unterscheiden, werden als redaktionelle oder PR-Anzeigen bezeichnet. Sie sind ein... PR vs. Werbung Ist PR die bessere Werbung? In Zeiten von Geiz-Ist-Geil-Kampagnen wird Kundenbindung immer schwieriger. Schnäppchenpreise und Discounts zerstören langsam gewachsene Beziehungen. Welche Maßnahmen sind geeignet, sich auf dem stark konkurrierenden Markt zu behaupten? Die... Politische PR Fakten statt Phrasen - Politische PR auf dem Prüfstand Noch nie bestand ein größeres Medieninteresse am verbissenen Ringen um die Stimmen wie im vergangenen Wahlkampf. Und nie zuvor war die Berichterstattung enger mit dem politischen Geschehen verwoben wie im... Personality PR Laut einer IBM-Studie sollen die Aufstiegschancen im Beruf vor allem von drei Faktoren abhängen: zu zehn Prozent von der Leistung bzw. Qualität der Arbeit, zu 30 Prozent vom hinterlassenen Eindruck und zu 60 Prozent vom Bekanntheitsgrad. Demzufolge bestimmt das Image... Online-PR Als Online-PR wird alles definiert, das an Öffentlichkeitsarbeit im Internet stattfindet. Das kann ein elektronisches Pressecenter auf der Internetseite des Unternehmens sein, Social Media Aktivitäten auf relevanten Plattformen sowie Einträge in Suchmaschinen oder... Medienresonanzanalyse Nachhaltige Erfolge erzielen: Die Medienresonanzanalyse - Eine gewinnbringende Investition in die Zukunft Gerade in Zeiten, in denen der Rotstift regiert, braucht es objektive Messergebnisse, um Erfolg oder Misserfolg der Medienarbeit darzustellen. An sich eine... Medien-Monitoring Die Wahrnehmung der medialen Umwelt sowie die Überprüfung des eigenen Images in der Presse sind wichtige Voraussetzungen für ein strategisches Unternehmensmanagement und eine effiziente Kommunikationsplanung. Medien-Monitoring, die professionelle Medienbeobachtung,... Krisen-PR ""Krise ist ein produktiver Zustand. Man muss ihm nur den Beigeschmack von Katastrophe nehmen."" - Max Frisch Krisen sind in der heutigen Kommunikationsgesellschaft normal und praktisch unvermeidbar. Entscheidend jedoch ist, wie man damit umgeht und dass die positiven... Interview Das Interview – personifizierte Unternehmensdarstellung Wer an der Spitze eines Unternehmens steht, wird früher oder später einmal in die Situation kommen, an einer Pressekonferenz teilzunehmen, einen Vortrag zu halten, oder ein Interview zu führen. Um hier nicht ins... Internationale PR Die fortschreitende Globalisierung sorgt nachhaltig für einen wirtschaftlichen und soziokulturellen Strukturwandel. Neue Märkte öffnen sich und werden nach und nach industriell erschlossen. Unternehmen müssen die Möglichkeit nutzen, auch ihre PR-Aktivitäten parallel... Exklusivbericht Exklusivberichte behandeln branchenspezifische Themen, die in Form von längeren Beiträgen wie Objektreportagen oder Fachartikeln veröffentlicht werden. Der Exklusivbericht erscheint dabei „exklusiv“ in einem speziellen Medium, wie etwa in einer Fachzeitschrift. Damit... Events Die Open Air Saison hat eröffnet. Endlich besteht wieder die Möglichkeit, Veranstaltungen im Freien durchzuführen. Im Folgenden haben wir für Sie die Essentials für ein gelungenes Event aufgeführt! Steigender Wohlstand verändert das Freizeitverhalten der Menschen. Die... Event-Management In zunehmendem Maße wünschen sich Unternehmen das Ungewöhnliche für eine aussagekräftige Präsentation in der Öffentlichkeit. Event-Kommunikation kann diesem Wunsch gerecht werden. In Zeiten von Dumping-Preisen und immer größerem Konkurrenzdruck hat Kundenbindung... Clipping Das Clipping (Ausschnitt) dient der Dokumentation von Medienberichterstattung und wird bei der Evaluation von Medienarbeit berücksichtigt. Eine reine Zusammenstellung mehrerer Clippings begrenzt die Evaluation auf quantitative Kriterien wie erreichte Auflagen bzw.... get in touch

+49 2131 66156-0 info[at]bluemoon.de Newsletter Blog News Lexikon Deutsch Projekte Leistungen Agentur Kontakt Home » News BLUE MOON-NEWS Für alle, die sich über BLUE MOON und interessante Trends aus PR und Werbung informieren möchten, sind hier richtig. Abonnieren Sie unseren Newsletter moontalk und lesen unsere Beiträge im Newsroom. Unsere Ansprechpartnerin für Journalisten ist Sonja Intze. EMPLOYER BRANDING UND RECRUITING Warum ein Karriereportal essentiell für die Weiterentwicklung eines jeden Unternehmens ist In Zeiten des Fachkräftemangels gewinnt das Employer Branding und Recruiting zunehmend an Bedeutung.Unternehmen müssen sich stärker als je zuvor positionieren und engagieren, um... mehr lesen NEUES BLUE MOON FÜHRUNGSTEAM Neues BLUE MOON Führungsteam Ein galaktisch starkes Führungsteam Ein neues Kapitel beginnt: Herzlich Willkommen an Philipp - als unseren neuen Geschäftsführer und Leon als neuen Inhaber bei BLUE MOON. Mit galaktischer Freude verkünden wir, dass seit dem 1. Februar... GLOW-UP FÜRS BLUE MOON SPACE Agentur Umgestaltung Kreative Atmosphäre durch zeitloses Corporate Building Ein Glow-up für unsere Agency! Wir haben visuell aufgerüstet und den Wänden unserer Agentur ein neues Design verliehen. Spiegelndes Plexi trifft auf matte Wände – zeitlos und reduziert... Weitere News NEWSLETTER Klicken Sie auf den unteren Button, um den Inhalt von Brevo zu laden und sich für unseren Newsletter zu abonnieren. Inhalt laden Ja, ich möchte kostenlos den moontalk-E-Mail-Newsletter abonnieren und auf Basis meiner hier angegebenen Anmeldedaten weitere – auf mich abgestimmte – Informationen, an die angegebene E-Mail-Adresse erhalten. Ich bin damit einverstanden, dass der Absender, zwecks Dokumentation meiner interessen, ein Tracking-System verwendet. Ich kann diesen Service jederzeit wieder abbestellen. Alle Felder müssen ausgefüllt werden. Wichtig: Bestätige deine Anmeldung. Nach deiner Anmeldung senden wir eine Nachricht an die von dir angegebene E-Mail-Adresse. Bitte bestätige diese, damit du in unserem Verteiler aufgenommen wirst. Falls du die Bestätigungsmail nicht beantwortest, wird deine Anmeldung automatisch wieder gelöscht. Du möchtest dich wieder abmelden? Wenn Du Dich später entschließen solltest, den Newsletter wieder abzubestellen, verwenden bitte den Abmeldelink in deinem moontalk E-Mail-Newsletter. PRESSEKONTAKT Pressesprecher Leon Gilges BLUE MOON CC GmbH Friedrichstr. 8 41460 Neuss Tel.: +49 2131.6 61 56 – 56 Fax: +49 2131.6 61 56 – 66 Mail: l.gilges[at]bluemoon.de Impressum Datenschutz AGB Suche Sprache auswählen English Italiano Français Nederlands Polski Español Facebook TikTok YouTube Xing Linkedin Instagram Copyright © 2024 BLUE MOON Communication Consultants GmbH | Friedrichstraße 8 | D-41460 Neuss . All rights reserved. Datenschutzeinstellungen Wir verwenden Cookies und andere Technologien auf unserer Website. Einige von ihnen sind essenziell, während andere uns helfen, diese Website und Ihre Erfahrung zu verbessern. Wenn Sie unter 16 Jahre alt sind und Ihre Zustimmung zu freiwilligen Diensten geben möchten, müssen Sie Ihre Erziehungsberechtigten um Erlaubnis bitten. Personenbezogene Daten können verarbeitet werden (z. B. IP-Adressen), z. B. für personalisierte Anzeigen und Inhalte oder Anzeigen- und Inhaltsmessung. Weitere Informationen über die Verwendung Ihrer Daten finden Sie in unserer Datenschutzerklärung. Sie können Ihre Auswahl jederzeit unter Einstellungen widerrufen oder anpassen. Essenziell Statistiken Externe Medien Alle akzeptieren Speichern Individuelle Datenschutzeinstellungen Cookie-Details Datenschutzerklärung Impressum Personenbezogene Daten können verarbeitet werden (z. B. IP-Adressen), z. B. für personalisierte Anzeigen und Inhalte oder Anzeigen- und Inhaltsmessung. Weitere Informationen über die Verwendung Ihrer Daten finden Sie in unserer Datenschutzerklärung. Hier finden Sie eine Übersicht über alle verwendeten Cookies. Sie können Ihre Einwilligung zu ganzen Kategorien geben oder sich weitere Informationen anzeigen lassen und so nur bestimmte Cookies auswählen. Alle akzeptieren Speichern Zurück Essenziell (2) Essenzielle Cookies ermöglichen grundlegende Funktionen und sind für die einwandfreie Funktion der Website erforderlich. Cookie-Informationen anzeigen Statistiken (1) Statistik Cookies erfassen Informationen anonym. Diese Informationen helfen uns zu verstehen, wie unsere Besucher unsere Website nutzen. Externe Medien (2) Inhalte von Videoplattformen und Social-Media-Plattformen werden standardmäßig blockiert. Wenn Cookies von externen Medien akzeptiert werden, bedarf der Zugriff auf diese Inhalte keiner manuellen Einwilligung mehr. powered by Borlabs Cookie Datenschutzerklärung Impressum Jobs

Online Marketing – wir sorgen dafür, dass Sie gefunden werden Strategien für erfolgreiche Internetwerbung Nehmen Sie BLUE MOON als kompetenten Partner in Sachen Online Marketing an Ihre Seite, denn das Internet folgt seinen ganz eigenen Regeln: Tagtäglich werden tausende neue Webseiten und Informationen online veröffentlicht – eine wahre Flut an Inhalten! Wir sorgen dafür, dass Sie darin nicht untergehen und helfen Ihnen, durch einen gelungenen Social Media Auftritt immer ganz nah an Ihrer Zielgruppe zu sein. Durch ansprechenden Foto- und Video-Content machen Sie im Netz von sich reden. Als kompetenter Partner für SEO und SEA sorgen wir zudem dafür, dass Sie gefunden werden. Ansprechende 3D Animationen oder eine eigene App bieten Ihren Kunden wertvolle Serviceleistungen, mit denen Sie sich von der Konkurrenz abheben. Die Möglichkeiten sind zahlreich, sprechen Sie uns an − wir zeigen Ihnen, wie Sie Online-Marketing möglichst effektiv für den Erfolg Ihres Unternehmens nutzen können. Im Internet Präsenz zeigen Im Internet präsent zu sein, sollte für jedes Unternehmen selbstverständlich sein. Für viele – unabhängig von Alter und Interessen – dient das World Wide Web als erste Informationsquelle sowie Kommunikationsplattform und beeinflusst die Kaufentscheidung der Kunden erheblich. Damit Ihre Website ein voller Erfolg ist und Sie von Ihrer Zielgruppe bestmöglich gefunden werden, unterstützen wir von BLUE MOON als Internetagentur Sie auf allen Kanälen. Wir bieten Ihnen: - Webseitenerstellung - Digitale Medien - SEO - SEA - Social Media - Online-PR Video – wir produzieren Filme für Ihre Botschaften Ein Bild sagt mehr als tausend Worte. Deshalb können Sie sich mit BLUE MOON per Video Ihrer Zielgruppe präsentieren. Ob Unternehmensfilm oder Erklärfilm, Produktinformationen oder Montageanleitung – bei uns sind Sie an der richtigen Adresse, wenn es um professionelle Kurzfilme für Ihre Homepage oder den perfekten Messeauftritt geht. Unsere Agentur produziert Ihre Videos professionell und kostengünstig. Sind sie zielgruppengerecht konzipiert, verbreiten sie sich über virale Kampagnen wie von selbst im Social Web. Foto – nutzen Sie die Kraft der Bilder Ein gutes Foto schafft es, Ihre Botschaft auf einen Blick zu kommunizieren − In unserer heutigen visuellen Welt ein absolutes Muss. Dabei kann man sich aber nicht immer auf den perfekten Moment verlassen: Die Voraussetzung für gute Bilder ist ein sorgfältig konzeptioniertes und professionell umgesetztes Fotoshooting. Überlassen Sie das perfekte Foto also nicht dem Zufall. Wir helfen Ihnen gerne weiter! SEO und SEA – wir wissen, wie Sie gefunden werden SEO und SEA – zwei unscheinbare Wörter, die jedoch im Internet den Ton angeben, denn ohne Google läuft heutzutage nichts mehr. Mit SEO, der sogenannten Search Engine Optimization (auf Deutsch Suchmaschinenoptimierung), sorgen wir dafür, dass Sie Ihren Mitbewerbern immer ein Stück voraus sind und bei Google ganz oben auf der Trefferliste Ihrer potenziellen Kunden stehen. SEA – mit gezieltem Einsatz auf Seite 1 SEA, kurz für Search Engine Advertisement, bezeichnet die Arbeit mit Google Adwords. Wir zeigen Ihnen, wie Sie mit zielgerichteter Werbung den maximalen Erfolg im World Wide Web erzielen und sich schon bald auf den Top-Plätzen im Google Ranking wiederfinden. Sprechen Sie uns an, wir machen Sie sichtbar im Netz! Die App als Service-Highlight Mit einer App können sie in Ihrem Produkt-Marketing ganz neue Maßstäbe setzen! Wir als Online-Experten helfen Ihnen gerne dabei, diesen ganz besonderen Service für Ihre Kunden oder Mitarbeiter zu entwickeln. So bleiben Sie garantiert im Gedächtnis. Eine App für jede Gelegenheit Die Möglichkeiten, bei denen Apps ins Spiel kommen können, sind zahlreich: Ob zur Steuerung anspruchsvoller technischer Geräte, als Bedienungshilfe für komplexe Produkte oder als Lieferant von Hintergrundinformationen – Apps können auf viele unterschiedliche Arten einen Mehrwert für Ihr Unternehmen bieten. Wir beraten Sie gerne! Zum Thema Apps beraten wir Sie gerne zusammen mit unserer Partneragentur Image Arts. 3D-Animationen – besondere Optik für besondere Produkte Mit Hilfe von 3D Animationen können Sie Ihre Produkthighlights besonders effektvoll in Szene setzen. Dreidimensionale Modelle erleichtern es Ihnen zudem, Mitarbeitern und Kunden die Funktionsweise von komplizierten technischen Geräten oder Arbeitsabläufen visuell zu verdeutlichen und deren Vorzüge besonders überzeugend anzupreisen. Der Einsatz von 3D Animationen ist also durchaus lohnenswert – unsere Grafikspezialisten bei BLUE MOON beraten Sie gerne dazu! Agentur BLUE MOON – Online Marketing aus Neuss bei Düsseldorf Erfolgreich kommunizieren im Internet – mit professionellem Online Marketing der Agentur BLUE MOON. Die Agentur BLUE MOON ermöglicht es Ihnen, alle Online-Kanäle profitabel für Ihr Marketing einzusetzen: von der eigenen Website über soziale Medien wie Facebook und YouTube bis hin zu individuellen Apps und Videos. Dabei setzen wir auf messbaren Erfolg: Nutzen Sie unsere Expertise in Search Engine Optimization (SEO) und Search Engine Advertisement (SEA), um die Bekanntheit Ihrer Marke weltweit zu steigern und nachweislich neue Kunden zu gewinnen. Von unserem Standort in Neuss nahe Düsseldorf aus können wir Ihnen alle Möglichkeiten eines zeitgemäßen Online Marketings bieten. Sie benötigen eine neue Internetpräsenz? Wir verwirklichen den kompletten Relaunch Ihrer Website: In hochwertigem Webdesign, das wir natürlich responsive gestalten und für Smartphones und Tablets optimieren. Mit Texten, die den Ansprüchen moderner Online-Kommunikation entsprechen und Ihre Website mittels SEO im Google-Ranking nach oben befördern. Mit multimedialen Inhalten wie Animationen, Videos, Fotoshows und interaktiven Sonderfunktionen, die Sie von Ihrer Konkurrenz abheben. Das alles verwirklichen wir in einer leistungsfähigen und sicheren technischen Umgebung. Facebook und Twitter, YouTube, Instagram und Pinterest, LinkedIn und Xing: Wir machen soziale Netzwerke zu Sprungbrettern für Ihren Unternehmenserfolg. Wir entwickeln detaillierte, langfristig angelegte Social Media-Strategien, die Ihnen Orientierung und Erfolgsrezepte im Umgang mit den neuen Medien bieten. Auf diese Weise nutzen Sie facebook und Co. für den interaktiven Austausch mit Kunden und Interessenten, gewinnen mehr Follower hinzu und senden Ihre Markenbotschaften in alle Welt. Digitales Marketing bietet nahezu unbegrenzte Möglichkeiten: Botschaften und Inhalte lassen sich im Netz auf originelle, einzigartige Weise transportieren. Wir von der Agentur BLUE MOON machen Sie zum Trendsetter. Wir erstellen Videos und Animationen mit hohem Informations- und Unterhaltungswert. Wir entwickeln individuelle Apps, die Ihren Kunden einen echten Mehrwert bieten. Themenbezogene Microsites und Blogs gehören ebenso zu unserem Portfolio wie Webshops, geschützte Händlerbereiche und spezialisierte Sonderfunktionen für einen erweiterten Kundenservice. Dank unserem Know-how im Bereich SEA und SEO werden Sie gefunden. Wir konzipieren und schalten Online-Anzeigenkampagnen in Suchmaschinen wie Google so, dass die größtmögliche Sichtbarkeit für die gewünschte Zielgruppe erreicht wird. Wir analysieren und definieren Keywords nach ihren Erfolgsaussichten im Google-Ranking und konzipieren Inhalte nach den aktuellsten SEO-Standards. Dabei sorgen wir dafür, dass alle unsere Berater, Texter, Designer und Programmierer immer Up to date sind – damit zukünftig Sie die Branchen-Trends im Web setzen. BLUE MOON – Die Online Marketing-Agentur für Ihren Erfolg im Internet! Werbeagentur BLUE MOON Friedrichstraße 8 D-41460 Neuss Telefon: +49 2131 66156-0 Fax: +49 2131 66156-66 Hier gelangen Sie zu unseren Datenschutzbestimmungen

Neue Digital-Förderung für den Mittelstand Für eine erfolgversprechende Zukunfts- und Wettbewerbsfähigkeit eines Unternehmens spielt die Digitalisierung eine beträchtliche Rolle. Wer in Zukunft Prozesse digitalisieren, digitale Software einsetzen oder seine Mitarbeiter im Hinblick auf den digitalen Wandel weiterbilden möchte, aber keine goßen Investitionssummen zu Verfügung stehen hat, kann jetzt auf das neue Förderprogramm DIGITAL JETZT des Bundeministeriums für Wirtschaft und Energie zurückgreifen. BLUE MOON unterstützt als kompetenter Partner bei Planung und Umsetzung digitaler Projekte – für einen erfolgreichen Start in die digitale Zukunft. Nach GO DIGITAL – Förderprogramm für mittelständische Unternehmen mit bis zu 100 Mitarbeitern – gibt es mit DIGITAL JETZT jetzt ein neues Förderprogramm des Bundeministeriums für Wirtschaft und Energie für größere mittelständische Unternehmen mit bis zu 499 Mitarbeitern. Ziel des Förderprogramms: Mittelständische Unternehmen auf dem Weg in die Digitalisierung unterstützen sowie Investitionen in digitale Technologien und entsprechende Weiterbildungen ermöglichen. Die maximale Förderungssume beträgt 50.000 Euro – das Programm läuft bis Ende 2023. Großes Plus: Für die Bewilligung der Fördergelder ist kein Mindestumsatz nötig. Die Beantragung erfolgt über ein Online Tool – nach der Antragsprüfung kann es direkt mit der Umsetzung und dem Weg in die digitale Welt losgehen. Die maximale Fördersumme beträgt 50.000 Euro pro Unternehmen – bei Beteiligung an einem Wertschöpfunsgnetzwerk kann die Summe auf bis zu 100.000 Euro erhöht werden. Was kann gefördert werden? Das Förderprogramm des Bundesministeriums enthält zwei verschiedene Module: FÖRDERMODUL 1: INVESTITION IN DIGITALE TECHNOLOGIEN Das Modul „Investition in digitale Technologien“ unterstützt Investitionen in Soft- und Hardware – insbesondere für die interne und externe Vernetzung eines Unternehmens. Dazu gehören unter anderem: - Datengetriebene Geschäftsmodelle - Apps oder Online Shops - Künstliche Intelligenz - Cloud-Anwendungen - Big Data - Sensorik - 3D-Druck - IT-Sicherheit und Datenschutz FÖRDERMODUL 2: INVESTITION IN DIE QUALIFIZIERUNG DER MITARBEITER Das Modul „Investition in die Qualifizierung der Mitarbeiter“ unterstützt Unternehmen dabei, Beschäftigte im Umgang mit digitalen Technologien weiterzubilden. Dazu gehören Weiterbildungen und Schulungen zu den Themen: - Digitale Strategien - IT-Sicherheit und Datenschutz - Digitales Arbeiten und Basiskompetenzen Wer bereits eine Förderung über GO DIGITAL erhalten hat, kann die im Anschluss geplante Investition im Bereich Hard- und Software oder Mitarbeiterqualifizierung über DIGITAL JETZT bezuschussen lassen. Sie möchten mit erweiterten digitalen Kompetenzen wirtschaftlich neue Chancen wahrnehmen und die Digitalisierung Ihres Unternehmens aktiv vorantreiben? Gerne unterstützen wir Sie bei der Beratung, Planung und Durchführung Ihres Digitalprojekts oder unterstützen Sie bei Antragsstellung, Beratungsleistung und Projektumsetzung. get in touch Contact Robert Pichel Online Marketing Team-Lead

Werbeagentur BLUE MOON Friedrichstraße 8 D-41460 Neuss Telefon: +49 2131 66156-0 Fax: +49 2131 66156-66 Hier gelangen Sie zu unseren Datenschutzbestimmungen Werbeagentur BLUE MOON Friedrichstraße 8 D-41460 Neuss Telefon: +49 2131 66156-0 Fax: +49 2131 66156-66 Hier gelangen Sie zu unseren Datenschutzbestimmungen",7870,7870,11,"[""https://www.bluemoon.de/agentur"", ""https://www.bluemoon.de/"", ""https://www.bluemoon.de/blog"", ""https://www.bluemoon.de/blog/hochwertiger-print-newsletter-fuer-energiedienstleister"", ""https://www.bluemoon.de/grafik-design"", ""https://www.bluemoon.de/impressum"", ""https://www.bluemoon.de/lexikon"", ""https://www.bluemoon.de/news"", ""https://www.bluemoon.de/online-marketing"", ""https://www.bluemoon.de/pressemitteilungen/neue-digital-foerderung-fuer-den-mittelstand"", ""https://www.bluemoon.de/suche-werbeagentur""]","[""family_values"", ""homepage"", ""news_press"", ""news_press"", ""news_press"", ""news_press"", ""news_press"", ""news_press"", ""news_press"", ""news_press"", ""news_press""]",True,high
c956bd4e-2b8a-4c48-8780-c187587f46b3,1,BLUE MOON COMMUNICATION CONSULTANTS GMBH,pre_event,"WE CREATE CONTENT THAT BOOSTS Social Media ist längst kein Hype mehr, sondern der Erfolgsfaktor, wenn es darum geht, deine Zielgruppen zu erreichen. Unsere Social Media Experten entwickeln für dich zielführende Social Media Kampagnen mit maßgeschneidertem Storytelling. Content Creation, Social Ads, User Generated Content: Wir bringen dich und deine Marke nach vorn! Auf Wunsch inklusive Reporting und Auswertung aller Ergebnisse. 01 Content creation Content is King! Kreativ, authentisch und relevant: Mit den BLUE MOON Content Creatoren, einem großen Influencer-Netzwerk, eigenem Filmstudio, Toolbox & Co bringen wir deinen Content aufs nächste Level! 02 USER GENERATED CONTENT Deine Marke braucht Fans! BLUE MOON baut für dich nicht nur eine aktive Community auf, sondern macht aus Followern Content Creatoren und authentische Markenbotschafter. 03 Social Media Werbung Mit Social Media Ads den Markenerfolg steigern: Alles eine Frage der Strategie! BLUE MOON macht dein Wachstum planbar und gibt deinem Content den extra Performance-Push. 04 360° Control Viele Kanäle, alles im Blick: Unser exklusives Tool 360° Control reportet alle Ergebnisse deiner Social-Media-Aktivitäten, PR- und Werbeerfolge. get in touch Contact WHAT WE DO BLUE MOON CASES Die Luxus- und Hightech-Produkte der japanischen Brand in der deutschen Social Media Welt etablieren. Vom „No-Name“ zur Nummer Eins DIY-Marke in Deutschland! Junge Menschen für das Neusser Traditions-Modehaus Heinemann begeistern. SOCIAL MEDIA CREW UNSER TEAM GOOD REASONS FOR CHOOSING BLUE MOON Warum wir? Weil wir es können! Und weil wir für dich sämtliche Aufgaben erledigen und du dich um nichts kümmern musst. Bei uns hast du immer einen persönlichen Ansprechpartner, an den du dich jederzeit wenden kannst. Wir verinnerlichen die Ziele, die du dir gesteckt hast, liefern dir kreative Ideen und kümmern uns um die Umsetzung. Wir kennen deine Zielgruppe und wissen, wie wir sie optimal erreichen. Last but not least: Wir arbeiten transparent und informieren dich über alle Prozessschritte und Etappensiege. Wir ziehen mit dir an einem Strang. Lass uns also loslegen und gemeinsam erfolgreich sein. Let`s go and boost your success! We manage good news news about social media SOCIAL MEDIA TRENDS 2025: DAS MUSS MAN WISSEN! ZWISCHEN VIRAL GEHEN, KI-CONTENT UND AUTHENTIZITÄT Faszination Labubu, KI-generierte Personen als Superheldenfiguren und Hype à la Dubai-Schokolade sind für euch keine Fremdwörter? Dann seid ihr schon mitten drin in der bunten Welt der Social Media Trends.... Die Energiewende boosten – via LinkedIn Case: Markenbotschafter für German Contract Unterwegs in Heizzentralen, auf Messen und bei Projektpartnern: Wer Roland Gilges auf LinkedIn folgt, lernt die Energiewende in all ihren Facetten kennen. Über 3.150 Follower informieren sich wöchentlich auf dem...

BLUE MOON: DEINE FULL SERVICE WERBEAGENTUR. Familiär. Zuverlässig. State of the Art. Als unabhängige, familiengeführte Werbeagentur mit Sitz in Neuss bei Düsseldorf navigiert BLUE MOON seit 25 Jahren Kunden zum Marketing-Erfolg. Unsere vier eigenständigen Teams für PR, Social Media, Branding und Online Marketing bilden einen Kompetenz-Hub, der uns zur optimal aufgestellten Full Service Agentur für den Mittelstand macht. Unser Anspruch lautet: Wir MACHEN Weltmarktführer! Oder ganz konkret: Wir entwickeln und verwirklichen die Marketing-Strategie, die perfekt zu deinen Vertriebszielen passt. Da trifft es sich umso besser, dass wir seit mehr als zwei Jahrzehnten einen starken Fokus auf Kunden aus Mittelstand, Industrie und B2B legen. In Branchen wie Sanitär/Heizung/Klima, Bau, Elektrotechnik und Automotive sind wir bestens vernetzt und verfügen über tiefgreifendes technisches Verständnis. Mit unseren Kunden verbinden uns gemeinsame Werte. Seit Anita Gilges BLUE MOON im Jahr 2000 in der Region Neuss/Düsseldorf gegründet hat, agieren wir als unabhängiges Familienunternehmen. Statt auf „Hire & Fire“ setzen wir auf langfristige Mitarbeiterbindung und -entwicklung – unsere Kunden profitieren von festen, erfahrenen Ansprechpartnern. Wir passen uns jederzeit flexibel an Markttrends an und entwickeln unsere Kompetenzen permanent im Sinne unserer Kunden und Zielbranchen weiter. Sie sehen gerade einen Platzhalterinhalt von YouTube. Um auf den eigentlichen Inhalt zuzugreifen, klicken Sie auf die Schaltfläche unten. Bitte beachten Sie, dass dabei Daten an Drittanbieter weitergegeben werden. Mehr Informationen get in touch

BLUE MOON – die Werbeagentur für Ihren Markenerfolg Zünden Sie mit uns die nächste Stufe! Wir machen Werbung, die fliegt. Als Full Service Werbeagentur in Neuss bei Düsseldorf kümmern wir uns um alles, was Ihre Marke sichtbar macht: digital, analog und international. Wir machen alles und zwar mit Leidenschaft und Kompetenz: Ob internationale PR, Werbung, Grafik Design, Webapplikationen, 3D-Animation, Filmproduktion, Online-Marketing, Events, Kongresse oder Social Media. Sie bekommen einen festen Ansprechpartner mit einem interdisziplinären Team, anschließend messbare Ergebnisse. Wir machen die Arbeit. Sie heben ab. Versprochen! BLUE MOON: effizient, inspirierend, servicestark für Ihren Erfolg. Werbung // EVENTS // International und hybrid: Kongress für die Stadt Essen Werbung // ONLINE // UNFOREIGN SIGNALS: BLUE MOON AKTUELL. Quo Vadis Social Media in der SHK-Branche? BLUE MOON befragte 40 Unternehmen – Das neue Whitepaper zur großen Umfrage Hunderte von namhaften Unternehmen aus der SHK-Branche (Sanitär, Heizung, Klima) versammelt an einem Ort – das gab es schon lange nicht mehr. Das ließen sich unsere Expertinnen und Experten vom blauen Mond bei der Fachmesse ifh in Nürnberg nicht entgehen und nutzten die Gelegenheit für eine spannende Umfrage. Auf die Farben, fertig, bunt! – BLUE MOON organisiert kreatives Blogger-Event in Düsseldorfer Kita DIE ARCHE Je bunter, desto besser! So lautete das Motto beim Kreativ-Event in der Düsseldorfer Kindertagesstätte DIE ARCHE, das die Expert*innen vom blauen Mond für den Farbhersteller Rust-Oleum organisierten. Gemeinsam mit drei kreativen DIY- und Family-Bloggerinnen durften die Kita-Kids einen ganzen Tag lang die Pinsel … BLUE MOON – Ihre Experten für Werbung Full Service – alles aus einer Hand Um eine Zielgruppe optimal zu erreichen, muss Werbung ganz genau auf diese zugeschnitten sein. Das erfordert Empathie und ein besonderes Fingerspitzengefühl für Produkte, Dienstleistungen und die Bedürfnisse potenzieller Käufer. Werbung ist für unsere BLUE MOON-Experten kein Buch mit sieben Siegeln. Als Werbeagentur aus Neuss in der Nähe von Düsseldorf verfügen wir über langjährige Erfahrungen, die bestmögliche Werbestrategie zu kreieren. Wir produzieren und positionieren für Sie Anzeigen online und offline, stellen Plakatwerbung und produzieren Clips für Radio und TV. Durch ein gut ausgebautes Partnernetzwerk ist es uns möglich, ganz individuell auf die Wünsche und Bedürfnisse unserer Kunden einzugehen und auch ausgefallene Ideen in die Tat umzusetzen. Werbung // Marketing // BLUE MOON – Marketingexperten national und international Vertriebsorientiertes Marketing für mehr Umsatz Von der strategischen Neupositionierung über den systematischen Markenaufbau bis zur operativen Umsetzung einzelner Marketing-Maßnahmen begleiten wir Ihren Marktauftritt und die Marktbearbeitung. Dazu greifen wir auf einen großen Pool ausgewiesener Experten zurück – wenn Sie es wünschen, in allen wichtigen Märkten der Welt. Denn unser Partner-Netzwerk öffnet Ihnen die Tore zu den internationalen Geschäftsplätzen. BLUE MOON – Konzepte für seriöses Online-Marketing Content ist King – zu viel Content nervt Auch im Bereich Online-Marketing beraten wir unsere Kunden ganzheitlich: Ob Internet, Social Media, Suchmaschinenoptimierung (SEO), google Adwords (SEA), Videos und mehr – als Experten für Online-Marketing sind wir Ihr Partner in diesem Segment. So berücksichtigen wir bei der Webseitengestaltung und Programmierung von Anfang an die Funktionalität der Suchmaschinenoptimierung und des Online-Marketings. Denn mit einer reinen Präsenz ist es nicht getan – Ihr Unternehmen und Ihre Dienstleistungen müssen auch über den richtigen Content gefunden werden. So sorgen wir mit unseren Online-Marketing Maßnahmen für mehr Traffic auf Ihren Seiten, um mehr Umsatz zu erzielen. Online Marketing // PR // BLUE MOON – Ihre PR-Agentur für mehr Bekanntheit Public Relations – wir senden Ihre Botschaft in allen Kanälen Wortbalance und Kontinuität zeichnen seriöse PR-Arbeit aus. Nur ein Unternehmen, das fortlaufend von sich reden macht, zeigt, dass es ungeachtet von Konjunkturbarometern zu den Großen seiner Branche gehört. Bei BLUE MOON ist PR in besten Händen. Wir betrachten PR als das, was es wortwörtlich bedeutet: Beziehungen zur Öffentlichkeit. Dabei zählt für uns jeder einzelne und jede spezifische Zielgruppe. Unsere Berater, Texter, Grafiker und Programmierer bauen Kommunikationsbrücken zu denen, die erreicht werden sollen. Damit PR keine Einbahnstraße ist, sondern in erster Linie Beziehungspflege. Events – durch das Ohr, unter die Haut, direkt ins Herz Eventorganisation, die Ihre Botschaft feiert Events positionieren Ihr Markenversprechen in Zeit und Raum, füllen es mit Leben. Events sprechen Menschen emotional an, schaffen Verbindungen über ein gemeinschaftliches Erlebnis. Events sind die Sternstunden im Jahreslauf und verdienen Ihre allergrößte Aufmerksamkeit. Wir geben Ihren Impulsen die gewünschte Richtung und Ihren Ideen konkrete Konturen. Ob Team Building oder Sommerfest, Konferenzen, Kongresse, Messen, Seminare und Networking-Veranstaltungen – wir sorgen dafür, dass Ihr Event ein Erlebnis wird, das in guter Erinnerung bleibt. Social Media // Social Media – sichtbar und reichweitenstark auf Instagram, Pinterest & Co. Wir sorgen dafür, dass Ihnen die Herzen zufliegen Jeder sendet – jederzeit und alles, auf allen Kanälen. Filter gibt es nur mit Blick auf die Optik, nicht aber für den inhaltlichen Gehalt. Wahr scheint, was gefällt und wenn nicht: wütendes Emoji. Die Welt der Sozialen Medien ist schrill, schnell und nicht immer rational. Aber: Ihre Kunden sind genau dort – als Menschen, mit ihren Gefühlen und Interessen. Wir führen Sie zusammen – in den exakt den Kanälen, die sich für Ihr Angebot eignen, mit Kampagnen, die Ihre Kunden lieben. Sie setzen die Ziele. Wir steuern sie an. BLUE MOON – Ihre Experten für Internationale PR Internationale PR für den Mittelstand Internationale PR mit BLUE MOON: Erfolgreich mit Ihrer PR durchstarten – dabei stehen wir professionell an Ihrer Seite. Die Anforderungen an internationale PR sind facettenreich. Unternehmen müssen zu jeder Zeit in der Lage sein, in einer angemessenen Weise zu agieren und zu reagieren. Effizienz und Effektivität der internationalen PR stehen dabei im Fokus. Bei BLUE MOON haben wir die passende Antwort auf diese Anforderungen: Unsere internationale Herangehensweise an die PR weltweit ist interdisziplinär und mit bewährten Qualitätsstandards. Grafik Design // BLUE MOON – Ihre Profis für Grafik Design Design ist eine subtile Sprache aus Formen, Farben und Strukturen Ob Printmaterialien, multimediale Produkte oder Messeauftritte – bei Grafik Design legen wir größten Wert auf medienübergreifende Einheitlichkeit als Voraussetzung erfolgreicher Markenführung. Die konkrete Umsetzung einzelner Maßnahmen geschieht dann im Spannungsfeld zwischen den verbindlichen Vorgaben des Corporate Designs auf der einen und dem kreativem Spiel mit der jeweiligen Aufgabenstellung auf der anderen Seite. In diesem Sinne erarbeiten wir mit dem Blick für das große, harmonische Ganze vollständige Corporate Designs mit Logoentwicklung, Festlegung von Gestaltungsrichtlinien, Geschäftspapieren, Beschilderungen, Broschüren, Websites – eben allem, was dazugehört. Werbeagentur BLUE MOON Friedrichstraße 8 D-41460 Neuss Telefon: +49 2131 66156-0 Fax: +49 2131 66156-66 Hier gelangen Sie zu unseren Datenschutzbestimmungen BLUE MOON – die Full Service Werbeagentur aus Neuss bei Düsseldorf Wer zielgruppengerechte Werbung möchte und dabei eine Werbeagentur in der Nähe von Düsseldorf sucht, landet automatisch bei BLUE MOON. Als Full Service Werbeagentur, bieten wir Ihnen stets intelligente Lösungen für jegliche Herausforderungen in der Werbung und Kommunikation. Dabei vereinen wir das Know-how unserer verschiedenen kreativen Köpfe und bieten Ihnen zahlreiche Leistungen von klassischer Werbung über Online-Marketing bis hin zu Corporate Design. Spezialisten aus unterschiedlichen Bereichen, wie Grafik Design, IT und nationaler und internationaler PR arbeiten hier gemeinsam an kreativen Kampagnen, vertriebsorientierten Marketingmaßnahmen, Imagebroschüren, Websites und PR. Das Team der Neusser Werbeagentur BLUE MOON ist stets über die neuesten Kommunikationstrends informiert und geht gemeinsam mit seinen Kunden individuelle und innovative Wege. Dabei ist es uns als Full Service Werbeagentur besonders wichtig, unseren Kunden beratend zur Seite zu stehen, damit sie im Kommunikations-Universum mit seinen zahlreichen Planeten wie Corporate Wording, Content Marketing, SEO oder SEA nicht den Überblick verlieren. Wir helfen Ihnen dabei, eine starke Marke aufzubauen und Ihre Botschaft auf allen Kanälen zu kommunizieren. BLUE MOON legt Wert auf eine vertrauensvolle und dauerhafte Zusammenarbeit mit seinen Kunden. Tag für Tag sind wir mit Leidenschaft für unsere Kunden nicht nur von unserer Homebase in Neuss bei Düsseldorf, sondern in ganz Deutschland und im Sinne der internationalen PR auch weltweit im Einsatz. Als Full Service Werbeagentur bieten wir unseren Kunden eine individuelle Betreuung durch ein konstantes Team, kreative Lösungen für aufsehenerregende Werbung und ein ansprechendes Grafik Design − alles aus einer Hand: von internationaler PR über Vertriebsmarketing bis zu Online PR. Wir sind Ihr Partner für einen eindrucksvollen Messeauftritt, aber helfen Ihnen auch dabei, über die eigene Website und auf den Social-Media Plattformen wie Facebook, Youtube, Twitter und Co. für Ihr Unternehmen zu werben. Was Sie auch vorhaben: Mit unserer langjährigen Erfahrung und tiefgreifendem Branchen-Know-how finden wir für Sie die die richtige Strategie und das passende Konzept für Ihre Werbung und PR! Unsere Kunden kommen aus den Bereichen SHK, Bauen & Wohnen, der Immobilienwirtschaft, Technik und zahlreichen anderen Branchen, in denen sie von unserer langjährigen Expertise und Erfahrung profitieren können. Lernen Sie uns kennen und folgen uns in die Weiten des Kommunikationsuniversums, denn mit BLUE MOON aus Neuss in der Nähe von Düsseldorf haben Sie eine Full Service Werbeagentur an Ihrer Seite, die Sie bei all Ihren Missionen tatkräftig unterstützt!

BLUE MOON Blogging – freie Sicht auf das gesamte (Kommunikations-) Universum In unserem Blog berichten wir regelmäßig über Neuigkeiten, Praxistipps und Trends aus der Presse- und Öffentlichkeitsarbeit, Public Relations und Online-PR. Wir bloggen, was Sie wissen sollten, denn: wer einen weiten Horizont hat, sieht bis zum Horizont. Wer sich aber auf den Mond begibt, hat freie Sicht auf das gesamte Universum. Hochwertiger Print Newsletter für Energiedienstleister Immer wieder verfolgt uns in den letzten Jahren die Vorhersage des endgültgen Ablebens von Printpublikationen. Print sei tot, heißt es. Doch ist das wirklich so? Wir glauben nicht. Den Beweis – und ein herausragendes Leseereignis – liefert der halbjährlich... Blick hinter die Kulissen Individuelle und aussagekräftige Fotos sind für eine erfolgreiche Unternehmenskommunikation unverzichtbar. Ganz egal, ob es um Bildmaterial für eine Werbekampagne, den eigenen Internetauftritt, eine Broschüre oder den Einsatz in den sozialen Medien geht. Wir werfen... How to Sell Health Online Made in Germany lautet die Devise der drei Gründer*innen von Immunbar. Die drei Jungunternehmer sind mit ihren Produkten – individuell gestaltete Hygienemasken und ausgefallene, gesunde Snacks – genau am Puls der Zeit. Herzstück des Unternehmens ist ein modern... Aus- und Weiterbildung trotz Corona: Eine Investition in die Zukunft Die unmittelbaren wie auch lang- und mittelfristigen Auswirkungen der Corona-Krise stellen ganze Unternehmen, Arbeitgeber und Arbeitnehmer vor nie gekannte Herausforderungen. Doch der Arbeitsmarkt ruht nicht. Employer Branding sowie das Aufrechterhalten von... Kampagnenplanung 360° „Make it yours“ lautete das Motto der bundesweiten Marken- und PR-Kampagne für den amerikanischen Farbenhersteller Rust-Oleum. Für einen Zeitraum von drei Monaten konzipierte, plante und realisierte BLUE MOON ein umfassendes Maßnahmenpaket rund um die Farbprodukte für... AUS DEM AGENTURKOSMOS – BLUE MOON PODCAST Warum heißt Blue Moon eigentlich Blue Moon? Wir gehen der Gründungsgeschichte unserer Agentur auf den Grund und erfahren, was es mit dem Namen aus der Welt der Astronomie auf sich hat.

Grafik Design – visuelle Gestaltung mit Wow-Effekt Von der kreativen Idee zum professionellen Unternehmensauftritt BLUE MOON ist Ihre Agentur für Grafik Design im Raum Neuss / Düsseldorf! Bei uns erhalten Sie alles zum Thema visuelle Gestaltung aus einer Hand! Wir wissen, dass ein einheitliches und ansprechendes Corporate Design Voraussetzung für eine erfolgreiche Markenführung ist: Wir gestalten Ihr Logo und legen die Gestaltungsrichtlinien für Ihre Geschäftspapiere, Beschilderungen, Broschüren und Internetauftritte fest. Auch für Ihre Flyer, Kataloge, Plakatwerbungen, Websites und alles, was Sie sonst noch vorhaben, haben wir die richtigen, kreativen Ideen und das nötige Know-how – so garantieren wir Ihnen einen Auftritt mit Wow-Effekt! Corporate Design – Ihr Unternehmensbild auf einen Blick Ein ansprechendes Corporate Design macht Ihr Unternehmen unverwechselbar – BLUE MOON ist der kompetente Partner für Ihre visuelle Identität. Wir verwandeln das Leitbild Ihres Unternehmens in ein individuelles Corporate Design, das Sie einzigartig macht und von den anderen Mitbewerbern abhebt! Die Designregeln zur einheitlichen visuellen Gestaltung halten wir in einem übersichtlichen und detaillierten Corporate Design Manual für Sie fest, damit alle Drucksachen, Flyer, Kataloge und Internetseiten auch stets Ihre ganz persönliche Unternehmens-Handschrift enthalten. Corporate Publishing – bleiben Sie im Gespräch Corporate Publishing sorgt dafür, dass Ihre Kunden und Geschäftspartner immer Up to Date bleiben. Regelmäßige wertvolle Informationen, beispielsweise in Form eines Kundenmagazins tragen zur Kundenbindung und zum Austausch mit Ihrer Kundschaft bei – so bleiben Sie bei Ihrer Zielgruppe immer im Gespräch. Eine aktuelle Imagebroschüre und ein ansprechender Geschäftsbericht helfen Ihnen, sich öffentlichkeitswirksam zu präsentieren und Interessenten ein attraktives und umfassendes Bild ihres Unternehmens zu vermitteln. Welches Projekt Sie auch umsetzen möchten, mit BLUE MOON haben Sie einen starken Partner für ein effektvolles Corporate Publishing an Ihrer Seite! Corporate Building – Corporate Identity für Ihr Unternehmensgebäude Die Grafik-Design Experten bei Blue Moon haben mit Corporate Building ein Konzept geschaffen, welches das Firmengebäude durch grafische Gestaltung in Einklang mit dem Image Ihres Unternehmens bringt. Gerade Ihr Unternehmenssitz sollte nicht vom Corporate Design Ihres Unternehmens ausgenommen sein, repräsentiert er doch tagtäglich Ihr Image gegenüber Ihren Mitarbeitern, Kunden und Geschäftspartnern. Neben dem optischen Aspekt beinhaltet Corporate Building aber auch eine intuitive Orientierung für die Menschen, die im Gebäude arbeiten oder sogar leben. Dafür entwickelt BLUE MOON grafisch anspruchsvolle, individuelle Leitsysteme, die perfekt zum Auftritt Ihres Unternehmens passen. Weitere ausführliche Projektbeispiele finden Sie in unserer Corporate Building Broschüre zum Download. Agentur BLUE MOON – Grafik Design aus Neuss bei Düsseldorf Grafik Design von BLUE MOON setzt Ihre Marke perfekt in Szene: von Corporate Design über Corporate Publishing bis hin zu Corporate Building. Die Agentur BLUE MOON bietet Ihnen Grafik Design aus einer Hand für ein hochwertiges, unverwechselbares Erscheinungsbild. An unserem Standort in Neuss bei Düsseldorf erstellen wir Corporate Designs ebenso wie einzelne Imagebroschüren und Geschäftsberichte, Kataloge und Kundenmagazine, Flyer und Werbeanzeigen, Gebäudebeschilderungen und Leitsysteme, Visitenkarten, Präsentationen und Geschäftspapiere – und vieles mehr. Ob gedruckt oder digital: Ihre Marke erhält einen rundum erstklassigen Auftritt und hebt sich so von der Konkurrenz spürbar ab. Dafür befassen sich unsere Grafik Design-Spezialisten intensiv mit Ihrem Unternehmen und Ihren Produkten. Mit unseren individuell entwickelten Corporate Designs schaffen wir das Fundament für Ihr Erscheinungsbild – mit einem markanten Logo und einem Corporate Design-Manual, das Schriften, Fotomotive, Farben und Layouts exakt und passend zu Ihrer Corporate Identity festlegt. Nutzen Sie unsere Kreativität und Erfahrung im Bereich Corporate Publishing: In Imagebroschüren, Kundenmagazinen, Geschäftsberichten und vielen weiteren, individuellen Publikationen bringen wir die Vorzüge Ihres Unternehmens auf dem Punkt. Neben dem Layout übernehmen wir für Sie gerne alle weiteren Aufgaben: erstklassige Fotos, Illustrationen, Imagetexte, Übersetzungen sowie das Management der Druckproduktion – denn wir verstehen Grafik Design ganzheitlich und serviceorientiert. Unser Ziel: Ihr Unternehmen, Ihre Produkte und Dienstleistungen zielgerichtet und attraktiv, aber auch in der nötigen Komplexität darzustellen. Dafür bringen wir Erfahrungen aus nahezu allen Branchen ein. So verfügen wir über langjährige Expertise in der grafischen Darstellung komplexer technischer Produkte und organisatorischer Abläufe. Auch Ihre Gebäude, Büros, Ausstellungs- und Geschäftsräume setzen wir perfekt in Szene: Im Bereich Corporate Building erstellen wir Schilder, Piktogramme, Leitsysteme und Gestaltungskonzepte, ebenso Messestände und Präsentationssysteme. Ob bei Ihnen vor Ort oder unterwegs auf Messen und Veranstaltungen: Ihre Kunden, Gäste und Mitarbeiter fühlen sich dank unserer Designs bestens bei Ihnen aufgehoben. Sie haben einen ganz individuellen Wunsch rund um das Thema Grafik Design? Wir lieben es, kreativ zu werden und selbst ausgefallenste Design-Ideen mit Ihnen zu entwickeln und praktisch umzusetzen. Nutzen Sie unser Know-how in der Erstellung hochwertiger Grafik Designs – und bringen Sie Ihre Marke den entscheidenden Schritt weiter! BLUE MOON – Die Grafik Design Agentur für Ihren erfolgreichen Markenauftritt! Werbeagentur BLUE MOON Friedrichstraße 8 D-41460 Neuss Telefon: +49 2131 66156-0 Fax: +49 2131 66156-66 Hier gelangen Sie zu unseren Datenschutzbestimmungen

Impressum BLUE MOON Communication Consultants GmbH Friedrichstraße 8 D-41460 Neuss Telefon +49 2131 66156-0 Telefax +49 2131 66156-66 E-Mail: info[at]bluemoon.de Geschäftsführung: Anita Gilges, Peter Lütkenhaus, Robert Pichel Datenschutzbeauftragter: Tobias Erdmann, sicdata Unternehmensberatung Amtsgericht Neuss, HRB 10669 Umsatzsteuer-Identifikations-Nummer (USt-ID-Nr.): DE 209822145 Wegbeschreibung Haftungsausschluss Inhalte fremder Internetseiten, auf die wir in unserem Internetauftritt direkt oder indirekt verweisen (durch sog. „Hyperlinks“ oder „Deeplinks“), liegen außerhalb unseres Verantwortungsbereiches. Wir machen uns solche Inhalte nicht zu Eigen. Wir können jedoch erklären, dass zum Zeitpunkt der Linksetzung keine illegalen Inhalte auf den verlinkten Internetseiten erkennbar waren. Weder auf die aktuelle noch auf die zukünftige Gestaltung, die Inhalte oder die Urheberschaft der verlinkten Internetseiten haben wir irgendwie Einfluss. Daher distanzieren wir uns ausdrücklich von allen Inhalten aller verlinkten Internetseiten, die nach der Linksetzung verändert wurden. Diese Feststellung gilt für alle innerhalb des eigenen Internetauftrittes gesetzten Links und Verweise. Für illegale, fehlerhafte, oder unvollständige Inhalte und insbesondere für Schäden, die aus der Nutzung der in den verlinkten Internetseiten aufrufbaren Inhalte oder Informationen entstehen, haftet allein der jeweilige Anbieter der Seite, auf die verwiesen wurde. Erhalten wir Kenntnis von illegalen, rechtswidrigen oder fehlerhaften Inhalten auf Internetseiten, auf welche wir verlinken, werden wir die Verlinkung aufheben. AGB Download Allgemeine Geschäftsbedingungen (PDF, 53 KB) Download here our standard business conditions (PDF, 57 KB)

LEXIKON RUND UM KOMMUNIKATION Unser Lexikon stellt dir Begriffe aus der BLUE MOON PR-Welt vor. Erfahre in unserem Lexikon, welche Instrumente du für deine Kommunikation benötigst und wie BLUE MOON dich dabei unterstützt. Digitalisierung SEM SEM ist die Abkürzung für Search Engine Marketing und umfasst den Teil des Online-Marketings, der alle Maßnahmen zur Gewinnung von Websitebesuchern über Suchmaschinen umfasst. Zum SEM gehören SEO (Search Engine Optimization) und SEA (Suchmaschinenwerbung). Ziel aller... Shitstorm Der Begriff Shitstorm beschreibt eine flutartig auftretende, große Menge an negativer Kritik auf sozialen Medien (Facebook, Twitter, Instagram, Blogs, öffentliche Plattformen, Kommentarbereiche auf Websites). Die öffentlich ausgeübte Kritik wird durch einen bestimmten... Keyword Keywords sind wichtige Schlüsselwörter oder Kombinationen von solchen innerhalb eines Textes. Die Verwendung dieser Schlüsselwörter ist vor allem für die Suchmaschinenoptimierung (SEO) wichtig, sodass Nutzern, die online nach bestimmten Themen suche, die relevanten... User Experience Die User Experience umfasst die gesamte Erfahrung / das Erlebnis eines Anwenders im Rahmen der Nutzung oder der Interaktion mit einem Dienst, einer Website oder einem Produkt im Bereich digitaler Medien. Die User Experience beschreibt die Qualität gemäß dem... Targeting Targeting, von englisch target (Ziel), bezeichnet die zielgruppenspezifische Ausrichtung von Maßnahmen im Online Marketing. Für eine erfolgreiche Targeting Strategie muss die Zielgruppe für die jeweilige Marketingmaßnahme zuvor so genau wie möglich bestimmt werden. Es... SEO Mit Hilfe von SEO (Search Engine Optimization) kann das Ranking einer Website, das diese bei einer organischen Suchanfrage eines Nutzers erreicht, optimiert werden. Ziel ist es, die Website so zu optimieren, dass sie von Suchmaschinen wie Google bestmöglich ausgelesen... SEA Die Abkürzung SEA steht für Search Engine Advertising und umfasst das Schalten von Anzeigen in Suchmaschinen sowie auf Werbeflächen von Suchmaschinenpartnern. Das bekannteste Beispiel für SEA sind Google Adwords. Die Anzeigen werden bei der Eingabe von zuvor... CPI / CPM Die Abkürzung CPI steht für Cost per Impression und beschreibt ein Bezahlmodell im Internet. Der Auftraggeber muss beim CPI-Bezahlverfahren für jeden Aufruf der Anzeige durch einen Nutzer zahlen. Es ist dabei nicht nachzuverfolgen, ob der Nutzer die Anzeige auch... Real Time Advertising Mit Real Time Advertising ist die Live-Versteigerung von Online-Werbeflächen gemeint. Dabei steht nicht mehr das Umfeld der Webseite, auf der das Werbebanner ausgespielt wird, sondern der individuelle Nutzer im Vordergrund. Mittels RTA wird zu jeder einzelnen... Retargeting Retargeting – auch Remarketing genannt – beschreibt ein Verfahren des Online Marketings, bei dem Websitenutzer markiert werden, um diese im Anschluss mit gezielter Werbung wieder anzusprechen. Ziel beim Retargeting ist es, Websitebesucher, die eine bestimmte Seite... Online Marketing Online Marketing (auch Internet- oder Webmarketing) beschreibt alle Marketing Maßnahmen eines Unternehmens, die online durchgeführt werden. Dazu gehört nicht nur das Schalten von Anzeigen auf Onlineauftritten von Zeitschriften und (Online-) Magazinen. Neben... Native Advertising Native Advertising ist eine Form von Werbung, die so gestaltet ist, dass sie nur schwer von redaktionellen Inhalten zu unterscheiden ist. Durch diese Form der Aufbereitung zieht Native Advertising die Aufmerksamkeit des Nutzers auf sich. Die Inhalte solcher Werbung... Microblogging Microblogging beschreibt eine bestimmte Variante des Bloggens, bei dem es – im Unterschied zu klassischen Blog – nicht darum geht, ein bestimmtes Thema ausführlich zu betrachten, sondern zu verschiedensten Themen in kurzer Zeit komprimierte Nachrichten zu beliebigen... Leads Ein Lead ist ein neuer Kontakt/Neukunde, der durch Online Marketing gewonnen wurde. Dazu gehören E-Mail-Adressen, Telefonnummern, Namen und Unternehmensnamen. Leads generiert man über direkte Kontaktanfragen, Anmeldungen im Newsletter oder durch ausgefüllte... Influencer Marketing Influencer Marketing – auch Multiplikatoren-Marketing genannt – ist ein Bereich des Online-Marketings. Diese Form des Marketings nutzt sogenannte Influencer als Multiplikatoren für unterschiedlichste Werbe- bzw. Unternehmensbotschaften. Influencer sind Akteure aus... Google Ads Google Ads sind via Google oder Google Partner-Seiten geschaltete Anzeigen. Es gibt unterschiedliche Arten von Anzeigen: Suchnetzwerk mit Displayauswahl Nur Suchnetzwerk Nur Displaynetzwerk Shopping-Kampagnen Video Apps Die Position auf der die Anzeige ausgespielt... Digitale Transformation Die digitale Transformation oder Digitalisierung bezeichnet einen fortlaufenden technologischen Veränderungsprozess von Gesellschaft und – vor allem in wirtschaftlicher Hinsicht - Unternehmen. Unternehmensinterne Abläufe werden im Zuge der digitalen Transformation... CPC Die Abkürzung CPC (alternativ PPC = Pay per Click) steht für Cost per Klick und beschreibt ein Bezahlmodell im Online-Marketing. Beim CPC zahlt der Auftraggeber nicht für das reine Ausspielen einer Werbemaßnahme im Internet, sondern erst dann, wenn ein Nutzer die... Cookie Der Begriff Cookies umfasst Daten eines Websitenutzers wie Login-Daten, Einkaufskorbdaten sowie Daten für personalisierte Daten, die lokal und zeitlich begrenzt auf dem Rechner gespeichert werden. So kann der Nutzer bzw. der Rechner immer wieder identifiziert werden.... Conversion Eine Conversion ist die Umwandlung eines interessierten Nutzers in einen handelnden Nutzer. Beispiele für Conversions auf einer Website sind unter anderem Newsletteranmeldungen, Produktkäufe, das Anklicken eines bestimmten Links, Downloads, Registrierungen oder das... Augmented-Reality Der Begriff Augmented Reality beschreibt eine technische Erweiterung der realen Welt. Im Gegensatz zur Virtual Reality taucht man hier nicht in eine vollkommen fremde, virtuelle Welt ein, sondern erhält über einen Bildschirm oder eine Brille zusätzliche Informationen... Social Media Soziale Medien (Social Media) bezeichnet die Gesamtheit digitaler Medien, Anwendungen und Technologien, mit deren Hilfe die Benutzer via Internet interagieren und selbst Inhalte gestalten können. Das Internet wird so zu einer Projektionsfläche miteinander vernetzter... Unternehmen Pitch Pitch heißt übersetzt aus dem Englischen „das Verkaufsgespräch“ und diese Übersetzung trifft den Kern des Vorgangs. Denn der Pitch ist eine Wettbewerbspräsentation, mit der eine Agentur oder eine Unternehmensberatung im Kampf um einen Etat, einen Klienten oder einen... Ordnung Ordnung ist das halbe Leben – aber wie schwierig es ist Ordnung zu schaffen und beizubehalten, erfahren wir täglich an unserem Arbeitsplatz. Die Suche nach Dokumenten und anderen Utensilien nimmt viel Zeit in Anspruch und im Laufe des Tages türmt sich auf dem... Mitarbeiterzeitschrift Die Mitarbeiterzeitschrift unterscheidet sich als Kommunikationsinstrument in Planung, Realisation und Wirkung von den digitalen Medien: In der Regel bildet ein fester Redaktionskreis die Schnittstelle zwischen Mitarbeitern und Management und gibt alle relevanten... Mitarbeitermotivation ""Dienst nach Vorschrift"" war bis vor kurzem ein Begriff, der meist Behörden und öffentlichen Ämtern angelastet wurde. Doch wie jüngst eine Studie des Gallup-Instituts zeigt, scheint sich die sinkende Arbeitsmoral auch zunehmend in Privatunternehmen breitzumachen. Laut... Leitbild Unter dem Begriff Leitbild versteht man die komprimierte Formulierung der Unternehmenspolitik und der Corporate Identity. Das Leitbild umschreibt in einfacher, leicht verständlicher Form Unternehmenszweck, -ziele und Verhaltensgrundsätze der Unternehmensführung... Intranet Ein Intranet ist ein Netz innerhalb eines Unternehmens, das nicht öffentlich zugänglich ist, sondern nur von einer festgelegten Gruppe von Personen genutzt werden kann. Über den Intranet-Server können die Mitarbeiter firmenrelevante Informationen zu jeder Zeit und von... Imagebroschüre Verständliche Unternehmensbotschaft Bevor Inhalt und Gestalt der Broschüre thematisiert werden, ist es wichtig, zunächst die Zielgruppe zu definieren. Stil der Texte, die Auswahl der Themen sowie das Layout sind abhängig davon, wer die Broschüre bekommen soll und wo... Employer Branding Der aus dem anglo-amerikanischen stammende Begriff des Employer Branding bezeichnet eine unternehmensstrategische Maßnahme, deren Wurzeln in Marketingkonzepten der Markenbildung liegen. Das Ziel der in den späten neunziger Jahren entstandenen Arbeitgebermarkenbildung... CRM Teil 1 CRM ist die Abkürzung für Customer Relationship Management und wird als eine alle Unternehmensbereiche übergreifende, IT-unterstützte Geschäftsstrategie verstanden. Mit der Annahme, dass in heutigen Unternehmensphilosophien das Kundenmanagement eine zentrale Bedeutung... Corporate Wording Hinter dem Begriff Corporate Wording verbirgt sich die definierte und bewusst eingesetzte Sprachwelt eines Unternehmens - von der Verwendung oder Vermeidung bestimmter Wörter über eine einheitliche Sprachregelung hin zur Tonalität und zum Stil von Texten, sei es bei... Corporate Identity Die Corporate Identity, wörtlich übersetzt die Unternehmensidentität, setzt sich zusammen aus dem Verhalten, der Kommunikation und dem Erscheinungsbild eines Unternehmens sowie seiner am Markt angebotenen Leistungen und Produkte. Durch die Entwicklung einer Corporate... Online Marketing Social Media Soziale Medien (Social Media) bezeichnet die Gesamtheit digitaler Medien, Anwendungen und Technologien, mit deren Hilfe die Benutzer via Internet interagieren und selbst Inhalte gestalten können. Das Internet wird so zu einer Projektionsfläche miteinander vernetzter... Online-PR Als Online-PR wird alles definiert, das an Öffentlichkeitsarbeit im Internet stattfindet. Das kann ein elektronisches Pressecenter auf der Internetseite des Unternehmens sein, Social Media Aktivitäten auf relevanten Plattformen sowie Einträge in Suchmaschinen oder... Newsletter Der Newsletter ist ein häufig angewandtes Instrument der externen Kommunikation. Unternehmensnachrichten werden redaktionell zusammengefasst und inhaltlich auf die jeweilige Zielgruppe abgestimmt – das können Journalisten, Mitarbeiter oder Kunden sein. Wurden die... Internet-Relaunch Der Begriff Internet-Relaunch bezeichnet die Überarbeitung eines bestehenden Internetauftritts, der einem veränderten Kundengeschmack, rechtlichen Ansprüchen, und unternehmens- und branchenspezifischen Besonderheiten genügen muss. Hierbei werden alle Bereiche der... Internet Seit Jahren ist das Internet aus dem Alltags- und Geschäftsleben nicht mehr wegzudenken, doch was genau ist es eigentlich? Der aus dem Englischen stammende Begriff des Interconnected Networks wird heute weitläufig mit Internet abgekürzt. Gemeint ist damit ein... Barrierefreiheit nach BITV Die Verordnung eines barrierefreien Internetauftritts ist eine Ergänzung des Behindertengleichstellungsgesetztes vom 27. April 2002. In der Barrierefreien Informationstechnik-Verordnung (BITV) heißt es demnach, dass durchgängig alle Inhalte im World Wide Web auch für... Marketing Wortgekringel Wortgekringel – über Floskeln und Füllwörter Goethe bringt es auf den Punkt: „Getretener Quark wird breit, nicht stark!“ Das ist eine der schönsten Regeln für gutes Schreiben. Breit wird ein Text, wenn der Schreiber in umständliche und formelhafte Sprache versinkt,... Marketing Der Begriff Marketing leitet sich aus dem englischen von „to market – Handel treiben“ her. Er bezeichnet eine „marktorientierte Unternehmensführung, die alle relevanten Unternehmensaktivitäten auf die Wünsche und Bedürfnisse von Anspruchsgruppen ausrichtet“ (Deutscher... Marke – Markenstrategie Ursprünglich hervorgegangen ist der Begriff ""Marke"" aus dem mittelhochdeutschen Wort marc, das für Grenze, Grenzland oder -linie steht. Die Definition lässt sich von dieser Übersetzung ableiten: Die Marke dient der Kennzeichnung eines Produktes oder einer... Guerilla-Marketing Guerilla-Marketing hört sich nach rücksichtslosen, aufdringlichen Werbeaktionen an. Tatsächlich war es in den Anfängen um 1965 eine auf Angriff ausgerichtete Strategie gegen Mitbewerber, die hauptsächlich von kleinen und mittelständischen Firmen gegen überlegene... Direktmarketing Gepflegte Adressdatenbank als Basis für den Erfolg Um den potenziellen Kunden neugierig auf das beworbene Produkt und das Unternehmen zu machen, bedarf es einer exakten Planung. Das Direktmarketing bietet viele Instrumente: Mailings, Wurfsendungen, Anzeigen mit Coupon... Crossmedia Crossmedia bezeichnet die Vernetzung verschiedener Medientypen, über die zentrale Inhalte, wie Unternehmens- oder Produktinformationen, kommuniziert werden. So werden den Kunden möglichst viele, unterschiedliche Informationskanäle angeboten, um die Botschaft zu... PR Redaktionsreise Bei einer Redaktionsreise besuchen das Management und der Pressesprecher eines Unternehmens die wichtigsten Journalisten in den jeweiligen Redaktionen. Der Redaktionsbesuch eignet sich, um den Kontakt zu den Fachmedien zu pflegen. Natürlich gilt: Niemals ohne... Pressemappe Die Pressemappe ist eine Zusammenstellung von Pressemeldungen, die Informationen zu Produkten, Personen und Services eines Unternehmens zu einem Paket bündelt. Die Mappe kann an Journalisten versendet oder bei Presseveranstaltungen überreicht werden. Die einzelnen... Pressekonferenz Pressekonferenzen - für viele Unternehmen ein Muss und zugleich eine Qual - für andere dagegen eine gute Gelegenheit zur Kontakt- und Imagepflege. Ist alles perfekt geplant und vorbereitet, stellen wir uns optimal dar, haben wir nichts vergessen? So mancher... Presseinformation Eine Presseinformation (PI) informiert die Medien schriftlich über Wissenswertes aus dem Unternehmen. Sie ist neben der Pressekonferenz das am häufigsten eingesetzte Instrument der Medienarbeit. Sie bietet schnelle Informationen und es gibt weniger Missverständnisse... PR-Konzept Ein gut durchdachtes PR-Konzept ist die wichtigste Grundlage für erfolgreiche Unternehmenskommunikation. Ziel ist die Planung und Durchführung von PR-Maßnahmen, die das Unternehmen am Markt positionieren und es unverwechselbar machen. Nach einer umfassenden Definition... PR-Anzeige Anzeigen, die meist mitten im redaktionellen Teil einer Zeitung oder Zeitschrift stehen und sich in ihren Gestaltungsmerkmalen (Schrift, Aufmachung usw.) kaum vom redaktionellen Umfeld unterscheiden, werden als redaktionelle oder PR-Anzeigen bezeichnet. Sie sind ein... PR vs. Werbung Ist PR die bessere Werbung? In Zeiten von Geiz-Ist-Geil-Kampagnen wird Kundenbindung immer schwieriger. Schnäppchenpreise und Discounts zerstören langsam gewachsene Beziehungen. Welche Maßnahmen sind geeignet, sich auf dem stark konkurrierenden Markt zu behaupten? Die... Politische PR Fakten statt Phrasen - Politische PR auf dem Prüfstand Noch nie bestand ein größeres Medieninteresse am verbissenen Ringen um die Stimmen wie im vergangenen Wahlkampf. Und nie zuvor war die Berichterstattung enger mit dem politischen Geschehen verwoben wie im... Personality PR Laut einer IBM-Studie sollen die Aufstiegschancen im Beruf vor allem von drei Faktoren abhängen: zu zehn Prozent von der Leistung bzw. Qualität der Arbeit, zu 30 Prozent vom hinterlassenen Eindruck und zu 60 Prozent vom Bekanntheitsgrad. Demzufolge bestimmt das Image... Online-PR Als Online-PR wird alles definiert, das an Öffentlichkeitsarbeit im Internet stattfindet. Das kann ein elektronisches Pressecenter auf der Internetseite des Unternehmens sein, Social Media Aktivitäten auf relevanten Plattformen sowie Einträge in Suchmaschinen oder... Medienresonanzanalyse Nachhaltige Erfolge erzielen: Die Medienresonanzanalyse - Eine gewinnbringende Investition in die Zukunft Gerade in Zeiten, in denen der Rotstift regiert, braucht es objektive Messergebnisse, um Erfolg oder Misserfolg der Medienarbeit darzustellen. An sich eine... Medien-Monitoring Die Wahrnehmung der medialen Umwelt sowie die Überprüfung des eigenen Images in der Presse sind wichtige Voraussetzungen für ein strategisches Unternehmensmanagement und eine effiziente Kommunikationsplanung. Medien-Monitoring, die professionelle Medienbeobachtung,... Krisen-PR ""Krise ist ein produktiver Zustand. Man muss ihm nur den Beigeschmack von Katastrophe nehmen."" - Max Frisch Krisen sind in der heutigen Kommunikationsgesellschaft normal und praktisch unvermeidbar. Entscheidend jedoch ist, wie man damit umgeht und dass die positiven... Interview Das Interview – personifizierte Unternehmensdarstellung Wer an der Spitze eines Unternehmens steht, wird früher oder später einmal in die Situation kommen, an einer Pressekonferenz teilzunehmen, einen Vortrag zu halten, oder ein Interview zu führen. Um hier nicht ins... Internationale PR Die fortschreitende Globalisierung sorgt nachhaltig für einen wirtschaftlichen und soziokulturellen Strukturwandel. Neue Märkte öffnen sich und werden nach und nach industriell erschlossen. Unternehmen müssen die Möglichkeit nutzen, auch ihre PR-Aktivitäten parallel... Exklusivbericht Exklusivberichte behandeln branchenspezifische Themen, die in Form von längeren Beiträgen wie Objektreportagen oder Fachartikeln veröffentlicht werden. Der Exklusivbericht erscheint dabei „exklusiv“ in einem speziellen Medium, wie etwa in einer Fachzeitschrift. Damit... Events Die Open Air Saison hat eröffnet. Endlich besteht wieder die Möglichkeit, Veranstaltungen im Freien durchzuführen. Im Folgenden haben wir für Sie die Essentials für ein gelungenes Event aufgeführt! Steigender Wohlstand verändert das Freizeitverhalten der Menschen. Die... Event-Management In zunehmendem Maße wünschen sich Unternehmen das Ungewöhnliche für eine aussagekräftige Präsentation in der Öffentlichkeit. Event-Kommunikation kann diesem Wunsch gerecht werden. In Zeiten von Dumping-Preisen und immer größerem Konkurrenzdruck hat Kundenbindung... Clipping Das Clipping (Ausschnitt) dient der Dokumentation von Medienberichterstattung und wird bei der Evaluation von Medienarbeit berücksichtigt. Eine reine Zusammenstellung mehrerer Clippings begrenzt die Evaluation auf quantitative Kriterien wie erreichte Auflagen bzw.... get in touch

BLUE MOON-News Für alle, die sich über BLUE MOON und interessante Trends aus PR und Werbung informieren möchten, sind hier richtig. Abonnieren Sie unseren Newsletter moontalk und lesen unsere Beiträge im Newsroom. Unsere Ansprechpartnerin für Journalisten ist Sonja Intze. Employer Branding und Recruiting Warum ein Karriereportal essentiell für die Weiterentwicklung eines jeden Unternehmens ist In Zeiten des Fachkräftemangels gewinnt das Employer Branding und Recruiting zunehmend an Bedeutung.Unternehmen müssen sich stärker als je zuvor positionieren und engagieren, um... Neues BLUE MOON Führungsteam Neues BLUE MOON Führungsteam Ein galaktisch starkes Führungsteam Ein neues Kapitel beginnt: Herzlich Willkommen an Philipp - als unseren neuen Geschäftsführer und Leon als neuen Inhaber bei BLUE MOON. Mit galaktischer Freude verkünden wir, dass seit dem 1. Februar... GLOW-UP FÜRS BLUE MOON SPACE Agentur Umgestaltung Kreative Atmosphäre durch zeitloses Corporate Building Ein Glow-up für unsere Agency! Wir haben visuell aufgerüstet und den Wänden unserer Agentur ein neues Design verliehen. Spiegelndes Plexi trifft auf matte Wände – zeitlos und reduziert... PRESSEKONTAKT Pressesprecher Leon Gilges BLUE MOON CC GmbH Friedrichstr. 8 41460 Neuss Tel.: +49 2131.6 61 56 – 56 Fax: +49 2131.6 61 56 – 66 Mail: l.gilges[at]bluemoon.de

Online Marketing – wir sorgen dafür, dass Sie gefunden werden Strategien für erfolgreiche Internetwerbung Nehmen Sie BLUE MOON als kompetenten Partner in Sachen Online Marketing an Ihre Seite, denn das Internet folgt seinen ganz eigenen Regeln: Tagtäglich werden tausende neue Webseiten und Informationen online veröffentlicht – eine wahre Flut an Inhalten! Wir sorgen dafür, dass Sie darin nicht untergehen und helfen Ihnen, durch einen gelungenen Social Media Auftritt immer ganz nah an Ihrer Zielgruppe zu sein. Durch ansprechenden Foto- und Video-Content machen Sie im Netz von sich reden. Als kompetenter Partner für SEO und SEA sorgen wir zudem dafür, dass Sie gefunden werden. Ansprechende 3D Animationen oder eine eigene App bieten Ihren Kunden wertvolle Serviceleistungen, mit denen Sie sich von der Konkurrenz abheben. Die Möglichkeiten sind zahlreich, sprechen Sie uns an − wir zeigen Ihnen, wie Sie Online-Marketing möglichst effektiv für den Erfolg Ihres Unternehmens nutzen können. Im Internet Präsenz zeigen Im Internet präsent zu sein, sollte für jedes Unternehmen selbstverständlich sein. Für viele – unabhängig von Alter und Interessen – dient das World Wide Web als erste Informationsquelle sowie Kommunikationsplattform und beeinflusst die Kaufentscheidung der Kunden erheblich. Damit Ihre Website ein voller Erfolg ist und Sie von Ihrer Zielgruppe bestmöglich gefunden werden, unterstützen wir von BLUE MOON als Internetagentur Sie auf allen Kanälen. Wir bieten Ihnen: - Webseitenerstellung - Digitale Medien - SEO - SEA - Social Media - Online-PR Video – wir produzieren Filme für Ihre Botschaften Ein Bild sagt mehr als tausend Worte. Deshalb können Sie sich mit BLUE MOON per Video Ihrer Zielgruppe präsentieren. Ob Unternehmensfilm oder Erklärfilm, Produktinformationen oder Montageanleitung – bei uns sind Sie an der richtigen Adresse, wenn es um professionelle Kurzfilme für Ihre Homepage oder den perfekten Messeauftritt geht. Unsere Agentur produziert Ihre Videos professionell und kostengünstig. Sind sie zielgruppengerecht konzipiert, verbreiten sie sich über virale Kampagnen wie von selbst im Social Web. Foto – nutzen Sie die Kraft der Bilder Ein gutes Foto schafft es, Ihre Botschaft auf einen Blick zu kommunizieren − In unserer heutigen visuellen Welt ein absolutes Muss. Dabei kann man sich aber nicht immer auf den perfekten Moment verlassen: Die Voraussetzung für gute Bilder ist ein sorgfältig konzeptioniertes und professionell umgesetztes Fotoshooting. Überlassen Sie das perfekte Foto also nicht dem Zufall. Wir helfen Ihnen gerne weiter! SEO und SEA – wir wissen, wie Sie gefunden werden SEO und SEA – zwei unscheinbare Wörter, die jedoch im Internet den Ton angeben, denn ohne Google läuft heutzutage nichts mehr. Mit SEO, der sogenannten Search Engine Optimization (auf Deutsch Suchmaschinenoptimierung), sorgen wir dafür, dass Sie Ihren Mitbewerbern immer ein Stück voraus sind und bei Google ganz oben auf der Trefferliste Ihrer potenziellen Kunden stehen. SEA – mit gezieltem Einsatz auf Seite 1 SEA, kurz für Search Engine Advertisement, bezeichnet die Arbeit mit Google Adwords. Wir zeigen Ihnen, wie Sie mit zielgerichteter Werbung den maximalen Erfolg im World Wide Web erzielen und sich schon bald auf den Top-Plätzen im Google Ranking wiederfinden. Sprechen Sie uns an, wir machen Sie sichtbar im Netz! Die App als Service-Highlight Mit einer App können sie in Ihrem Produkt-Marketing ganz neue Maßstäbe setzen! Wir als Online-Experten helfen Ihnen gerne dabei, diesen ganz besonderen Service für Ihre Kunden oder Mitarbeiter zu entwickeln. So bleiben Sie garantiert im Gedächtnis. Eine App für jede Gelegenheit Die Möglichkeiten, bei denen Apps ins Spiel kommen können, sind zahlreich: Ob zur Steuerung anspruchsvoller technischer Geräte, als Bedienungshilfe für komplexe Produkte oder als Lieferant von Hintergrundinformationen – Apps können auf viele unterschiedliche Arten einen Mehrwert für Ihr Unternehmen bieten. Wir beraten Sie gerne! Zum Thema Apps beraten wir Sie gerne zusammen mit unserer Partneragentur Image Arts. 3D-Animationen – besondere Optik für besondere Produkte Mit Hilfe von 3D Animationen können Sie Ihre Produkthighlights besonders effektvoll in Szene setzen. Dreidimensionale Modelle erleichtern es Ihnen zudem, Mitarbeitern und Kunden die Funktionsweise von komplizierten technischen Geräten oder Arbeitsabläufen visuell zu verdeutlichen und deren Vorzüge besonders überzeugend anzupreisen. Der Einsatz von 3D Animationen ist also durchaus lohnenswert – unsere Grafikspezialisten bei BLUE MOON beraten Sie gerne dazu! Agentur BLUE MOON – Online Marketing aus Neuss bei Düsseldorf Erfolgreich kommunizieren im Internet – mit professionellem Online Marketing der Agentur BLUE MOON. Die Agentur BLUE MOON ermöglicht es Ihnen, alle Online-Kanäle profitabel für Ihr Marketing einzusetzen: von der eigenen Website über soziale Medien wie Facebook und YouTube bis hin zu individuellen Apps und Videos. Dabei setzen wir auf messbaren Erfolg: Nutzen Sie unsere Expertise in Search Engine Optimization (SEO) und Search Engine Advertisement (SEA), um die Bekanntheit Ihrer Marke weltweit zu steigern und nachweislich neue Kunden zu gewinnen. Von unserem Standort in Neuss nahe Düsseldorf aus können wir Ihnen alle Möglichkeiten eines zeitgemäßen Online Marketings bieten. Sie benötigen eine neue Internetpräsenz? Wir verwirklichen den kompletten Relaunch Ihrer Website: In hochwertigem Webdesign, das wir natürlich responsive gestalten und für Smartphones und Tablets optimieren. Mit Texten, die den Ansprüchen moderner Online-Kommunikation entsprechen und Ihre Website mittels SEO im Google-Ranking nach oben befördern. Mit multimedialen Inhalten wie Animationen, Videos, Fotoshows und interaktiven Sonderfunktionen, die Sie von Ihrer Konkurrenz abheben. Das alles verwirklichen wir in einer leistungsfähigen und sicheren technischen Umgebung. Facebook und Twitter, YouTube, Instagram und Pinterest, LinkedIn und Xing: Wir machen soziale Netzwerke zu Sprungbrettern für Ihren Unternehmenserfolg. Wir entwickeln detaillierte, langfristig angelegte Social Media-Strategien, die Ihnen Orientierung und Erfolgsrezepte im Umgang mit den neuen Medien bieten. Auf diese Weise nutzen Sie facebook und Co. für den interaktiven Austausch mit Kunden und Interessenten, gewinnen mehr Follower hinzu und senden Ihre Markenbotschaften in alle Welt. Digitales Marketing bietet nahezu unbegrenzte Möglichkeiten: Botschaften und Inhalte lassen sich im Netz auf originelle, einzigartige Weise transportieren. Wir von der Agentur BLUE MOON machen Sie zum Trendsetter. Wir erstellen Videos und Animationen mit hohem Informations- und Unterhaltungswert. Wir entwickeln individuelle Apps, die Ihren Kunden einen echten Mehrwert bieten. Themenbezogene Microsites und Blogs gehören ebenso zu unserem Portfolio wie Webshops, geschützte Händlerbereiche und spezialisierte Sonderfunktionen für einen erweiterten Kundenservice. Dank unserem Know-how im Bereich SEA und SEO werden Sie gefunden. Wir konzipieren und schalten Online-Anzeigenkampagnen in Suchmaschinen wie Google so, dass die größtmögliche Sichtbarkeit für die gewünschte Zielgruppe erreicht wird. Wir analysieren und definieren Keywords nach ihren Erfolgsaussichten im Google-Ranking und konzipieren Inhalte nach den aktuellsten SEO-Standards. Dabei sorgen wir dafür, dass alle unsere Berater, Texter, Designer und Programmierer immer Up to date sind – damit zukünftig Sie die Branchen-Trends im Web setzen. BLUE MOON – Die Online Marketing-Agentur für Ihren Erfolg im Internet! Werbeagentur BLUE MOON Friedrichstraße 8 D-41460 Neuss Telefon: +49 2131 66156-0 Fax: +49 2131 66156-66 Hier gelangen Sie zu unseren Datenschutzbestimmungen

Die stärkste Abwehr Deutschlands Schutz vor Einbrechern 24/7 – das ist die Kerndienstleistung der Protection One GmbH. Die Sicherheitsexperten sind Vorreiter und Marktführer in der 24h-Fernüberwachung mit Echtzeit-Intervention. Mit einer überzeugenden Erfolgsbilanz und einer Schadenverhinderungsquote von 97,3% . Unter dem Slogan Die stärkste Abwehr Deutschlands ist jetzt eine Markenkampagne entstanden, die das Unternehmen und seine Dienstleistungen – vom Einbruchschutz bis hin zu Brandschutzsystemen – im Raum Düsseldorf nach ganz vorne bringt. Protection One – in Top-Form gegen Einbrecher. Für alle Düsseldorfer:innen und Anwohner:innen aus dem Umkreis dürfte das Sicherheitsunternehmen aus Meerbusch keine unbekannte Größe mehr sein. Eine multimediale Kampagne mit Motiven aus der Welt des American Football vermittelt die Kernbotschaft der Sicherheitsexperten: Mit Protection One schützen Unternehmer ihr Business zuverlässig und effektiv vor Einbruch und Diebstahl. Bleibt im Kopf: Videomarketing Vom Storyboard bis hin zum fertigen Videoclip – im Rahmen der Kampagne sind beeindruckende Videoclips entstanden, welche die Services der Sicherheitsexperten auf den Punkt bringen. Out of Home: Einprägsame Key Visuals Die Plakatierung im Raum Düsseldorf bringt die Sicherheitsexperten von Protection One groß raus. Im gesamten Stadtgebiet sorgen die großformatigen Plakatmotive für Aufmerksamkeit. Protection One „on Air“ Ein eingängiger Radiospot begleitet die Düsseldorfer Hörer:innen ebenso wie ein Verkehrspatronat beim Radiosender Antenne Düsseldorf und geht so garantiert ins Ohr. Sowohl die Entwicklung des Spots als auch die Organisation der Aufnahme in Zusammenarbeit mit dem Sender übernahmen die Marketingexperten von Blue Moon. Den Spot in ganzer Länge gibt es hier: Autor und Ansprechpartner Kontaktieren Sie uns:

Neuss, März 2021: Die Stevie Awards küren seit 20 Jahren weltweit herausragende Leistungen in der Marketing- und Unternehmenswelt. Bei der diesjährigen deutschen Ausgabe sticht die Full Service-Markenagentur BLUE MOON besonders hervor: Für ihre innovativen Kampagnen in Corona-Zeiten erhielt sie gleich drei Stevie Awards in Gold – ausgezeichnet wurde sie für eine Impfkampagne, eine Kreativaktion rund um COVID-19 und ein Roadshow-Konzept, das als Antwort auf ausfallende Messen und Events entwickelt wurde. Dass die Corona-Krise konstruktive Ideen und Lösungen fordert, steht außer Frage – ein Paradebeispiel zur Umsetzung hat BLUE MOON mit einer Impfkampagne für den Neusser Bürger-Schützen-Verein geliefert. Die crossmedialen Maßnahmen umfassten Out-of-Home-, Online- und Social-Media-Werbung, die mit einer Reichweite von fast 50 Millionen Kontakten weit über die Region hinaus Wirkung entfaltete. Diese Leistung wurde nun mit Gold in der Kategorie „Beste Marketingkampagne Non-Profit“ ausgezeichnet. „Wir freuen uns über diese Anerkennung, da wir als Neusser Agentur natürlich ein besonderes Verhältnis zu der Stadt und ihren Menschen haben – die Kampagne war daher ein echtes Highlight für uns und hat gezeigt, was ein Bündnis aus vielfältigen gesellschaftlichen Akteuren auf die Beine stellen kann“, so Geschäftsführer Robert Pichel. Statt Events: Ein Showtruck geht auf Tour Einfallsreich gestaltet sich auch die Maßnahme, die BLUE MOON für Protection One konzipierten – das Sicherheitsunternehmen mit Sitz in Meerbusch ist Marktführer für 24/7-Fernüberwachung mit Echtzeitintervention. Da es aufgrund der andauernden Corona-Maßnahmen für Interessenten kaum möglich war, diese Leistung auf Messen und Events kennenzulernen, brachte ein von BLUE MOON konzipierter Showtruck das Sicherheits-Erlebnis direkt zu ihnen. Begleitet von einem eigens produzierter Teaser-Film und weiteren Werbemitteln ging „Die stärkste Abwehr Deutschlands“ auf Tour und brachte so den potenziellen Kunden ihre Vision näher. BLUE MOON kann sich auch hier über einen Gold-Award in der Kategorie „Beste Marketingkampagne – Heimbedarf und Dienstleistungen“ freuen. Kreativ durch die Pandemie Aller guten Dinge sind drei – nahtlos anknüpfend geht es in kreativer Manier weiter: Den resilienzfördernde Wettbewerb „Kreativ durch Corona“ entwickelte BLUE MOON für die Mieter der Baugenossenschaft Dormagen eG. Gelebte Nachbarschaft und Solidarität sind Grundwerte der Genossenschaft, die aber im Lockdown nicht immer leicht umzusetzen waren. Der Wettbewerb lud die Mieter dazu ein, sich kreativ und reflektiert mit der Pandemie auseinander zu setzen – die eingesendeten Beiträge waren beeindruckend und reichten von Kunstwerken bis zu Gedichten. Ausgezeichnet wurde die Aktion als er Corporate Social Responsibility-Kampagne des Jahres. Ungewöhnliche Lösungen in ungewöhnlichen Zeiten Geschäftsführerin und Gründerin Anita Gilges freut sich über die Anerkennung: „Wir haben viel überlegt, wie wir trotz der herausfordernden Situation unsere Kunden bestmöglich unterstützen. Es gab eine solche Situation zuvor noch nicht und daher mussten schnell neue Lösungen her. Dass wir gleich mehrfach ausgezeichnet wurden, bedeutet für unser Team eine große Wertschätzung und zeigt, dass insbesondere in Krisenzeiten Werte wie Zuversicht, Mut und Zusammenhalt Großes bewirken können.“ Robert Pichel Autor und Ansprechpartner Kontaktieren Sie uns:

Quo Vadis Social Media in der SHK-Branche? BLUE MOON befragte 40 Unternehmen – Das neue Whitepaper zur großen Umfrage Hunderte von namhaften Unternehmen aus der SHK-Branche (Sanitär, Heizung, Klima) versammelt an einem Ort – das gab es schon lange nicht mehr. Das ließen sich unsere Expertinnen und Experten vom blauen Mond bei der Fachmesse ifh in Nürnberg nicht entgehen und nutzten die Gelegenheit für eine spannende Umfrage. In 18 Fragen gehen wir dem Thema „Social Media im SHK-Bereich“ genaustens auf den Grund – alle Ergebnisse unserer Studie gibt es im neuen kostenlosen Whitepaper oder in der Süddeutsche Zeitung. Social Media Marketing im Handwerk? Dass das sehr wohl funktioniert, beweisen Influencer*innen wie Sandra Hunke und Bruno Frie. Doch wie steht es um die allgemeine Social-Media-Affinität der SHK-Unternehmen? Gehören Plattformen wie Instagram, Facebook und YouTube schon zum festen Bestandteil im Marketing-Mix, oder besteht hier noch Nachholbedarf? Um diese Fragestellung zu beantworten, führte BLUE MOON auf der Fachmesse ifh Nürnberg Ende April vor Ort und online eine große Umfrage durch. Dabei wurden die Antworten von rund 40 namhaften SHK-Unternehmen ausgewertet, die wertvolle Erkenntnisse über den Stellenwert der Sozialen Medien bei Herstellern von Heizungsanlagen, Bädern, Sanitärarmaturen und Co. liefern. So viel sei schon verraten: Noch sind die Budgets, die in Social Media investiert werden, überschaubar – doch es tut sich was! Fragen über Fragen – Wir haben die Antworten! Was ist das wichtigste Ziel der Unternehmensaktivitäten im Bereich Social Media? Welche Kanäle sind aktuell die relevantesten? Welche Themen werden auf Social Media kommuniziert? Welche Rolle spielen Brancheninfluencer*innen? Und wie verhält es sich wirklich um das Marketingbudget für die Sozialen Netzwerke? Diese und weitere spannende Fragen beantworten wir im neuen kostenlosen Whitepaper „Social Media in der SHK-Branche“. Ansprechend illustriert, unterstützen plakative Grafiken die Ergebnisse unserer Umfrage verständlich auf einen Blick. Eine klare Erkenntnis der großen ifh-Befragung: Die Professionalität im Umgang mit Social Media ist noch ausbaufähig – ein idealer Zeitpunkt also, um mit einer guten Social Media Strategie aus der SHK-Masse herauszustechen und alle relevanten Kanäle erfolgreich nach vorne zu fahren. Das gelingt am besten mit der Hilfe von ausgewiesenen Social Media Expert*innen. Sie möchten Social Media erfolgreich in Ihre Marketingstrategie einbinden? Unsere Marketingspezialist*innen vom blauen Mond beraten Sie gerne und bieten vollumfängliches Social Media Management auf galaktischem Niveau – sprechen Sie uns an! Die große Blue Moon SHK-Umfrage wurde als Mehrteiler ebenso in der Süddeutschen Zeitung veröffentlich. Mehr dazu hier: get in touch Contact Juliane Beierle Social Media Team-Lead

Werbeagentur BLUE MOON Friedrichstraße 8 D-41460 Neuss Telefon: +49 2131 66156-0 Fax: +49 2131 66156-66 Hier gelangen Sie zu unseren Datenschutzbestimmungen Werbeagentur BLUE MOON Friedrichstraße 8 D-41460 Neuss Telefon: +49 2131 66156-0 Fax: +49 2131 66156-66 Hier gelangen Sie zu unseren Datenschutzbestimmungen",8021,8021,13,"[""https://www.bluemoon.de/social-media"", ""https://www.bluemoon.de/agentur"", ""https://www.bluemoon.de/"", ""https://www.bluemoon.de/blog"", ""https://www.bluemoon.de/grafik-design"", ""https://www.bluemoon.de/impressum"", ""https://www.bluemoon.de/lexikon"", ""https://www.bluemoon.de/news"", ""https://www.bluemoon.de/online-marketing"", ""https://www.bluemoon.de/pressemitteilungen/die-staerkste-abwehr-deutschlands"", ""https://www.bluemoon.de/pressemitteilungen/dreifach-gold-fuer-blue-moon-neusser-brand-agentur-glaenzt-bei-den-german-stevie-awards"", ""https://www.bluemoon.de/pressemitteilungen/quo-vadis-social-media-in-der-shk-branche-blue-moon-befragte-40-unternehmen-das-neue-whitepaper-zur-grossen-umfrage"", ""https://www.bluemoon.de/suche-werbeagentur""]","[""contact"", ""family_values"", ""homepage"", ""news_press"", ""news_press"", ""news_press"", ""news_press"", ""news_press"", ""news_press"", ""news_press"", ""news_press"", ""news_press"", ""news_press""]",True,high
c956bd4e-2b8a-4c48-8780-c187587f46b3,1,BLUE MOON COMMUNICATION CONSULTANTS GMBH,event,"BLUE MOON at work – unsere Cases Erfolgreich für Champions Wir laden dich ein – auf eine kurze Reise durch ein gewaltiges Universum! Erlebe eine Auswahl unserer Erfolge, die wir für Kunden in den Disziplinen Social Media, Public Relations, Online Marketing und Branding erzielt haben. Komm mit und lerne unsere Arbeit kennen. Werde auch du Teil unserer „Wall of Fame“! Social Media Case Studies Online Marketing Case Studies PR Case Studies Branding Case Studies Unsere Kunden get in touch

Wir suchen eine/einen PR CONSULTANT (M/W/D) Deine Mission Booste deine Karriere als PR Consultant (m/w/d) in einer national wie international etablierten Full Service Agentur für PR und Marketing! Zur Verstärkung des Teams suchen wir eine kreative, engagierte und präsentationsstarke Persönlichkeit, die sich mit Selbstvertrauen und Eigeninitiative einbringt. Lust auf Eigenverantwortung, Mut zur Kreativität und volle Einsatzbereitschaft für den Kunden in einem kollegialen und respektvollen Miteinander vereinen unsere Erwartungshaltung und Deinen Anspruch an eine erfüllende und zukunftsorientierte Beschäftigung. Werde Moonie und verstärke unsere Crew! Deine Benefits - Unbefristete Festanstellung - Homeoffice und flexible Arbeitszeiten - 30 Tage Urlaub - Spannende, vielseitige Projekte mit viel Raum für Eigenverantwortung und Kreativität - Flache Hierarchien in einem kreativen, kompetenten Team - Qualifizierte, kontinuierliche Weiterbildung mit individueller Schwerpunktsetzung - Modernste, crossmediale Marketing-Tools, z. B. in der Medienresonanzanalyse Dein Profil - Ein abgeschlossenes Studium der Kommunikations-, Geistes-, Medien- oder Wirtschaftswissenschaften, gerne auch Quereinsteiger aus anderen Studienrichtungen mit PR-Praxis - Sehr gute redaktionelle Kenntnisse und ansprechender Schreibstil - Beratermentalität - Erfahrung im Umgang mit Kunden und Journalisten - Gute Englischkenntnisse - Schnelle Auffassungsgabe, ideenreiche Begeisterungsfähigkeit und eine Can-Do-Mentalität - Souveränes Auftreten und mitdenkende Herangehensweise - Teamorientierung mit Spaß und Freude an der Kommunikation - Kreative Zusammenarbeit mit PR-, Social Media-, Grafik- und IT-Expert*innen Deine Aufgaben - Strategische Kundenberatung und -betreuung - Konzeption, Steuerung und Evaluation von PR- und Marketing-Kampagnen - Entwicklung, Präsentation und Umsetzung von Kommunikations- und Marketing-Konzepten - Verfassen und Lancieren von redaktionellen Texten wie Presseinformationen, Fachartikel, Web- und Social Media-Content - Steuerung crossmedialer Projekte in Zusammenarbeit mit Grafikern, Web-Designern, Social Media-Managern und Videografen - Zeit-, Kapazitäts- und Kostenplanung Bereit durchzustarten? Oder nutz einfach das Formular. Benefits - was wir bieten! Permanente Weiterbildung Raum für Eigeninitiative Kleine, kollegiale Teams Modernstes Arbeitsumfeld Feel Good Management Team Events Flexibles Arbeiten 30 Tage Urlaub Home Office Agenturhunde willkommen Inside BLUE MOON: Entdecke unsere Teams Von Trainee bis Senior, von Art Director bis IT Consultant: In unseren Teams kannst du Maßstäbe in allen Marketing-Disziplinen setzen. PR & Marketing Strategische Kommunikation aus einem Guss – national, international, intergalaktisch: Unsere PR- und Marketing-Teams führen Kunden in neue Marketing-Welten. Social Media Wo die Marke zur Influencerin wird: Mit verrückten Ideen, knallharten Zahlen und eigenem Filmstudio sorgen unsere Social Media Profis für interstellare Reichweiten. Grafik Design Wahre Kunst in allen Dimensionen: Ob 3D, 2D, bewegte Bilder oder zeitlose Corporate Designs – unserem Designer-Team geht der Kreativ-Treibstoff nie aus. IT & Webdesign Mit Quantensprüngen durch die Marketing-Galaxis navigieren: Dafür sorgt unser Digital-Team – mit modernsten Lösungen, die technische Raffinesse und perfekten Look verbinden.

Booste deine Karriere Werde Moonie und erobere die Zukunft Booste deine Karriere: Dein Start in der Agentur für Branding, Online Marketing, PR und Social Media Du bist neugierig. Hungrig. Du begeisterst dich für Kommunikation, für digitale Kanäle und Teamwork. Du steckst voller Ideen und willst dir die neuesten Tools aneignen, um sie Realität werden zu lassen. Dann haben wir eine gute Nachricht für dich: Das Raumschiff für deinen Karriere-Quantensprung steht schon bereit. Die Tanks sind voll, der Kurs ist gecheckt, die Crew ist bereit. Starte mit uns durch – in die endlose Vielfalt der Marketing-Galaxis. Stellenangebote: gehe mit BLUE MOON auf Mission Grafikdesigner (m/w/d) mit Schwerpunkt Video- & Post-Produktion Wir suchen eine/einen Grafikdesigner (m/w/d) mit Schwerpunkt Video- & Post-ProduktionDeine Mission Booste deine Karriere! Als Grafikdesigner (m/w/d) mit Schwerpunkt Video-Produktion & Post-Produktion bei BLUE MOON entwickelst du kreative Content Storytelling... Social Media Junior Consultant (m/w/d) Wir suchen eine/einen Social Media Junior Consultant (M/W/D)Deine Mission Booste deine Karriere: Als Social Media Junior Consultant (m/w/d) bei BLUE MOON verwirklichst du Social Media Kampagnen von B2C- und B2B-Brands in Themenfeldern wie Energiewende, Nachhaltigkeit,... PR Consultant (M/W/D) Wir suchen eine/einen PR CONSULTANT (M/W/D)Deine Mission Booste deine Karriere als PR Consultant (m/w/d) in einer national wie international etablierten Full Service Agentur für PR und Marketing! Zur Verstärkung des Teams suchen wir eine kreative, engagierte und... Inside BLUE MOON: Entdecke unsere Teams Von Trainee bis Senior, von Art Director bis IT Consultant: In unseren Teams kannst du Maßstäbe in allen Marketing-Disziplinen setzen. PR & Marketing Strategische Kommunikation aus einem Guss – national, international, intergalaktisch: Unsere PR- und Marketing-Teams führen Kunden in neue Marketing-Welten. Social Media Wo die Marke zur Influencerin wird: Mit verrückten Ideen, knallharten Zahlen und eigenem Filmstudio sorgen unsere Social Media Profis für interstellare Reichweiten. Grafik Design Wahre Kunst in allen Dimensionen: Ob 3D, 2D, bewegte Bilder oder zeitlose Corporate Designs – unserem Designer-Team geht der Kreativ-Treibstoff nie aus. IT & Webdesign Mit Quantensprüngen durch die Marketing-Galaxis navigieren: Dafür sorgt unser Digital-Team – mit modernsten Lösungen, die technische Raffinesse und perfekten Look verbinden. Weiterbildung: Willkommen in der Moon Fleet Academy Wir sind keine Phrasen-Fans, aber es stimmt halt: „Man lernt nie aus“ – schon gar nicht in unserer Branche, in der ständig neue Trends und Technologien die Entwicklungen bestimmen. Deshalb bilden wir dich bei BLUE MOON konsequent weiter. Von Trainee bis Senior – mit externen Seminaren, Inhouse-Veranstaltungen und vielen weiteren Maßnahmen bleibst du am Puls der Zeit. Entdecke die Moon Fleet Academy – gerne auch als duale*r Student*in! Unsere Mission. Deine Chance. An Herausforderungen mangelt es nicht auf dieser Welt. Zum Glück gibt es unzählige mittelständige Unternehmen die raffinierte Lösungen und brillante Innovationen dafür entwickeln. Hilf uns dabei, diese Unternehmen und ihre Produkte bekannter zu machen – in unserem Team, das auf starken Werten fußt: Hier kennt jede*r jede*n – und alle helfen sich gegenseitig aus: Unser crossmediales Team arbeitet, entwickelt sich und feiert auch gemeinsam. Als unabhängige, inhabergeführte Agentur profitieren wir seit über 20 Jahren von einer nachhaltigen Wachstums- und Erfolgsstrategie. Immer dazulernen und die Chance in jeder Innovation erkennen: So eignen wir uns pausenlos die neuesten Methoden an. Benefits - was wir bieten! Permanente Weiterbildung Raum für Eigeninitiative Kleine, kollegiale Teams Modernstes Arbeitsumfeld Feel Good Management Team Events Flexibles Arbeiten 30 Tage Urlaub Home Office Agenturhunde willkommen der recruiting prozess Deine Bewerbung – komm in unseren Orbit Du willst Weltraumluft schnuppern? Dann schick uns deine Bewerbung. Du kannst dich entweder auf eine ausgeschriebene Stelle oder initiativ bewerben. Nach einem erfolgreichen Check deiner Unterlagen geht es auch schon los in den nächsten Schritt. Erstes Kennenlernen – first contact Die ersten Astronauten triffst du bei einem 30-minütigen (Video) Call. Hier lernen wir dich kennen und du uns. Alles, was du wissen möchtest und dir wichtig ist, kannst du jetzt deinen künftigen Mission Commander (oder auch Teamleiter) und die HR fragen. Probearbeitstag – dein erster moonwalk Nach einem positiven Eindruck im Online Call laden wir dich auf deine erste Mission ein. Dabei machst du dich mit deinen zukünftigen Kollegen und unserer Raumstation hier in Neuss bekannt. Du lernst unsere Branchen, in den wir unterwegs sind, kennen und spannende Aufgaben aus unserem Arbeitsalltag warten auf dich. Am Ende des Tages gibt es eine Feedback-Runde, bei der du uns deine ersten Eindrücke vom Blauen Mond schilderst. Follow Up Im Anschluss an den Probetag lassen wir gemeinsam mit dir, in einem Ground Control Call, den Tag nochmal Revue passieren. Hier können auch letzte Fragen geklärt werden und wir besprechen alles Weitere. Happy Landing auf dem blauen Mond – Mission completed! Willkommen im Team, die Astronauten freuen sich schon auf dich! Beim Onboarding lernst du alles rund um die Agentur und unsere Prozesse kennen und startest nach und nach in deine ersten Projekte.

Das Grafik Design Team: Virtuos in allen Dimensionen Das Kreativ-Labor für einzigartige Augenblicke Manchmal wird es grell und bunt – und manchmal bleibt es schlicht schwarz-weiß. In unserem Kreativ-Labor entstehen Flat Designs und 3D-Animationen. Hier bewegen sich Bilder und zeitlose Logos prägen Marken für Jahre. Unser Team aus Grafik Designern mischt Kreativität, Stilbewusstsein und modernste digitale Technik zu einzigartigen Augen-Blicken. So erhalten unsere Kunden eine starke visuelle Identität. In enger Zusammenarbeit mit unseren PR-, IT- und Social Media Teams gilt es, immer wieder neue Visionen für crossmediale Anwendungen zu entwickeln. Grafikdesigner (m/w/d) mit Schwerpunkt Video- & Post-Produktion Wir suchen eine/einen Grafikdesigner (m/w/d) mit Schwerpunkt Video- & Post-ProduktionDeine Mission Booste deine Karriere! Als Grafikdesigner (m/w/d) mit Schwerpunkt Video-Produktion & Post-Produktion bei BLUE MOON entwickelst du kreative Content Storytelling... Kompetenzfelder BLUE MOON Grafik Design: - Corporate Design-Entwicklung - 3D- und 2D-Animation - Videoproduktion - Corporate Publishing - UX-Design - Bildbearbeitung - Corporate Building - Enwicklung von Werbekampagnen - Kundenberatung - Und vieles mehr …

Unser IT-Team: Navigatoren durch digitale Sphären Willkommen am Startpunkt für digitale Quantensprünge Willkommen am Startpunkt für digitale Quantensprünge. Nie war die Zukunft so schnell Vergangenheit wie heute. Der nächste Mega-Trend klopft schon an die Tür und eine noch größere technische Revolution wird gerade irgendwo auf der Welt entwickelt. Oder anders ausgedrückt: Es wird nie langweilig. Jedenfalls nicht im digitalen Marketing und schon gar nicht in unserem Team für IT und Webdesign. Hier setzen wir uns mit allen technischen Facetten an die Spitze der Entwicklung – sei es UX-Design, Performance Marketing, SEO und SEA oder App-Entwicklung. Die Voraussetzungen dafür: Fachkompetenz, Neugierde und strategisches Denken. Keine Ergebnisse gefunden Die angefragte Seite konnte nicht gefunden werden. Verfeinern Sie Ihre Suche oder verwenden Sie die Navigation oben, um den Beitrag zu finden. Kompetenzfelder BLUE MOON IT & Webdesign - Website Relaunches - Webentwicklung - Performance Marketing - Suchmaschinenoptimierung (SEO) - Suchmaschinenwerbung (SEA) - E-Mail-Marketing - Entwicklung von Webshops - Entwicklung von Apps - System-Administration - Kundenberatung - Und vieles mehr …

Unser PR-Team: international und intergalaktisch Die Basis-Station für Text- und Strategie-Entwicklung Unser PR-Team weiß nicht nur, was ankommt, sondern auch, wo es ankommt: Wir kommunizieren gezielt in Märkte rund um den Globus und tracken die PR-Erfolge in jedem erdenklichen Land. Als Berater*innen entwickeln wir zudem Konzepte und Strategien im direkten Kundenkontakt. Mit den anderen BLUE MOON-Teams arbeiten wir crossmedial zusammen – mit individuellen Schwerpunkten und Kompetenzen. Du willst für’s Web texten, für Videos oder für Fachmedien? Du willst Werbekampagnen steuern oder Profi für Krisen-PR werden? Wir bieten dir alle Möglichkeiten. PR Consultant (M/W/D) Wir suchen eine/einen PR CONSULTANT (M/W/D)Deine Mission Booste deine Karriere als PR Consultant (m/w/d) in einer national wie international etablierten Full Service Agentur für PR und Marketing! Zur Verstärkung des Teams suchen wir eine kreative, engagierte und... Kompetenzfelder BLUE MOON PR: - Kreatives & redaktionelles Schreiben - Crossmediales Storytelling - Internationale PR - Entwicklung von Marken-Strategien - Entwicklung von Werbekampagnen - Kreative Konzeption - Texten für SEO, Web und Videos - Medienresonanzanalyse - Mediaplanung - Krisen-PR - Kundenberatung - Und vieles mehr …

Unser Social Media Team: Durchstarten auf allen Kanälen Die Crew, die aus Marken echte Stars macht Mithilfe von Influencern zum Influencer werden? Durch einzigartigen Videocontent ganz neue Zielgruppen erreichen? Und diese mit Community Management an die eigene Marke binden? Unsere Social Media Profis sorgen dafür, dass unsere Kunden unter all den Sternen am digitalen Firmament besonders hell leuchten. Damit das klappt, stehen alle Tools bereit: Vom hauseigenen Filmstudio bis hin zu den modernsten Online-Anwendungen. Die wichtigsten Tools bringen unsere Profis aber selbst mit: die perfekte Mischung aus Kreativität, Verrücktheit und analytischer Genauigkeit. Social Media Junior Consultant (m/w/d) Wir suchen eine/einen Social Media Junior Consultant (M/W/D)Deine Mission Booste deine Karriere: Als Social Media Junior Consultant (m/w/d) bei BLUE MOON verwirklichst du Social Media Kampagnen von B2C- und B2B-Brands in Themenfeldern wie Energiewende, Nachhaltigkeit,... Kompetenzfelder BLUE MOON Social Media: - Content Creation - Influencer Marketing - Social Ads Management - Videoproduktion - Community Management - Redaktionsplanung - Auswertung & Analyse - Strategie-Entwicklung - Kundenberatung - Und vieles mehr …

WE CREATE CONTENT THAT BOOSTS Social Media ist längst kein Hype mehr, sondern der Erfolgsfaktor, wenn es darum geht, deine Zielgruppen zu erreichen. Unsere Social Media Experten entwickeln für dich zielführende Social Media Kampagnen mit maßgeschneidertem Storytelling. Content Creation, Social Ads, User Generated Content: Wir bringen dich und deine Marke nach vorn! Auf Wunsch inklusive Reporting und Auswertung aller Ergebnisse. 01 Content creation Content is King! Kreativ, authentisch und relevant: Mit den BLUE MOON Content Creatoren, einem großen Influencer-Netzwerk, eigenem Filmstudio, Toolbox & Co bringen wir deinen Content aufs nächste Level! 02 USER GENERATED CONTENT Deine Marke braucht Fans! BLUE MOON baut für dich nicht nur eine aktive Community auf, sondern macht aus Followern Content Creatoren und authentische Markenbotschafter. 03 Social Media Werbung Mit Social Media Ads den Markenerfolg steigern: Alles eine Frage der Strategie! BLUE MOON macht dein Wachstum planbar und gibt deinem Content den extra Performance-Push. 04 360° Control Viele Kanäle, alles im Blick: Unser exklusives Tool 360° Control reportet alle Ergebnisse deiner Social-Media-Aktivitäten, PR- und Werbeerfolge. get in touch Contact WHAT WE DO BLUE MOON CASES Die Luxus- und Hightech-Produkte der japanischen Brand in der deutschen Social Media Welt etablieren. Vom „No-Name“ zur Nummer Eins DIY-Marke in Deutschland! Junge Menschen für das Neusser Traditions-Modehaus Heinemann begeistern. SOCIAL MEDIA CREW UNSER TEAM GOOD REASONS FOR CHOOSING BLUE MOON Warum wir? Weil wir es können! Und weil wir für dich sämtliche Aufgaben erledigen und du dich um nichts kümmern musst. Bei uns hast du immer einen persönlichen Ansprechpartner, an den du dich jederzeit wenden kannst. Wir verinnerlichen die Ziele, die du dir gesteckt hast, liefern dir kreative Ideen und kümmern uns um die Umsetzung. Wir kennen deine Zielgruppe und wissen, wie wir sie optimal erreichen. Last but not least: Wir arbeiten transparent und informieren dich über alle Prozessschritte und Etappensiege. Wir ziehen mit dir an einem Strang. Lass uns also loslegen und gemeinsam erfolgreich sein. Let`s go and boost your success! We manage good news news about social media SOCIAL MEDIA TRENDS 2025: DAS MUSS MAN WISSEN! ZWISCHEN VIRAL GEHEN, KI-CONTENT UND AUTHENTIZITÄT Faszination Labubu, KI-generierte Personen als Superheldenfiguren und Hype à la Dubai-Schokolade sind für euch keine Fremdwörter? Dann seid ihr schon mitten drin in der bunten Welt der Social Media Trends.... Die Energiewende boosten – via LinkedIn Case: Markenbotschafter für German Contract Unterwegs in Heizzentralen, auf Messen und bei Projektpartnern: Wer Roland Gilges auf LinkedIn folgt, lernt die Energiewende in all ihren Facetten kennen. Über 3.150 Follower informieren sich wöchentlich auf dem...

Unsere Mission: Vom „No-Name“ zur Nummer Eins DIY-Marke in Deutschland! Neu auf dem deutschen Markt, ohne deutsche Website oder Social-Media-Kanäle und ausschließlich im stationären Handel verfügbar, haben wir den amerikanischen Farbenhersteller Rust-Oleum mit seinem Key-Produkt Kreidefarbe bei der DIY-affinen Zielgruppe in Deutschland bekannt gemacht. Herausforderung: Bei Endkunden bislang völlig unbekannt, lag die Herausforderung darin, die Produkte und die Marke Rust-Oleum zu etablieren. Die Brand sollte mit einem positiven Image aufgeladen und die Markenbekanntheit kontinuierlich gesteigert werden. Das Ziel: Rust-Oleum zum Marktführer zu machen und eine starke Communitybindung aufzubauen Umsetzung: MAKE IT YOURS! Unser Plan für die erfolgreiche Markteinführung in Deutschland bestand vornehmlich aus einer ausgefeilten Social-Media- und Influencer-Strategie. In Kombination mit einer umfangreichen Ad-Strategie auf Facebook, Instagram, Pinterest und TikTok konnten zusätzlich Reichweite, Interaktion, Abonnentenzahl und Klicks auf die deutsche Website gesteigert werden. Ergebnisse: Mit Hilfe eines stark wachsenden Netzwerks an ausgewählten DIY-Bloggern, diversen Mikro-Influencern, gezielter Social-Ad-Schaltung und Retargeting haben wir sukzessiv von Facebook, über Instagram, Pinterest und zuletzt TikTok ein übergreifendes Social-Media-Netzwerk aufgebaut und sind viral gegangen. Über alle Kanäle hinweg dominiert inspirierender DIY-Content aus teils bezahlten, teils unbezahlten Kooperationen. Inklusive gezielter Paid-Social-Maßnahmen hat das zu einer zusätzlich generierten Reichweite von über 4,5 Millionen Usern geführt. Durch den Aufbau einer starken und vor allem aktiven Community hat sich das Engagement über die Jahre verzehnfacht, sodass der jüngste Kanal TikTok innerhalb von knapp vier Monaten über 145.000 Likes und mehr als 11 Tausend Abonnenten erreicht hat. get in touch

BLUE MOON: DEINE FULL SERVICE WERBEAGENTUR. Familiär. Zuverlässig. State of the Art. Als unabhängige, familiengeführte Werbeagentur mit Sitz in Neuss bei Düsseldorf navigiert BLUE MOON seit 25 Jahren Kunden zum Marketing-Erfolg. Unsere vier eigenständigen Teams für PR, Social Media, Branding und Online Marketing bilden einen Kompetenz-Hub, der uns zur optimal aufgestellten Full Service Agentur für den Mittelstand macht. Unser Anspruch lautet: Wir MACHEN Weltmarktführer! Oder ganz konkret: Wir entwickeln und verwirklichen die Marketing-Strategie, die perfekt zu deinen Vertriebszielen passt. Da trifft es sich umso besser, dass wir seit mehr als zwei Jahrzehnten einen starken Fokus auf Kunden aus Mittelstand, Industrie und B2B legen. In Branchen wie Sanitär/Heizung/Klima, Bau, Elektrotechnik und Automotive sind wir bestens vernetzt und verfügen über tiefgreifendes technisches Verständnis. Mit unseren Kunden verbinden uns gemeinsame Werte. Seit Anita Gilges BLUE MOON im Jahr 2000 in der Region Neuss/Düsseldorf gegründet hat, agieren wir als unabhängiges Familienunternehmen. Statt auf „Hire & Fire“ setzen wir auf langfristige Mitarbeiterbindung und -entwicklung – unsere Kunden profitieren von festen, erfahrenen Ansprechpartnern. Wir passen uns jederzeit flexibel an Markttrends an und entwickeln unsere Kompetenzen permanent im Sinne unserer Kunden und Zielbranchen weiter. Sie sehen gerade einen Platzhalterinhalt von YouTube. Um auf den eigentlichen Inhalt zuzugreifen, klicken Sie auf die Schaltfläche unten. Bitte beachten Sie, dass dabei Daten an Drittanbieter weitergegeben werden. Mehr Informationen get in touch

Weltmarktführer. Statement. deiner Fanbase. Vertrieb. Marke. Boosting Brands. Seit 25 Jahren. BLUE MOON – deine Werbeagentur. Weil der Mittelstand besonders ist. Willkommen in der Agentur, die dich versteht: Wir von BLUE MOON ticken wie du. Als familiengeführtes Unternehmen, als Experten für technische Themen – wir lieben den Mittelstand. Wir lieben Weltmarktführer, ob bereits prominent, ob „Hidden Champion“ oder in den Startlöchern. Und wir verwandeln diese Begeisterung in Kampagnen und Marketing-Maßnahmen, die State of the Art sind und deinen Vertrieb nach vorne bringen. get in touch Kontakt Cases Unsere Kunden und Projekte Agentur DIE CREW FÜR DEINEN MARKENERFOLG Familiär. Zuverlässig. State of the Art. Dies ist das Versprechen, das wir unseren Kunden geben: Wir fühlen uns den Werten des Mittelstandes besonders verbunden – langfristige, vertrauensvolle Geschäftspartnerschaften zeichnen uns ebenso aus wie unsere soziale Verantwortung gegenüber unserem Team. Wir lieben komplexe technische Themen – etwa aus den Branchen SHK, Bau, Elektro und Maschinenbau. Und wir verfügen stets über die neuesten Skills, damit unsere Kunden ihrer Konkurrenz auch in Sachen Marketing den entscheidenden Schritt voraus sind. Denn: Wir. Machen. Weltmarktführer. Booste deine Karriere Werde Moonie und erobere die Zukunft BLUE MOON BLOG TRENDS. INSIGHTS. INSPIRATION. Qualität, die verbindet – und das seit Generationen Du bist in der SHK-Branche tätig? Dann kennst du sicher schon die Marke GEBO und ihre Klemmverbinder aus Temperguss. Die GEBO Armaturen GmbH schafft es seit mehr als 80 Jahren mit ihren qualitativ hochwertigen Produkten einzigartige und individuelle... Employer Branding und Recruiting Warum ein Karriereportal essentiell für die Weiterentwicklung eines jeden Unternehmens ist In Zeiten des Fachkräftemangels gewinnt das Employer Branding und Recruiting zunehmend an Bedeutung.Unternehmen müssen sich stärker als je zuvor positionieren und... LÖSUNGEN FÜR DEINEN VERTRIEBSERFOLG BLUE MOON: DIE FULL SERVICE WERBEAGENTUR aus Neuss bei Düsseldorf Wer zielgruppengerechte Werbung möchte und dabei eine Werbeagentur in der Nähe von Düsseldorf sucht, landet automatisch bei BLUE MOON. Als Full Service Werbeagentur, bieten wir Ihnen stets intelligente Lösungen für jegliche Herausforderungen in der Werbung und Kommunikation. Dabei vereinen wir das Know-how unserer verschiedenen kreativen Köpfe und bieten Ihnen zahlreiche Leistungen von klassischer Werbung über Online-Marketing bis hin zu Corporate Design und Social Media. Spezialisten aus unterschiedlichen Bereichen, wie Grafik Design, Webdesign sowie nationaler und internationaler PR arbeiten hier gemeinsam an kreativen Kampagnen, vertriebsorientierten Marketingmaßnahmen, Imagebroschüren, Websites und klassischen Pressetexten. Das Team der Neusser Werbeagentur BLUE MOON ist stets über die neuesten Kommunikationstrends informiert und geht gemeinsam mit seinen Kunden individuelle und innovative Wege. Dabei ist es uns als Full Service Werbeagentur besonders wichtig, unseren Kunden beratend zur Seite zu stehen, damit sie im Kommunikations-Universum mit seinen zahlreichen Planeten wie Corporate Wording, Content Marketing, SEO oder SEA nicht den Überblick verlieren. Wir helfen Ihnen dabei, eine starke Marke aufzubauen und Ihre Botschaft auf allen Kanälen zu kommunizieren. BLUE MOON legt Wert auf eine vertrauensvolle und dauerhafte Zusammenarbeit mit seinen Kunden. Tag für Tag sind wir mit Leidenschaft für unsere Kunden nicht nur von unserer Homebase in Neuss bei Düsseldorf, sondern in ganz Deutschland und im Sinne der internationalen PR auch weltweit im Einsatz.

Alle Marketing-Trends auf dem Radar Hol dir deine Inspiration – beim Stöbern im BLUE MOON Blog. Hier findest du alles auf einem Blick: Faszinierende Cases aus der Praxis, neue Entwicklungen in der BLUE MOON Crew und Wissenswertes rund um Social Media, Branding, Online Marketing und PR. SOCIAL MEDIA TRENDS 2025: DAS MUSS MAN WISSEN! ZWISCHEN VIRAL GEHEN, KI-CONTENT UND AUTHENTIZITÄT Faszination Labubu, KI-generierte Personen als Superheldenfiguren und Hype à la Dubai-Schokolade sind für euch keine Fremdwörter? Dann seid ihr schon mitten drin in der bunten Welt der Social Media Trends.... Die Energiewende boosten – via LinkedIn Case: Markenbotschafter für German Contract Unterwegs in Heizzentralen, auf Messen und bei Projektpartnern: Wer Roland Gilges auf LinkedIn folgt, lernt die Energiewende in all ihren Facetten kennen. Über 3.150 Follower informieren sich wöchentlich auf dem... Neue Moonies sind gelandet Verstärkung auf dem blauen Mond Der Sommer hat Bewegung in das Universum von BLUE MOON gebracht. Zwei neue und ein bekanntes Gesicht sind auf dem blauen Mond gelandet und unterstützen mit ihren unterschiedlichen Stärken unsere Teams in den Bereichen PR, IT... Makro-Influencer: Der direkte Weg zur neuen Zielgruppe BOELS RENTAL BEGEISTERT DIY-COMMUNITIES Ein bekannter Baumarkt-Slogan besagt: Es gibt immer etwas zu tun – im Haus, im Garten, in der Wohnung. Allzu oft starten die Heimwerker mit großem Elan, um dann festzustellen, dass ihnen ein entscheidendes Werkzeug... BLUE MOON feiert 25. Firmenjubiläum auf Mallorca Teamgeist, Trauminsel und Tattoos Was bedeuten 25 Jahre BLUE MOON, 25 Moonies und 1 schöne Insel? Eine unvergessliche Jubiläumsreise! Letzten Monat ging es für das gesamte Team auf eine 5-tägige Reise in den Süden Europas. Bei knackigen 30 Grad haben wir an... ON TOUR: KAMERA LÄUFT…UND ACTION! SO GELINGT HOCHWERTIGER VIDEO-CONTENT UNTERWEGS Ob Messen, Baustellen oder Kundenbesuche: Wenn wir unterwegs sind, läuft die Kamera mit. Denn genau dort entsteht authentischer Content: im realen Arbeitsumfeld, dort wo sich echte Geschichten abspielen. Genau... Kampagnen, die elektrifizieren: B2B-Marketing für MBS-HODDE Crossmediale Power für die Elektrifizierung 2.0 Ob erneuerbare Energien, E-Mobilität oder smarte Antriebstechnik – die Anzahl von Komponenten in unseren Stromnetzen steigt. Die Folge: Der elektrische Verschmutzungsgrad steigt ebenfalls und immer mehr Energie... Auf zu neuen Welten: Das Social Media Team hebt ab BLUE MOON erweitert seine Räumlichkeiten um eine zusätzliche Etage Unser Social Media Team hebt ab – und zwar im wahrsten Sinne des Wortes! Nachdem das Team in den vergangenen Jahren rasant gewachsen ist war schnell klar: Wir brauchen mehr Platz für spannende... SYNERGIEN ZWISCHEN PR UND SOCIAL MEDIA Case Study mit Airflow Sätze, wie „Social Media frisst Zeit, die wir eigentlich nicht haben“ oder „Wir schaffen es nicht, regelmäßig relevanten Content zu produzieren“, hören wir oft. Viele Unternehmen stehen vor der Herausforderung, ihren... BLUE MOON MACHT WELTMARKTFÜHRER – SEIT 25 JAHREN Jubiläum einer Agentur auf Wachstumskurs Vor genau 25 Jahren startete in Neuss-Rosellen eine ganz besondere Mission. Damals gründete Anita Gilges in ihrem privaten Büro die BLUE MOON Communications Consultants GmbH. Aus dem Einzelunternehmen mit... Qualität, die verbindet – und das seit Generationen Du bist in der SHK-Branche tätig? Dann kennst du sicher schon die Marke GEBO und ihre Klemmverbinder aus Temperguss. Die GEBO Armaturen GmbH schafft es seit mehr als 80 Jahren mit ihren qualitativ hochwertigen Produkten einzigartige und individuelle... B2B-Content? Darf richtig knallen! Social Media Kreationen für die Farbmarke setta Knalliges Türkis ist nicht jedermanns Wahl, wenn es um die Farbe der eigenen vier Wände geht. Zum Glück bietet die Marke setta ein riesiges Sortiment an Farbtönen und darüber hinaus an Belägen, Klebern,... Eiskalt erwischt: Zwei neue Kunden bei BLUE MOON Social Media Power für Walter Gott Ice Factory und AS-Arbeitsschutz Wir freuen uns galaktisch, zwei neue Kunden auf dem blauen Mond begrüßen zu dürfen. Mit der Walter Gott Ice Factory betreuen wir ab sofort den größten Eiswürfel Produzenten... Kommunikation, die nichts dem Zufall überlässt PR-Events: Wie wir SCHELL in die österreichische Fachpresse gebracht haben Stell dir vor, dein Unternehmen expandiert – doch die Medien berichten nicht! Es gibt kaum etwas ärgerlicheres, als wenn man sich einzigartige Gelegenheiten für Reichweite und... Employer Branding und Recruiting Warum ein Karriereportal essentiell für die Weiterentwicklung eines jeden Unternehmens ist In Zeiten des Fachkräftemangels gewinnt das Employer Branding und Recruiting zunehmend an Bedeutung.Unternehmen müssen sich stärker als je zuvor positionieren und... Neues BLUE MOON Führungsteam Ein galaktisch starkes Führungsteam Ein neues Kapitel beginnt: Herzlich Willkommen an Philipp - als unseren neuen Geschäftsführer und Leon als neuen Inhaber bei BLUE MOON. Mit galaktischer Freude verkünden wir, dass seit dem 1. Februar Philipp Grabolle als... get in touch

Qualität, die verbindet – und das seit Generationen Du bist in der SHK-Branche tätig? Dann kennst du sicher schon die Marke GEBO und ihre Klemmverbinder aus Temperguss. Die GEBO Armaturen GmbH schafft es seit mehr als 80 Jahren mit ihren qualitativ hochwertigen Produkten einzigartige und individuelle Lösungen zu schaffen – und das mittlerweile in neun Ländern. „Werde zum gePRO“ Ein großes Thema für das deutsche Unternehmen ist seine Fachhandwerker-Community. Im direkten, individuellen und schnellen Austausch mit der Zielgruppe möchte GEBO auf die täglichen Herausforderungen eingehen und schnell und flexibel Lösungen liefern. Um den Austausch mit der Community weiter auszubauen und Mehrwerte zu schaffen, hat BLUE MOON eine umfassende Erfolgsstrategie für das gePRO-Netzwerk entwickelt. „gePRO“: das sind alle Fachhandwerker, die sich im GEBO-Netzwerk zusammengeschlossen haben. BLUE MOON unterstützt den Fittinghersteller mit einer länder- und kanalübergreifenden, ganzheitlichen Kommunikation. Dies geschieht vor allem durch zwei Maßnahmen: Social Media und WhatsApp! Ein Social Media Konzept – Neun Länder Um das Ziel des Community-Ausbaus in allen Ländern zu erreichen, muss international einheitlich kommuniziert werden – hier kommt Social Media ins Spiel. GEBO fokussiert sich bereits auf die Kanäle Instagram, Facebook und Tik Tok und bespielt diese regelmäßig mit unterschiedlichen Content-Formaten. Die Kunst besteht nun darin, die Kommunikation und den Content für den internationalen Markt von GEBO so anzupassen, dass über die Ländergrenzen hinweg ein einheitliches Markenbild vermittelt wird. Bei neun verschiedenen Standorten ist das eine echte Herausforderung. BLUE MOON hat es sich zur Aufgabe gemacht, die Content-Planung und -Produktion für die standortübergreifende Nutzung zu erstellen. So kann die Kommunikation auf Synergien aufbauen, den größtmöglichen Nutzen für die Ausspielung auf allen Social-Media-Kanälen schaffen und gleichzeitig länderspezifische Hooks und Gegebenheiten gewährleisten. WhatsApp als neuer Kommunikationskanal Der Rising Star am Kommunikationshimmel für Unternehmen der SHK-Branche ist derzeit WhatsApp. Sowohl im Kundenservice als auch in der Kommunikation mit dem Fachhandwerk bietet WhatsApp als zusätzlicher Kanal ein breites Spektrum an Mehrwerten für GEBO. BLUE MOON konnte durch intensive Recherchen und Marktanalysen zunächst drei Zielmärkte identifizieren, in denen das Tool zunächst zum Einsatz kommen soll. Im nächsten Schritt folgt eine ausführliche Schulung zum Thema WhatsApp, in der das GEBO-Team Schritt für Schritt an die Einsatzmöglichkeiten herangeführt wird. get in touch Contact Juliane Beierle Social Media Team-Lead

Ihre Marke, unser Universum: Einzigartig. Einprägsam. Authentisch. Die Welt der Marken, unendliche Weiten – und Ihre Marke als leuchtender Stern mittendrin. Mit Vision und Leidenschaft schaffen wir authentische Markenerlebnisse, die auffallen und nachhaltig wirken. Ready for Take-off? Lassen Sie uns gemeinsam das Potenzial Ihrer Marke entfalten und in neue Sphären heben. American Football meets effektiven Einbruchsschutz Mit kreativem Slogan und einprägsamem Visual zum Wiedererkennungswert. Image der Stadtwerke Neuss – unsere Kampagne Die Angebotsvielfalt der Stadtwerke Neuss in einer Kampagne – alltäglicher Nutzen in Szene gesetzt. Neue Materialen brauchen moderne Visuals Einen unverwechselbarer Messeauftritt für Oerlikon erstellen? Das ist in unserer DNA. get in touch Kontakt NEWS Neue Moonies sind gelandet Verstärkung auf dem blauen Mond Der Sommer hat Bewegung in das Universum von BLUE MOON gebracht. Zwei neue und ein bekanntes Gesicht sind auf dem blauen Mond gelandet und unterstützen mit ihren unterschiedlichen Stärken unsere Teams in den Bereichen PR, IT... Kampagnen, die elektrifizieren: B2B-Marketing für MBS-HODDE Crossmediale Power für die Elektrifizierung 2.0 Ob erneuerbare Energien, E-Mobilität oder smarte Antriebstechnik – die Anzahl von Komponenten in unseren Stromnetzen steigt. Die Folge: Der elektrische Verschmutzungsgrad steigt ebenfalls und immer mehr Energie... Erlebe eine neue Dimension des Brandings mit BLUE MOON. Gemeinsam katapultieren wir deine Marke in den grenzenlosen Orbit kreativer Möglichkeiten!

Teamwork, Strategie und Reaktionsstärke – mit unserer Kampagne zur Steigerung der Markenbekanntheit des Sicherheitsdienstleisters Protection One in der Region Düsseldorf haben wir genau das transportiert. Das American Football-Visual passt zur Botschaft und in Verbindung mit dem Slogan `Die stärkste Abwehr Deutschlands´ bleibt es lange im Gedächtnis. Von Out of Home bis eigener Werbespot Im Rahmen der regional angelegten Kampagne konnten wir beeindruckende Videoclips erstellen, die den Service der Sicherheitsexperten auf den Punkt bringen. Im gesamten Stadtgebiet Düsseldorf wurden großformatige Plakatmotive aufgehängt und haben so für Aufmerksamkeit gesorgt. Ein eingängiger Radiospot begleitete die Düsseldorfer Hörer ebenso wie ein Verkehrspatronat beim Radiosender Antenne Düsseldorf. Von Football-Gear bis Showtruck Ungewöhnlich Aktion gewünscht? Für das Shooting mit dem American Football-Team Langenfeld Longhorns haben wir Helme und Trikots in den Corporate Design-Farben von Protection One designt. Der Showtruck wurde von uns konzipiert und mit dem Visual ausgestattet. So kann Protection One visuell stark auf Kunden- und Messebesuchen auftreten und seine Dienstleistungen ganz im Sinne der Kampagnenbotschaft präsentieren. get in touch

Impressum BLUE MOON Communication Consultants GmbH Friedrichstraße 8 D-41460 Neuss Telefon +49 2131 66156-0 Telefax +49 2131 66156-66 E-Mail: info[at]bluemoon.de Geschäftsführung: Leon Gilges, Peter Lütkenhaus, Robert Pichel, Philipp Grabolle Datenschutzbeauftragter: Tobias Erdmann, sicdata Unternehmensberatung Amtsgericht Neuss, HRB 10669 Umsatzsteuer-Identifikations-Nummer (USt-ID-Nr.): DE 209822145 Haftungsausschluss Inhalte fremder Internetseiten, auf die wir in unserem Internetauftritt direkt oder indirekt verweisen (durch sog. „Hyperlinks“ oder „Deeplinks“), liegen außerhalb unseres Verantwortungsbereiches. Wir machen uns solche Inhalte nicht zu Eigen. Wir können jedoch erklären, dass zum Zeitpunkt der Linksetzung keine illegalen Inhalte auf den verlinkten Internetseiten erkennbar waren. Weder auf die aktuelle noch auf die zukünftige Gestaltung, die Inhalte oder die Urheberschaft der verlinkten Internetseiten haben wir irgendwie Einfluss. Daher distanzieren wir uns ausdrücklich von allen Inhalten aller verlinkten Internetseiten, die nach der Linksetzung verändert wurden. Diese Feststellung gilt für alle innerhalb des eigenen Internetauftrittes gesetzten Links und Verweise. Für illegale, fehlerhafte, oder unvollständige Inhalte und insbesondere für Schäden, die aus der Nutzung der in den verlinkten Internetseiten aufrufbaren Inhalte oder Informationen entstehen, haftet allein der jeweilige Anbieter der Seite, auf die verwiesen wurde. Erhalten wir Kenntnis von illegalen, rechtswidrigen oder fehlerhaften Inhalten auf Internetseiten, auf welche wir verlinken, werden wir die Verlinkung aufheben. AGB Download Allgemeine Geschäftsbedingungen (PDF, 53 KB) Download here our standard business conditions (PDF, 57 KB) Bildnachweise: get in touch

LEXIKON RUND UM KOMMUNIKATION Unser Lexikon stellt dir Begriffe aus der BLUE MOON PR-Welt vor. Erfahre in unserem Lexikon, welche Instrumente du für deine Kommunikation benötigst und wie BLUE MOON dich dabei unterstützt. Digitalisierung SEM SEM ist die Abkürzung für Search Engine Marketing und umfasst den Teil des Online-Marketings, der alle Maßnahmen zur Gewinnung von Websitebesuchern über Suchmaschinen umfasst. Zum SEM gehören SEO (Search Engine Optimization) und SEA (Suchmaschinenwerbung). Ziel aller... Shitstorm Der Begriff Shitstorm beschreibt eine flutartig auftretende, große Menge an negativer Kritik auf sozialen Medien (Facebook, Twitter, Instagram, Blogs, öffentliche Plattformen, Kommentarbereiche auf Websites). Die öffentlich ausgeübte Kritik wird durch einen bestimmten... Keyword Keywords sind wichtige Schlüsselwörter oder Kombinationen von solchen innerhalb eines Textes. Die Verwendung dieser Schlüsselwörter ist vor allem für die Suchmaschinenoptimierung (SEO) wichtig, sodass Nutzern, die online nach bestimmten Themen suche, die relevanten... User Experience Die User Experience umfasst die gesamte Erfahrung / das Erlebnis eines Anwenders im Rahmen der Nutzung oder der Interaktion mit einem Dienst, einer Website oder einem Produkt im Bereich digitaler Medien. Die User Experience beschreibt die Qualität gemäß dem... Targeting Targeting, von englisch target (Ziel), bezeichnet die zielgruppenspezifische Ausrichtung von Maßnahmen im Online Marketing. Für eine erfolgreiche Targeting Strategie muss die Zielgruppe für die jeweilige Marketingmaßnahme zuvor so genau wie möglich bestimmt werden. Es... SEO Mit Hilfe von SEO (Search Engine Optimization) kann das Ranking einer Website, das diese bei einer organischen Suchanfrage eines Nutzers erreicht, optimiert werden. Ziel ist es, die Website so zu optimieren, dass sie von Suchmaschinen wie Google bestmöglich ausgelesen... SEA Die Abkürzung SEA steht für Search Engine Advertising und umfasst das Schalten von Anzeigen in Suchmaschinen sowie auf Werbeflächen von Suchmaschinenpartnern. Das bekannteste Beispiel für SEA sind Google Adwords. Die Anzeigen werden bei der Eingabe von zuvor... CPI / CPM Die Abkürzung CPI steht für Cost per Impression und beschreibt ein Bezahlmodell im Internet. Der Auftraggeber muss beim CPI-Bezahlverfahren für jeden Aufruf der Anzeige durch einen Nutzer zahlen. Es ist dabei nicht nachzuverfolgen, ob der Nutzer die Anzeige auch... Real Time Advertising Mit Real Time Advertising ist die Live-Versteigerung von Online-Werbeflächen gemeint. Dabei steht nicht mehr das Umfeld der Webseite, auf der das Werbebanner ausgespielt wird, sondern der individuelle Nutzer im Vordergrund. Mittels RTA wird zu jeder einzelnen... Retargeting Retargeting – auch Remarketing genannt – beschreibt ein Verfahren des Online Marketings, bei dem Websitenutzer markiert werden, um diese im Anschluss mit gezielter Werbung wieder anzusprechen. Ziel beim Retargeting ist es, Websitebesucher, die eine bestimmte Seite... Online Marketing Online Marketing (auch Internet- oder Webmarketing) beschreibt alle Marketing Maßnahmen eines Unternehmens, die online durchgeführt werden. Dazu gehört nicht nur das Schalten von Anzeigen auf Onlineauftritten von Zeitschriften und (Online-) Magazinen. Neben... Native Advertising Native Advertising ist eine Form von Werbung, die so gestaltet ist, dass sie nur schwer von redaktionellen Inhalten zu unterscheiden ist. Durch diese Form der Aufbereitung zieht Native Advertising die Aufmerksamkeit des Nutzers auf sich. Die Inhalte solcher Werbung... Microblogging Microblogging beschreibt eine bestimmte Variante des Bloggens, bei dem es – im Unterschied zu klassischen Blog – nicht darum geht, ein bestimmtes Thema ausführlich zu betrachten, sondern zu verschiedensten Themen in kurzer Zeit komprimierte Nachrichten zu beliebigen... Leads Ein Lead ist ein neuer Kontakt/Neukunde, der durch Online Marketing gewonnen wurde. Dazu gehören E-Mail-Adressen, Telefonnummern, Namen und Unternehmensnamen. Leads generiert man über direkte Kontaktanfragen, Anmeldungen im Newsletter oder durch ausgefüllte... Influencer Marketing Influencer Marketing – auch Multiplikatoren-Marketing genannt – ist ein Bereich des Online-Marketings. Diese Form des Marketings nutzt sogenannte Influencer als Multiplikatoren für unterschiedlichste Werbe- bzw. Unternehmensbotschaften. Influencer sind Akteure aus... Google Ads Google Ads sind via Google oder Google Partner-Seiten geschaltete Anzeigen. Es gibt unterschiedliche Arten von Anzeigen: Suchnetzwerk mit Displayauswahl Nur Suchnetzwerk Nur Displaynetzwerk Shopping-Kampagnen Video Apps Die Position auf der die Anzeige ausgespielt... Digitale Transformation Die digitale Transformation oder Digitalisierung bezeichnet einen fortlaufenden technologischen Veränderungsprozess von Gesellschaft und – vor allem in wirtschaftlicher Hinsicht - Unternehmen. Unternehmensinterne Abläufe werden im Zuge der digitalen Transformation... CPC Die Abkürzung CPC (alternativ PPC = Pay per Click) steht für Cost per Klick und beschreibt ein Bezahlmodell im Online-Marketing. Beim CPC zahlt der Auftraggeber nicht für das reine Ausspielen einer Werbemaßnahme im Internet, sondern erst dann, wenn ein Nutzer die... Cookie Der Begriff Cookies umfasst Daten eines Websitenutzers wie Login-Daten, Einkaufskorbdaten sowie Daten für personalisierte Daten, die lokal und zeitlich begrenzt auf dem Rechner gespeichert werden. So kann der Nutzer bzw. der Rechner immer wieder identifiziert werden.... Conversion Eine Conversion ist die Umwandlung eines interessierten Nutzers in einen handelnden Nutzer. Beispiele für Conversions auf einer Website sind unter anderem Newsletteranmeldungen, Produktkäufe, das Anklicken eines bestimmten Links, Downloads, Registrierungen oder das... Augmented-Reality Der Begriff Augmented Reality beschreibt eine technische Erweiterung der realen Welt. Im Gegensatz zur Virtual Reality taucht man hier nicht in eine vollkommen fremde, virtuelle Welt ein, sondern erhält über einen Bildschirm oder eine Brille zusätzliche Informationen... Social Media Soziale Medien (Social Media) bezeichnet die Gesamtheit digitaler Medien, Anwendungen und Technologien, mit deren Hilfe die Benutzer via Internet interagieren und selbst Inhalte gestalten können. Das Internet wird so zu einer Projektionsfläche miteinander vernetzter... Unternehmen Pitch Pitch heißt übersetzt aus dem Englischen „das Verkaufsgespräch“ und diese Übersetzung trifft den Kern des Vorgangs. Denn der Pitch ist eine Wettbewerbspräsentation, mit der eine Agentur oder eine Unternehmensberatung im Kampf um einen Etat, einen Klienten oder einen... Ordnung Ordnung ist das halbe Leben – aber wie schwierig es ist Ordnung zu schaffen und beizubehalten, erfahren wir täglich an unserem Arbeitsplatz. Die Suche nach Dokumenten und anderen Utensilien nimmt viel Zeit in Anspruch und im Laufe des Tages türmt sich auf dem... Mitarbeiterzeitschrift Die Mitarbeiterzeitschrift unterscheidet sich als Kommunikationsinstrument in Planung, Realisation und Wirkung von den digitalen Medien: In der Regel bildet ein fester Redaktionskreis die Schnittstelle zwischen Mitarbeitern und Management und gibt alle relevanten... Mitarbeitermotivation ""Dienst nach Vorschrift"" war bis vor kurzem ein Begriff, der meist Behörden und öffentlichen Ämtern angelastet wurde. Doch wie jüngst eine Studie des Gallup-Instituts zeigt, scheint sich die sinkende Arbeitsmoral auch zunehmend in Privatunternehmen breitzumachen. Laut... Leitbild Unter dem Begriff Leitbild versteht man die komprimierte Formulierung der Unternehmenspolitik und der Corporate Identity. Das Leitbild umschreibt in einfacher, leicht verständlicher Form Unternehmenszweck, -ziele und Verhaltensgrundsätze der Unternehmensführung... Intranet Ein Intranet ist ein Netz innerhalb eines Unternehmens, das nicht öffentlich zugänglich ist, sondern nur von einer festgelegten Gruppe von Personen genutzt werden kann. Über den Intranet-Server können die Mitarbeiter firmenrelevante Informationen zu jeder Zeit und von... Imagebroschüre Verständliche Unternehmensbotschaft Bevor Inhalt und Gestalt der Broschüre thematisiert werden, ist es wichtig, zunächst die Zielgruppe zu definieren. Stil der Texte, die Auswahl der Themen sowie das Layout sind abhängig davon, wer die Broschüre bekommen soll und wo... Employer Branding Der aus dem anglo-amerikanischen stammende Begriff des Employer Branding bezeichnet eine unternehmensstrategische Maßnahme, deren Wurzeln in Marketingkonzepten der Markenbildung liegen. Das Ziel der in den späten neunziger Jahren entstandenen Arbeitgebermarkenbildung... CRM Teil 1 CRM ist die Abkürzung für Customer Relationship Management und wird als eine alle Unternehmensbereiche übergreifende, IT-unterstützte Geschäftsstrategie verstanden. Mit der Annahme, dass in heutigen Unternehmensphilosophien das Kundenmanagement eine zentrale Bedeutung... Corporate Wording Hinter dem Begriff Corporate Wording verbirgt sich die definierte und bewusst eingesetzte Sprachwelt eines Unternehmens - von der Verwendung oder Vermeidung bestimmter Wörter über eine einheitliche Sprachregelung hin zur Tonalität und zum Stil von Texten, sei es bei... Corporate Identity Die Corporate Identity, wörtlich übersetzt die Unternehmensidentität, setzt sich zusammen aus dem Verhalten, der Kommunikation und dem Erscheinungsbild eines Unternehmens sowie seiner am Markt angebotenen Leistungen und Produkte. Durch die Entwicklung einer Corporate... Online Marketing Social Media Soziale Medien (Social Media) bezeichnet die Gesamtheit digitaler Medien, Anwendungen und Technologien, mit deren Hilfe die Benutzer via Internet interagieren und selbst Inhalte gestalten können. Das Internet wird so zu einer Projektionsfläche miteinander vernetzter... Online-PR Als Online-PR wird alles definiert, das an Öffentlichkeitsarbeit im Internet stattfindet. Das kann ein elektronisches Pressecenter auf der Internetseite des Unternehmens sein, Social Media Aktivitäten auf relevanten Plattformen sowie Einträge in Suchmaschinen oder... Newsletter Der Newsletter ist ein häufig angewandtes Instrument der externen Kommunikation. Unternehmensnachrichten werden redaktionell zusammengefasst und inhaltlich auf die jeweilige Zielgruppe abgestimmt – das können Journalisten, Mitarbeiter oder Kunden sein. Wurden die... Internet-Relaunch Der Begriff Internet-Relaunch bezeichnet die Überarbeitung eines bestehenden Internetauftritts, der einem veränderten Kundengeschmack, rechtlichen Ansprüchen, und unternehmens- und branchenspezifischen Besonderheiten genügen muss. Hierbei werden alle Bereiche der... Internet Seit Jahren ist das Internet aus dem Alltags- und Geschäftsleben nicht mehr wegzudenken, doch was genau ist es eigentlich? Der aus dem Englischen stammende Begriff des Interconnected Networks wird heute weitläufig mit Internet abgekürzt. Gemeint ist damit ein... Barrierefreiheit nach BITV Die Verordnung eines barrierefreien Internetauftritts ist eine Ergänzung des Behindertengleichstellungsgesetztes vom 27. April 2002. In der Barrierefreien Informationstechnik-Verordnung (BITV) heißt es demnach, dass durchgängig alle Inhalte im World Wide Web auch für... Marketing Wortgekringel Wortgekringel – über Floskeln und Füllwörter Goethe bringt es auf den Punkt: „Getretener Quark wird breit, nicht stark!“ Das ist eine der schönsten Regeln für gutes Schreiben. Breit wird ein Text, wenn der Schreiber in umständliche und formelhafte Sprache versinkt,... Marketing Der Begriff Marketing leitet sich aus dem englischen von „to market – Handel treiben“ her. Er bezeichnet eine „marktorientierte Unternehmensführung, die alle relevanten Unternehmensaktivitäten auf die Wünsche und Bedürfnisse von Anspruchsgruppen ausrichtet“ (Deutscher... Marke – Markenstrategie Ursprünglich hervorgegangen ist der Begriff ""Marke"" aus dem mittelhochdeutschen Wort marc, das für Grenze, Grenzland oder -linie steht. Die Definition lässt sich von dieser Übersetzung ableiten: Die Marke dient der Kennzeichnung eines Produktes oder einer... Guerilla-Marketing Guerilla-Marketing hört sich nach rücksichtslosen, aufdringlichen Werbeaktionen an. Tatsächlich war es in den Anfängen um 1965 eine auf Angriff ausgerichtete Strategie gegen Mitbewerber, die hauptsächlich von kleinen und mittelständischen Firmen gegen überlegene... Direktmarketing Gepflegte Adressdatenbank als Basis für den Erfolg Um den potenziellen Kunden neugierig auf das beworbene Produkt und das Unternehmen zu machen, bedarf es einer exakten Planung. Das Direktmarketing bietet viele Instrumente: Mailings, Wurfsendungen, Anzeigen mit Coupon... Crossmedia Crossmedia bezeichnet die Vernetzung verschiedener Medientypen, über die zentrale Inhalte, wie Unternehmens- oder Produktinformationen, kommuniziert werden. So werden den Kunden möglichst viele, unterschiedliche Informationskanäle angeboten, um die Botschaft zu... PR Redaktionsreise Bei einer Redaktionsreise besuchen das Management und der Pressesprecher eines Unternehmens die wichtigsten Journalisten in den jeweiligen Redaktionen. Der Redaktionsbesuch eignet sich, um den Kontakt zu den Fachmedien zu pflegen. Natürlich gilt: Niemals ohne... Pressemappe Die Pressemappe ist eine Zusammenstellung von Pressemeldungen, die Informationen zu Produkten, Personen und Services eines Unternehmens zu einem Paket bündelt. Die Mappe kann an Journalisten versendet oder bei Presseveranstaltungen überreicht werden. Die einzelnen... Pressekonferenz Pressekonferenzen - für viele Unternehmen ein Muss und zugleich eine Qual - für andere dagegen eine gute Gelegenheit zur Kontakt- und Imagepflege. Ist alles perfekt geplant und vorbereitet, stellen wir uns optimal dar, haben wir nichts vergessen? So mancher... Presseinformation Eine Presseinformation (PI) informiert die Medien schriftlich über Wissenswertes aus dem Unternehmen. Sie ist neben der Pressekonferenz das am häufigsten eingesetzte Instrument der Medienarbeit. Sie bietet schnelle Informationen und es gibt weniger Missverständnisse... PR-Konzept Ein gut durchdachtes PR-Konzept ist die wichtigste Grundlage für erfolgreiche Unternehmenskommunikation. Ziel ist die Planung und Durchführung von PR-Maßnahmen, die das Unternehmen am Markt positionieren und es unverwechselbar machen. Nach einer umfassenden Definition... PR-Anzeige Anzeigen, die meist mitten im redaktionellen Teil einer Zeitung oder Zeitschrift stehen und sich in ihren Gestaltungsmerkmalen (Schrift, Aufmachung usw.) kaum vom redaktionellen Umfeld unterscheiden, werden als redaktionelle oder PR-Anzeigen bezeichnet. Sie sind ein... PR vs. Werbung Ist PR die bessere Werbung? In Zeiten von Geiz-Ist-Geil-Kampagnen wird Kundenbindung immer schwieriger. Schnäppchenpreise und Discounts zerstören langsam gewachsene Beziehungen. Welche Maßnahmen sind geeignet, sich auf dem stark konkurrierenden Markt zu behaupten? Die... Politische PR Fakten statt Phrasen - Politische PR auf dem Prüfstand Noch nie bestand ein größeres Medieninteresse am verbissenen Ringen um die Stimmen wie im vergangenen Wahlkampf. Und nie zuvor war die Berichterstattung enger mit dem politischen Geschehen verwoben wie im... Personality PR Laut einer IBM-Studie sollen die Aufstiegschancen im Beruf vor allem von drei Faktoren abhängen: zu zehn Prozent von der Leistung bzw. Qualität der Arbeit, zu 30 Prozent vom hinterlassenen Eindruck und zu 60 Prozent vom Bekanntheitsgrad. Demzufolge bestimmt das Image... Online-PR Als Online-PR wird alles definiert, das an Öffentlichkeitsarbeit im Internet stattfindet. Das kann ein elektronisches Pressecenter auf der Internetseite des Unternehmens sein, Social Media Aktivitäten auf relevanten Plattformen sowie Einträge in Suchmaschinen oder... Medienresonanzanalyse Nachhaltige Erfolge erzielen: Die Medienresonanzanalyse - Eine gewinnbringende Investition in die Zukunft Gerade in Zeiten, in denen der Rotstift regiert, braucht es objektive Messergebnisse, um Erfolg oder Misserfolg der Medienarbeit darzustellen. An sich eine... Medien-Monitoring Die Wahrnehmung der medialen Umwelt sowie die Überprüfung des eigenen Images in der Presse sind wichtige Voraussetzungen für ein strategisches Unternehmensmanagement und eine effiziente Kommunikationsplanung. Medien-Monitoring, die professionelle Medienbeobachtung,... Krisen-PR ""Krise ist ein produktiver Zustand. Man muss ihm nur den Beigeschmack von Katastrophe nehmen."" - Max Frisch Krisen sind in der heutigen Kommunikationsgesellschaft normal und praktisch unvermeidbar. Entscheidend jedoch ist, wie man damit umgeht und dass die positiven... Interview Das Interview – personifizierte Unternehmensdarstellung Wer an der Spitze eines Unternehmens steht, wird früher oder später einmal in die Situation kommen, an einer Pressekonferenz teilzunehmen, einen Vortrag zu halten, oder ein Interview zu führen. Um hier nicht ins... Internationale PR Die fortschreitende Globalisierung sorgt nachhaltig für einen wirtschaftlichen und soziokulturellen Strukturwandel. Neue Märkte öffnen sich und werden nach und nach industriell erschlossen. Unternehmen müssen die Möglichkeit nutzen, auch ihre PR-Aktivitäten parallel... Exklusivbericht Exklusivberichte behandeln branchenspezifische Themen, die in Form von längeren Beiträgen wie Objektreportagen oder Fachartikeln veröffentlicht werden. Der Exklusivbericht erscheint dabei „exklusiv“ in einem speziellen Medium, wie etwa in einer Fachzeitschrift. Damit... Events Die Open Air Saison hat eröffnet. Endlich besteht wieder die Möglichkeit, Veranstaltungen im Freien durchzuführen. Im Folgenden haben wir für Sie die Essentials für ein gelungenes Event aufgeführt! Steigender Wohlstand verändert das Freizeitverhalten der Menschen. Die... Event-Management In zunehmendem Maße wünschen sich Unternehmen das Ungewöhnliche für eine aussagekräftige Präsentation in der Öffentlichkeit. Event-Kommunikation kann diesem Wunsch gerecht werden. In Zeiten von Dumping-Preisen und immer größerem Konkurrenzdruck hat Kundenbindung... Clipping Das Clipping (Ausschnitt) dient der Dokumentation von Medienberichterstattung und wird bei der Evaluation von Medienarbeit berücksichtigt. Eine reine Zusammenstellung mehrerer Clippings begrenzt die Evaluation auf quantitative Kriterien wie erreichte Auflagen bzw.... get in touch

MOONTALK: Bleibe State of the Art Mithalten mit den Trends einer Branche, die nicht stillsteht? Das ist nicht nur möglich, sondern macht richtig Spaß – und Lust auf mehr! Mit unserem Newsletter MOONTALK bleibst du auf dem aktuellen Stand. Behalte Innovationen auf dem Radar, erlebe spannende Brand Stories und werfe einen Blick hinter die Kulissen der BLUE MOON Familie – einfach anmelden! Sie sehen gerade einen Platzhalterinhalt von Standard. Um auf den eigentlichen Inhalt zuzugreifen, klicken Sie auf den Button unten. Bitte beachten Sie, dass dabei Daten an Drittanbieter weitergegeben werden. Weitere InformationenJa, ich möchte kostenlos den moontalk-E-Mail-Newsletter abonnieren und auf Basis meiner hier angegebenen Anmeldedaten weitere – auf mich abgestimmte – Informationen, an die angegebene E-Mail-Adresse erhalten. Ich bin damit einverstanden, dass der Absender, zwecks Dokumentation meiner interessen, ein Tracking-System verwendet. Ich kann diesen Service jederzeit wieder abbestellen. Alle Felder müssen ausgefüllt werden. Wichtig: Bestätige deine Anmeldung. Nach deiner Anmeldung senden wir eine Nachricht an die von dir angegebene E-Mail-Adresse. Bitte bestätige diese, damit du in unserem Verteiler aufgenommen wirst. Falls du die Bestätigungsmail nicht beantwortest, wird deine Anmeldung automatisch wieder gelöscht. Du möchtest dich wieder abmelden? Wenn Du Dich später entschließen solltest, den Newsletter wieder abzubestellen, verwenden bitte den Abmeldelink in deinem moontalk E-Mail-Newsletter.

Die Online Marketing Agentur Maximaler Schub für deine Marke Digitale Märkte durchdringen die analoge Welt wie Multiversen – erschaffen aus zwei Elementen: Null und Eins. Ihre Regel ist so einfach wie strikt: Wer nicht drin ist, ist raus. Die BLUE MOON Online Marketing Agentur erzeugt dein digitales Gravitationsfeld. Boost your Brand! Mission Statement Online Marketing Agentur Digitale Märkte sind komplex. Sie verändern sich rasant. Gewinner ist, wer die neuste Technik sinnvoll für seine Online Kommunikation nutzt. Denn zusätzlich zum bekannten Marktgeschehen aus Innovation, Angebot und Nachfrage fordert Online Marketing technologische Kompetenz: Es reicht nicht, das bessere Produkt zu haben. Es muss auch sichtbar sein, in die digitale Bubble passen und ohne Hürden erhältlich sein. Als Online Marketing Agentur verlieren wir in den Weiten des digitalen Kosmos nicht die Orientierung, sondern navigieren dich im richtigen Kanal sicher zu deinen Online Marketing Zielen. Je nach Budget, Wettbewerbssituation und Zielgruppen entwickeln wir die beste Strategie, um dein Produkt zu verkaufen, deine Botschaft zu platzieren oder deine Rankings zu steigern. Ob Suchmaschinenmarketing (SEM), Content Marketing, Social Media Marketing oder Webdesign und Webshops: Unsere Online Marketing Experten bringen dein Business in die beste Umlaufbahn. Online Marketing Cases Mehr Leads für mehrwärme Ein Markt, auf dem sich Giganten tummeln: Brands mit enormer Reichweite und gewaltigen Budgets. Unsere Rolle: David im Kampf gegen Goliath. Rust-Oleum Social Media Boost Hier ist der spannende Blick hinter die Kulissen: Aus dem anfänglichen Vakuum ohne Website oder Social-Media-Kanäle zum Liebling der DIY-Szene auf allen Kanälen. Power Recruiting für Röhr + Stolberg Unsere Mission: die Entwicklung einer markanten Karriereseite für Produktionsmitarbeiter, die eine vorwiegend männliche Zielgruppe zwischen 20 und 45 Jahren anspricht. get in touch Kontakt Unser interdisziplinäres Online Marketing Team Online Marketing Beratung Online Marketing ist unsere Mission! Wir blicken durch und sehen die Farbe zwischen Nullen und Einsen. Komm mit auf Expedition durch das Multiversum der digitalen Kommunikationskanäle. Warp dich durch die Gravitationsfelder unserer Online Marketing Beratung. Wir verschaffen dir galaktische Reichweiten! Webdesign Bereit, den digitalen Raum zu erobern? Mit unseren maßgefertigten Lösungen wird deine Marke zum funkelnden Stern im Web. Elegant, funktional und kundenorientiert – wir kreieren galaktische Interfaces für deine Mission. Webentwicklung Setze dein Online Projekt auf Überlichtgeschwindigkeit: Von CMS-Websites bis zu individueller Programmierung – wir bieten alle Funktionen einer reibungslosen Webentwicklung. Website Relaunch Startklar für den Relaunch? Unser kreativer und zeitgleich datengetriebener Ansatz führt dich sicher zu glücklichen Kunden und einer strahlenden Webpräsenz, die mit Sichtbarkeit und Conversions überzeugt. Suchmaschinenoptimierung (SEO) Entdeckt werden im digitalen Kosmos: Mit gezielten Keywords und cleverer Strategie navigieren unsere SEO-Expertinnen deine Website auf die Pole Position der Suchmaschinen. Suchmaschinenwerbung (SEA) Beschleunige auf Lichtgeschwindigkeit: Mit SEA beamen wir deine Markenbotschaften und Produkte noch vor die organischen Suchergebnisse. Maximiere Sichtbarkeit, minimale Klickkosten garantiert. Content Marketing Zünde deine Content Rakete: Faszinierende Geschichten und essentielle Informationen, die fesseln. Erlebe Content Marketing, das mit maßgeschneiderten Inhalten deine Zielgruppen begeistert und bindet. Performance Marketing Erfolg ist keine Raketenwissenschaft: Mit Performance Marketing erreichen wir messbare Erfolge für dein Unternehmen. Entdecke, wie wir Zahlen sprechen lassen und dein Budget optimal nutzen! Social Media Marketing Mit uns erreichst du neue Umlaufbahnen im Social Media Marketing: maximale Reichweite, stärkere Interaktion und leuchtende Markenbotschaften. Lass uns zusammen die Social Media Galaxie erobern! E-Mail Marketing Automatisiert, persönlich, unwiderstehlich: Unser E-Mail Marketing katapultiert maßgeschneiderte Angebote direkt ins Postfach deiner Kunden – entdecke unsere erfolgreichen Kampagnen mit Schubkraft! Webshops erstellen Schaffe dein Online Universum: Unser ganzheitlicher Ansatz zur Webshop Erstellung verbindet brillantes UX-Design, nahtlose Integration und effektives Marketing. Einfach, effektiv und mit atemberaubender UX! Online Marketing Workflow good news news about Online Marketing Die Energiewende boosten – via LinkedIn Case: Markenbotschafter für German Contract Unterwegs in Heizzentralen, auf Messen und bei Projektpartnern: Wer Roland Gilges auf LinkedIn folgt, lernt die Energiewende in all ihren Facetten kennen. Über 3.150 Follower informieren sich wöchentlich auf dem... Kampagnen, die elektrifizieren: B2B-Marketing für MBS-HODDE Crossmediale Power für die Elektrifizierung 2.0 Ob erneuerbare Energien, E-Mobilität oder smarte Antriebstechnik – die Anzahl von Komponenten in unseren Stromnetzen steigt. Die Folge: Der elektrische Verschmutzungsgrad steigt ebenfalls und immer mehr Energie... get in touch Entdecke eine neue Dimension des Online Marketings mit BLUE MOON. Lass uns gemeinsam deine digitalen Träume in den unendlichen Orbit kreativer Möglichkeiten schicken!

SEO für Heizungen im Team David. Endgegner: Goliath Heizung mieten statt kaufen: mehr|wärme ist eine Marke der Stadtwerke Neuss-Tochter german contract und bietet Heizungscontracting im Full Service für private Hausbesitzer. mehr|wärme liefert das Rundumsorglos-Paket im Bereich Heizungen: Ohne anfängliche Investitionskosten können Privatkunden einfach eine Heizung gegen eine monatliche Pauschale mieten. Mehr|wärme übernimmt dafür die Vollgarantie für eine Mietzeit von 15 Jahren, die Instandhaltung und Wartung der Heizungsanlage und kümmert sich um die Beschaffung eines Handwerkers, der die Heizungsanlage einbaut. Die Wahl des Energieversorgers ist dabei jederzeit frei. Herausforderung Das Online Portal mehr|wärme startete 2017 als Vertriebstool für Kleinanlagencontracting im B2C-Segment. Das Ziel der Seite besteht bis heute in der Leadgenerierung von privaten Immobilienbesitzern: Dreh- und Angelpunkt des Auftrittes ist der Angebotskalkulator, der Eckdaten der aktuellen Wärmeversorgung sowie bauliche Gegebenheiten der Immobilie abfragt und auf dieser Grundlage sofort ein erstes Angebot für die monatliche Contracting Rate berechnet und per E-Mail verschickt. Ein Heizungsratgeber, den zu diesem Zeitpunkt eine externe SEO-Agentur aufgesetzt hatte, sollte für Traffic sorgen, indem er über einzelne klimafreundliche Methoden der Wärmeerzeugung informiert, die der Heizungscontractor anbietet. Nach dem Live Gang stellte sich aber schnell heraus, dass diese Strategie nicht aufging: Die Sichtbarkeit blieb bleiern bei null. Wir haben uns die nötige SEO-Kompetenz schließlich selbst draufgeschafft und nach eingehender Analyse fünf Gründe gefunden, warum die Seite nicht flog. See next… Mobile First Zwar war das erste Layout responsive, aber noch nicht konsequent auf die mobile Nutzung optimiert. Beim notwendigen Relaunch der Seite haben wir deshalb alle Elemente so angeordnet, dass sie mobil gut zu bedienen sind, der CTA immer am unteren Bildrand zu sehen und alle Interaktionsmöglichkeiten mit dem Daumen zu erreichen sind. Die Bedienelemente wurden zudem in hinreichender Größe dimensioniert und so angeordnet, dass jeder Klick zum angepeilten Ziel führt. Stichwort „Ladezeiten“: Natürlich liegen sämtliche Core Web Vitals im grünen Bereich. Keyword Analyse Das größte Problem, nach eingehender Keyword Analyse – differenziert nach Themenfeld und Suchvolumen – war der massive Wettbewerb durch äußerst finanzstarke Marktbegleiter. Mit gigantischen Content Bergen besetzten sie erfolgreich die naheliegenden generischen Keywords wie „heizungstausch“, „heizungssanierung“, „heizung defekt“ oder „heizung modernisieren“. Unser Content entpuppte sich dagegen als recht dünn. Mit dem verfügbaren Budget war ein Angriff ausgeschlossen: Mit den bis zu 25.000 rankenden Keywords und hunderten URLs mit zwölf bis zwanzigtausend Zeichen pro Short Tail Keyword konnten wir es nicht aufnehmen. Keyword Strategie Nur ein Bruchteil der Heizungssanierer sind tatsächlich an Contracting – also der Miete einer Heizung über 15 Jahre – interessiert. Wir haben uns deshalb für eine radikale Keyword-Strategie entschieden und ausschließlich die Keywords ins Rennen um die Poleposition geschickt, die ganz konkret das Mietmodell betexten. Den ganzen anderen Content – also Ratgebertexte und News rund um Energiethemen etc. – haben wir von dieser Seite entfernt. Google & CO. sollten wissen: Hier geht es um Contracting. Und nur um Contracting. Hier kann man Heizungen mieten. Wer kaufen will, ist falsch. SEA Weil SEO auf organisches Wachstum setzt und Zeit braucht, haben wir für den Übergang zusätzlich Google Ads geschaltet, um sofort auf Seite eins zu erscheinen. Die Ausspielung wurde geografisch maximal eingegrenzt und postleitzahlengenau auf die Vertriebsgebiete kooperierender Fachhandwerksbetriebe im gesamten Bundesgebiet konzentriert. In der ersten Phase kamen dabei neben Anzeigengruppen zum Mietmodell auch unterschiedliche Heiztechniken zum Zug. Sie sollten möglichst viele Besucher auf die Seite ziehen. Es zeigte sich jedoch schnell, dass die Klickpreise von bis zu 5 Euro in keinem Verhältnis zur Conversionrate standen: Wer nach Wärmepumpen sucht, will sie nicht mieten. Das Verhältnis wurde besser, nachdem die Kampagne spitz auf die Keywords rund um die Miete, die Finanzierung und das Contracting fokussiert wurden. Viele Testreihen zur Performance der einzelnen Landingpages und Optimierung der ausschließenden Keywords kamen hier auf rund 45 Euro pro Conversion – also dem vollständigen Ausfüllen des Leadgenerators. Die verhältnismäßig hohen Kosten pro Lead sind auf die Komplexität des Produktes und den starken Wettbewerb um die „günstigen“ Keywords zurückzuführen. Aber die Geschichte nimmt ein gutes Ende. SEO schlägt SEA Nur ein Jahr nach dem Relaunch sind die Leadzahlen durch die Suchmaschinenoptimierung gleichauf mit den Leads durch Google Ads. Ein weiteres Jahr später gehen 95 Prozent aller Leads auf das Konto der organischen Treffer. Die Sichtbarkeit für relevante Keywords ist so gut, dass die kostenintensive Anzeigenwerbung ersatzlos eingestellt werden kann. Content für die rankenden Seiten wird regelmäßig optimiert und um neue Elemente ergänzt. Grundsätzlich zeigt der Case: SEO ist eine mächtige Strategie, die langfristig für Sichtbarkeit und Traffic auf der Website sorgt. SEA ist vor allem dann sinnvoll, wenn kurzfristige Sichtbarkeit für neue Inhalte erzeugt werden soll. get in touch

VON B2B BIS B2C Our Mission - your Success BLUE MOON: Ihre PR Agentur für messbare Erfolge Strategische Kommunikation, die messbaren Erfolg erzielt: Wir von BLUE MOON sind Ihre PR Experten – von der Konzeption über die Texterstellung bis hin zur Platzierung, Evaluation und Dokumentation. Als erfahrene PR Agentur boosten wir Ihre Reichweite genau in den Zielgruppen, Branchen und Märkten, die für Ihr Business entscheidend sind. Work Unsere Kunden und Projekte TECE BLUE MOON unterstützt TECE erfolgreich bei der Kundenkommunikation: Mit der Erstellung des hochwertigen Magazins TECEnews präsentiert TECE seine Produktneuheiten ansprechend und informativ, sowohl gedruckt als auch digital. Hansa BLUE MOON zeigt, wie innovative PR in Krisenzeiten gelingt: Durch kreative und technische Lösungen konnte HANSA erfolgreich ihre neuen Produkte präsentieren und beeindruckende Medienresonanz erzielen. BST BLUE MOON unterstützt BST erfolgreich in der PR: Mit fundierter Pressearbeit und gezielter Kommunikation sichert BLUE MOON BST eine starke Medienpräsenz und unterstreicht die führende Rolle des Unternehmens im Markt. Die Crew Unser Team get in touch Kontakt PR News Neue Moonies sind gelandet Verstärkung auf dem blauen Mond Der Sommer hat Bewegung in das Universum von BLUE MOON gebracht. Zwei neue und ein bekanntes Gesicht sind auf dem blauen Mond gelandet und unterstützen mit ihren unterschiedlichen Stärken unsere Teams in den Bereichen PR, IT... Kampagnen, die elektrifizieren: B2B-Marketing für MBS-HODDE Crossmediale Power für die Elektrifizierung 2.0 Ob erneuerbare Energien, E-Mobilität oder smarte Antriebstechnik – die Anzahl von Komponenten in unseren Stromnetzen steigt. Die Folge: Der elektrische Verschmutzungsgrad steigt ebenfalls und immer mehr Energie...

HANSA: Digitales Presse-Event in Corona-Zeiten Bau- und Sanitärprodukte waren während der Corona-Krise sehr gefragt. Um wichtige News an die Fachjournalisten zu übermitteln, mussten dennoch alternative Lösungen gefunden werden. Mit viel Kreativität und technischem Know-How zeigt BLUE MOON, wie es geht! Mission: BLUE MOON berät HANSA in allen Fragen der PR, sowohl was die Betreuung der Fachpresse angeht, als auch bezüglich der Publikumspresse. Durch die Pandemie konnten in 2021 keine Präsenz-Messen stattfinden. Dennoch sollten die neuen Produkte den Journalisten eindrucksvoll präsentiert werden. BLUE MOON hat eine Live-Online-Pressekonferenz konzipiert und durchgeführt, bei der die Journalisten Experten, das Management von HANSA und der Oras Gruppe sowie die Innovationen des Unternehmens live und im Dialog erleben konnten. Umsetzung: Wer das erste Mal eine digitale Pressekonferenz auf die Beine stellen will, braucht dafür wichtige Basics: ein stilvolles Set, eine professionelle Moderation, eine digitale Plattform und ein rundum durchdachtes Konzept. Für all diese Aspekte hat BLUE MOON sich voll und ganz für Hansa engagiert: Das beinhaltete die Planung, Gestaltung und Koordinierung aller erforderlichen Steps. Für die Moderation wurde seitens der Agentur eine Zusammenarbeit mit dem beliebten Moderator Johannes Simon in die Wege geleitet. Präsentiert wurde das Ganze auf einer eigens für den Termin eingerichteten Landingpage. Die ansprechend gestaltete Website bot nicht nur eine attraktive Basis um dem Livestream zu präsentieren, sondern ermöglichte den Pressevertretern mit nur einem Klick alle relevanten Pressematerialien für ihre jeweilige Zielgruppe herunterzuladen. Ein weiterer technischer Clou: die zeitlich synchronisierte Fragebox, in der die Journalisten live während der Pressekonferenz Fragen an das Podium stellen konnten. Diese wurden via Tablet in Echtzeit dem Moderator übermittelt. Ergebnisse: HANSAS erste digitale Pressekonferenz war ein voller Erfolg: An der Live Veranstaltung nahmen insgesamt 60 Journalisten teil. Die Resonanz der Teilnehmer war durchweg positiv und durch die gewissenhafte Planung konnten die Fragen der Presse direkt während der Veranstaltung beantwortet werden. Im Nachgang der Veranstaltung waren die Aufzeichnung, sowie die Pressemappen noch Monate rund um die Uhr abrufbar, wodurch die Veranstaltung zu mehr als 90 Veröffentlichungen in Print und Online Medien führte. get in touch

Employer Branding und Recruiting Warum ein Karriereportal essentiell für die Weiterentwicklung eines jeden Unternehmens ist In Zeiten des Fachkräftemangels gewinnt das Employer Branding und Recruiting zunehmend an Bedeutung. Unternehmen müssen sich stärker als je zuvor positionieren und engagieren, um qualifizierte Bewerber anzuziehen und zu halten. Ein zentraler Baustein in dieser Strategie ist ein eigenständiges Karriereportal, das potenzielle Bewerber gezielt anspricht und ihnen einen umfassenden Einblick in das Unternehmen bietet. Ein solches Karriereportal ermöglicht es, die Unternehmenskultur, offene Stellen und Entwicklungsmöglichkeiten optimal zu präsentieren. Unsere BLUE MOON Karriereseite macht vor, wie´s geht! Sie zeigt, wie Unternehmen durch eine ansprechende und informative Webseite deine Attraktivität als Arbeitgeber steigern können. Bei BLUE MOON entwickeln wir genau solche maßgeschneiderten Karriereportale für unsere Kunden. Diese Portale sind nicht nur ansprechend gestaltet und technisch auf dem neuesten Stand, sondern gewährleisten auch eine optimale Benutzerführung. Wir helfen Dir, Deine Employer Branding-Strategie zu stärken und die besten Talente für Ihr Unternehmen zu gewinnen. Profitiere von unserer Expertise und lass uns gemeinsam ein Karriereportal entwickeln, das deine Arbeitgebermarke ins beste Licht rückt und Dir hilft, den Fachkräftemangel erfolgreich zu meistern und die passenden Mitarbeiter zu finden und langfristig zu binden. get in touch Contact Leon Gilges Head of New Business",9658,9658,23,"[""https://www.bluemoon.de/cases"", ""https://www.bluemoon.de/jobs/pr-consultant"", ""https://www.bluemoon.de/karriere"", ""https://www.bluemoon.de/karriere/grafik-team"", ""https://www.bluemoon.de/karriere/it-team"", ""https://www.bluemoon.de/karriere/pr-team"", ""https://www.bluemoon.de/karriere/social-media-team"", ""https://www.bluemoon.de/social-media"", ""https://www.bluemoon.de/social-media/social-media-cases/rust-oleum"", ""https://www.bluemoon.de/agentur"", ""https://www.bluemoon.de/"", ""https://www.bluemoon.de/blog"", ""https://www.bluemoon.de/blog/social-media/qualitaet-die-verbindet-und-das-seit-generationen"", ""https://www.bluemoon.de/branding"", ""https://www.bluemoon.de/branding/case-protection-one"", ""https://www.bluemoon.de/impressum"", ""https://www.bluemoon.de/lexikon"", ""https://www.bluemoon.de/newsletter"", ""https://www.bluemoon.de/online-marketing-agentur"", ""https://www.bluemoon.de/online-marketing-agentur/online-marketing-cases/mehrwaerme"", ""https://www.bluemoon.de/pr-agentur"", ""https://www.bluemoon.de/pr-agentur/pr-cases/hansa"", ""https://www.bluemoon.de/pressemitteilungen/employer-branding-und-recruiting""]","[""careers_employer"", ""careers_employer"", ""careers_employer"", ""careers_employer"", ""careers_employer"", ""careers_employer"", ""careers_employer"", ""contact"", ""contact"", ""family_values"", ""homepage"", ""news_press"", ""news_press"", ""news_press"", ""news_press"", ""news_press"", ""news_press"", ""news_press"", ""news_press"", ""news_press"", ""news_press"", ""news_press"", ""news_press""]",True,high
c956bd4e-2b8a-4c48-8780-c187587f46b3,1,BLUE MOON COMMUNICATION CONSULTANTS GMBH,post_event,"Social Media PR Agentur Online Marketing Branding Agentur Cases Karriere Blog Newsletter Lexikon Impressum AGB Datenschutz +49 2131 66156-0 info[at]bluemoon.de BLUE MOON at work – unsere Cases Erfolgreich für Champions Wir laden dich ein – auf eine kurze Reise durch ein gewaltiges Universum! Erlebe eine Auswahl unserer Erfolge, die wir für Kunden in den Disziplinen Social Media, Public Relations, Online Marketing und Branding erzielt haben. Komm mit und lerne unsere Arbeit kennen. Werde auch du Teil unserer „Wall of Fame“! SOCIAL MEDIA ONLINE MARKETING PUBLIC RELATIONS BRANDING Social Media Case Studies Case Study Online Marketing Case Studies PR Case Studies Branding Case Studies Unsere Kunden get in touch Kontakt Nachname * Vorname * E-Mail * Unternehmen * Deine Nachricht (optional) Ich stimme den Datenschutzbestimmungen zu. Jobs Base Cookie-Einstellungen anpassen

Wir suchen eine/einen PR CONSULTANT (M/W/D) Deine Mission Booste deine Karriere als PR Consultant (m/w/d) in einer national wie international etablierten Full Service Agentur für PR und Marketing! Zur Verstärkung des Teams suchen wir eine kreative, engagierte und präsentationsstarke Persönlichkeit, die sich mit Selbstvertrauen und Eigeninitiative einbringt. Lust auf Eigenverantwortung, Mut zur Kreativität und volle Einsatzbereitschaft für den Kunden in einem kollegialen und respektvollen Miteinander vereinen unsere Erwartungshaltung und Deinen Anspruch an eine erfüllende und zukunftsorientierte Beschäftigung. Werde Moonie und verstärke unsere Crew! Deine Benefits - Unbefristete Festanstellung - Homeoffice und flexible Arbeitszeiten - 30 Tage Urlaub - Spannende, vielseitige Projekte mit viel Raum für Eigenverantwortung und Kreativität - Flache Hierarchien in einem kreativen, kompetenten Team - Qualifizierte, kontinuierliche Weiterbildung mit individueller Schwerpunktsetzung - Modernste, crossmediale Marketing-Tools, z. B. in der Medienresonanzanalyse Dein Profil - Ein abgeschlossenes Studium der Kommunikations-, Geistes-, Medien- oder Wirtschaftswissenschaften, gerne auch Quereinsteiger aus anderen Studienrichtungen mit PR-Praxis - Sehr gute redaktionelle Kenntnisse und ansprechender Schreibstil - Beratermentalität - Erfahrung im Umgang mit Kunden und Journalisten - Gute Englischkenntnisse - Schnelle Auffassungsgabe, ideenreiche Begeisterungsfähigkeit und eine Can-Do-Mentalität - Souveränes Auftreten und mitdenkende Herangehensweise - Teamorientierung mit Spaß und Freude an der Kommunikation - Kreative Zusammenarbeit mit PR-, Social Media-, Grafik- und IT-Expert*innen Deine Aufgaben - Strategische Kundenberatung und -betreuung - Konzeption, Steuerung und Evaluation von PR- und Marketing-Kampagnen - Entwicklung, Präsentation und Umsetzung von Kommunikations- und Marketing-Konzepten - Verfassen und Lancieren von redaktionellen Texten wie Presseinformationen, Fachartikel, Web- und Social Media-Content - Steuerung crossmedialer Projekte in Zusammenarbeit mit Grafikern, Web-Designern, Social Media-Managern und Videografen - Zeit-, Kapazitäts- und Kostenplanung Bereit durchzustarten? Oder nutz einfach das Formular. Benefits - was wir bieten! Permanente Weiterbildung Raum für Eigeninitiative Kleine, kollegiale Teams Modernstes Arbeitsumfeld Feel Good Management Team Events Flexibles Arbeiten 30 Tage Urlaub Home Office Agenturhunde willkommen Inside BLUE MOON: Entdecke unsere Teams Von Trainee bis Senior, von Art Director bis IT Consultant: In unseren Teams kannst du Maßstäbe in allen Marketing-Disziplinen setzen. PR & Marketing Strategische Kommunikation aus einem Guss – national, international, intergalaktisch: Unsere PR- und Marketing-Teams führen Kunden in neue Marketing-Welten. Social Media Wo die Marke zur Influencerin wird: Mit verrückten Ideen, knallharten Zahlen und eigenem Filmstudio sorgen unsere Social Media Profis für interstellare Reichweiten. Grafik Design Wahre Kunst in allen Dimensionen: Ob 3D, 2D, bewegte Bilder oder zeitlose Corporate Designs – unserem Designer-Team geht der Kreativ-Treibstoff nie aus. IT & Webdesign Mit Quantensprüngen durch die Marketing-Galaxis navigieren: Dafür sorgt unser Digital-Team – mit modernsten Lösungen, die technische Raffinesse und perfekten Look verbinden.

Kontakt Stellenangebote PR & Marketing Social Media Graphic Design IT & Webdesign Blog Newsletter Lexikon Impressum AGB Datenschutz +49 2131 66156-0 info[at]bluemoon.de Booste deine Karriere Werde Moonie und erobere die Zukunft Jetzt bewerben Booste deine Karriere: Dein Start in der Agentur für Branding, Online Marketing, PR und Social Media Du bist neugierig. Hungrig. Du begeisterst dich für Kommunikation, für digitale Kanäle und Teamwork. Du steckst voller Ideen und willst dir die neuesten Tools aneignen, um sie Realität werden zu lassen. Dann haben wir eine gute Nachricht für dich: Das Raumschiff für deinen Karriere-Quantensprung steht schon bereit. Die Tanks sind voll, der Kurs ist gecheckt, die Crew ist bereit. Starte mit uns durch – in die endlose Vielfalt der Marketing-Galaxis. Unsere Stellenangebote Initiativbewerbung Stellenangebote: gehe mit BLUE MOON auf Mission Online Marketing Consultant (m/w/d) Wir suchen eine/einen Online Marketing Consultant (m/w/d)Booste Deine Karriere! Du liebst es, SEO-Strategien zu entwickeln, datengetriebene Entscheidungen zu treffen und digitale Kampagnen zu steuern? Dann bist du bei uns genau richtig! Wir sind eine wachsende... Trainee Social Media & PR (m/w/d) Wir suchen eine/einen Trainee Social Media & PR (m/w/d)Deine Mission Booste Deine Karriere als Trainee Social Media & PR (m/w/d): In unserem fundierten Trainee-Programm erlernst Du alles, was in einer modernen Werbeagentur zählt. Von TikTok bis LinkedIn, von... Praktikant:in Social Media (m/w/d) Wir suchen eine/einen Praktikant:in Social Media (M/W/​D)Deine Mission Starte Deine Karriere als Praktikant:in Social Media (m/w/d): Du liebst alles rund ums Social Media, hast ein gutes Gespür für Trends und möchtest lernen, wie professionelle Markenkommunikation... Social Media Junior Consultant (m/w/d) Wir suchen eine/einen Social Media Junior Consultant (M/W/D)Deine Mission Booste deine Karriere: Als Social Media Junior Consultant (m/w/d) bei BLUE MOON verwirklichst du Social Media Kampagnen von B2C- und B2B-Brands in Themenfeldern wie Energiewende, Nachhaltigkeit,... PR Consultant (m/w/d) Wir suchen eine/einen PR CONSULTANT (M/W/D)Deine Mission Booste deine Karriere als PR Consultant (m/w/d) in einer national wie international etablierten Full Service Agentur für PR und Marketing! Zur Verstärkung des Teams suchen wir eine kreative, engagierte und... Inside BLUE MOON: Entdecke unsere Teams Von Trainee bis Senior, von Art Director bis IT Consultant: In unseren Teams kannst du Maßstäbe in allen Marketing-Disziplinen setzen. Strategische Kommunikation aus einem Guss – national, international, intergalaktisch: Unsere PR- und Marketing-Teams führen Kunden in neue Marketing-Welten. Mehr erfahren Wo die Marke zur Influencerin wird: Mit verrückten Ideen, knallharten Zahlen und eigenem Filmstudio sorgen unsere Social Media Profis für interstellare Reichweiten. Grafik Design Wahre Kunst in allen Dimensionen: Ob 3D, 2D, bewegte Bilder oder zeitlose Corporate Designs – unserem Designer-Team geht der Kreativ-Treibstoff nie aus. Mit Quantensprüngen durch die Marketing-Galaxis navigieren: Dafür sorgt unser Digital-Team – mit modernsten Lösungen, die technische Raffinesse und perfekten Look verbinden. Weiterbildung: Willkommen in der Moon Fleet Academy Wir sind keine Phrasen-Fans, aber es stimmt halt: „Man lernt nie aus“ – schon gar nicht in unserer Branche, in der ständig neue Trends und Technologien die Entwicklungen bestimmen. Deshalb bilden wir dich bei BLUE MOON konsequent weiter. Von Trainee bis Senior – mit externen Seminaren, Inhouse-Veranstaltungen und vielen weiteren Maßnahmen bleibst du am Puls der Zeit. Entdecke die Moon Fleet Academy – gerne auch als duale*r Student*in! Unsere Mission. Deine Chance. An Herausforderungen mangelt es nicht auf dieser Welt. Zum Glück gibt es unzählige mittelständige Unternehmen die raffinierte Lösungen und brillante Innovationen dafür entwickeln. Hilf uns dabei, diese Unternehmen und ihre Produkte bekannter zu machen – in unserem Team, das auf starken Werten fußt: Hier kennt jede*r jede*n – und alle helfen sich gegenseitig aus: Unser crossmediales Team arbeitet, entwickelt sich und feiert auch gemeinsam. Als unabhängige, inhabergeführte Agentur profitieren wir seit über 20 Jahren von einer nachhaltigen Wachstums- und Erfolgsstrategie. Immer dazulernen und die Chance in jeder Innovation erkennen: So eignen wir uns pausenlos die neuesten Methoden an. Benefits - was wir bieten! Permanente Weiterbildung Raum für Eigeninitiative Kleine, kollegiale Teams Modernstes Arbeitsumfeld Feel Good Management Team Events Flexibles Arbeiten 30 Tage Urlaub Home Office Agenturhunde willkommen der recruiting prozess Step 1 Deine Bewerbung – komm in unseren Orbit Du willst Weltraumluft schnuppern? Dann schick uns deine Bewerbung. Du kannst dich entweder auf eine ausgeschriebene Stelle oder initiativ bewerben. Nach einem erfolgreichen Check deiner Unterlagen geht es auch schon los in den nächsten Schritt. Step 2 Erstes Kennenlernen – first contact Die ersten Astronauten triffst du bei einem 30-minütigen (Video) Call. Hier lernen wir dich kennen und du uns. Alles, was du wissen möchtest und dir wichtig ist, kannst du jetzt deinen künftigen Mission Commander (oder auch Teamleiter) und die HR fragen. Step 3 Probearbeitstag – dein erster moonwalk Nach einem positiven Eindruck im Online Call laden wir dich auf deine erste Mission ein. Dabei machst du dich mit deinen zukünftigen Kollegen und unserer Raumstation hier in Neuss bekannt. Du lernst unsere Branchen, in den wir unterwegs sind, kennen und spannende Aufgaben aus unserem Arbeitsalltag warten auf dich. Am Ende des Tages gibt es eine Feedback-Runde, bei der du uns deine ersten Eindrücke vom Blauen Mond schilderst. Step 4 Follow Up Im Anschluss an den Probetag lassen wir gemeinsam mit dir, in einem Ground Control Call, den Tag nochmal Revue passieren. Hier können auch letzte Fragen geklärt werden und wir besprechen alles Weitere. Step 5 Happy Landing auf dem blauen Mond – Mission completed! Willkommen im Team, die Astronauten freuen sich schon auf dich! Beim Onboarding lernst du alles rund um die Agentur und unsere Prozesse kennen und startest nach und nach in deine ersten Projekte. Auf gehts! Bereit durchzustarten? Deine Kontaktmöglichkeiten  Telefon 02131 – 66156 57  E-Mail bewerbung@bluemoon.de Vorname * Nachname * E-mail * Telefon * Nachricht Hierher ziehen & fallen lassen oder Dateien auswählen 0 von 5 8 plus 3 Ich habe die Datenschutzerklärung gelesen und akzeptiert.* * Pflichtfeld Jobs Base Cookie-Einstellungen anpassen

Kontakt Stellenangebote PR & Marketing Social Media Graphic Design IT & Webdesign Blog Newsletter Lexikon Impressum AGB Datenschutz +49 2131 66156-0 info[at]bluemoon.de Das Grafik Design Team: Virtuos in allen Dimensionen Jetzt bewerben Das Kreativ-Labor für einzigartige Augenblicke Manchmal wird es grell und bunt – und manchmal bleibt es schlicht schwarz-weiß. In unserem Kreativ-Labor entstehen Flat Designs und 3D-Animationen. Hier bewegen sich Bilder und zeitlose Logos prägen Marken für Jahre. Unser Team aus Grafik Designern mischt Kreativität, Stilbewusstsein und modernste digitale Technik zu einzigartigen Augen-Blicken. So erhalten unsere Kunden eine starke visuelle Identität. In enger Zusammenarbeit mit unseren PR-, IT- und Social Media Teams gilt es, immer wieder neue Visionen für crossmediale Anwendungen zu entwickeln. Keine Ergebnisse gefunden Die angefragte Seite konnte nicht gefunden werden. Verfeinern Sie Ihre Suche oder verwenden Sie die Navigation oben, um den Beitrag zu finden. Initiativbewerbung Kompetenzfelder BLUE MOON Grafik Design: Corporate Design-Entwicklung 3D- und 2D-Animation Videoproduktion Corporate Publishing UX-Design Bildbearbeitung Corporate Building Enwicklung von Werbekampagnen Kundenberatung Und vieles mehr … Benefits - was wir bieten! Permanente Weiterbildung Raum für Eigeninitiative Kleine, kollegiale Teams Modernstes Arbeitsumfeld Feel Good Management Team Events Flexibles Arbeiten 30 Tage Urlaub Home Office Agenturhunde willkommen Bereit durchzustarten? Wir beantworten sie gerne.  Telefon 02131 - 66156 57  E-Mail bewerbung@bluemoon.de Oder schreib uns einfach. Vorname * Nachname * E-mail * Telefon * Nachricht Hierher ziehen & fallen lassen oder Dateien auswählen 0 von 5 3 plus 5 Ich habe die Datenschutzerklärung gelesen und akzeptiert.* * Pflichtfeld Jobs Base Cookie-Einstellungen anpassen

Kontakt Stellenangebote PR & Marketing Social Media Graphic Design IT & Webdesign Blog Newsletter Lexikon Impressum AGB Datenschutz +49 2131 66156-0 info[at]bluemoon.de Unser IT-Team: Navigatoren durch digitale Sphären Jetzt bewerben Willkommen am Startpunkt für digitale Quantensprünge Willkommen am Startpunkt für digitale Quantensprünge. Nie war die Zukunft so schnell Vergangenheit wie heute. Der nächste Mega-Trend klopft schon an die Tür und eine noch größere technische Revolution wird gerade irgendwo auf der Welt entwickelt. Oder anders ausgedrückt: Es wird nie langweilig. Jedenfalls nicht im digitalen Marketing und schon gar nicht in unserem Team für IT und Webdesign. Hier setzen wir uns mit allen technischen Facetten an die Spitze der Entwicklung – sei es UX-Design, Performance Marketing, SEO und SEA oder App-Entwicklung. Die Voraussetzungen dafür: Fachkompetenz, Neugierde und strategisches Denken. Keine Ergebnisse gefunden Die angefragte Seite konnte nicht gefunden werden. Verfeinern Sie Ihre Suche oder verwenden Sie die Navigation oben, um den Beitrag zu finden. Initiativbewerbung Kompetenzfelder BLUE MOON IT & Webdesign Website Relaunches Webentwicklung Performance Marketing Suchmaschinenoptimierung (SEO) Suchmaschinenwerbung (SEA) E-Mail-Marketing Entwicklung von Webshops Entwicklung von Apps System-Administration Kundenberatung Und vieles mehr … Benefits - was wir bieten! Permanente Weiterbildung Raum für Eigeninitiative Kleine, kollegiale Teams Modernstes Arbeitsumfeld Feel Good Management Team Events Flexibles Arbeiten 30 Tage Urlaub Home Office Agenturhunde willkommen Bereit durchzustarten? Wir beantworten sie gerne.  Telefon 02131 - 66156 57  E-Mail bewerbung@bluemoon.de Oder schreib uns einfach. Vorname * Nachname * E-mail * Telefon * Nachricht Hierher ziehen & fallen lassen oder Dateien auswählen 0 von 5 8 plus 7 Ich habe die Datenschutzerklärung gelesen und akzeptiert.* * Pflichtfeld Jobs Base Cookie-Einstellungen anpassen

Kontakt Stellenangebote PR & Marketing Social Media Graphic Design IT & Webdesign Blog Newsletter Lexikon Impressum AGB Datenschutz +49 2131 66156-0 info[at]bluemoon.de Unser PR-Team: international und intergalaktisch Jetzt bewerben Die Basis-Station für Text- und Strategie-Entwicklung﻿ Unser PR-Team weiß nicht nur, was ankommt, sondern auch, wo es ankommt: Wir kommunizieren gezielt in Märkte rund um den Globus und tracken die PR-Erfolge in jedem erdenklichen Land. Als Berater*innen entwickeln wir zudem Konzepte und Strategien im direkten Kundenkontakt. Mit den anderen BLUE MOON-Teams arbeiten wir crossmedial zusammen – mit individuellen Schwerpunkten und Kompetenzen. Du willst für’s Web texten, für Videos oder für Fachmedien? Du willst Werbekampagnen steuern oder Profi für Krisen-PR werden? Wir bieten dir alle Möglichkeiten. Online Marketing Consultant (m/w/d) Wir suchen eine/einen Online Marketing Consultant (m/w/d)Booste Deine Karriere! Du liebst es, SEO-Strategien zu entwickeln, datengetriebene Entscheidungen zu treffen und digitale Kampagnen zu steuern? Dann bist du bei uns genau richtig! Wir sind eine wachsende... Trainee Social Media & PR (m/w/d) Wir suchen eine/einen Trainee Social Media & PR (m/w/d)Deine Mission Booste Deine Karriere als Trainee Social Media & PR (m/w/d): In unserem fundierten Trainee-Programm erlernst Du alles, was in einer modernen Werbeagentur zählt. Von TikTok bis LinkedIn, von... PR Consultant (m/w/d) Wir suchen eine/einen PR CONSULTANT (M/W/D)Deine Mission Booste deine Karriere als PR Consultant (m/w/d) in einer national wie international etablierten Full Service Agentur für PR und Marketing! Zur Verstärkung des Teams suchen wir eine kreative, engagierte und... Initiativbewerbung Kompetenzfelder BLUE MOON PR: Kreatives & redaktionelles Schreiben Crossmediales Storytelling Internationale PR Entwicklung von Marken-Strategien Entwicklung von Werbekampagnen Kreative Konzeption Texten für SEO, Web und Videos Medienresonanzanalyse Mediaplanung Krisen-PR Kundenberatung Und vieles mehr … Benefits - was wir bieten! Permanente Weiterbildung Raum für Eigeninitiative Kleine, kollegiale Teams Modernstes Arbeitsumfeld Feel Good Management Team Events Flexibles Arbeiten 30 Tage Urlaub Home Office Agenturhunde willkommen Bereit durchzustarten? Wir beantworten sie gerne.  Telefon 02131 - 66156 57  E-Mail bewerbung@bluemoon.de Oder schreib uns einfach. Vorname * Nachname * E-mail * Telefon * Nachricht Hierher ziehen & fallen lassen oder Dateien auswählen 0 von 5 9 plus 8 Ich habe die Datenschutzerklärung gelesen und akzeptiert.* * Pflichtfeld Jobs Base Cookie-Einstellungen anpassen

Kontakt Stellenangebote PR & Marketing Social Media Graphic Design IT & Webdesign Blog Newsletter Lexikon Impressum AGB Datenschutz +49 2131 66156-0 info[at]bluemoon.de Unser Social Media Team: Durchstarten auf allen Kanälen Jetzt bewerben Die Crew, die aus Marken echte Stars macht Mithilfe von Influencern zum Influencer werden? Durch einzigartigen Videocontent ganz neue Zielgruppen erreichen? Und diese mit Community Management an die eigene Marke binden? Unsere Social Media Profis sorgen dafür, dass unsere Kunden unter all den Sternen am digitalen Firmament besonders hell leuchten. Damit das klappt, stehen alle Tools bereit: Vom hauseigenen Filmstudio bis hin zu den modernsten Online-Anwendungen. Die wichtigsten Tools bringen unsere Profis aber selbst mit: die perfekte Mischung aus Kreativität, Verrücktheit und analytischer Genauigkeit. Trainee Social Media & PR (m/w/d) Wir suchen eine/einen Trainee Social Media & PR (m/w/d)Deine Mission Booste Deine Karriere als Trainee Social Media & PR (m/w/d): In unserem fundierten Trainee-Programm erlernst Du alles, was in einer modernen Werbeagentur zählt. Von TikTok bis LinkedIn, von... Praktikant:in Social Media (m/w/d) Wir suchen eine/einen Praktikant:in Social Media (M/W/​D)Deine Mission Starte Deine Karriere als Praktikant:in Social Media (m/w/d): Du liebst alles rund ums Social Media, hast ein gutes Gespür für Trends und möchtest lernen, wie professionelle Markenkommunikation... Social Media Junior Consultant (m/w/d) Wir suchen eine/einen Social Media Junior Consultant (M/W/D)Deine Mission Booste deine Karriere: Als Social Media Junior Consultant (m/w/d) bei BLUE MOON verwirklichst du Social Media Kampagnen von B2C- und B2B-Brands in Themenfeldern wie Energiewende, Nachhaltigkeit,... Initiativbewerbung Kompetenzfelder BLUE MOON Social Media: Content Creation Influencer Marketing Social Ads Management Videoproduktion Community Management Redaktionsplanung Auswertung & Analyse Strategie-Entwicklung Kundenberatung Und vieles mehr … Benefits - was wir bieten! Permanente Weiterbildung Raum für Eigeninitiative Kleine, kollegiale Teams Modernstes Arbeitsumfeld Feel Good Management Team Events Flexibles Arbeiten 30 Tage Urlaub Home Office Agenturhunde willkommen Bereit durchzustarten? Wir beantworten sie gerne.  Telefon 02131 - 66156 57  E-Mail bewerbung@bluemoon.de Oder schreib uns einfach. Vorname * Nachname * E-mail * Telefon * Nachricht Hierher ziehen & fallen lassen oder Dateien auswählen 0 von 5 5 plus 7 Ich habe die Datenschutzerklärung gelesen und akzeptiert.* * Pflichtfeld Jobs Base Cookie-Einstellungen anpassen

Kontakt Content Creation UGC Social Media Werbung Cases Blog Newsletter Lexikon Impressum AGB Datenschutz +49 2131 66156-0 info[at]bluemoon.de WE CREATE CONTENT THAT BOOSTS Social Media ist längst kein Hype mehr, sondern der Erfolgsfaktor, wenn es darum geht, deine Zielgruppen zu erreichen. Unsere Social Media Experten entwickeln für dich zielführende Social Media Kampagnen mit maßgeschneidertem Storytelling. Content Creation, Social Ads, User Generated Content: Wir bringen dich und deine Marke nach vorn! Auf Wunsch inklusive Reporting und Auswertung aller Ergebnisse. 01 Content creation Content is King! Kreativ, authentisch und relevant: Mit den BLUE MOON Content Creatoren, einem großen Influencer-Netzwerk, eigenem Filmstudio, Toolbox & Co bringen wir deinen Content aufs nächste Level! Mehr erfahren 02 USER GENERATED CONTENT Deine Marke braucht Fans! BLUE MOON baut für dich nicht nur eine aktive Community auf, sondern macht aus Followern Content Creatoren und authentische Markenbotschafter. 03 Mit Social Media Ads den Markenerfolg steigern: Alles eine Frage der Strategie! BLUE MOON macht dein Wachstum planbar und gibt deinem Content den extra Performance-Push. 04 360° Control Viele Kanäle, alles im Blick: Unser exklusives Tool 360° Control reportet alle Ergebnisse deiner Social-Media-Aktivitäten, PR- und Werbeerfolge. get in touch Contact Name * Vorname * E-Mail * Unternehmen * Deine Nachricht (optional) Ich stimme den Datenschutzbestimmungen zu. WHAT WE DO BLUE MOON CASES Übersicht Cases SOCIAL MEDIA CREW UNSER TEAM Wir fühlen es mit jeder Faser und leben es 24/7: Social Media ist nicht nur ein Job, Social Media ist unsere Leidenschaft! Kreative Ideen, einzigartige Strategien und der Mut, über das Übliche hinauszugehen, machen uns aus und pushen dich und dein Unternehmen aufs nächste Level. Als starker Partner an deiner Seite machen wir für dich das Unmögliche möglich. Ob im Bereich Content Creation, Influencer Marketing oder Social Payed – wir folgen keinen Trends, sondern wir kreieren sie. Mit unserem Social Media Team decken wir jeden Kanal ab und können mit umfassender Expertise überzeugen. Definiertes Ziel: Deine Brand ganz nach vorne zu bringen. GOOD REASONS FOR CHOOSING BLUE MOON Warum wir? Weil wir es können! Und weil wir für dich sämtliche Aufgaben erledigen und du dich um nichts kümmern musst. Bei uns hast du immer einen persönlichen Ansprechpartner, an den du dich jederzeit wenden kannst. Wir verinnerlichen die Ziele, die du dir gesteckt hast, liefern dir kreative Ideen und kümmern uns um die Umsetzung. Wir kennen deine Zielgruppe und wissen, wie wir sie optimal erreichen. Last but not least: Wir arbeiten transparent und informieren dich über alle Prozessschritte und Etappensiege. Wir ziehen mit dir an einem Strang. Lass uns also loslegen und gemeinsam erfolgreich sein. Let`s go and boost your success! We manage good news news about social media Social Media in der Arbeitsschutzbranche – Top oder Flop? DIGITALE KANÄLE GEWINNEN ZUNEHMEND AN RELEVANZ Social Media ist längst kein reines Marketing-Tool für Marken aus den Bereichen Beauty, Fashion und Lifestyle. Auch die Arbeitsschutz- und Sicherheitsbranche entdeckt die digitalen Kanäle zunehmend für sich. Wir... mehr lesen Wie GRÖMO mit YouTube Shorts seine Zielgruppen erreicht DER PERFEKTE MIX AUS SICHTBARKEIT UND AUTHENTIZITÄT Kurze Videos dominieren die digitale Kommunikation. Kurzvideo-Feeds wie TikTok, Instagram Reels und YouTube Shorts verändern, wie Menschen Inhalte konsumieren möchten – schnell, authentisch und auf den... Zum Blog Jobs Base Cookie-Einstellungen anpassen

Kontakt Content Creation UGC Social Media Werbung Cases Blog Newsletter Lexikon Impressum AGB Datenschutz +49 2131 66156-0 info[at]bluemoon.de Unsere Mission: Vom „No-Name“ zur Nummer Eins DIY-Marke in Deutschland! Neu auf dem deutschen Markt, ohne deutsche Website oder Social-Media-Kanäle und ausschließlich im stationären Handel verfügbar, haben wir den amerikanischen Farbenhersteller Rust-Oleum mit seinem Key-Produkt Kreidefarbe bei der DIY-affinen Zielgruppe in Deutschland bekannt gemacht. Herausforderung: Bei Endkunden bislang völlig unbekannt, lag die Herausforderung darin, die Produkte und die Marke Rust-Oleum zu etablieren. Die Brand sollte mit einem positiven Image aufgeladen und die Markenbekanntheit kontinuierlich gesteigert werden. Das Ziel: Rust-Oleum zum Marktführer zu machen und eine starke Communitybindung aufzubauen Umsetzung: MAKE IT YOURS! Unser Plan für die erfolgreiche Markteinführung in Deutschland bestand vornehmlich aus einer ausgefeilten Social-Media- und Influencer-Strategie. In Kombination mit einer umfangreichen Ad-Strategie auf Facebook, Instagram, Pinterest und TikTok konnten zusätzlich Reichweite, Interaktion, Abonnentenzahl und Klicks auf die deutsche Website gesteigert werden. Ergebnisse: Mit Hilfe eines stark wachsenden Netzwerks an ausgewählten DIY-Bloggern, diversen Mikro-Influencern, gezielter Social-Ad-Schaltung und Retargeting haben wir sukzessiv von Facebook, über Instagram, Pinterest und zuletzt TikTok ein übergreifendes Social-Media-Netzwerk aufgebaut und sind viral gegangen. Über alle Kanäle hinweg dominiert inspirierender DIY-Content aus teils bezahlten, teils unbezahlten Kooperationen. Inklusive gezielter Paid-Social-Maßnahmen hat das zu einer zusätzlich generierten Reichweite von über 4,5 Millionen Usern geführt. Durch den Aufbau einer starken und vor allem aktiven Community hat sich das Engagement über die Jahre verzehnfacht, sodass der jüngste Kanal TikTok innerhalb von knapp vier Monaten über 145.000 Likes und mehr als 11 Tausend Abonnenten erreicht hat. Über Rust-Oleum Von den USA über Asien bis nach Europa: Rust-Oleum ist ein amerikanischer Farbhersteller mit Sitz in Belgien und traditionsreicher Geschichte. Die Wurzeln der Rust-Oleum Corporation reichen bis in das Jahr 1921 zurück. Ursprünglich mit Schutzlacken gestartet, kamen über die Jahrzehnte immer mehr Produkte auch für den DIY-Bereich hinzu. Bis heute zeichnet sich das Unternehmen durch die hohe Qualität und Vielseitigkeit seiner Dekor- und Schutzfarben, Anstrichen für Haus, Garten und Co. sowie den Industriegebrauch aus. get in touch Contact Name * Vorname * E-Mail * Unternehmen * Deine Nachricht (optional) Ich stimme den Datenschutzbestimmungen zu. Jobs Base Cookie-Einstellungen anpassen

Social Media PR Agentur Online Marketing Branding Agentur Cases Karriere Blog Newsletter Lexikon Impressum AGB Datenschutz +49 2131 66156-0 info[at]bluemoon.de BLUE MOON: DEINE FULL SERVICE WERBEAGENTUR. Familiär. Zuverlässig. State of the Art. Als unabhängige, familiengeführte Werbeagentur mit Sitz in Neuss bei Düsseldorf navigiert BLUE MOON seit 25 Jahren Kunden zum Marketing-Erfolg. Unsere vier eigenständigen Teams für PR, Social Media, Branding und Online Marketing bilden einen Kompetenz-Hub, der uns zur optimal aufgestellten Full Service Agentur für den Mittelstand macht. Unser Anspruch lautet: Wir MACHEN Weltmarktführer! Oder ganz konkret: Wir entwickeln und verwirklichen die Marketing-Strategie, die perfekt zu deinen Vertriebszielen passt. Da trifft es sich umso besser, dass wir seit mehr als zwei Jahrzehnten einen starken Fokus auf Kunden aus Mittelstand, Industrie und B2B legen. In Branchen wie Sanitär/Heizung/Klima, Bau, Elektrotechnik und Automotive sind wir bestens vernetzt und verfügen über tiefgreifendes technisches Verständnis. Mit unseren Kunden verbinden uns gemeinsame Werte. Seit Anita Gilges BLUE MOON im Jahr 2000 in der Region Neuss/Düsseldorf gegründet hat, agieren wir als unabhängiges Familienunternehmen. Statt auf „Hire & Fire“ setzen wir auf langfristige Mitarbeiterbindung und -entwicklung – unsere Kunden profitieren von festen, erfahrenen Ansprechpartnern. Wir passen uns jederzeit flexibel an Markttrends an und entwickeln unsere Kompetenzen permanent im Sinne unserer Kunden und Zielbranchen weiter. Sie sehen gerade einen Platzhalterinhalt von YouTube. Um auf den eigentlichen Inhalt zuzugreifen, klicken Sie auf die Schaltfläche unten. Bitte beachten Sie, dass dabei Daten an Drittanbieter weitergegeben werden. Mehr Informationen Inhalt entsperren Erforderlichen Service akzeptieren und Inhalte entsperren get in touch Kontakt Nachname * Vorname * E-Mail * Unternehmen * Deine Nachricht (optional) Ich stimme den Datenschutzbestimmungen zu. Jobs Base Cookie-Einstellungen anpassen

Weltmarktführer. Statement. deiner Fanbase. Vertrieb. Marke. Boosting Brands. Seit 25 Jahren. BLUE MOON – deine Werbeagentur. Weil der Mittelstand einzigartig ist. Willkommen bei der Agentur, die dich versteht: Wir von BLUE MOON ticken wie Du. Als Familienunternehmen, als Experten für technische Themen – wir brennen für den Mittelstand. Wir MACHEN Weltmarktführer, ob bereits bekannt, als „Hidden Champion“ oder noch in den Startlöchern. Diese Begeisterung verwandeln wir in Kampagnen und Marketingmaßnahmen, die dich und dein Unternehmen nach vorne bringen. get in touch Kontakt Cases Unsere Kunden und Projekte Agentur DIE CREW FÜR DEINEN MARKENERFOLG Seit einem Viertel Jahrhundert sind wir der Erfolgsgarant für den Mittelstand: BLUE MOON wurde im Jahr 2000 von Anita Gilges gegründet und agiert seitdem als unabhängige, familiengeführte Werbeagentur mit Sitz in Neuss bei Düsseldorf. Unsere Crew ist perfekt aufgestellt, um dein Unternehmen in jeder Marketing-Disziplin auf die Pole Position zu bringen: Erfahrene PR- und Marketing-Consultants, die teilweise seit 25 Jahren an Bord sind, arbeiten Hand in Hand mit TikTok-Profis aus der Gen Z, mit SEO-Spezialisten, Videografen, Web-Entwicklern, Art Directors und PR-Redakteuren – alles inhouse. Familiär. Zuverlässig. State of the Art. Dies ist das Versprechen, das wir unseren Kunden geben: Wir fühlen uns den Werten des Mittelstandes besonders verbunden – langfristige, vertrauensvolle Geschäftspartnerschaften zeichnen uns ebenso aus wie unsere soziale Verantwortung gegenüber unserem Team. Wir brennen für komplexe technische Themen – etwa aus den Branchen SHK, Bau, Elektro und Automotive. Und wir verfügen stets über die neuesten Skills, damit unsere Kunden ihrer Konkurrenz auch in Sachen Marketing den entscheidenden Schritt voraus sind. Denn: Wir MACHEN Weltmarktführer. Booste deine Karriere Werde Moonie und erobere die Zukunft BLUE MOON BLOG TRENDS. INSIGHTS. INSPIRATION. Aus Alt mach neu: Weinkeller bekommt Upgrade PAUSENRAUMSTATION BEI BLUE MOON STRAHLT IN NEUEM LOOK Unser historischer Weinkeller in der Neusser Raumstation hat schon viele Missionen begleitet: Mittagspausen mit Crew-Charakter, spontane Brainstormings mit Raketenantrieb und den ein oder anderen... Social Media in der Arbeitsschutzbranche – Top oder Flop? DIGITALE KANÄLE GEWINNEN ZUNEHMEND AN RELEVANZ Social Media ist längst kein reines Marketing-Tool für Marken aus den Bereichen Beauty, Fashion und Lifestyle. Auch die Arbeitsschutz- und Sicherheitsbranche entdeckt die digitalen Kanäle zunehmend für sich. Wir... LÖSUNGEN FÜR DEINEN VERTRIEBSERFOLG BLUE MOON: DIE FULL SERVICE WERBEAGENTUR aus Neuss bei Düsseldorf Wer zielgruppengerechte Werbung möchte und dabei eine Werbeagentur in der Nähe von Düsseldorf sucht, landet automatisch bei BLUE MOON. Als Full Service Werbeagentur, bieten wir dem Mittelstand stets intelligente Lösungen für jegliche Herausforderungen in der Werbung und Kommunikation. Dabei vereinen wir das Know-how unserer verschiedenen kreativen Köpfe und bieten zahlreiche Leistungen von klassischer Werbung über Online-Marketing bis hin zu Corporate Design und Social Media. Spezialisten aus unterschiedlichen Bereichen, wie Branding, Online Marketing sowie nationaler und internationaler PR und Social Media arbeiten hier gemeinsam an kreativen Kampagnen, vertriebsorientierten Marketingmaßnahmen, Websites, klassischen Pressetexten und vielem mehr. Das Team der Neusser Werbeagentur BLUE MOON ist stets über die neuesten Kommunikationstrends informiert und geht gemeinsam mit seinen Kunden individuelle und innovative Wege. Dabei ist es uns als Full Service Werbeagentur besonders wichtig, unseren Kunden beratend zur Seite zu stehen, damit du im Kommunikations-Universum mit seinen zahlreichen Planeten wie Corporate Wording, Content Marketing, SEO oder SEA nicht den Überblick verlierst. Wir helfen dir dabei, eine starke Marke aufzubauen und deine Botschaft auf allen Kanälen zu kommunizieren. BLUE MOON legt Wert auf eine vertrauensvolle und dauerhafte Zusammenarbeit mit seinen Kunden. Tag für Tag sind wir mit Leidenschaft für unsere Kunden nicht nur von unserer Homebase in Neuss bei Düsseldorf, sondern in ganz Deutschland und im Sinne der internationalen PR auch weltweit im Einsatz. Als Full Service Werbeagentur bieten wir unseren Kunden eine individuelle Betreuung durch ein konstantes Team, kreative Lösungen für aufsehenerregende Werbung und ein ansprechendes Grafik Design − alles aus einer Hand: von internationaler PR über Vertriebsmarketing bis zu Online PR. Wir sind Ihr Partner für einen eindrucksvollen Messeauftritt, aber helfen Ihnen auch dabei, über die eigene Website und auf den Social-Media Plattformen wie Instagram, TikTok, Facebook, YouTube, LinkedIn, X und Co. für Ihr Unternehmen zu werben. Was du auch vorhast: Mit unserer langjährigen Erfahrung und tiefgreifendem Branchen-Know-how finden wir für dich die die richtige Strategie und das passende Konzept für deine Werbung und PR! Unsere Kunden kommen unter anderem aus den Branchen SHK, Bau, Elektro und Automotive, in denen diese von unserer langjährigen Expertise und Erfahrung profitieren. Lerne uns kennen und folgen uns in die Weiten des Kommunikationsuniversums, denn mit BLUE MOON aus Neuss in der Nähe von Düsseldorf haben Sie eine Full Service Werbeagentur an Ihrer Seite, die Sie bei all Ihren Missionen tatkräftig unterstützt!

Social Media PR Agentur Online Marketing Branding Agentur Cases Karriere Blog Newsletter Lexikon Impressum AGB Datenschutz +49 2131 66156-0 info[at]bluemoon.de Alle Marketing-Trends auf dem Radar Hol dir deine Inspiration – beim Stöbern im BLUE MOON Blog. Hier findest du alles auf einem Blick: Faszinierende Cases aus der Praxis, neue Entwicklungen in der BLUE MOON Crew und Wissenswertes rund um Social Media, Branding, Online Marketing und PR. Aus Alt mach neu: Weinkeller bekommt Upgrade Feb. 18, 2026 PAUSENRAUMSTATION BEI BLUE MOON STRAHLT IN NEUEM LOOK Unser historischer Weinkeller in der Neusser Raumstation hat schon viele Missionen begleitet: Mittagspausen mit Crew-Charakter, spontane Brainstormings mit Raketenantrieb und den ein oder anderen... mehr lesen Social Media in der Arbeitsschutzbranche – Top oder Flop? Dez. 2, 2025 DIGITALE KANÄLE GEWINNEN ZUNEHMEND AN RELEVANZ Social Media ist längst kein reines Marketing-Tool für Marken aus den Bereichen Beauty, Fashion und Lifestyle. Auch die Arbeitsschutz- und Sicherheitsbranche entdeckt die digitalen Kanäle zunehmend für sich. Wir... Eine Crew, vier spezialisierte Etagen Nov. 13, 2025 GALAKTISCHES BRANDING IM TREPPENHAUS UNSERER AGENTUR In unserer Agentur gelangt man auf jeder Etage buchstäblich in eine andere Umlaufbahn unserer Services. Im Rahmen unseres Brandings haben wir im Treppenhaus jeder Etage unserer Agentur einen prägnanten... Wie GRÖMO mit YouTube Shorts seine Zielgruppen erreicht DER PERFEKTE MIX AUS SICHTBARKEIT UND AUTHENTIZITÄT Kurze Videos dominieren die digitale Kommunikation. Kurzvideo-Feeds wie TikTok, Instagram Reels und YouTube Shorts verändern, wie Menschen Inhalte konsumieren möchten – schnell, authentisch und auf den... BRANDNEU: DER HIDDEN CHAMPIONS TREND REPORT IST ONLINE DAS EXKLUSIVE MAGAZIN FÜR ENTSCHEIDER IM MITTELSTAND Fundiert. Vorausschauend. Unabhängig. Das sind die drei Säulen, auf denen der Hidden Champions Trend Report aufbaut. Diese drei Säulen sind nicht nur ein Fundament, sondern ein klares Versprechen! In der... SOCIAL MEDIA TRENDS 2025: DAS MUSS MAN WISSEN! Sep. 23, 2025 ZWISCHEN VIRAL GEHEN, KI-CONTENT UND AUTHENTIZITÄT Faszination Labubu, KI-generierte Personen als Superheldenfiguren und Hype à la Dubai-Schokolade sind für euch keine Fremdwörter? Dann seid ihr schon mitten drin in der bunten Welt der Social Media Trends.... Die Energiewende boosten – via LinkedIn Case: Markenbotschafter für German Contract Unterwegs in Heizzentralen, auf Messen und bei Projektpartnern: Wer Roland Gilges auf LinkedIn folgt, lernt die Energiewende in all ihren Facetten kennen. Über 3.150 Follower informieren sich wöchentlich auf dem... Neue Moonies sind gelandet Verstärkung auf dem blauen Mond Der Sommer hat Bewegung in das Universum von BLUE MOON gebracht. Zwei neue und ein bekanntes Gesicht sind auf dem blauen Mond gelandet und unterstützen mit ihren unterschiedlichen Stärken unsere Teams in den Bereichen PR, IT... Makro-Influencer: Der direkte Weg zur neuen Zielgruppe Juli 15, 2025 BOELS RENTAL BEGEISTERT DIY-COMMUNITIES Ein bekannter Baumarkt-Slogan besagt: Es gibt immer etwas zu tun – im Haus, im Garten, in der Wohnung. Allzu oft starten die Heimwerker mit großem Elan, um dann festzustellen, dass ihnen ein entscheidendes Werkzeug... BLUE MOON feiert 25. Firmenjubiläum auf Mallorca Teamgeist, Trauminsel und Tattoos Was bedeuten 25 Jahre BLUE MOON, 25 Moonies und 1 schöne Insel? Eine unvergessliche Jubiläumsreise! Letzten Monat ging es für das gesamte Team auf eine 5-tägige Reise in den Süden Europas. Bei knackigen 30 Grad haben wir an... Auf zu neuen Welten: Das Social Media Team hebt ab Mai 20, 2025 BLUE MOON erweitert seine Räumlichkeiten um eine zusätzliche Etage Unser Social Media Team hebt ab – und zwar im wahrsten Sinne des Wortes! Nachdem das Team in den vergangenen Jahren rasant gewachsen ist war schnell klar: Wir brauchen mehr Platz für spannende... Kampagnen, die elektrifizieren: B2B-Marketing für MBS-HODDE Crossmediale Power für die Elektrifizierung 2.0 Ob erneuerbare Energien, E-Mobilität oder smarte Antriebstechnik – die Anzahl von Komponenten in unseren Stromnetzen steigt. Die Folge: Der elektrische Verschmutzungsgrad steigt ebenfalls und immer mehr Energie... ON TOUR: KAMERA LÄUFT…UND ACTION! SO GELINGT HOCHWERTIGER VIDEO-CONTENT UNTERWEGS Ob Messen, Baustellen oder Kundenbesuche: Wenn wir unterwegs sind, läuft die Kamera mit. Denn genau dort entsteht authentischer Content: im realen Arbeitsumfeld, dort wo sich echte Geschichten abspielen. Genau... SYNERGIEN ZWISCHEN PR UND SOCIAL MEDIA März 25, 2025 Case Study mit Airflow Sätze, wie „Social Media frisst Zeit, die wir eigentlich nicht haben“ oder „Wir schaffen es nicht, regelmäßig relevanten Content zu produzieren“, hören wir oft. Viele Unternehmen stehen vor der Herausforderung, ihren... BLUE MOON MACHT WELTMARKTFÜHRER – SEIT 25 JAHREN Jubiläum einer Agentur auf Wachstumskurs Vor genau 25 Jahren startete in Neuss-Rosellen eine ganz besondere Mission. Damals gründete Anita Gilges in ihrem privaten Büro die BLUE MOON Communications Consultants GmbH. Aus dem Einzelunternehmen mit... Qualität, die verbindet – und das seit Generationen Nov. 5, 2024 Du bist in der SHK-Branche tätig? Dann kennst du sicher schon die Marke GEBO und ihre Klemmverbinder aus Temperguss. Die GEBO Armaturen GmbH schafft es seit mehr als 80 Jahren mit ihren qualitativ hochwertigen Produkten einzigartige und individuelle... « Ältere Einträge get in touch Kontakt Nachname * Vorname * E-Mail * Unternehmen * Deine Nachricht (optional) Ich stimme den Datenschutzbestimmungen zu. Jobs Base Cookie-Einstellungen anpassen

Social Media PR Agentur Online Marketing Branding Agentur Cases Karriere Blog Newsletter Lexikon Impressum AGB Datenschutz +49 2131 66156-0 info[at]bluemoon.de Feb. 18, 2026 Aus Alt mach neu: Weinkeller bekommt Upgrade PAUSENRAUMSTATION BEI BLUE MOON STRAHLT IN NEUEM LOOK Unser historischer Weinkeller in der Neusser Raumstation hat schon viele Missionen begleitet: Mittagspausen mit Crew-Charakter, spontane Brainstormings mit Raketenantrieb und den ein oder anderen Kundentermin mit Orbit-Blick fürs große Ganze. Was früher mal ganz klassisch Weinkeller war, ist bei uns längst zur festen Pausenraumstation geworden – ein kleiner Rückzugsort mit viel Geschichte im Gepäck. Doch wie das in jeder guten Raumfahrtmission ist: Irgendwann steht ein Upgrade an. Nach dem Ausbau der dritten Etage war klar – auch unser Keller bekommt einen frischen Schub. Zeit für einen stilistischen Relaunch mit neuem Design-Antrieb. Kleine Veränderungen, große Wirkung Manchmal braucht es keine komplette Kernsanierung, sondern nur ein paar gezielte Stellschrauben. Ein neuer Tisch bildet jetzt das kommunikative Zentrum unserer Crew-Zusammenkünfte. Bequemere Sitzgelegenheiten sorgen dafür, dass sich selbst längere Pausen oder schwerelos anfühlen. Und das neue Bar-Schild im unverkennbaren BLUE MOON Design? Sagen wir so: Es setzt ein visuelles Statement, das selbst von der ISS aus sichtbar wäre. Was wir wieder einmal gelernt haben: Atmosphäre ist kein Zufallsprodukt. Mit überschaubarem Aufwand lässt sich ein Raum komplett neu inszenieren. Materialien, Licht, Möblierung – alles zahlt auf das Raumgefühl ein. Kleine Veränderungen können eine große Strahlkraft entfalten. Und genau das spürt man jetzt. Ein Raum mit Geschichte Unser Weinkeller ist kein austauschbarer Pausenraum von der Stange. Die historischen Mauern erzählen ihre eigene Story – von früheren Zeiten, von Substanz, von Charakter. Diese Authentizität wollten wir nicht überdecken, sondern bewusst ins neue Konzept integrieren. Das Ergebnis: ein Raum, der Vergangenheit und Gegenwart miteinander verbindet. Rustikale Elemente treffen auf modernes Design. Gemütlichkeit auf Markenidentität. Geschichte auf Zukunftsvision. Hier wird nicht nur gegessen und Kaffee getrunken. Hier entstehen Ideen, hier werden Projekte diskutiert, hier hebt die nächste Marketing-Mission ab. Unsere Crew braucht Orte, an denen man kurz landen, auftanken und mit neuem Schub wieder durchstarten kann. Und genau das ist unser neu gestalteter Weinkeller. 🚀 get in touch Contact Nachname * Vorname * E-Mail * Deine Nachricht (optional) Ich stimme den Datenschutzbestimmungen zu. Leon Gilges Head of New Business Autor und Ansprechpartner Der BLUE MOON Newsletter Jetzt anmelden! Jobs Kontakt Base Cookie-Einstellungen anpassen

Social Media PR Agentur Online Marketing Branding Agentur Cases Karriere Blog Newsletter Lexikon Impressum AGB Datenschutz +49 2131 66156-0 info[at]bluemoon.de Dez. 02, 2025 Social-Media Social Media in der Arbeitsschutzbranche – Top oder Flop? DIGITALE KANÄLE GEWINNEN ZUNEHMEND AN RELEVANZ Social Media ist längst kein reines Marketing-Tool für Marken aus den Bereichen Beauty, Fashion und Lifestyle. Auch die Arbeitsschutz- und Sicherheitsbranche entdeckt die digitalen Kanäle zunehmend für sich. Wir haben auf der A+A in Düsseldorf, der Weltleitmesse für sicheres und gesundes Arbeiten, Unternehmen gefragt, wie sie Instagram, LinkedIn & Co. nutzen, welche Themen sie bespielen und wie ernst sie das Ganze wirklich nehmen. Das Ergebnis: Awareness ist da, aber die Umsetzung lässt noch Luft nach oben. Viele Unternehmen wissen, dass Social Media wichtig ist, kämpfen aber noch mit Ressourcen, Strategie und dem Mut, neue Formate auszuprobieren. High Five für LinkedIn & Instagram – TikTok hinkt hinterher Die Umfrage zeigt deutlich: LinkedIn und Instagram sind die unangefochtenen Lieblinge der Branche. Sie werden für Netzwerkpflege, Markenaufbau und bildstarke Produktpräsentationen genutzt und decken damit die wichtigsten Bedürfnisse der B2B-Kommunikation ab. Facebook und YouTube folgen auf den Plätzen drei und vier, während TikTok bisher kaum eine Rolle spielt: Nur etwa 5 Prozent der Unternehmen nutzen die Plattform aktiv. Dabei ist das Potenzial enorm, gerade für kurze Videos, die Markenbekanntheit steigern, Leads generieren oder Recruiting unterstützen. Immerhin planen bereits rund 45 Prozent der Befragten, TikTok künftig in ihre Social-Media-Strategie aufzunehmen – ein klares Signal, dass die Branche zunehmend experimentierfreudiger wird. Content is king! Marke, Image, Produkte Auch thematisch sind die Schwerpunkte der Branche klar: Markenaufbau, Imagepflege und Produktinformationen dominieren die Social-Media-Aktivitäten. Themen wie Employer Branding oder Influencer-Marketing spielen bislang noch eine untergeordnete Rolle, obwohl sie enorme Chancen für Reichweite, Recruiting und Zielgruppenbindung bieten. Beispiele wie Influencer Maurice Odendahl, der als Dachdecker über 220.000 Follower auf Instagram erreicht, zeigen, dass authentische Markenbotschafter auch im technischen Umfeld richtig wirken können. Wer diese Strategien clever einsetzt, kann nicht nur seine Markenbekanntheit steigern, sondern gleichzeitig ein attraktives Arbeitgeberimage aufbauen. Luft nach oben: Budget klein, Ambitionen groß Obwohl Social Media strategisch wichtig ist, bleiben die Budgets vergleichsweise klein: Rund 40 Prozent investieren weniger als 30.000 Euro pro Jahr, nur wenige mehr als 100.000 Euro. Auch die operative Umsetzung zeigt Nachholbedarf: Kein Unternehmen überlässt die Social-Media-Kommunikation vollständig externen Profis, 55 Prozent arbeiten hybrid, 44 Prozent ausschließlich intern. Externe Expert:innen können hier gezielt unterstützen – von Strategie und Content über Community Management bis hin zu Formatberatung – und so Social-Media-Strategien schaffen, die wirken und messbare Ergebnisse liefern. „Neugierig geworden? Dann lass dir die neuesten Social-Media-Trends der Arbeitsschutzbranche in einem persönlichen Call von Leon zeigen! Jetzt unverbindlich Termin vereinbaren get in touch Contact Nachname * Vorname * E-Mail * Deine Nachricht (optional) Ich stimme den Datenschutzbestimmungen zu. Leon Gilges Head of New Business Autor und Ansprechpartner Der BLUE MOON Newsletter Jetzt anmelden! Jobs Kontakt Base Cookie-Einstellungen anpassen

Kontakt Design Kampagnen Employer Branding Cases Blog Newsletter Lexikon Impressum AGB Datenschutz +49 2131 66156-0 info[at]bluemoon.de Ihre Marke, unser Universum: Einzigartig. Einprägsam. Authentisch. we create Die Welt der Marken, unendliche Weiten – und Ihre Marke als leuchtender Stern mittendrin. Mit Vision und Leidenschaft schaffen wir authentische Markenerlebnisse, die auffallen und nachhaltig wirken. Ready for Take-off? Lassen Sie uns gemeinsam das Potenzial Ihrer Marke entfalten und in neue Sphären heben. Ob kurz oder langfristig gedacht – mit kreativen Kampagnen platzieren wir Ihre Produkte / Ihre Marke nachhaltig bei den Zielgruppen. Durch gezielte Analyse konzipieren wir gemeinsam mit Ihnen die richtige Strategie und werten die Erfolge aus – ob im klassischen Printformat oder auch auf digitalen Plattformen. mehr erfahren Ein Bild sagt mehr als 1000 Worte – und ein gutes Design gibt Identität. Auch trägt es zu einer angenehmen Customer Journey bei. Von Corporate Design über Print & Digital und Webdesign bis hin zu 3D-Animationen denken wir alles mit, um Ihrer Marke eine einzigartige Identität zu geben. Auf der Suche nach neuen Talenten? Wir boosten Ihr Image als moderner Arbeitgeber! Mit unserem ganzheitlichen Ansatz, interner Foto- und Videoproduktion, sowie KI-gestütztem und performance-basiertem Recruiting-Tools erreichen wir Ihre qualifizierten Talente von morgen – ob Berufseinsteiger oder mit Erfahrung. Lassen Sie sich von unseren Erfolgen überzeugen! Seit über 25 Jahren geben wir Marken ihre eigene Identität – von klassischen Konzepten in Print und digitalen Formaten, bis hin zu ungewöhnlichen und aufmerksamkeitsstarken Aktionen für Social Media. American Football meets effektiven Einbruchsschutz Mit kreativem Slogan und einprägsamem Visual zum Wiedererkennungswert. VorherigeWeiter 12 Zum Case Image der Stadtwerke Neuss – unsere Kampagne Die Angebotsvielfalt der Stadtwerke Neuss in einer Kampagne – alltäglicher Nutzen in Szene gesetzt. 123 Neue Materialen brauchen moderne Visuals Einen unverwechselbarer Messeauftritt für Oerlikon erstellen? Das ist in unserer DNA. get in touch Name * Vorname * E-Mail * Unternehmen * Deine Nachricht (optional) Ich stimme den Datenschutzbestimmungen zu. 1234 Auch wenn wir uns als Astronauten bezeichnen, ist gutes Branding keine Raketenwissenschaft. Mit Leidenschaft für Design und Blick fürs Detail bringen wir Ihren Markenauftritt aufs nächste Level. Ob Websites, Logos, Corporate Designs oder auffällige Anzeigen: Wir geben alles, um jede Marke einzigartig und unverwechselbar zu machen. Ihre Social Media-Kanäle brauchen spezielle Visuals? Wenn’s noch etwas mehr Wow-Effekt sein soll, legen wir mit 3D-Animationen nach. NEWS Aus Alt mach neu: Weinkeller bekommt Upgrade PAUSENRAUMSTATION BEI BLUE MOON STRAHLT IN NEUEM LOOK Unser historischer Weinkeller in der Neusser Raumstation hat schon viele Missionen begleitet: Mittagspausen mit Crew-Charakter, spontane Brainstormings mit Raketenantrieb und den ein oder anderen... mehr lesen Eine Crew, vier spezialisierte Etagen GALAKTISCHES BRANDING IM TREPPENHAUS UNSERER AGENTUR In unserer Agentur gelangt man auf jeder Etage buchstäblich in eine andere Umlaufbahn unserer Services. Im Rahmen unseres Brandings haben wir im Treppenhaus jeder Etage unserer Agentur einen prägnanten... Zum Blog Erlebe eine neue Dimension des Brandings mit BLUE MOON. Gemeinsam katapultieren wir deine Marke in den grenzenlosen Orbit kreativer Möglichkeiten! Jobs Base Cookie-Einstellungen anpassen

Kontakt Design Kampagnen Employer Branding Cases Blog Newsletter Lexikon Impressum AGB Datenschutz +49 2131 66156-0 info[at]bluemoon.de American Football meets effektiven Einbruchsschutz Teamwork, Strategie und Reaktionsstärke – mit unserer Kampagne zur Steigerung der Markenbekanntheit des Sicherheitsdienstleisters Protection One in der Region Düsseldorf haben wir genau das transportiert. Das American Football-Visual passt zur Botschaft und in Verbindung mit dem Slogan `Die stärkste Abwehr Deutschlands´ bleibt es lange im Gedächtnis. Von Out of Home bis eigener Werbespot Im Rahmen der regional angelegten Kampagne konnten wir beeindruckende Videoclips erstellen, die den Service der Sicherheitsexperten auf den Punkt bringen. Im gesamten Stadtgebiet Düsseldorf wurden großformatige Plakatmotive aufgehängt und haben so für Aufmerksamkeit gesorgt. Ein eingängiger Radiospot begleitete die Düsseldorfer Hörer ebenso wie ein Verkehrspatronat beim Radiosender Antenne Düsseldorf. VorherigeWeiter 123 Von Football-Gear bis Showtruck Ungewöhnlich Aktion gewünscht? Für das Shooting mit dem American Football-Team Langenfeld Longhorns haben wir Helme und Trikots in den Corporate Design-Farben von Protection One designt. Der Showtruck wurde von uns konzipiert und mit dem Visual ausgestattet. So kann Protection One visuell stark auf Kunden- und Messebesuchen auftreten und seine Dienstleistungen ganz im Sinne der Kampagnenbotschaft präsentieren. Protection One Die Protection One GmbH, A Securitas Company, ist mit über 25 Jahren Erfahrung Marktführer in der 24h-Fernüberwachung mit Echtzeit-Reaktion. Mit einer firmeneigenen Notrufzentrale bietet Protection One alle Services aus einer Hand. Als Pionier in Deutschland im Jahr 1997 gestartet, wird das Unternehmen regelmäßig mit einer außergewöhnlichen Schadenverhinderungsquote von durchschnittlich über 95 Prozent unabhängig auditiert. Durch ihr deutschlandweites Netzwerk wird ein kompetenter und zügiger Service beim Kunden vor Ort sichergestellt: So kann das Unternehmen eine sehr hohe Kundenzufriedenheitsquote vorweisen. Protection One erweitert seit Jahren stetig sein Produktportfolio, das unter anderem technischen Brandschutz, intelligente Schließsysteme und cloudbasierte Videomanagementsysteme umfasst. Alle Dienstleistungen basieren auf dem Prinzip der Echtzeitreaktion durch die 24/7 besetzte, firmeneigene Notrufzentrale sowie seiner Alarmempfangsstelle. Das Unternehmen vereint so automatisierte, digitale und intelligente Prozesse mit höchsten Sicherheitsstandards und bestem Kundenservice. get in touch Name * Vorname * E-Mail * Unternehmen * Deine Nachricht (optional) Ich stimme den Datenschutzbestimmungen zu. Jobs Base Cookie-Einstellungen anpassen

IMPRESSUM BLUE MOON Communication Consultants GmbH Friedrichstraße 8 D-41460 Neuss Telefon +49 2131 66156-0 Telefax +49 2131 66156-66 E-Mail: info[at]bluemoon.de Geschäftsführung: Leon Gilges, Peter Lütkenhaus, Robert Pichel, Philipp Grabolle Datenschutzbeauftragter: Tobias Erdmann, sicdata Unternehmensberatung Amtsgericht Neuss, HRB 10669 Umsatzsteuer-Identifikations-Nummer (USt-ID-Nr.): DE 209822145 Wegbeschreibung HAFTUNGSAUSSCHLUSS Inhalte fremder Internetseiten, auf die wir in unserem Internetauftritt direkt oder indirekt verweisen (durch sog. „Hyperlinks“ oder „Deeplinks“), liegen außerhalb unseres Verantwortungsbereiches. Wir machen uns solche Inhalte nicht zu Eigen. Wir können jedoch erklären, dass zum Zeitpunkt der Linksetzung keine illegalen Inhalte auf den verlinkten Internetseiten erkennbar waren. Weder auf die aktuelle noch auf die zukünftige Gestaltung, die Inhalte oder die Urheberschaft der verlinkten Internetseiten haben wir irgendwie Einfluss. Daher distanzieren wir uns ausdrücklich von allen Inhalten aller verlinkten Internetseiten, die nach der Linksetzung verändert wurden. Diese Feststellung gilt für alle innerhalb des eigenen Internetauftrittes gesetzten Links und Verweise. Für illegale, fehlerhafte, oder unvollständige Inhalte und insbesondere für Schäden, die aus der Nutzung der in den verlinkten Internetseiten aufrufbaren Inhalte oder Informationen entstehen, haftet allein der jeweilige Anbieter der Seite, auf die verwiesen wurde. Erhalten wir Kenntnis von illegalen, rechtswidrigen oder fehlerhaften Inhalten auf Internetseiten, auf welche wir verlinken, werden wir die Verlinkung aufheben. AGB Download Allgemeine Geschäftsbedingungen (PDF, 53 KB) Download here our standard business conditions (PDF, 57 KB) BILDNACHWEISE: © Nasa: Project Apollo Archive © Photo by Meriç Dağlı on Unsplash © by Jeremy Bishop on Unsplash © xtock/shutterstock.com © Alberto Ghizzi Panizza © by Juskteez Vu on Unsplash @ by skeeze on Pixabay © by Bryan Goff on Unsplash © Photo by Celso on Unsplash GET IN TOUCH KONTAKT Nachname * Vorname * E-Mail * Unternehmen * Deine Nachricht (optional) Ich stimme den Datenschutzbestimmungen zu. Jobs Kontakt Blog Newsletter Lexikon Impressum AGB Datenschutz Cookie-Einstellungen anpassen +49 2131 66156-0 info[at]bluemoon.de

LEXIKON RUND UM KOMMUNIKATION Unser Lexikon stellt dir Begriffe aus der BLUE MOON PR-Welt vor. Erfahre in unserem Lexikon, welche Instrumente du für deine Kommunikation benötigst und wie BLUE MOON dich dabei unterstützt. Digitalisierung SEM SEM ist die Abkürzung für Search Engine Marketing und umfasst den Teil des Online-Marketings, der alle Maßnahmen zur Gewinnung von Websitebesuchern über Suchmaschinen umfasst. Zum SEM gehören SEO (Search Engine Optimization) und SEA (Suchmaschinenwerbung). Ziel aller... Shitstorm Der Begriff Shitstorm beschreibt eine flutartig auftretende, große Menge an negativer Kritik auf sozialen Medien (Facebook, Twitter, Instagram, Blogs, öffentliche Plattformen, Kommentarbereiche auf Websites). Die öffentlich ausgeübte Kritik wird durch einen bestimmten... Keyword Keywords sind wichtige Schlüsselwörter oder Kombinationen von solchen innerhalb eines Textes. Die Verwendung dieser Schlüsselwörter ist vor allem für die Suchmaschinenoptimierung (SEO) wichtig, sodass Nutzern, die online nach bestimmten Themen suche, die relevanten... User Experience Die User Experience umfasst die gesamte Erfahrung / das Erlebnis eines Anwenders im Rahmen der Nutzung oder der Interaktion mit einem Dienst, einer Website oder einem Produkt im Bereich digitaler Medien. Die User Experience beschreibt die Qualität gemäß dem... Targeting Targeting, von englisch target (Ziel), bezeichnet die zielgruppenspezifische Ausrichtung von Maßnahmen im Online Marketing. Für eine erfolgreiche Targeting Strategie muss die Zielgruppe für die jeweilige Marketingmaßnahme zuvor so genau wie möglich bestimmt werden. Es... SEO Mit Hilfe von SEO (Search Engine Optimization) kann das Ranking einer Website, das diese bei einer organischen Suchanfrage eines Nutzers erreicht, optimiert werden. Ziel ist es, die Website so zu optimieren, dass sie von Suchmaschinen wie Google bestmöglich ausgelesen... SEA Die Abkürzung SEA steht für Search Engine Advertising und umfasst das Schalten von Anzeigen in Suchmaschinen sowie auf Werbeflächen von Suchmaschinenpartnern. Das bekannteste Beispiel für SEA sind Google Adwords. Die Anzeigen werden bei der Eingabe von zuvor... CPI / CPM Die Abkürzung CPI steht für Cost per Impression und beschreibt ein Bezahlmodell im Internet. Der Auftraggeber muss beim CPI-Bezahlverfahren für jeden Aufruf der Anzeige durch einen Nutzer zahlen. Es ist dabei nicht nachzuverfolgen, ob der Nutzer die Anzeige auch... Real Time Advertising Mit Real Time Advertising ist die Live-Versteigerung von Online-Werbeflächen gemeint. Dabei steht nicht mehr das Umfeld der Webseite, auf der das Werbebanner ausgespielt wird, sondern der individuelle Nutzer im Vordergrund. Mittels RTA wird zu jeder einzelnen... Retargeting Retargeting – auch Remarketing genannt – beschreibt ein Verfahren des Online Marketings, bei dem Websitenutzer markiert werden, um diese im Anschluss mit gezielter Werbung wieder anzusprechen. Ziel beim Retargeting ist es, Websitebesucher, die eine bestimmte Seite... Online Marketing Online Marketing (auch Internet- oder Webmarketing) beschreibt alle Marketing Maßnahmen eines Unternehmens, die online durchgeführt werden. Dazu gehört nicht nur das Schalten von Anzeigen auf Onlineauftritten von Zeitschriften und (Online-) Magazinen. Neben... Native Advertising Native Advertising ist eine Form von Werbung, die so gestaltet ist, dass sie nur schwer von redaktionellen Inhalten zu unterscheiden ist. Durch diese Form der Aufbereitung zieht Native Advertising die Aufmerksamkeit des Nutzers auf sich. Die Inhalte solcher Werbung... Microblogging Microblogging beschreibt eine bestimmte Variante des Bloggens, bei dem es – im Unterschied zu klassischen Blog – nicht darum geht, ein bestimmtes Thema ausführlich zu betrachten, sondern zu verschiedensten Themen in kurzer Zeit komprimierte Nachrichten zu beliebigen... Leads Ein Lead ist ein neuer Kontakt/Neukunde, der durch Online Marketing gewonnen wurde. Dazu gehören E-Mail-Adressen, Telefonnummern, Namen und Unternehmensnamen. Leads generiert man über direkte Kontaktanfragen, Anmeldungen im Newsletter oder durch ausgefüllte... Influencer Marketing Influencer Marketing – auch Multiplikatoren-Marketing genannt – ist ein Bereich des Online-Marketings. Diese Form des Marketings nutzt sogenannte Influencer als Multiplikatoren für unterschiedlichste Werbe- bzw. Unternehmensbotschaften. Influencer sind Akteure aus... Google Ads Google Ads sind via Google oder Google Partner-Seiten geschaltete Anzeigen. Es gibt unterschiedliche Arten von Anzeigen: Suchnetzwerk mit Displayauswahl Nur Suchnetzwerk Nur Displaynetzwerk Shopping-Kampagnen Video Apps Die Position auf der die Anzeige ausgespielt... Digitale Transformation Die digitale Transformation oder Digitalisierung bezeichnet einen fortlaufenden technologischen Veränderungsprozess von Gesellschaft und – vor allem in wirtschaftlicher Hinsicht - Unternehmen. Unternehmensinterne Abläufe werden im Zuge der digitalen Transformation... CPC Die Abkürzung CPC (alternativ PPC = Pay per Click) steht für Cost per Klick und beschreibt ein Bezahlmodell im Online-Marketing. Beim CPC zahlt der Auftraggeber nicht für das reine Ausspielen einer Werbemaßnahme im Internet, sondern erst dann, wenn ein Nutzer die... Cookie Der Begriff Cookies umfasst Daten eines Websitenutzers wie Login-Daten, Einkaufskorbdaten sowie Daten für personalisierte Daten, die lokal und zeitlich begrenzt auf dem Rechner gespeichert werden. So kann der Nutzer bzw. der Rechner immer wieder identifiziert werden.... Conversion Eine Conversion ist die Umwandlung eines interessierten Nutzers in einen handelnden Nutzer. Beispiele für Conversions auf einer Website sind unter anderem Newsletteranmeldungen, Produktkäufe, das Anklicken eines bestimmten Links, Downloads, Registrierungen oder das... Augmented-Reality Der Begriff Augmented Reality beschreibt eine technische Erweiterung der realen Welt. Im Gegensatz zur Virtual Reality taucht man hier nicht in eine vollkommen fremde, virtuelle Welt ein, sondern erhält über einen Bildschirm oder eine Brille zusätzliche Informationen... Social Media Soziale Medien (Social Media) bezeichnet die Gesamtheit digitaler Medien, Anwendungen und Technologien, mit deren Hilfe die Benutzer via Internet interagieren und selbst Inhalte gestalten können. Das Internet wird so zu einer Projektionsfläche miteinander vernetzter... Unternehmen Pitch Pitch heißt übersetzt aus dem Englischen „das Verkaufsgespräch“ und diese Übersetzung trifft den Kern des Vorgangs. Denn der Pitch ist eine Wettbewerbspräsentation, mit der eine Agentur oder eine Unternehmensberatung im Kampf um einen Etat, einen Klienten oder einen... Ordnung Ordnung ist das halbe Leben – aber wie schwierig es ist Ordnung zu schaffen und beizubehalten, erfahren wir täglich an unserem Arbeitsplatz. Die Suche nach Dokumenten und anderen Utensilien nimmt viel Zeit in Anspruch und im Laufe des Tages türmt sich auf dem... Mitarbeiterzeitschrift Die Mitarbeiterzeitschrift unterscheidet sich als Kommunikationsinstrument in Planung, Realisation und Wirkung von den digitalen Medien: In der Regel bildet ein fester Redaktionskreis die Schnittstelle zwischen Mitarbeitern und Management und gibt alle relevanten... Mitarbeitermotivation ""Dienst nach Vorschrift"" war bis vor kurzem ein Begriff, der meist Behörden und öffentlichen Ämtern angelastet wurde. Doch wie jüngst eine Studie des Gallup-Instituts zeigt, scheint sich die sinkende Arbeitsmoral auch zunehmend in Privatunternehmen breitzumachen. Laut... Leitbild Unter dem Begriff Leitbild versteht man die komprimierte Formulierung der Unternehmenspolitik und der Corporate Identity. Das Leitbild umschreibt in einfacher, leicht verständlicher Form Unternehmenszweck, -ziele und Verhaltensgrundsätze der Unternehmensführung... Intranet Ein Intranet ist ein Netz innerhalb eines Unternehmens, das nicht öffentlich zugänglich ist, sondern nur von einer festgelegten Gruppe von Personen genutzt werden kann. Über den Intranet-Server können die Mitarbeiter firmenrelevante Informationen zu jeder Zeit und von... Imagebroschüre Verständliche Unternehmensbotschaft Bevor Inhalt und Gestalt der Broschüre thematisiert werden, ist es wichtig, zunächst die Zielgruppe zu definieren. Stil der Texte, die Auswahl der Themen sowie das Layout sind abhängig davon, wer die Broschüre bekommen soll und wo... Employer Branding Der aus dem anglo-amerikanischen stammende Begriff des Employer Branding bezeichnet eine unternehmensstrategische Maßnahme, deren Wurzeln in Marketingkonzepten der Markenbildung liegen. Das Ziel der in den späten neunziger Jahren entstandenen Arbeitgebermarkenbildung... CRM Teil 1 CRM ist die Abkürzung für Customer Relationship Management und wird als eine alle Unternehmensbereiche übergreifende, IT-unterstützte Geschäftsstrategie verstanden. Mit der Annahme, dass in heutigen Unternehmensphilosophien das Kundenmanagement eine zentrale Bedeutung... Corporate Wording Hinter dem Begriff Corporate Wording verbirgt sich die definierte und bewusst eingesetzte Sprachwelt eines Unternehmens - von der Verwendung oder Vermeidung bestimmter Wörter über eine einheitliche Sprachregelung hin zur Tonalität und zum Stil von Texten, sei es bei... Corporate Identity Die Corporate Identity, wörtlich übersetzt die Unternehmensidentität, setzt sich zusammen aus dem Verhalten, der Kommunikation und dem Erscheinungsbild eines Unternehmens sowie seiner am Markt angebotenen Leistungen und Produkte. Durch die Entwicklung einer Corporate... Online Marketing Social Media Soziale Medien (Social Media) bezeichnet die Gesamtheit digitaler Medien, Anwendungen und Technologien, mit deren Hilfe die Benutzer via Internet interagieren und selbst Inhalte gestalten können. Das Internet wird so zu einer Projektionsfläche miteinander vernetzter... Online-PR Als Online-PR wird alles definiert, das an Öffentlichkeitsarbeit im Internet stattfindet. Das kann ein elektronisches Pressecenter auf der Internetseite des Unternehmens sein, Social Media Aktivitäten auf relevanten Plattformen sowie Einträge in Suchmaschinen oder... Newsletter Der Newsletter ist ein häufig angewandtes Instrument der externen Kommunikation. Unternehmensnachrichten werden redaktionell zusammengefasst und inhaltlich auf die jeweilige Zielgruppe abgestimmt – das können Journalisten, Mitarbeiter oder Kunden sein. Wurden die... Internet-Relaunch Der Begriff Internet-Relaunch bezeichnet die Überarbeitung eines bestehenden Internetauftritts, der einem veränderten Kundengeschmack, rechtlichen Ansprüchen, und unternehmens- und branchenspezifischen Besonderheiten genügen muss. Hierbei werden alle Bereiche der... Internet Seit Jahren ist das Internet aus dem Alltags- und Geschäftsleben nicht mehr wegzudenken, doch was genau ist es eigentlich? Der aus dem Englischen stammende Begriff des Interconnected Networks wird heute weitläufig mit Internet abgekürzt. Gemeint ist damit ein... Barrierefreiheit nach BITV Die Verordnung eines barrierefreien Internetauftritts ist eine Ergänzung des Behindertengleichstellungsgesetztes vom 27. April 2002. In der Barrierefreien Informationstechnik-Verordnung (BITV) heißt es demnach, dass durchgängig alle Inhalte im World Wide Web auch für... Marketing Wortgekringel Wortgekringel – über Floskeln und Füllwörter Goethe bringt es auf den Punkt: „Getretener Quark wird breit, nicht stark!“ Das ist eine der schönsten Regeln für gutes Schreiben. Breit wird ein Text, wenn der Schreiber in umständliche und formelhafte Sprache versinkt,... Marketing Der Begriff Marketing leitet sich aus dem englischen von „to market – Handel treiben“ her. Er bezeichnet eine „marktorientierte Unternehmensführung, die alle relevanten Unternehmensaktivitäten auf die Wünsche und Bedürfnisse von Anspruchsgruppen ausrichtet“ (Deutscher... Marke – Markenstrategie Ursprünglich hervorgegangen ist der Begriff ""Marke"" aus dem mittelhochdeutschen Wort marc, das für Grenze, Grenzland oder -linie steht. Die Definition lässt sich von dieser Übersetzung ableiten: Die Marke dient der Kennzeichnung eines Produktes oder einer... Guerilla-Marketing Guerilla-Marketing hört sich nach rücksichtslosen, aufdringlichen Werbeaktionen an. Tatsächlich war es in den Anfängen um 1965 eine auf Angriff ausgerichtete Strategie gegen Mitbewerber, die hauptsächlich von kleinen und mittelständischen Firmen gegen überlegene... Direktmarketing Gepflegte Adressdatenbank als Basis für den Erfolg Um den potenziellen Kunden neugierig auf das beworbene Produkt und das Unternehmen zu machen, bedarf es einer exakten Planung. Das Direktmarketing bietet viele Instrumente: Mailings, Wurfsendungen, Anzeigen mit Coupon... Crossmedia Crossmedia bezeichnet die Vernetzung verschiedener Medientypen, über die zentrale Inhalte, wie Unternehmens- oder Produktinformationen, kommuniziert werden. So werden den Kunden möglichst viele, unterschiedliche Informationskanäle angeboten, um die Botschaft zu... PR Redaktionsreise Bei einer Redaktionsreise besuchen das Management und der Pressesprecher eines Unternehmens die wichtigsten Journalisten in den jeweiligen Redaktionen. Der Redaktionsbesuch eignet sich, um den Kontakt zu den Fachmedien zu pflegen. Natürlich gilt: Niemals ohne... Pressemappe Die Pressemappe ist eine Zusammenstellung von Pressemeldungen, die Informationen zu Produkten, Personen und Services eines Unternehmens zu einem Paket bündelt. Die Mappe kann an Journalisten versendet oder bei Presseveranstaltungen überreicht werden. Die einzelnen... Pressekonferenz Pressekonferenzen - für viele Unternehmen ein Muss und zugleich eine Qual - für andere dagegen eine gute Gelegenheit zur Kontakt- und Imagepflege. Ist alles perfekt geplant und vorbereitet, stellen wir uns optimal dar, haben wir nichts vergessen? So mancher... Presseinformation Eine Presseinformation (PI) informiert die Medien schriftlich über Wissenswertes aus dem Unternehmen. Sie ist neben der Pressekonferenz das am häufigsten eingesetzte Instrument der Medienarbeit. Sie bietet schnelle Informationen und es gibt weniger Missverständnisse... PR-Konzept Ein gut durchdachtes PR-Konzept ist die wichtigste Grundlage für erfolgreiche Unternehmenskommunikation. Ziel ist die Planung und Durchführung von PR-Maßnahmen, die das Unternehmen am Markt positionieren und es unverwechselbar machen. Nach einer umfassenden Definition... PR-Anzeige Anzeigen, die meist mitten im redaktionellen Teil einer Zeitung oder Zeitschrift stehen und sich in ihren Gestaltungsmerkmalen (Schrift, Aufmachung usw.) kaum vom redaktionellen Umfeld unterscheiden, werden als redaktionelle oder PR-Anzeigen bezeichnet. Sie sind ein... PR vs. Werbung Ist PR die bessere Werbung? In Zeiten von Geiz-Ist-Geil-Kampagnen wird Kundenbindung immer schwieriger. Schnäppchenpreise und Discounts zerstören langsam gewachsene Beziehungen. Welche Maßnahmen sind geeignet, sich auf dem stark konkurrierenden Markt zu behaupten? Die... Politische PR Fakten statt Phrasen - Politische PR auf dem Prüfstand Noch nie bestand ein größeres Medieninteresse am verbissenen Ringen um die Stimmen wie im vergangenen Wahlkampf. Und nie zuvor war die Berichterstattung enger mit dem politischen Geschehen verwoben wie im... Personality PR Laut einer IBM-Studie sollen die Aufstiegschancen im Beruf vor allem von drei Faktoren abhängen: zu zehn Prozent von der Leistung bzw. Qualität der Arbeit, zu 30 Prozent vom hinterlassenen Eindruck und zu 60 Prozent vom Bekanntheitsgrad. Demzufolge bestimmt das Image... Online-PR Als Online-PR wird alles definiert, das an Öffentlichkeitsarbeit im Internet stattfindet. Das kann ein elektronisches Pressecenter auf der Internetseite des Unternehmens sein, Social Media Aktivitäten auf relevanten Plattformen sowie Einträge in Suchmaschinen oder... Medienresonanzanalyse Nachhaltige Erfolge erzielen: Die Medienresonanzanalyse - Eine gewinnbringende Investition in die Zukunft Gerade in Zeiten, in denen der Rotstift regiert, braucht es objektive Messergebnisse, um Erfolg oder Misserfolg der Medienarbeit darzustellen. An sich eine... Medien-Monitoring Die Wahrnehmung der medialen Umwelt sowie die Überprüfung des eigenen Images in der Presse sind wichtige Voraussetzungen für ein strategisches Unternehmensmanagement und eine effiziente Kommunikationsplanung. Medien-Monitoring, die professionelle Medienbeobachtung,... Krisen-PR ""Krise ist ein produktiver Zustand. Man muss ihm nur den Beigeschmack von Katastrophe nehmen."" - Max Frisch Krisen sind in der heutigen Kommunikationsgesellschaft normal und praktisch unvermeidbar. Entscheidend jedoch ist, wie man damit umgeht und dass die positiven... Interview Das Interview – personifizierte Unternehmensdarstellung Wer an der Spitze eines Unternehmens steht, wird früher oder später einmal in die Situation kommen, an einer Pressekonferenz teilzunehmen, einen Vortrag zu halten, oder ein Interview zu führen. Um hier nicht ins... Internationale PR Die fortschreitende Globalisierung sorgt nachhaltig für einen wirtschaftlichen und soziokulturellen Strukturwandel. Neue Märkte öffnen sich und werden nach und nach industriell erschlossen. Unternehmen müssen die Möglichkeit nutzen, auch ihre PR-Aktivitäten parallel... Exklusivbericht Exklusivberichte behandeln branchenspezifische Themen, die in Form von längeren Beiträgen wie Objektreportagen oder Fachartikeln veröffentlicht werden. Der Exklusivbericht erscheint dabei „exklusiv“ in einem speziellen Medium, wie etwa in einer Fachzeitschrift. Damit... Events Die Open Air Saison hat eröffnet. Endlich besteht wieder die Möglichkeit, Veranstaltungen im Freien durchzuführen. Im Folgenden haben wir für Sie die Essentials für ein gelungenes Event aufgeführt! Steigender Wohlstand verändert das Freizeitverhalten der Menschen. Die... Event-Management In zunehmendem Maße wünschen sich Unternehmen das Ungewöhnliche für eine aussagekräftige Präsentation in der Öffentlichkeit. Event-Kommunikation kann diesem Wunsch gerecht werden. In Zeiten von Dumping-Preisen und immer größerem Konkurrenzdruck hat Kundenbindung... Clipping Das Clipping (Ausschnitt) dient der Dokumentation von Medienberichterstattung und wird bei der Evaluation von Medienarbeit berücksichtigt. Eine reine Zusammenstellung mehrerer Clippings begrenzt die Evaluation auf quantitative Kriterien wie erreichte Auflagen bzw.... get in touch

Social Media PR Agentur Online Marketing Branding Agentur Cases Karriere Blog Newsletter Lexikon Impressum AGB Datenschutz +49 2131 66156-0 info[at]bluemoon.de MOONTALK: Bleibe State of the Art Mithalten mit den Trends einer Branche, die nicht stillsteht? Das ist nicht nur möglich, sondern macht richtig Spaß – und Lust auf mehr! Mit unserem Newsletter MOONTALK bleibst du auf dem aktuellen Stand. Behalte Innovationen auf dem Radar, erlebe spannende Brand Stories und werfe einen Blick hinter die Kulissen der BLUE MOON Familie – einfach anmelden! Sie sehen gerade einen Platzhalterinhalt von Standard. Um auf den eigentlichen Inhalt zuzugreifen, klicken Sie auf den Button unten. Bitte beachten Sie, dass dabei Daten an Drittanbieter weitergegeben werden. Inhalt entsperren Weitere Informationen Ja, ich möchte kostenlos den moontalk-E-Mail-Newsletter abonnieren und auf Basis meiner hier angegebenen Anmeldedaten weitere – auf mich abgestimmte – Informationen, an die angegebene E-Mail-Adresse erhalten. Ich bin damit einverstanden, dass der Absender, zwecks Dokumentation meiner interessen, ein Tracking-System verwendet. Ich kann diesen Service jederzeit wieder abbestellen. Alle Felder müssen ausgefüllt werden. Wichtig: Bestätige deine Anmeldung. Nach deiner Anmeldung senden wir eine Nachricht an die von dir angegebene E-Mail-Adresse. Bitte bestätige diese, damit du in unserem Verteiler aufgenommen wirst. Falls du die Bestätigungsmail nicht beantwortest, wird deine Anmeldung automatisch wieder gelöscht. Du möchtest dich wieder abmelden? Wenn Du Dich später entschließen solltest, den Newsletter wieder abzubestellen, verwenden bitte den Abmeldelink in deinem moontalk E-Mail-Newsletter. Jobs Kontakt Base Cookie-Einstellungen anpassen

Kontakt Content Marketing E-Mail Marketing Performance Marketing Social Media Marketing Suchmaschinenwerbung Suchmaschinenoptimierung Webdesign Webentwicklung Website Relaunch Webshop erstellen Cases Blog Newsletter Lexikon Impressum AGB Datenschutz +49 2131 66156-0 info[at]bluemoon.de Die Online Marketing Agentur Maximaler Schub für deine Marke Digitale Märkte durchdringen die analoge Welt wie Multiversen – erschaffen aus zwei Elementen: Null und Eins. Ihre Regel ist so einfach wie strikt: Wer nicht drin ist, ist raus. Die BLUE MOON Online Marketing Agentur erzeugt dein digitales Gravitationsfeld. Boost your Brand! Schalte jetzt von Null auf Eins! Shops Apps E-Commerce Responsive Design Mission Statement Online Marketing Agentur Digitale Märkte sind komplex. Sie verändern sich rasant. Gewinner ist, wer die neuste Technik sinnvoll für seine Online Kommunikation nutzt. Denn zusätzlich zum bekannten Marktgeschehen aus Innovation, Angebot und Nachfrage fordert Online Marketing technologische Kompetenz: Es reicht nicht, das bessere Produkt zu haben. Es muss auch sichtbar sein, in die digitale Bubble passen und ohne Hürden erhältlich sein. Als Online Marketing Agentur verlieren wir in den Weiten des digitalen Kosmos nicht die Orientierung, sondern navigieren dich im richtigen Kanal sicher zu deinen Online Marketing Zielen. Je nach Budget, Wettbewerbssituation und Zielgruppen entwickeln wir die beste Strategie, um dein Produkt zu verkaufen, deine Botschaft zu platzieren oder deine Rankings zu steigern. Ob Suchmaschinenmarketing (SEM), Content Marketing, Social Media Marketing oder Webdesign und Webshops: Unsere Online Marketing Experten bringen dein Business in die beste Umlaufbahn. Online Marketing Cases Mehr Leads für mehrwärme Ein Markt, auf dem sich Giganten tummeln: Brands mit enormer Reichweite und gewaltigen Budgets. Unsere Rolle: David im Kampf gegen Goliath. mehr lesen Rust-Oleum Social Media Boost Hier ist der spannende Blick hinter die Kulissen: Aus dem anfänglichen Vakuum ohne Website oder Social-Media-Kanäle zum Liebling der DIY-Szene auf allen Kanälen. Power Recruiting für Röhr + Stolberg Unsere Mission: die Entwicklung einer markanten Karriereseite für Produktionsmitarbeiter, die eine vorwiegend männliche Zielgruppe zwischen 20 und 45 Jahren anspricht. get in touch Name * Vorname * E-Mail * Unternehmen * Deine Nachricht (optional) Ich stimme den Datenschutzbestimmungen zu. Unser interdisziplinäres Online Marketing Team Der digitale Kosmos ist bunt, unermesslich groß und hat unzählige Galaxien – manche gleich in der Nachbarschaft, andere Lichtjahre entfernt. Egal, wo du hinwillst: Wir haben die allerbeste Crew an Bord, um deine Ziele souverän anzusteuern: Tollkühne Visionäre, routinierte Navigatorinnen, präzise Techniker, brillante Strateginnen, ausdauernde Heizer und auf der Brücke immer genau den Commander (m/w/d), der die größte Kompetenz hat, deine Mission zum Erfolg zu führen. Wir leben Diversität und zwar so, dass deine Projekte fliegen: Alte Haudegen arbeiten Seite an Seite mit jungen Wilden und stillen Denkern, laute Kreative mit nüchternen Analysten. Jeder Impuls wird genutzt, jede Perspektive ist wertvoll und die Ausschnitte zusammen zeigen am Ende weit mehr als das Bild vom Ganzen. Dann starten wir durch und Mission Control passt auf, dass wir zusammen auf Kurs bleiben. Du hast eine Mission. Wir haben die Crew – lass uns abheben! Online Marketing Beratung Online Marketing ist unsere Mission! Wir blicken durch und sehen die Farbe zwischen Nullen und Einsen. Komm mit auf Expedition durch das Multiversum der digitalen Kommunikationskanäle. Warp dich durch die Gravitationsfelder unserer Online Marketing Beratung. Wir verschaffen dir galaktische Reichweiten! Bereit, den digitalen Raum zu erobern? Mit unseren maßgefertigten Lösungen wird deine Marke zum funkelnden Stern im Web. Elegant, funktional und kundenorientiert – wir kreieren galaktische Interfaces für deine Mission. Setze dein Online Projekt auf Überlichtgeschwindigkeit: Von CMS-Websites bis zu individueller Programmierung – wir bieten alle Funktionen einer reibungslosen Webentwicklung. Startklar für den Relaunch? Unser kreativer und zeitgleich datengetriebener Ansatz führt dich sicher zu glücklichen Kunden und einer strahlenden Webpräsenz, die mit Sichtbarkeit und Conversions überzeugt. Suchmaschinenoptimierung (SEO) Entdeckt werden im digitalen Kosmos: Mit gezielten Keywords und cleverer Strategie navigieren unsere SEO-Expertinnen deine Website auf die Pole Position der Suchmaschinen. Suchmaschinenwerbung (SEA) Beschleunige auf Lichtgeschwindigkeit: Mit SEA beamen wir deine Markenbotschaften und Produkte noch vor die organischen Suchergebnisse. Maximiere Sichtbarkeit, minimale Klickkosten garantiert. Zünde deine Content Rakete: Faszinierende Geschichten und essentielle Informationen, die fesseln. Erlebe Content Marketing, das mit maßgeschneiderten Inhalten deine Zielgruppen begeistert und bindet. Erfolg ist keine Raketenwissenschaft: Mit Performance Marketing erreichen wir messbare Erfolge für dein Unternehmen. Entdecke, wie wir Zahlen sprechen lassen und dein Budget optimal nutzen! Mit uns erreichst du neue Umlaufbahnen im Social Media Marketing: maximale Reichweite, stärkere Interaktion und leuchtende Markenbotschaften. Lass uns zusammen die Social Media Galaxie erobern! Automatisiert, persönlich, unwiderstehlich: Unser E-Mail Marketing katapultiert maßgeschneiderte Angebote direkt ins Postfach deiner Kunden – entdecke unsere erfolgreichen Kampagnen mit Schubkraft! Webshops erstellen Schaffe dein Online Universum: Unser ganzheitlicher Ansatz zur Webshop Erstellung verbindet brillantes UX-Design, nahtlose Integration und effektives Marketing. Einfach, effektiv und mit atemberaubender UX! Online Marketing Workflow 01 Online Marketing Analyse Endlich klare Sicht im Datennebel: Unsere Analyse erfasst die Struktur deines digitalen Universums. Lass uns die Potenziale deiner Marke und Produkte erkennen und strahlkräftige Pläne entwickeln! 02 Online Marketing Strategie Steuerkurs festlegen: Unsere Strategie kombiniert Kenntnisse über deine Zielgruppen und Daten, um einen funkelnden Marketing Kurs zu setzen. Wir sorgen dafür, dass du deine Ziele effizient erreichst! 03 Online Marketing Maßnahmen Bereit für den Warp-Antrieb: Wir setzen konzeptionell fundierte und passgenaue Maßnahmen um. Vom Content über Social Media bis Performance Marketing – das, was wir für deinen Erfolg im Hyperraum benötigen! 04 Online Marketing Evaluation Effizienz-Check auf der Überholspur, statt schwarzes Loch: Präzise Analysen messen den Erfolg unserer Maßnahmen. Wir analysieren und optimieren stetig und katapultieren dein Marketing ins All! 1234 good news news about Online Marketing BRANDNEU: DER HIDDEN CHAMPIONS TREND REPORT IST ONLINE DAS EXKLUSIVE MAGAZIN FÜR ENTSCHEIDER IM MITTELSTAND Fundiert. Vorausschauend. Unabhängig. Das sind die drei Säulen, auf denen der Hidden Champions Trend Report aufbaut. Diese drei Säulen sind nicht nur ein Fundament, sondern ein klares Versprechen! In der... Die Energiewende boosten – via LinkedIn Case: Markenbotschafter für German Contract Unterwegs in Heizzentralen, auf Messen und bei Projektpartnern: Wer Roland Gilges auf LinkedIn folgt, lernt die Energiewende in all ihren Facetten kennen. Über 3.150 Follower informieren sich wöchentlich auf dem... Zum Blog Entdecke eine neue Dimension des Online Marketings mit BLUE MOON. Lass uns gemeinsam deine digitalen Träume in den unendlichen Orbit kreativer Möglichkeiten schicken! Jobs Base Cookie-Einstellungen anpassen

Kontakt Content Marketing E-Mail Marketing Performance Marketing Social Media Marketing Suchmaschinenwerbung Suchmaschinenoptimierung Webdesign Webentwicklung Website Relaunch Webshop erstellen Cases Blog Newsletter Lexikon Impressum AGB Datenschutz +49 2131 66156-0 info[at]bluemoon.de SEO für Heizungen im Team David. Endgegner: Goliath Heizung mieten statt kaufen: mehr|wärme ist eine Marke der Stadtwerke Neuss-Tochter german contract und bietet Heizungscontracting im Full Service für private Hausbesitzer. mehr|wärme liefert das Rundumsorglos-Paket im Bereich Heizungen: Ohne anfängliche Investitionskosten können Privatkunden einfach eine Heizung gegen eine monatliche Pauschale mieten. Mehr|wärme übernimmt dafür die Vollgarantie für eine Mietzeit von 15 Jahren, die Instandhaltung und Wartung der Heizungsanlage und kümmert sich um die Beschaffung eines Handwerkers, der die Heizungsanlage einbaut. Die Wahl des Energieversorgers ist dabei jederzeit frei. Mobile First Analyse Strategie Herausforderung Das Online Portal mehr|wärme startete 2017 als Vertriebstool für Kleinanlagencontracting im B2C-Segment. Das Ziel der Seite besteht bis heute in der Leadgenerierung von privaten Immobilienbesitzern: Dreh- und Angelpunkt des Auftrittes ist der Angebotskalkulator, der Eckdaten der aktuellen Wärmeversorgung sowie bauliche Gegebenheiten der Immobilie abfragt und auf dieser Grundlage sofort ein erstes Angebot für die monatliche Contracting Rate berechnet und per E-Mail verschickt. Ein Heizungsratgeber, den zu diesem Zeitpunkt eine externe SEO-Agentur aufgesetzt hatte, sollte für Traffic sorgen, indem er über einzelne klimafreundliche Methoden der Wärmeerzeugung informiert, die der Heizungscontractor anbietet. Nach dem Live Gang stellte sich aber schnell heraus, dass diese Strategie nicht aufging: Die Sichtbarkeit blieb bleiern bei null. Wir haben uns die nötige SEO-Kompetenz schließlich selbst draufgeschafft und nach eingehender Analyse fünf Gründe gefunden, warum die Seite nicht flog. See next… Zwar war das erste Layout responsive, aber noch nicht konsequent auf die mobile Nutzung optimiert. Beim notwendigen Relaunch der Seite haben wir deshalb alle Elemente so angeordnet, dass sie mobil gut zu bedienen sind, der CTA immer am unteren Bildrand zu sehen und alle Interaktionsmöglichkeiten mit dem Daumen zu erreichen sind. Die Bedienelemente wurden zudem in hinreichender Größe dimensioniert und so angeordnet, dass jeder Klick zum angepeilten Ziel führt. Stichwort „Ladezeiten“: Natürlich liegen sämtliche Core Web Vitals im grünen Bereich. Keyword Analyse Das größte Problem, nach eingehender Keyword Analyse – differenziert nach Themenfeld und Suchvolumen – war der massive Wettbewerb durch äußerst finanzstarke Marktbegleiter. Mit gigantischen Content Bergen besetzten sie erfolgreich die naheliegenden generischen Keywords wie „heizungstausch“, „heizungssanierung“, „heizung defekt“ oder „heizung modernisieren“. Unser Content entpuppte sich dagegen als recht dünn. Mit dem verfügbaren Budget war ein Angriff ausgeschlossen: Mit den bis zu 25.000 rankenden Keywords und hunderten URLs mit zwölf bis zwanzigtausend Zeichen pro Short Tail Keyword konnten wir es nicht aufnehmen. Keyword Strategie Nur ein Bruchteil der Heizungssanierer sind tatsächlich an Contracting – also der Miete einer Heizung über 15 Jahre – interessiert. Wir haben uns deshalb für eine radikale Keyword-Strategie entschieden und ausschließlich die Keywords ins Rennen um die Poleposition geschickt, die ganz konkret das Mietmodell betexten. Den ganzen anderen Content – also Ratgebertexte und News rund um Energiethemen etc. – haben wir von dieser Seite entfernt. Google & CO. sollten wissen: Hier geht es um Contracting. Und nur um Contracting. Hier kann man Heizungen mieten. Wer kaufen will, ist falsch. SEA Weil SEO auf organisches Wachstum setzt und Zeit braucht, haben wir für den Übergang zusätzlich Google Ads geschaltet, um sofort auf Seite eins zu erscheinen. Die Ausspielung wurde geografisch maximal eingegrenzt und postleitzahlengenau auf die Vertriebsgebiete kooperierender Fachhandwerksbetriebe im gesamten Bundesgebiet konzentriert. In der ersten Phase kamen dabei neben Anzeigengruppen zum Mietmodell auch unterschiedliche Heiztechniken zum Zug. Sie sollten möglichst viele Besucher auf die Seite ziehen. Es zeigte sich jedoch schnell, dass die Klickpreise von bis zu 5 Euro in keinem Verhältnis zur Conversionrate standen: Wer nach Wärmepumpen sucht, will sie nicht mieten. Das Verhältnis wurde besser, nachdem die Kampagne spitz auf die Keywords rund um die Miete, die Finanzierung und das Contracting fokussiert wurden. Viele Testreihen zur Performance der einzelnen Landingpages und Optimierung der ausschließenden Keywords kamen hier auf rund 45 Euro pro Conversion – also dem vollständigen Ausfüllen des Leadgenerators. Die verhältnismäßig hohen Kosten pro Lead sind auf die Komplexität des Produktes und den starken Wettbewerb um die „günstigen“ Keywords zurückzuführen. Aber die Geschichte nimmt ein gutes Ende. SEO schlägt SEA Nur ein Jahr nach dem Relaunch sind die Leadzahlen durch die Suchmaschinenoptimierung gleichauf mit den Leads durch Google Ads. Ein weiteres Jahr später gehen 95 Prozent aller Leads auf das Konto der organischen Treffer. Die Sichtbarkeit für relevante Keywords ist so gut, dass die kostenintensive Anzeigenwerbung ersatzlos eingestellt werden kann. Content für die rankenden Seiten wird regelmäßig optimiert und um neue Elemente ergänzt. Grundsätzlich zeigt der Case: SEO ist eine mächtige Strategie, die langfristig für Sichtbarkeit und Traffic auf der Website sorgt. SEA ist vor allem dann sinnvoll, wenn kurzfristige Sichtbarkeit für neue Inhalte erzeugt werden soll. Über mehr|wärme Seit 2001 ist mehr|wärme ein innovativer Akteur im Energiesektor. Von den Stadtwerken Neuss ins Leben gerufen, hat das Unternehmen die Heiztechnologie für Privatkunden revolutioniert. Die Idee war eigentlich ganz einfach: mehr|wärme übertrug Heizungs- und Anlagencontracting auf Privatkunden. Die Dienstleistung war zuvor hauptsächlich in der Industrie zu finden. Heute ist mehr|wärme eine feste Größe: Die Erfolgsgeschichte von mehr|wärme zeigt, dass Mut zu unkonventionellen Ansätzen den Weg für eine nachhaltige Zukunft ebnen kann. get in touch Name * Vorname * E-Mail * Unternehmen * Deine Nachricht (optional) Ich stimme den Datenschutzbestimmungen zu. Jobs Base Cookie-Einstellungen anpassen

KONTAKT Our Mission - your Success BLUE MOON: Ihre PR Agentur für messbare Erfolge Strategische Kommunikation, die messbaren Erfolg erzielt: Wir von BLUE MOON sind Ihre PR Experten – von der Konzeption über die Texterstellung bis hin zur Platzierung, Evaluation und Dokumentation. Als erfahrene PR Agentur boosten wir Ihre Reichweite genau in den Zielgruppen, Branchen und Märkten, die für Ihr Business entscheidend sind. 01 Strategie & Planung Wir bringen Ihr Unternehmen auf die Pole Position, indem wir strategische Ziele, Wordings und eine passgenaue Roadmap festlegen. Unsere erfahrenen PR Consultants beraten Sie umfassend – die so entwickelten, maßgeschneiderten Maßnahmen zünden deshalb von Beginn an. Vertrauen Sie auf unsere PR Beratung für langfristigen Erfolg! 1234 Work Unsere Kunden und Projekte TECE BLUE MOON unterstützt TECE erfolgreich bei der Kundenkommunikation: Mit der Erstellung des hochwertigen Magazins TECEnews präsentiert TECE seine Produktneuheiten ansprechend und informativ, sowohl gedruckt als auch digital. mehr lesen Hansa BLUE MOON zeigt, wie innovative PR in Krisenzeiten gelingt: Durch kreative und technische Lösungen konnte HANSA erfolgreich ihre neuen Produkte präsentieren und beeindruckende Medienresonanz erzielen. BST BLUE MOON unterstützt BST erfolgreich in der PR: Mit fundierter Pressearbeit und gezielter Kommunikation sichert BLUE MOON BST eine starke Medienpräsenz und unterstreicht die führende Rolle des Unternehmens im Markt. Die Crew Unser Team Public Relations sind seit einem Vierteljahrhundert Kerngeschäft und DNA unserer PR Agentur. Viele der BLUE MOON PR Profis sind bereits ebenso lange Teil der Crew – und verfügen über unschlagbare Erfahrung und kennen die Spielregeln erfolgreicher Pressearbeit, sowohl im B2B als auch im B2C-Segment, aus dem Effeff. Die erfahrenen Senior Consultants teilen ihr umfangreiches Wissen nicht nur gerne mit Ihnen, sondern geben es auch mit Freude an die jungen Talente in der Agentur weiter. Denn BLUE MOON bildet die Experten von Morgen aus: Mit intensivem Schulungsprogramm und viel Praxiseinsatz ist der PR Nachwuchs bestens aufgestellt, um Sie im Tandem mit den Routiniers zu neuen PR Erfolgen zu führen. Was unser gesamtes Team auszeichnet: Wir sind immer neugierig und brennen für die neuesten Methoden, Herausforderungen und Erfolge! Texte aller Art sind meine absolute Leidenschaft – die Vielfalt der Aufgaben immer wieder eine Herausforderung, die wir alle gerne meistern. Yelena Branchen PR / B2B Expertise für anspruchsvolle B2B Themen arrow_forward PR Events Vor Ort im Einsatz – von Pressekonferenz bis Messe-Kommunikation Crossmediale PR Von print bis online, von lokal bis überregional Evaluation Wir machen PR Erfolge messbar Krisen PR Sichere Kommunikation im Krisenfall Inter­nationale PR Wir bringen Sie in die Medien Ihrer Zielmärkte get in touch Kontakt Name * Vorname * E-Mail * Unternehmen * Deine Nachricht (optional) Ich stimme den Datenschutzbestimmungen zu. PR News Neue Moonies sind gelandet Verstärkung auf dem blauen Mond Der Sommer hat Bewegung in das Universum von BLUE MOON gebracht. Zwei neue und ein bekanntes Gesicht sind auf dem blauen Mond gelandet und unterstützen mit ihren unterschiedlichen Stärken unsere Teams in den Bereichen PR, IT... Kampagnen, die elektrifizieren: B2B-Marketing für MBS-HODDE Crossmediale Power für die Elektrifizierung 2.0 Ob erneuerbare Energien, E-Mobilität oder smarte Antriebstechnik – die Anzahl von Komponenten in unseren Stromnetzen steigt. Die Folge: Der elektrische Verschmutzungsgrad steigt ebenfalls und immer mehr Energie... Zum Blog Jobs Base Blog Newsletter Lexikon Impressum AGB Datenschutz Cookie-Einstellungen anpassen +49 2131 66156-0 info[at]bluemoon.de

KONTAKT ​Bau- und Sanitärprodukte waren während der Corona-Krise sehr gefragt. Um wichtige News an die Fachjournalisten zu übermitteln, mussten dennoch alternative Lösungen gefunden werden. Mit viel Kreativität und technischem Know-How zeigt BLUE MOON, wie es geht! Zur Pressekonferenz Mission: BLUE MOON berät HANSA in allen Fragen der PR, sowohl was die Betreuung der Fachpresse angeht, als auch bezüglich der Publikumspresse. Durch die Pandemie konnten in 2021 keine Präsenz-Messen stattfinden. Dennoch sollten die neuen Produkte den Journalisten eindrucksvoll präsentiert werden. BLUE MOON hat eine Live-Online-Pressekonferenz konzipiert und durchgeführt, bei der die Journalisten Experten, das Management von HANSA und der Oras Gruppe sowie die Innovationen des Unternehmens live und im Dialog erleben konnten. Umsetzung: Wer das erste Mal eine digitale Pressekonferenz auf die Beine stellen will, braucht dafür wichtige Basics: ein stilvolles Set, eine professionelle Moderation, eine digitale Plattform und ein rundum durchdachtes Konzept. Für all diese Aspekte hat BLUE MOON sich voll und ganz für Hansa engagiert: Das beinhaltete die Planung, Gestaltung und Koordinierung aller erforderlichen Steps. Für die Moderation wurde seitens der Agentur eine Zusammenarbeit mit dem beliebten Moderator Johannes Simon in die Wege geleitet. Präsentiert wurde das Ganze auf einer eigens für den Termin eingerichteten Landingpage. Die ansprechend gestaltete Website bot nicht nur eine attraktive Basis um dem Livestream zu präsentieren, sondern ermöglichte den Pressevertretern mit nur einem Klick alle relevanten Pressematerialien für ihre jeweilige Zielgruppe herunterzuladen. Ein weiterer technischer Clou: die zeitlich synchronisierte Fragebox, in der die Journalisten live während der Pressekonferenz Fragen an das Podium stellen konnten. Diese wurden via Tablet in Echtzeit dem Moderator übermittelt. Ergebnisse: HANSAS erste digitale Pressekonferenz war ein voller Erfolg: An der Live Veranstaltung nahmen insgesamt 60 Journalisten teil. Die Resonanz der Teilnehmer war durchweg positiv und durch die gewissenhafte Planung konnten die Fragen der Presse direkt während der Veranstaltung beantwortet werden. Im Nachgang der Veranstaltung waren die Aufzeichnung, sowie die Pressemappen noch Monate rund um die Uhr abrufbar, wodurch die Veranstaltung zu mehr als 90 Veröffentlichungen in Print und Online Medien führte. Über HANSA HANSA hat sich auf die Herstellung von hochwertigen und innovativen Sanitärarmaturen für den privaten und öffentlichen Gebrauch spezialisiert. Als Teil der Oras-Group verfügt HANSA über mehr als hundert Jahre Erfahrung aus Deutschland und Skandinavien bezüglich der Bereitstellung eines sicheren, bequemen und nachhaltigen Zugangs zu Wasser für alle. get in touch Kontakt Name * Vorname * E-Mail * Unternehmen * Deine Nachricht (optional) Ich stimme den Datenschutzbestimmungen zu. Jobs Base Blog Newsletter Lexikon Impressum AGB Datenschutz Cookie-Einstellungen anpassen +49 2131 66156-0 info[at]bluemoon.de",12659,12659,23,"[""https://www.bluemoon.de/cases"", ""https://www.bluemoon.de/jobs/pr-consultant"", ""https://www.bluemoon.de/karriere"", ""https://www.bluemoon.de/karriere/grafik-team"", ""https://www.bluemoon.de/karriere/it-team"", ""https://www.bluemoon.de/karriere/pr-team"", ""https://www.bluemoon.de/karriere/social-media-team"", ""https://www.bluemoon.de/social-media"", ""https://www.bluemoon.de/social-media/social-media-cases/rust-oleum"", ""https://www.bluemoon.de/agentur"", ""https://www.bluemoon.de/"", ""https://www.bluemoon.de/blog"", ""https://www.bluemoon.de/blog/aus-alt-mach-neu-weinkeller-bekommt-upgrade"", ""https://www.bluemoon.de/blog/social-media-in-der-arbeitsschutzbranche-top-oder-flop"", ""https://www.bluemoon.de/branding"", ""https://www.bluemoon.de/branding/case-protection-one"", ""https://www.bluemoon.de/impressum"", ""https://www.bluemoon.de/lexikon"", ""https://www.bluemoon.de/newsletter"", ""https://www.bluemoon.de/online-marketing-agentur"", ""https://www.bluemoon.de/online-marketing-agentur/online-marketing-cases/mehrwaerme"", ""https://www.bluemoon.de/pr-agentur"", ""https://www.bluemoon.de/pr-agentur/pr-cases/hansa""]","[""careers_employer"", ""careers_employer"", ""careers_employer"", ""careers_employer"", ""careers_employer"", ""careers_employer"", ""careers_employer"", ""contact"", ""contact"", ""family_values"", ""homepage"", ""news_press"", ""news_press"", ""news_press"", ""news_press"", ""news_press"", ""news_press"", ""news_press"", ""news_press"", ""news_press"", ""news_press"", ""news_press"", ""news_press""]",True,high
c956bd4e-2b8a-4c48-8780-c187587f46b3,2,PETER-LACKE HOLDING GMBH,pre_pre_event,"PETER-LACKE Farbe & mehr Direkt zum Hauptmenü, zum Inhalt. Servicemenü Select language Deutsch English Español Polski Русский 中文 PR Bereich | Karriere | Kontakt | Impressum Standorte weltweit Standortwahl Belgien Bulgarien China Dänemark Deutschland England Estland Finnland Indien Irland Italien Lettland Litauen Malaysia Mexiko Niederlande Norwegen Österreich Polen Rumänien Russland Schweden Skandinavien Slowakei Slowenien Tschechien Türkei Ungarn Suche Navigation Unternehmen Peter-Lacke Unternehmensgruppe PR Bereich Karriere Kontakt Lack-Kompetenz Automotive Exterieur Automotive Interieur Automotive Special Hausgeräte / Elektronik Glas Kunststoff allgemein Windkraft Holz & Möbel Händlerprogramm PEHAPOL Vertrieb & Service Zentrale Tochtergesellschaften Ländervertretungen Handelspartner international Handelspartner national Karriere - Gesucht: Menschen mit farbigen Ideen und Leidenschaft Als mittelständisches Unternehmen mit internationaler Ausrichtung stellen wir uns mit 260 Teammitgliedern jeden Tag der Herausforderung des Marktes. Wir entwickeln, produzieren und vermarkten Lacksysteme für spannende und innovative Anwendungsgebiete. Ihre Färbung fehlt uns noch! Erfahren Sie mehr über uns... weiterlesen Ihre Bewerbung Auf Ihre aussagestarke Bewerbung sind wir gespannt. Damit wir uns ein farbiges Bild Ihrer Persönlichkeit machen können, bitten wir um folgende Inhalte: tabellarischer Lebenslauf mit Lichtbild aktuelle Ausbildungs- und Arbeitszeugnisse frühestmöglicher Eintrittstermin Gehaltsvorstellung Senden Sie Ihre Unterlagen bitte an folgende Adresse: PETER-LACKE GmbH - Personalleitung - Herforder Straße 80 D-32120 Hiddenhausen Gerne erwarten wir Ihre Bewerbung per E-Mail. Dokumente bitten wir als PDF-Dateien anzuhängen. E-Mail: bewerbung@peter-lacke.com Festanstellung Bezeichnung Standort Beginn Lacklaborant/In / Chemielaborant/In Hiddenhausen 01.06.2011 weiterlesen Derzeit befindet sich der Kundenbereich noch im Aufbau. Bei Interesse sprechen Sie uns bitte an. Kunden-Service Servicebereich für registrierte Kunden und Handelspartner mit persönlichen Informationen. Anmeldung Newsletter Mit unserem Newsletter bleiben Sie immer auf dem Laufenden. Newsletter abonnieren Das Unternehmen Arbeiten in einem erfolgreichen, traditionellem und leistungsstarken Unternehmen. Erfahren Sie mehr über PETER-LACKE! weitere Informationen Seite druckenSeite weiterempfehlen © 2011 PETER-LACKE

PETER-LACKE Farbe & mehr Direkt zum Hauptmenü, zum Inhalt. Servicemenü Select language Deutsch English Español Polski Русский 中文 PR Bereich | Karriere | Kontakt | Impressum Standorte weltweit Standortwahl Belgien Bulgarien China Dänemark Deutschland England Estland Finnland Indien Irland Italien Lettland Litauen Malaysia Mexiko Niederlande Norwegen Österreich Polen Rumänien Russland Schweden Skandinavien Slowakei Slowenien Tschechien Türkei Ungarn Suche Navigation Unternehmen Peter-Lacke Unternehmensgruppe PR Bereich Karriere Kontakt Lack-Kompetenz Automotive Exterieur Automotive Interieur Automotive Special Hausgeräte / Elektronik Glas Kunststoff allgemein Windkraft Holz & Möbel Händlerprogramm PEHAPOL Vertrieb & Service Zentrale Tochtergesellschaften Ländervertretungen Handelspartner international Handelspartner national Kontakt - Menschen erreichen Persönliche Erreichbarkeit ist uns wichtig. Die Art der Kontaktaufnahme entscheiden Sie. Rufen Sie uns an, senden Sie uns Ihr Anliegen per Fax oder per E-Mail. Bis gleich! Adresse & Kontakt PETER-LACKE GmbH Herforder Straße 80 D-32120 Hiddenhausen Telefon: (0 52 21) 96 25 - 0 Telefax: (0 52 21) 96 25 - 99 E-Mail: info@peter-lacke.com Internet: www.peter-lacke.com Standorte weiterlesen Anfahrtskarte Anfahrt berechnen Ansicht vergrößern Kontaktformular Firma Abteilung Name * Straße / Nr PLZ / Ort Telefon Telefax E-Mail * Mitteilung * Sicherheitscode * Geben Sie die Zeichen aus dem angezeigten Bild ein. Absenden Mit * gekennzeichnete Felder müssen ausgefüllt werden. Derzeit befindet sich der Kundenbereich noch im Aufbau. Bei Interesse sprechen Sie uns bitte an. Kunden-Service Servicebereich für registrierte Kunden und Handelspartner mit persönlichen Informationen. Anmeldung Newsletter Mit unserem Newsletter bleiben Sie immer auf dem Laufenden. Newsletter abonnieren Seite druckenSeite weiterempfehlen © 2011 PETER-LACKE

PETER-LACKE a colorful partner Direkt zum Hauptmenü, zum Inhalt. Servicemenü Select language Deutsch English Español Polski Русский 中文 PR Division | Career | Contact | Imprint Worldwide sites Site selection China Denmark Russia Bulgaria Hungary India Turkey Mexico Austria Germany Italy Latvia Norway Czech Republic Scandinavia Slovakia Slovenia Belgium Poland Ireland Estonia Sweden Lithuania Romania Finland United Kingdom Netherlands Malaysia Suche Navigation Company Peter-Lacke Group of Companies PR Division Career Contact Competence in Paint Automotive Exterior Automotive Interior Automotive Special Household Appliances / Electronics Glass General Plastics Windpower Wood & Furniture PEHAPOL Sales Programme Sales & Service Head office Subsidiaries Representations abroad Trade partners international Trade partners national Innovative and practice-oriented solutions with competence in paint Automotive Exterior Interior Special more Consumer goods Special parts more Flat glass Hollow glass Decoration Exterior more PETER-LACKE coating systems are applicable with all manufacturing techniques of rotor blades. The customer area is currently under construction. If you are interested, please contact us. Customer Service Service area for registered customers and trade partners with personal information. Registration News JOT International Surface Technology - Robust, high-gloss interior finish Newsletter Stay up to date with our Newsletter! Subscribe newsletter Print pageRecommend page © 2011 PETER-LACKE

PETER-LACKE Color y más Direkt zum Hauptmenü, zum Inhalt. Servicemenü Select language Deutsch English Español Polski Русский 中文 División de Públicas | Profesión | Contacto | Créditos Sedes internacionales Selección de sede China Dinamarca Rusia Bulgaria Hungría La India Turquía México Austria Alemania Italia Letonia Noruega República Checa Escandinavia Eslovaquia Eslovenia Bélgica Polonia Irlanda Estonia Suecia Lituania Rumanía Finlandia Inglaterra Países Bajos Malasia Suche Navigation Empresa Peter-Lacke Grupo de compañías División de Públicas Profesión Contacto Competencia pinturas Exteriores automotrices Interior Automotriz Especiales Automotrices Aparatos Electrodomésticos / Electrónica Vidrio Plástico en general Madera y muebles Programa PEHAPOL Ventas y servicio Oficina Central Empresas filiales Representaciones en otros países Socios comerciales Soluciones innovadoras y prácticas con competencia en pinturas Automotriz Exterior Interior Especial Más Aparatos domésticos Bienes de consumo Partes especiales Aparatos domésticos Bienes de consumo Partes especiales Más Vidrio plano, vidrio hueco, decoración Interiores Exteriores Más PETER-LACKE coating systems are applicable with all manufacturing techniques of rotor blades. Por el momento, la sección de clientes está todavía en construcción. En caso de tener interés, favor de contactarnos. Servicios al cliente Área de servicio para clientes registrados y socios comerciales con información comercial Registro Imprimir páginaRecomendar página © 2011 PETER-LACKE

PETER-LACKE Farbe & mehr Direkt zum Hauptmenü, zum Inhalt. Servicemenü Select language Deutsch English Español Polski Русский 中文 PR Bereich | Karriere | Kontakt | Impressum Standorte weltweit Standortwahl China Dänemark Russland Bulgarien Ungarn Indien Türkei Mexiko Österreich Deutschland Italien Lettland Norwegen Tschechien Skandinavien Slowakei Slowenien Belgien Polen Irland Estland Schweden Litauen Rumänien Finnland England Niederlande Malaysia Suche Navigation Unternehmen Peter-Lacke Unternehmensgruppe PR Bereich Karriere Kontakt Lack-Kompetenz Automotive Exterieur Automotive Interieur Automotive Special Hausgeräte / Elektronik Glas Kunststoff allgemein Windkraft Holz & Möbel Händlerprogramm PEHAPOL Vertrieb & Service Zentrale Tochtergesellschaften Ländervertretungen Handelspartner international Handelspartner national Innovative und praxisgerechte Lösungen mit Lack - Kompetenz Automotive Exterieur Interieur Special mehr Hausgeräte/Elektronik Haushaltsgeräte Verbrauchsgüter Sonderteile mehr Flachglas Hohlglas Dekoration Innenbereich Außenbereich mehr PETER-LACKE Beschichtungssysteme sind für alle Herstellverfahren von Rotorblättern einsetzbar. Derzeit befindet sich der Kundenbereich noch im Aufbau. Bei Interesse sprechen Sie uns bitte an. Kunden-Service Servicebereich für registrierte Kunden und Handelspartner mit persönlichen Informationen. Anmeldung Aktuelles Insight asis pacific - ''Um weltweit erfolgreich zu sein, müssen wir in China sein!'' JOT International Surface Technology - Robust, high-gloss interior finish Vitrinen voller Wirtschaft - Neue Westfälische - Kreishausfoyer neu gestaltet Farbe und Lack - Peter-Lacke China offiziell eröffnet Seit 2009 ist China mit mehr als 8 Millionen verkauften Fahrzeugen der größte Automarkt der Welt. Eine Entwicklung, von der zumBeispiel auch das Unternehmen Peter-Lacke profitiert, ... Newsletter Mit unserem Newsletter bleiben Sie immer auf dem Laufenden. Newsletter abonnieren Seite druckenSeite weiterempfehlen © 2011 PETER-LACKE

PETER-LACKE Farbe & mehr Direkt zum Hauptmenü, zum Inhalt. Servicemenü Select language Deutsch English Español Polski Русский 中文 PR Bereich | Karriere | Kontakt | Impressum Standorte weltweit Standortwahl Belgien Bulgarien China Dänemark Deutschland England Estland Finnland Indien Irland Italien Lettland Litauen Malaysia Mexiko Niederlande Norwegen Österreich Polen Rumänien Russland Schweden Skandinavien Slowakei Slowenien Tschechien Türkei Ungarn Suche Navigation Unternehmen Peter-Lacke Unternehmensgruppe PR Bereich Karriere Kontakt Lack-Kompetenz Automotive Exterieur Automotive Interieur Automotive Special Hausgeräte / Elektronik Glas Kunststoff allgemein Windkraft Holz & Möbel Händlerprogramm PEHAPOL Vertrieb & Service Zentrale Tochtergesellschaften Ländervertretungen Handelspartner international Handelspartner national Innovationen Presse Messen Downloads Newsletter PR Bereich - Newsletter Sie sind interessiert und wünschen aktuelle Informationen? Kein Problem. Nutzen Sie unseren Newsletterservice! Newsletterformular Ihre Angaben Newsletter an folgende Adresse senden: E-Mail-Adresse * Weitere Angaben: Firma * Fachbereich Funktion Anrede Titel Vorname * Name * Straße / Nr PLZ / Ort Telefon Telefax Homepage Sprache * (Bitte wählen Sie) deutsch english Bitte beachten Sie auch unsere Hinweise zum Datenschutz. Speichern Mit * gekennzeichnete Felder müssen ausgefüllt werden. Derzeit befindet sich der Kundenbereich noch im Aufbau. Bei Interesse sprechen Sie uns bitte an. Kunden-Service Servicebereich für registrierte Kunden und Handelspartner mit persönlichen Informationen. Anmeldung Mit unserem Newsletter bleiben Sie immer auf dem Laufenden. Newsletter abonnieren Video - Peter Lacke Das Lieferprogramm von PETER-LACKE mal ganz anders! ""Ein Tag im Leben mit PETER-LACKE"". Video anzeigen Seite druckenSeite weiterempfehlen © 2011 PETER-LACKE

PR Bereich - Innovationen Aufgabenspezifische Lösungen zu entwickeln ist nur mit Innovationskraft möglich. Darin liegt unsere Stärke, die uns gerade im Vergleich mit Großkonzernen äußerst interessant macht. Innovationen Meldungen 07.03.2009 Neuer UV-Lack mit tief schwarzer Brillanz [JOTspecial - Coating Materials] Schnell trocknender UV-Klavier- lack für 3-D Geometrien. Das Journal für Oberflächentechnik berichtet in der aktuellen Spezialausgabe über unsere neueste Entwicklung. weiterlesen 29.01.2009 OWL-Transferpreis für Schmutz abweisenden Lack Einen Lack mit Lotuseffekt zu erforschen und zur Marktreife zu entwickeln, war unser erklärtes Ziel. Die erfolgreiche Kooperation mit der Uni-Paderborn führte zum Ziel und zum OWL-Transferpreis, den IHK Geschäftsführer Thomas Niehoff überreichte. 24.04.2008 Ein Lack für alle Flaschen - PETER-LACKE gewinnt Wettbewerb. 08.02.2006 PETER-LACKE ist ab sofort als „Sony Green Partner“ zertifiziert 08.01.2006 Peter Lacke bringt Trends auf den Punkt 02.11.2005 Zertifizierung als Partner der internationalen Automobilbranche 04.04.2005 Besser lackieren - Innovative Lacksysteme für ABS-Untergründe und Glas 11.03.2005 PETER-LACKE - Position und Perspektiven

PETER-LACKE Farbe & mehr Direkt zum Hauptmenü, zum Inhalt. Servicemenü Select language Deutsch English Español Polski Русский 中文 PR Bereich | Karriere | Kontakt | Impressum Standorte weltweit Standortwahl Belgien Bulgarien China Dänemark Deutschland England Estland Finnland Indien Irland Italien Lettland Litauen Malaysia Mexiko Niederlande Norwegen Österreich Polen Rumänien Russland Schweden Skandinavien Slowakei Slowenien Tschechien Türkei Ungarn Suche Navigation Unternehmen Peter-Lacke Unternehmensgruppe PR Bereich Karriere Kontakt Lack-Kompetenz Automotive Exterieur Automotive Interieur Automotive Special Hausgeräte / Elektronik Glas Kunststoff allgemein Windkraft Holz & Möbel Händlerprogramm PEHAPOL Vertrieb & Service Zentrale Tochtergesellschaften Ländervertretungen Handelspartner international Handelspartner national Innovationen Presse Messen Downloads Newsletter PR Bereich - Presse Unsere Serviceseite für Journalisten. Nachfolgend finden Sie Pressemitteilungen und Fachpublikationen nach Aktualität geordnet. Weitere Texte, Fotos und unser Firmenlogo erhalten Sie unter 'Downloads'. Für weitere Fragen nehmen Sie bitte Kontakt zu uns auf. Kontakt weiterlesen Robust, high-gloss interior finish 05.11.2010 Das Piano Lack Finish des Intereurs im neuen Audi A8 konnte erst durch eine neue Generation der Beschichtungstechnologie realisiert werden. Die neue Beschichtung besteht aus einem 2 Komponenten PUR Primer und eine UV-Lack. Informationen zum Herunterladen 96_IST_010_0030_6_PeterLacke.pdf PDF - 103,43 Kb Download Zurück Derzeit befindet sich der Kundenbereich noch im Aufbau. Bei Interesse sprechen Sie uns bitte an. Kunden-Service Servicebereich für registrierte Kunden und Handelspartner mit persönlichen Informationen. Anmeldung Mit unserem Newsletter bleiben Sie immer auf dem Laufenden. Newsletter abonnieren Video - Peter Lacke Das Lieferprogramm von PETER-LACKE mal ganz anders! ""Ein Tag im Leben mit PETER-LACKE"". Video anzeigen Seite druckenSeite weiterempfehlen © 2011 PETER-LACKE

PETER-LACKE Farbe & mehr Direkt zum Hauptmenü, zum Inhalt. Servicemenü Select language Deutsch English Español Polski Русский 中文 PR Bereich | Karriere | Kontakt | Impressum Standorte weltweit Standortwahl Belgien Bulgarien China Dänemark Deutschland England Estland Finnland Indien Irland Italien Lettland Litauen Malaysia Mexiko Niederlande Norwegen Österreich Polen Rumänien Russland Schweden Skandinavien Slowakei Slowenien Tschechien Türkei Ungarn Suche Navigation Unternehmen Peter-Lacke Unternehmensgruppe PR Bereich Karriere Kontakt Lack-Kompetenz Automotive Exterieur Automotive Interieur Automotive Special Hausgeräte / Elektronik Glas Kunststoff allgemein Windkraft Holz & Möbel Händlerprogramm PEHAPOL Vertrieb & Service Zentrale Tochtergesellschaften Ländervertretungen Handelspartner international Handelspartner national Innovationen Presse Messen Downloads Newsletter PR Bereich - Presse Unsere Serviceseite für Journalisten. Nachfolgend finden Sie Pressemitteilungen und Fachpublikationen nach Aktualität geordnet. Weitere Texte, Fotos und unser Firmenlogo erhalten Sie unter 'Downloads'. Für weitere Fragen nehmen Sie bitte Kontakt zu uns auf. Kontakt weiterlesen Vitrinen voller Wirtschaft 27.10.2010 Unternehmen, Vereine und Initiativen aus dem Kreis Herford aber auch aus angrenzenden Kommunen sollen sich künftig Besuchern im neu gestalteten Foyer des Herforder Kreishauses präsentieren. Informationen zum Herunterladen 98_Vitrinen_Kreishausfoyer_NW_HF_27102010.pdf PDF - 341,64 Kb Download Zurück Derzeit befindet sich der Kundenbereich noch im Aufbau. Bei Interesse sprechen Sie uns bitte an. Kunden-Service Servicebereich für registrierte Kunden und Handelspartner mit persönlichen Informationen. Anmeldung Mit unserem Newsletter bleiben Sie immer auf dem Laufenden. Newsletter abonnieren Video - Peter Lacke Das Lieferprogramm von PETER-LACKE mal ganz anders! ""Ein Tag im Leben mit PETER-LACKE"". Video anzeigen Seite druckenSeite weiterempfehlen © 2011 PETER-LACKE

PETER-LACKE Farbe & mehr Direkt zum Hauptmenü, zum Inhalt. Servicemenü Select language Deutsch English Español Polski Русский 中文 PR Bereich | Karriere | Kontakt | Impressum Standorte weltweit Standortwahl Belgien Bulgarien China Dänemark Deutschland England Estland Finnland Indien Irland Italien Lettland Litauen Malaysia Mexiko Niederlande Norwegen Österreich Polen Rumänien Russland Schweden Skandinavien Slowakei Slowenien Tschechien Türkei Ungarn Suche Navigation Unternehmen Peter-Lacke Unternehmensgruppe PR Bereich Karriere Kontakt Lack-Kompetenz Automotive Exterieur Automotive Interieur Automotive Special Hausgeräte / Elektronik Glas Kunststoff allgemein Windkraft Holz & Möbel Händlerprogramm PEHAPOL Vertrieb & Service Zentrale Tochtergesellschaften Ländervertretungen Handelspartner international Handelspartner national Innovationen Presse Messen Downloads Newsletter PR Bereich - Presse Unsere Serviceseite für Journalisten. Nachfolgend finden Sie Pressemitteilungen und Fachpublikationen nach Aktualität geordnet. Weitere Texte, Fotos und unser Firmenlogo erhalten Sie unter 'Downloads'. Für weitere Fragen nehmen Sie bitte Kontakt zu uns auf. Kontakt weiterlesen Farbe und Lack - Peter-Lacke China offiziell eröffnet 05.08.2010 Informationen zum Herunterladen 91_FuL_2010_08_Lackmarkt.pdf PDF - 82,78 Kb Download Zurück Derzeit befindet sich der Kundenbereich noch im Aufbau. Bei Interesse sprechen Sie uns bitte an. Kunden-Service Servicebereich für registrierte Kunden und Handelspartner mit persönlichen Informationen. Anmeldung Mit unserem Newsletter bleiben Sie immer auf dem Laufenden. Newsletter abonnieren Video - Peter Lacke Das Lieferprogramm von PETER-LACKE mal ganz anders! ""Ein Tag im Leben mit PETER-LACKE"". Video anzeigen Seite druckenSeite weiterempfehlen © 2011 PETER-LACKE

PETER-LACKE Farbe & mehr Direkt zum Hauptmenü, zum Inhalt. Servicemenü Select language Deutsch English Español Polski Русский 中文 PR Bereich | Karriere | Kontakt | Impressum Standorte weltweit Standortwahl Belgien Bulgarien China Dänemark Deutschland England Estland Finnland Indien Irland Italien Lettland Litauen Malaysia Mexiko Niederlande Norwegen Österreich Polen Rumänien Russland Schweden Skandinavien Slowakei Slowenien Tschechien Türkei Ungarn Suche Navigation Unternehmen Peter-Lacke Unternehmensgruppe PR Bereich Karriere Kontakt Lack-Kompetenz Automotive Exterieur Automotive Interieur Automotive Special Hausgeräte / Elektronik Glas Kunststoff allgemein Windkraft Holz & Möbel Händlerprogramm PEHAPOL Vertrieb & Service Zentrale Tochtergesellschaften Ländervertretungen Handelspartner international Handelspartner national Innovationen Presse Messen Downloads Newsletter PR Bereich - Presse Unsere Serviceseite für Journalisten. Nachfolgend finden Sie Pressemitteilungen und Fachpublikationen nach Aktualität geordnet. Weitere Texte, Fotos und unser Firmenlogo erhalten Sie unter 'Downloads'. Für weitere Fragen nehmen Sie bitte Kontakt zu uns auf. Kontakt weiterlesen Neue Westfälische - Boomende Baustelle China 02.08.2010 Seit 2009 ist China mit mehr als 8 Millionen verkauften Fahrzeugen der größte Automarkt der Welt. Eine Entwicklung, von der zumBeispiel auch das Unternehmen Peter-Lacke profitiert, ... Informationen zum Herunterladen 90_20100731_3083725.pdf PDF - 781,70 Kb Download Zurück Derzeit befindet sich der Kundenbereich noch im Aufbau. Bei Interesse sprechen Sie uns bitte an. Kunden-Service Servicebereich für registrierte Kunden und Handelspartner mit persönlichen Informationen. Anmeldung Mit unserem Newsletter bleiben Sie immer auf dem Laufenden. Newsletter abonnieren Video - Peter Lacke Das Lieferprogramm von PETER-LACKE mal ganz anders! ""Ein Tag im Leben mit PETER-LACKE"". Video anzeigen Seite druckenSeite weiterempfehlen © 2011 PETER-LACKE

PETER-LACKE Farbe & mehr Direkt zum Hauptmenü, zum Inhalt. Servicemenü Select language Deutsch English Español Polski Русский 中文 PR Bereich | Karriere | Kontakt | Impressum Standorte weltweit Standortwahl Belgien Bulgarien China Dänemark Deutschland England Estland Finnland Indien Irland Italien Lettland Litauen Malaysia Mexiko Niederlande Norwegen Österreich Polen Rumänien Russland Schweden Skandinavien Slowakei Slowenien Tschechien Türkei Ungarn Suche Navigation Unternehmen Peter-Lacke Unternehmensgruppe PR Bereich Karriere Kontakt Lack-Kompetenz Automotive Exterieur Automotive Interieur Automotive Special Hausgeräte / Elektronik Glas Kunststoff allgemein Windkraft Holz & Möbel Händlerprogramm PEHAPOL Vertrieb & Service Zentrale Tochtergesellschaften Ländervertretungen Handelspartner international Handelspartner national Innovationen Presse Messen Downloads Newsletter PR Bereich - Presse Unsere Serviceseite für Journalisten. Nachfolgend finden Sie Pressemitteilungen und Fachpublikationen nach Aktualität geordnet. Weitere Texte, Fotos und unser Firmenlogo erhalten Sie unter 'Downloads'. Für weitere Fragen nehmen Sie bitte Kontakt zu uns auf. Kontakt weiterlesen Insight asis pacific 03.01.2011 Insight asis pacific - ''Um weltweit erfolgreich zu sein, müssen wir in China sein!'' Informationen zum Herunterladen 99_Insight_Asia_Pacific.pdf PDF - 1,69 Mb Download Zurück Derzeit befindet sich der Kundenbereich noch im Aufbau. Bei Interesse sprechen Sie uns bitte an. Kunden-Service Servicebereich für registrierte Kunden und Handelspartner mit persönlichen Informationen. Anmeldung Mit unserem Newsletter bleiben Sie immer auf dem Laufenden. Newsletter abonnieren Video - Peter Lacke Das Lieferprogramm von PETER-LACKE mal ganz anders! ""Ein Tag im Leben mit PETER-LACKE"". Video anzeigen Seite druckenSeite weiterempfehlen © 2011 PETER-LACKE",2631,2631,12,"[""http://www.peter-lacke.de/deu/peter-lacke/unternehmen/karriere/karriere.html"", ""http://www.peter-lacke.de/deu/peter-lacke/unternehmen/kontakt/kontakt.html"", ""http://www.peter-lacke.de/eng"", ""http://www.peter-lacke.de/spa"", ""http://www.peter-lacke.de/"", ""http://www.peter-lacke.de/deu/peter-lacke/unternehmen/pr-bereich/newsletter/newsletter.html"", ""http://www.peter-lacke.de/deu/peter-lacke/unternehmen/pr-bereich/pr-bereich.html"", ""http://www.peter-lacke.de/deu/peter-lacke/unternehmen/pr-bereich/presse/28ed552/presse.html"", ""http://www.peter-lacke.de/deu/peter-lacke/unternehmen/pr-bereich/presse/9ab8bb2/presse.html"", ""http://www.peter-lacke.de/deu/peter-lacke/unternehmen/pr-bereich/presse/a439274/presse.html"", ""http://www.peter-lacke.de/deu/peter-lacke/unternehmen/pr-bereich/presse/b18d7ad/presse.html"", ""http://www.peter-lacke.de/deu/peter-lacke/unternehmen/pr-bereich/presse/c8de691/presse.html""]","[""careers_employer"", ""contact"", ""contact"", ""contact"", ""homepage"", ""news_press"", ""news_press"", ""news_press"", ""news_press"", ""news_press"", ""news_press"", ""news_press""]",True,high
c956bd4e-2b8a-4c48-8780-c187587f46b3,2,PETER-LACKE HOLDING GMBH,pre_event,"Karriere - Gesucht: Menschen mit farbigen Ideen und Leidenschaft Als mittelständisches Unternehmen mit internationaler Ausrichtung stellen wir uns mit 260 Teammitgliedern jeden Tag der Herausforderung des Marktes. Wir entwickeln, produzieren und vermarkten Lacksysteme für spannende und innovative Anwendungsgebiete. Ihre Färbung fehlt uns noch! Erfahren Sie mehr über uns... weiterlesen Ihre Bewerbung Auf Ihre aussagestarke Bewerbung sind wir gespannt. Damit wir uns ein farbiges Bild Ihrer Persönlichkeit machen können, bitten wir um folgende Inhalte: tabellarischer Lebenslauf mit Lichtbild aktuelle Ausbildungs- und Arbeitszeugnisse frühestmöglicher Eintrittstermin Gehaltsvorstellung Senden Sie Ihre Unterlagen bitte an folgende Adresse: PETER-LACKE GmbH - Personalleitung - Herforder Straße 80 D-32120 Hiddenhausen Gerne erwarten wir Ihre Bewerbung per E-Mail. Dokumente bitten wir als PDF-Dateien anzuhängen. E-Mail: WJE bewerbung XEZ [-a_t-] MHB peter-lacke.com Momentan liegen keine Stellenangebote vor. Zurück

Kontakt - Menschen erreichen Persönliche Erreichbarkeit ist uns wichtig. Die Art der Kontaktaufnahme entscheiden Sie. Rufen Sie uns an, senden Sie uns Ihr Anliegen per Fax oder per E-Mail. Bis gleich! Adresse & Kontakt PETER-LACKE GmbH Herforder Straße 80 D-32120 Hiddenhausen Telefon: (0 52 21) 96 25 - 0 Telefax: (0 52 21) 96 25 - 99 E-Mail: GXC info HPA [-a_t-] TXI peter-lacke.com Internet: www.peter-lacke.com Standorte weiterlesen Anfahrtskarte Anfahrt berechnen Ansicht vergrößern Kontaktformular Firma Abteilung Name * Straße / Nr PLZ / Ort Telefon Telefax E-Mail Mitteilung Sicherheitscode Geben Sie die Zeichen aus dem angezeigten Bild ein. Absenden Mit * gekennzeichnete Felder müssen ausgefüllt werden.

Innovative and practice-oriented solutions with competence in paint Automotive Exterior Interior Special more Household Appliances / Electronics Consumer goods Special parts Glass Flat glass Hollow glass Decoration General Plastics PETER-LACKE coating systems are applicable with all manufacturing techniques of rotor blades.

Soluciones innovadoras y prácticas con competencia en pinturas Automotriz Exterior Interior Especial Más Aparatos domésticos Bienes de consumo Partes especiales Aparatos domésticos Bienes de consumo Partes especiales Vidrio Vidrio plano, vidrio hueco, decoración Plástico en general Interiores Exteriores PETER-LACKE coating systems are applicable with all manufacturing techniques of rotor blades.

PETER-LACKE Farbe & mehr Direkt zum Hauptmenü, zum Inhalt. Servicemenü Select language Deutsch English Español Polski Русский 中文 PR Bereich | Karriere | Kontakt | Impressum Standorte weltweit Standortwahl China Dänemark Russland Bulgarien Ungarn Indien Türkei Mexiko Österreich Deutschland Italien Lettland Norwegen Tschechien Skandinavien Slowakei Slowenien Belgien Polen Irland Estland Schweden Litauen Rumänien Vereinigten Staaten von Amerika Finnland England Niederlande Malaysia Suche Navigation Unternehmen Peter-Lacke Unternehmensgruppe PR Bereich Karriere Kontakt Lack-Kompetenz Automotive Exterieur Automotive Interieur Automotive Special Hausgeräte / Elektronik Glas Kunststoff allgemein Windkraft Holz & Möbel Händlerprogramm PEHAPOL Vertrieb & Service Zentrale Tochtergesellschaften Ländervertretungen Handelspartner international Handelspartner national Innovative und praxisgerechte Lösungen mit Lack - Kompetenz Automotive Exterieur Interieur Special mehr Hausgeräte/Elektronik Haushaltsgeräte Verbrauchsgüter Sonderteile mehr Flachglas Hohlglas Dekoration Innenbereich Außenbereich mehr PETER-LACKE Beschichtungssysteme sind für alle Herstellverfahren von Rotorblättern einsetzbar. Derzeit befindet sich der Kundenbereich noch im Aufbau. Bei Interesse sprechen Sie uns bitte an. Kunden-Service Servicebereich für registrierte Kunden und Handelspartner mit persönlichen Informationen. Anmeldung Aktuelles 01.10.2012 Strukturell und personell gut für die Zukunft aufgestellt JOT - Kratzfeste Hochglanzoptik Insight asis pacific - ''Um weltweit erfolgreich zu sein, müssen wir in China sein!'' Newsletter Mit unserem Newsletter bleiben Sie immer auf dem Laufenden. Newsletter abonnieren Seite druckenSeite weiterempfehlen © 2013 PETER-LACKE Impressum | AGB's PETER-LACKE (Shanghai) Co. Ltd. Shanghai Chemical Industry Park General Manager: Michael Sheng 1993: Lackierung von Radzierblenden für Volkswagen bei Zulieferer > Huade 1996: Aufbau von Vertrieb und Service 1998: Gründung Rep.Office in Shanghai 2001: Wechsel in der Geschäftsleitung (Michael Sheng) 2003: Start der Produktion in Pudong 2009: Umzug in ein größeres Werk in Fengxian 2013: Marktführer für Automotive Interior-Lacke schließen

Direkt zum Hauptmenü, zum Inhalt. Sie sind interessiert und wünschen aktuelle Informationen?Kein Problem. Nutzen Sie unseren Newsletterservice! Derzeit befindet sich der Kundenbereich noch im Aufbau. Bei Interesse sprechen Sie uns bitte an. Servicebereich für registrierte Kunden und Handelspartner mit persönlichen Informationen. Mit unserem Newsletter bleiben Sie immer auf dem Laufenden. Das Lieferprogramm von PETER-LACKE mal ganz anders! ""Ein Tag im Leben mit PETER-LACKE"". Kein geeigneter Flash-Player installiert Bitte installieren Sie einen aktuellen Flash-Player um das Video abzuspielen! Sie erhalten einen aktuellen Player auf www.adobe.com © 2013 PETER-LACKE

PR Bereich - Innovationen Aufgabenspezifische Lösungen zu entwickeln ist nur mit Innovationskraft möglich. Darin liegt unsere Stärke, die uns gerade im Vergleich mit Großkonzernen äußerst interessant macht. Innovationen Meldungen 07.03.2009 Neuer UV-Lack mit tief schwarzer Brillanz [JOTspecial - Coating Materials] Schnell trocknender UV-Klavier- lack für 3-D Geometrien. Das Journal für Oberflächentechnik berichtet in der aktuellen Spezialausgabe über unsere neueste Entwicklung. weiterlesen 29.01.2009 OWL-Transferpreis für Schmutz abweisenden Lack Einen Lack mit Lotuseffekt zu erforschen und zur Marktreife zu entwickeln, war unser erklärtes Ziel. Die erfolgreiche Kooperation mit der Uni-Paderborn führte zum Ziel und zum OWL-Transferpreis, den IHK Geschäftsführer Thomas Niehoff überreichte.

PR Bereich - Presse Unsere Serviceseite für Journalisten. Nachfolgend finden Sie Pressemitteilungen und Fachpublikationen nach Aktualität geordnet. Weitere Texte, Fotos und unser Firmenlogo erhalten Sie unter 'Downloads'. Für weitere Fragen nehmen Sie bitte Kontakt zu uns auf. Kontakt weiterlesen JOT - Kratzfeste Hochglanzoptik 21.03.2012 Oberflächen in Auto-Innenraum in edler Klavieroptik sind bei Autokäufern sehr gefragt. Ein Hersteller von solchen Lacken hat nun die Widerstandsfähigkei seines Dual-Cure-Lacksystems gegen Mikrokratzer signifikant steigern können. Informationen zum Herunterladen Deutsch PDF - 881,17 Kb Download Englisch PDF - 118,26 Kb Zurück

PR Bereich - Presse Unsere Serviceseite für Journalisten. Nachfolgend finden Sie Pressemitteilungen und Fachpublikationen nach Aktualität geordnet. Weitere Texte, Fotos und unser Firmenlogo erhalten Sie unter 'Downloads'. Für weitere Fragen nehmen Sie bitte Kontakt zu uns auf. Kontakt weiterlesen Strukturell und personell gut für die Zukunft aufgestellt 01.10.2012 Informationen zum Herunterladen 126_Strukturell_und_personell_gut_fuer_die_Zukunft_aufgestellt.pdf PDF - 115,46 Kb Download 127_Structurally_and_personnelwise_well_prepared.pdf PDF - 759,79 Kb Zurück

PR Bereich - Presse Unsere Serviceseite für Journalisten. Nachfolgend finden Sie Pressemitteilungen und Fachpublikationen nach Aktualität geordnet. Weitere Texte, Fotos und unser Firmenlogo erhalten Sie unter 'Downloads'. Für weitere Fragen nehmen Sie bitte Kontakt zu uns auf. Kontakt weiterlesen Insight asis pacific 03.01.2011 Insight asis pacific - ''Um weltweit erfolgreich zu sein, müssen wir in China sein!'' Informationen zum Herunterladen 99_Insight_Asia_Pacific.pdf PDF - 1,69 Mb Download Zurück",1002,1002,10,"[""http://www.peter-lacke.de/deu/peter-lacke/unternehmen/karriere/karriere.html"", ""http://www.peter-lacke.de/deu/peter-lacke/unternehmen/kontakt/kontakt.html"", ""http://www.peter-lacke.de/eng"", ""http://www.peter-lacke.de/spa"", ""http://www.peter-lacke.de/"", ""http://www.peter-lacke.de/deu/peter-lacke/unternehmen/pr-bereich/newsletter/newsletter.html"", ""http://www.peter-lacke.de/deu/peter-lacke/unternehmen/pr-bereich/pr-bereich.html"", ""http://www.peter-lacke.de/deu/peter-lacke/unternehmen/pr-bereich/presse/382a7b1/presse.html"", ""http://www.peter-lacke.de/deu/peter-lacke/unternehmen/pr-bereich/presse/446b8b3/presse.html"", ""http://www.peter-lacke.de/deu/peter-lacke/unternehmen/pr-bereich/presse/c8de691/presse.html""]","[""careers_employer"", ""contact"", ""contact"", ""contact"", ""homepage"", ""news_press"", ""news_press"", ""news_press"", ""news_press"", ""news_press""]",True,high
c956bd4e-2b8a-4c48-8780-c187587f46b3,2,PETER-LACKE HOLDING GMBH,event,"- Unternehmen - Branchen - Vertrieb + Service - Kontakt Allgemeine Geschäftsbedingungen der Peter Lacke GmbH 1. Die Geschäftsbedingungen gelten für alle gegenwärtigen und künftigen Geschäftsbeziehungen. Abweichende, entgegenstehende oder ergänzende Allgemeine Geschäftsbedingungen werden, selbst bei Kenntnis, nicht Vertragsbestandteil, es sei denn, ihrer Geltung wird ausdrücklich zugestimmt. 2. Unsere Angebote sind freibleibend und unverbindlich. Aufträge werden erst verbindlich, wenn wir sie innerhalb einer Frist von 2 Wochen schriftlich bestätigt haben. Für Inhalt und Umfang des Vertrages ist unsere schriftliche Auftragsbestätigung maßgebend. Nebenabreden mit Reisenden, Handelsvertretern und Angestellten sowie Änderungen, Ergänzungen usw. bedürfen unserer schriftlichen Bestätigung. 3. Für Lieferungen bzw. Leistungen, die sich durch Eintritt unvorhergesehener außergewöhnlicher Ereignisse verzögern und die wir trotz der nach den Verhältnissen des Einzelfalls erforderlichen Sorg- falt nicht abwenden konnten (auch wenn sie bei Vorlieferanten eintreten), z. B. Streik, Aussperrung, Betriebsstörung, nachträglich eingetretene Materialbeschaffungsschwierigkeiten, Ausschuß bei einem wichtigen Arbeitsstück, behördliche Anordnung usw., verlängert sich die Lieferfrist um die Dauer der Behinderung zuzüglich einer angemessenen, unseren betrieblichen Erfordernissen gerecht werdenden Anlaufzeit. Wird durch die vorgenannten Ereignisse die Lieferung oder Leistung ohne unser eigenes Ver- schulden unmöglich, werden wir von der Lieferverpflichtung frei, ohne dass der Kunde Schadensersatz verlangen kann. Im Falle der Nichtabnahme bestellter Waren sind wir berechtigt, auf den Wert der Waren 15 % für bereits entstandenen Aufwand und entgangenen Gewinn zu fordern. Dem Kunden ist der Nachweis gestattet, dass ein Schaden nicht oder in einem wesentlichen niedrigeren Umfang als in Höhe der Pauschale entstanden ist. Unsere Lieferungen dürfen bei fertigungstechnischen Mehr- und Mindermengen (Nuancierungen) bis zu 10 %, maximal 25 kg, bei abfülltechnischen Mehr- und Mindermengen um bis zu 3 % von den Bestellmengen abweichen. Die Abfertigung aller von uns zum Versand kommenden Güter erfolgt auf Rechnung und Gefahr des Kunden, letzteres auch dann, wenn frachtfreie Lieferung vereinbart wurde. Eine Transportversicherung wird nur auf ausdrückliche Anweisung und auf Kosten des Kunden abgeschlossen. Mit der Übergabe der Ware an die mit der Beförderung Beauftragten, spätestens jedoch mit dem Verlassen unseres Werkes, geht die Gefahr des zufälligen Untergangs auf den Kunden über. 4. In unseren Preisen ist die jeweils gesetzliche Mehrwertsteuer nicht eingeschlossen. Sie wird jeweils gesondert in Rechnung gestellt. Bei Inlandslieferungen und Lieferungen in das EU-Ausland ist der Kunde verpflichtet, spätestens 30 Tage nach Zugang der Rechnung zu zahlen. Die Lieferung außerhalb des EU- Gebietes erfolgt gegen Vorkasse, ersatzweise durch LC, wobei jede Seite die jeweiligen Inlandskosten des LC zu tragen hat. Nach Ablauf der Frist kommt der Kunde in Verzug. Ein Skontoabzug in Höhe von 2 % ist nur zulässig bei Zahlungen innerhalb von 10 Tagen nach Zugang der Rechnung. Die Geltend- machung weiterer Schadenersatzansprüche bleibt vorbehalten. Bei Sonderanfertigungen von kleinen Mengen wird ein Preiszuschlag nach besonderer Berechnung erhoben. Bei Kleinaufträgen werden ge- sonderte Kleinrechnungszuschläge berechnet. Erfolgt die Warenlieferung bzw. Dienstleistungserbringung später als 4 Monate nach Vertragsabschluß und erhöhen sich danach die Lohn- und Materialkosten oder die Preise unserer Lieferanten, so sind wir berechtigt, den Vertragspreis entsprechend zu erhöhen. Wenn frachtfreie Lieferung vereinbart ist, gilt dies nur für Inlandslieferungen und Lieferungen in Benelux- staaten sowie Elsaß-Lothringen von mindestens 200 kg/l, bei Lieferungen in das sonstige EU-Ausland 2 t/l sowie in EU-Eintrittsgebiete 5 t/l, bei Lieferungen in GUS-Staaten 10 t/l sowie für Lieferungen außer- halb Europas 2 t/l fob deutscher Seehafen oder Flughafen. Erfolgt bei Anspruch des Käufers auf frachtfreie Lieferung der Versand unfrei, so wird in allen Fällen nur die Stückgutfracht ohne Flächenfracht und Rollgeld für Empfang vergütet. Mehrkosten für Expreßfracht oder sonstige Zuschläge gehen zu Lasten des Empfängers, Lieferungen an Adressen außerhalb der Bundesrepublik Deutschland erfolgen frei Deutsche Grenze, unver- zollt und ohne Nebenkosten. Gegen unsere Ansprüche kann der Kunde aufrechnen oder ein Zurückbehaltungs- recht geltend machen, wenn seine Gegenansprüche unbestritten oder rechtskräftig festgestellt worden sind. Dieses gilt für das Zurückbehaltungsrecht nicht, soweit die Gegenansprüche des Kunden auf einer mangelhaften Leistung beruhen. 5. Die Rechte des Kunden aus Sachmängeln werden auf die Nacherfüllung beschränkt. Die Nacherfüllung erfolgt nach unserer Wahl durch Beseitigung des Mangels oder Lieferung einer mangelfreien Sache. Schlägt die Nacher- füllung fehl, ist der Kunde berechtigt, nach Ablauf einer zu setzenden Nachfrist von 10 Werktagen vom Vertrag zurückzutreten, den Kaufpreis zu mindern, oder – im Falle unseres Verschuldens – Schadensersatz zu verlangen. Eine verschuldensunabhängige Haftung kommt nur in Betracht bei ausdrücklicher schriftlicher Übernahme einer Garantie (§ 276 BGB) oder Beschaffenheitsgarantie (§ 443 BGB). Soweit der Kunde Sachmängelansprüche gegen uns aufgrund von öffentlichen Äußerungen von uns oder unseren Gehilfen, insbesondere in der Werbung oder bei der Kennzeichnung über bestimmte Eigenschaften, geltend macht, trägt der Kunde die Beweislast dafür, dass die Äußerung kausal für die Beauftragung war. Für Äußerungen in Werbeaussagen Dritter wird nicht gehaftet. Die Muster kennzeichnen lediglich die Beschaffenheit des Vertragsgegenstandes und stellen keine Garantie (§ 276 BGB) oder Beschaffenheitsgarantie (§ 443 BGB) dar. Anwendungstechnische Empfehlungen in Wort und Schrift aufgrund vorliegender Erfahrung und des derzeitigen Kenntnisstandes stellen keine zwischen den Parteien vereinbarte oder vorausgesetzte Beschaffenheit dar und entbinden den Käufer nicht davon, die Produkte auf ihre Eignung für den vorgesehenen Verwendungszweck und Verarbeitungsverfahren eigenverantwortlich zu überprüfen. Das Einstehen für Sachmängel ist in jedem Fall ausgeschlossen, wenn Verdünnungen, Härter, Zusatzlacke oder sonstige Komponenten beigemischt werden, die nicht von der Lieferfirma oder uns bezogen und von ihr bzw. uns für diese Vermischung empfohlen wurden. Im Rahmen der Untersuchungs- und Rügepflicht gem. § 377 HGB wird der Kunde eine Probeverarbeitung vornehmen. Mängelansprüche des Kunden verjähren innerhalb eines Jahres seit der Ablieferung der Sache. Die Verjährungsfrist für Mängelansprüche gilt nicht für Schadenersatzansprüche, für die Haftung gem. § 7 der Allgemeinen Geschäftsbedingungen nicht ausgeschlossen ist. Für das Recht des Kunden auf Rücktritt gilt sie nicht, soweit der Mangel von uns zu vertreten ist. Wenn der Kunde die verkaufte, neu hergestellte Sache als Folge ihrer Mangelhaftigkeit von einem Verbraucher oder Unternehmer zurücknehmen mußte oder der Abnehmer des Kunden den Kaufpreis gemindert hat, gelten die gesetzlichen Rechte des Kunden bei Mängeln ohne die in dieser Bestimmung genannten Einschränkungen der Gewährleistungsrechte mit Ausnahme der Schadenersatz- ansprüche (§ 478 BGB). 6. Die gelieferte Ware bleibt bis zur vollständigen Zahlung des Kaufpreises samt allen Nebenforderungen und aller aus der Geschäftsverbindung bereits bestehenden Forderungen sowie aller künftigen aus der Geschäftsverbindung hervorgehenden Forderungen unser Eigentum. Der Kunde darf unsere Ware weder verpfänden noch sicherungsüber- eignen. Er darf sie jedoch im gewöhnlichen Geschäftsverkehr weiterverkaufen oder verarbeiten, es sei denn, er hätte den Anspruch gegen seinen Vertragspartner bereits im voraus einem Dritten wirksam abgetreten oder ein Abtretungs- verbot vereinbart. Eine Verarbeitung unserer Ware zu einer beweglichen Sache erfolgt in unserem Auftrag und mit Wirkung für uns. Bei Verarbeitung mit anderen, uns nicht gehörenden Waren, erwerben wir Miteigentum an der neuen Sache nach dem Verhältnis des Wertes (Lieferpreis einschließlich Mehrwertsteuer ohne Skontoabzug) der von uns ge- lieferten Ware und der anderen Ware zum Zeitpunkt der Verarbeitung. Für den Fall, dass der Käufer durch Verarbeit- ung, Verbindung, Vermengung oder Vermischung an der neuen Sache Allein- oder Miteigentum erwirbt, überträgt er uns zur Sicherung der Erfüllung aller unserer Forderungen schon jetzt das Alleineigentum bzw. das Miteigentum im Verhältnis des Wertes der von uns gelieferten Ware zu den anderen Waren zur Zeit der Verarbeitung. Der Kunde verpflichtet sich schon jetzt, die neue Sache mit kaufmännischer Sorgfalt unentgeltlich für uns zu ver- wahren. Der Käufer tritt uns zur Sicherung der Erfüllung unserer Forderung schon jetzt alle auch künftig entsteh- enden Forderungen aus dem Weiterverkauf mit allen Nebenrechten in Höhe des Wertes unseres Eigentums- bzw. Miteigentumsanteils mit Rang vor dem restlichen Teil seiner Forderungen ab. Für den Fall, dass der Kunde unsere Waren (zusammen mit anderen, uns nicht gehörenden Waren) oder aus unserer Ware hergestellten Sachen verkauft oder unsere Ware mit einer fremden beweglichen Sache verbindet, vermengt oder vermischt und er dafür eine Forderung erwirbt, die auch seine übrigen Leistungen deckt, tritt er uns schon jetzt wegen der gleichen Ansprüche diese Forderung mit allen Nebenrechten in Höhe des Wertes unseres Eigentums- bzw. Miteigentumsanteils mit Rang vor dem restlichen Teil seiner Forderung ab. Gleiches gilt im gleichen Umfange für etwaige Rechte aufgrund der Ver- arbeitung unserer Ware wegen und in Höhe unserer gesamten offenstehenden Forderungen. Wir nehmen die Abtret- ungserklärungen des Kunden hiermit an. Im Falle des Verzuges des Kunden hat er uns auf unser Verlangen diese Forderungen einzeln nachzuweisen und Nacherwerbern die erfolgte Abtretung bekannt zu geben, mit der Aufforder- ung, bis zur Höhe unserer gesamten Ansprüche an uns zu zahlen. Wir sind auch berechtigt, jederzeit die Nacher- werber von der Abtretung zu benachrichtigen und die Forderung gegen diese einzuziehen. Für den Fall, dass der Kunde an uns abgetretene Forderungsteile einzieht, tritt er uns bereits jetzt seine jeweilige Restforderung in Höhe dieser Forderungsteile ab. Der Anspruch auf Herausgabe der eingezogenen Beträge bleibt unberührt; der Kunde darf seine Forderung gegen Nacherwerber weder an Dritte abtreten, noch verpfänden, noch mit Nacherwerbern ein Ab- tretungsverbot vereinbaren. Bei Zugriffen Dritter auf die Vorbehaltsware, insbesondere Pfändungen oder sonstige Beeinträchtigungen unserer Rechte durch Dritte, wird der Kunde auf unser Eigentum hinweisen und uns unverzüglich benachrichtigen; der Kunde hat uns alle für eine Intervention notwendigen Unterlagen zu übergeben. Übersteigt der Wert der uns zur Sicherheit dienenden und/oder unter Eigentumsvorbehalt gelieferten Gegenstände unsere Gesamtforderung nicht nur vorüber- gehend um mehr als 20 %, so sind wir auf Verlangen unseres Vertragspartners in diesem Umfange zur Freigabe von Sicherheiten verpflichtet. Maßgebend für die Ermittlung in Höhe der Sicherheit sind die Lieferpreise einschließlich Mehrwertsteuer ohne Skontoabzug. Mit der vollen Bezahlung unserer gesamten Forderungen aus der Geschäftsverbindung geht das Eigentums an der Vorbehaltsware auf den Kunden über. Sogleich erwirbt der Kunde die Forderung, die er zur Sicherung unserer Ansprüche nach Maßgabe der vorstehenden Bestimmungen an uns abgetreten hat. 7. Schadenersatzansprüche gegen uns sind unabhängig vom Rechtsgrund (Unmöglichkeit, Verzug, mangelhafte Leistung, Verletzung von vertraglichen Nebenpflichten, sonstige Pflichten aus dem Schuldverhältnis und unerlaubte Handlung) ausgeschlossen. Dieses gilt nicht: 1. für Schäden aus der Verletzung des Lebens, des Körpers oder der Gesundheit, 2. für sonstige Schäden, wenn a) diese auf einer vorsätzlichen oder grob fahrlässigen Pflichtverletzung durch uns oder einen unserer leitenden Angestellten beruhen, b) eine wesentliche Vertragspflicht (Kardinalspflicht – insbesondere vertragliche Hauptleistungspflicht) verletzt wurde, c) nicht unter b) fallende Pflichten vorsätzlich oder grob fahrlässig durch einfache Erfüllungs- gehilfen verletzt wurden. In den Fällen b) und c) ist die Haftung der Höhe nach auf den Ersatz des typisch vorhersehbaren Schaden begrenzt. Soweit die Haftung in den Ziffern 1. und 2. ausgeschlossen bzw. beschränkt wurde, gilt dies auch für die persönliche Haftung der Angestellten, Arbeitnehmer, Mitarbeiter, Vertreter und Erfüllungsgehilfen. Der vorstehende Haftungsausschluß gilt nicht für Ansprüche nach dem Produkthaftungsgesetz. Soweit der Kunde anstelle von Schadenersatz statt der Leistung von uns Ersatz der Aufwendungen verlangt, die er im Vertrauen auf den Erhalt der Leistung gemacht hat (§ 284 BGB), sind diese Aufwendungen der Höhe nach auf solche Aufwendungen begrenzt, die ein vernünftiger Dritter gemacht hätte. Der Kunde ist bei einer nicht in einer mangelhaften Leistung bestehenden Pflichtverletzung durch uns nur bei einem Verschulden durch uns berechtigt, vom Vertrag zurückzutreten. 8. Die Abtretung von Ansprüchen, die dem Kunden aus der Geschäftsverbindung gegen uns zustehen, ist ausge- schlossen, mit Ausnahme von Geldansprüchen im Sinne von § 354 a HGB. Erfüllungsort für alle Lieferungen und Zahlungen ist Herford. Ausschließlicher Gerichtsstand für alle sich aus dem Vertragsverhältnis unmittelbar oder mittelbar ergebenden Streitigkeiten, auch für Wechsel- und Scheckklagen, ist Herford. Für diese Geschäftsbedingungen und die gesamten Rechtsbeziehungen zwischen den Vertragspartnern gilt ausschließlich deutsches Recht unter Ausschluß der Bestimmungen des einheitlichen UN-Kaufrechts. Sollten einzelne Bestimmungen unserer Geschäftsbedingungen oder die Bestimmungen im Rahmen sonstiger Vereinbarungen nichtig oder unwirksam sein oder werden, so wird hiervon die Wirksamkeit einer sonstigen Bestimmung oder Vereinbarung nicht berührt. PETER-LACKE GmbH FB 060-Rechnung-00 08 / 02

Referenzen: Designkultur als Motor: Für Ihre spezifische Aufgabenstellung optimale Ergebnisse zu erzielen – nur an diesem Anspruch lassen wir uns messen. Ob kratzfeste Aluminiumoberflächen, exklusiver Edelstahl-Look oder ökonomische Luxus-Optik – wir erarbeiten Lösungen für Ihre Ideen. PETER-LACKE ist der erfahrene Lack-Spezialist für den feinen Unterschied. Mit bewährten Standards und maßgeschneiderten Lacksystemen für Bau- teile aus modernen Kunststoffen bietet das PETER-LACKE Team ein breites Know-how für jedes Anforderungsprofil. Optik, Haptik, Kratzfestigkeit, Elasti- zität und Resistenz sind Anforderungen, die von der Technik innovativ und hausintern gelöst werden. Wirtschaftliche Lösungen für die prozesssichere Verarbeitung von unterschiedlichen Lacksystemen. Gemeinsam mit dem Kunden werden Ergebnisse realisiert, die im Idealfall die Erwartungen über- treffen. PETER-LACKE liefert direkt an die Basis und steht bei allen Fragen rund um die Anwendung mit Fachkompetenz partnerschaftlich zur Seite. Das PETER-LACKE Angebot: Grundierungen/Primer Kontrastfarben Effektlacke Klavierlacke brillante Galvanosysteme Dekorlacke Klarlacke Haptiklacke

Referenzen: Ob im Möbeldesign, als Parfümflakon, Tischdekoration, Wohnaccessoire oder Getränkeverpackung – Glas repräsentiert Stilbewusstsein, kreiert ein attraktives Image und spiegelt die Wertigkeit des Inhaltes wider. Das Unternehmen PETER-LACKE hat neue technologische Maßstäbe in der Be- schichtung des traditionellen Werkstoffes Glas gesetzt. Die stetig wachsende Bedeutung des Werkstoffes Glas hängt eng mit der Entwicklung geeigneter Beschichtungs- systeme zusammen. Denn eingefärbtes, sandgestrahltes, unbeschichtetes Glas kann optisch oft nicht überzeugen. Die Lack-Kompetenz von PETER-LACKE lässt sich hier aufs Eindrucksvollste erleben: Für das Programm wird im besonderen Maße auf innovative Technologie gesetzt. Die Ergebnisse begeistern mit Spezialeffekten und einer besonders hohen Resistenz gegenüber Chemikalien und mechanischen Belastungen. Die eingesetzten Lacke sind umweltfreundlich formuliert und überzeugen durch außergewöhnliche Brillanz und Ästhetik. PETER-LACKE konzipiert Lösungen für: Hohlglas für Kosmetik- und die Getränkeflaschenindustrie, Flachglas für den Möbelmarkt und Dekorglas für den dekorativen Bereich.

Referenzen: Trendstarke Eleganz und Langlebigkeit: PETER-LACKE lässt Visionen greifbar werden. Das Experten- team konzipiert für Sie Beschichtungssysteme, z. B. wirtschaftliche Einschichtlösungen, die eine nahezu unbegrenzte Designvielfalt mit einem Maximum an Widerstandsfähigkeit verbinden. Von Lifestyle-Produkten über Unterhaltungselektronik bis zur Telekommunikation – die Anforderungen an Geräte mit Kunststoffoberflächen sind im Alltag extrem hoch. Außergewöhnliche Effekte, Langlebigkeit, Abriebfestigkeit und eine angenehme Haptik sind nur einige Faktoren, die entscheidend für die Qualität eines zeitgemäßen Lack-Beschichtungs- systems sind. PETER-LACKE kooperiert seit Jahrzehnten mit renommierten Herstellern der Branche, u. a. aus den Bereichen: Weiße Ware, Personal Care und Consumer Products. Ob Perl- oder Metalliceffekte, Galvano- oder Farblacke – eine makellose Ästhetik der Oberfläche ist heute genauso wichtig wie eine ansprechende Formgebung. Setzen Sie von Anfang an auf die Erfahrung von PETER-LACKE.

Referenzen: 100 Jahre Erfahrung, eine breite Anwendungskompetenz und die Begeisterung für neue Aufgabenstellungen machen PETER-LACKE zu Ihrem starken Partner, wenn es um die Beschichtung von Kunststoffen geht. In allen Bereichen unseres täglichen Lebens spielen Kunststoffe eine bedeutende Rolle – und zwar mit stetig steigender Tendenz. Als besonders wirtschaftliche, individuell formbare Materialien erobern Kunststoffe die Welt. Um ihre optische Wertigkeit und Funktionalität langfristig zu erhalten und zu steigern, empfiehlt PETER-LACKE zeitgemäße Lacksysteme für eine Vielzahl von Kunststoffen. Gestaltungs- freiheit ist dabei garantiert – und eine detaillierte fachliche Be- ratung steht bei jedem Projekt am Anfang. Schließlich ist es genau diese Beratungsqualität, für die PETER-LACKE über die Grenzen hinaus bekannt ist. Das PETER-LACKE Angebot: Medizintechnik Sport- & Freizeitartikel Spielwaren Kosmetikverpackungen Schaufensterfiguren Haus & Garten

- Unternehmen - Branchen - Vertrieb + Service - Kontakt Angaben zum Unternehmen gemäß Telemediengesetz. PETER-LACKE GmbH Herforder Straße 80 D-32120 Hiddenhausen Fon +49 5221 96250 Fax +49 5221 962599 info(at)peter-lacke.com Geschäftsführer: Andreas Peter, David Peter, Frank Zucht USt.-Ident-Nr.: DE 125352007 Amtsgericht Bad Oeynhausen HRB 682 Trotz sorgfältiger inhaltlicher Kontrolle übernehmen wir keine Haftung für die Inhalte externer Links. Für den Inhalt der verlinkten Seiten sind ausschließlich deren Betreiber verantwortlich. Sofern innerhalb des Internetangebotes die Möglichkeit zur Eingabe persönlicher oder geschäftlicher Daten (Email- adressen, Namen, Anschriften) besteht, so erfolgt die Preisgabe dieser Daten seitens des Nutzers auf ausdrücklich freiwilliger Basis. Die Inanspruchnahme und Bezahlung aller angebotenen Dienste ist - soweit technisch möglich und zumutbar - auch ohne Angabe solcher Daten bzw. unter Angabe anonymisierter Daten oder eines Pseudonyms gestattet. Diese Website benutzt Google Analytics, einen Webanalysedienst der Google Inc. (""Google""). Google Analytics verwendet sog. ""Cookies"", Textdateien, die auf Ihrem Computer gespeichert werden und die eine Analyse der Benutzung der Website durch Sie ermöglichen. Die durch den Cookie erzeugten Informationen über Ihre Benutzung dieser Website werden in der Regel an einen Server von Google in den USA übertragen und dort gespeichert. Im Falle der Aktivierung der IP-Anonymisierung auf dieser Webseite wird Ihre IP-Adresse von Google jedoch innerhalb von Mitgliedstaaten der Europäischen Union oder in anderen Vertragsstaaten des Abkommens über den Europäischen Wirtschaftsraum zuvor gekürzt. Nur in Ausnahmefällen wird die volle IP-Adresse an einen Server von Google in den USA übertragen und dort gekürzt. Im Auftrag des Betreibers dieser Website wird Google diese Informationen benutzen, um Ihre Nutzung der Website auszuwerten, um Reports über die Websiteaktivitäten zusammenzustellen und um weitere mit der Websitenutzung und der Internetnutzung verbundene Dienstleistungen gegenüber dem Websitebetreiber zu erbringen. Die im Rahmen von Google Analytics von Ihrem Browser übermittelte IP-Adresse wird nicht mit anderen Daten von Google zusammengeführt. Sie können die Speicherung der Cookies durch eine entsprechende Einstellung Ihrer Browser-Software verhindern; wir weisen Sie jedoch darauf hin, dass Sie in diesem Fall gegebenenfalls nicht sämtliche Funktionen dieser Website vollumfänglich werden nutzen können. Sie können darüber hinaus die Erfassung der durch das Cookie erzeugten und auf Ihre Nutzung der Website bezogenen Daten (inkl. Ihrer IP-Adresse) an Google sowie die Verarbeitung dieser Daten durch Google verhindern, indem sie das unter dem folgenden Link verfügbare Browser-Plugin herunterladen und installieren: http://tools.google.com/dlpage/gaoptout?hl=de.

- Unternehmen - Branchen - Vertrieb + Service - Kontakt Persönliche Erreichbarkeit ist uns wichtig. Die Art der Kontaktaufnahme entscheiden Sie. Rufen Sie uns an, senden Sie uns Ihr Anliegen per Fax oder per E-Mail. Bis gleich! PETER-LACKE GmbH Herforder Straße 80 D-32120 Hiddenhausen Routenplanung mit Google Maps > Fon +49 5221 96250 Fax +49 5221 962599 info(at)peter-lacke.com www.peter-lacke.com Ernst Peter & Sohn GmbH & Co. KG Engerstraße 3-5 D-32051 Herford Routenplanung mit Google Maps > Fon +49 5221 929 17-0 Fax +49 5221 929 17-29 eps(at)peter-lacke.com www.peter-lacke.com

Gesucht: Menschen mit farbigen Ideen und Leidenschaft. Als mittelständisches Unternehmen mit internationaler Ausrichtung stellen wir uns mit 260 Teammitgliedern jeden Tag der Heraus- forderung des Marktes. Wir entwickeln, produzieren und vermarkten Lacksysteme für spannende und innovative Anwendungsgebiete. Ihre Färbung fehlt uns noch! Vertriebssachbearbeiter/-in (Innendienst) weiterlesen... Ihre Bewerbung Auf Ihre aussagestarke Bewerbung sind wir gespannt. Damit wir uns ein farbiges Bild Ihrer Persönlichkeit machen können, bitten wir um folgende Inhalte: tabellarischer Lebenslauf mit Lichtbild aktuelle Ausbildungs- und Arbeitszeugnisse frühestmöglicher Eintrittstermin Gehaltsvorstellung Senden Sie Ihre Unterlagen bitte an folgende Adresse: PETER-LACKE GmbH - Personalleitung - Herforder Straße 80 D-32120 Hiddenhausen Gerne erwarten wir Ihre Bewerbung per E-Mail. Dokumente bitten wir als PDF-Dateien anzuhängen. bewerbung(at)peter-lacke.com

Impressum AGB Kontakt DE GB Unternehmen Videos News Umwelt + Qualität Standorte Headquarters Tochtergesellschaften Servicestandorte Philosophie Historie Branchen Faszination Glas Kunststoff Vielfalt Hausgeräte / Elektronik Automotive Vertrieb + Service Imagefilm Downloads Handelspartner national Innovation + Service Produktportfolio Standorte Headquarters Tochtergesellschaften Servicestandorte Kontakt Karriere Newsletter Adresse / Anfahrt Adresse / Anfahrt Newsletter Karriere Newsletter Wir halten Sie auf dem Laufenden. Melden Sie sich hier zu unserem Newsletter an. E-Mail* Sprache* Deutsch English Name* Firma* Ihre Eingabe stimmte nicht mit dem Captcha überein Geben Sie die abgebildeten Zeichen ein Geben Sie die abgebildeten Zeichen ein Ein anderes CAPTCHA anzeigen Anmelden

- Unternehmen - Branchen - Vertrieb + Service - Kontakt Die PETER-LACKE Gruppe wird in der vierten Generation von Geschäftsführer Andreas Peter geführt. Der Sohn David wird seine Nachfolge übernehmen. PETER-LACKE ist eine operativ ausgerichtete, mittelständische Unternehmensgruppe mit mehr als 100 Jahren Erfahrung in der Entwicklung und Produktion hochwertiger Lacksysteme. Ihr Erfolg basiert auf der direkten und fachlichen Kommunikation mit dem Anwender und der globalen Vernetzung mit eigenen Niederlassungen und Partnern in vielen Ländern. PETER-LACKE garantiert geprüfte, gleichbleibende Qualitätsstandards und Versorgungssicherheit – weltweit!

- Unternehmen - Branchen - Vertrieb + Service - Kontakt Nahezu die Hälfte unserer Belegschaft ist in der Forschung und Entwicklung engagiert. Dieser Unternehmensbereich teilt sich auf in die Grundlagenforschung und die kundenspezifische Ent- wicklung. Eine schlagkräftige Kombination, die bei Kunden in der ganzen Welt punktet! Qualität: Wir garantieren geprüfte und gleichbleibende Qualitätsstandards weltweit, z.B. TS 16949. Kundennähe: Kundennähe durch globale Aufstellung und Anwendungspartnerschaften. Innovation: In der Abteilung „Forschung und Entwicklung“ arbeiten 50% des Personals sowohl an firmeneigenen als auch an kundenspezifischen Aufgabenstellungen. Zuverlässigkeit: Über 100 Jahre Familienunternehmen.

Mit über 400 Mitarbeitern weltweit, sorgen wir für Ihren Erfolg. Bitte wählen Sie ein Land aus: Brasilien Deutschland China England Frankreich Indien Italien Malaysia Mexiko Polen Portugal Russland Schweden Schweiz Tschechien Türkei Ungarn Vereinigte Staaten von Amerika PETER-LACKE GmbH Herforder Straße 80 D-32120 Hiddenhausen Fon +49 5221 96250 Fax +49 5221 962599 info(at)peter-lacke.com www.peter-lacke.com Ernst Peter & Sohn GmbH & Co. KG Engerstraße 3-5 D-32051 Herford Fon +49 5221 929 17-0 Fax +49 5221 929 17-29 eps(at)peter-lacke.com Tochtergesellschaften – PETER-LACKE (Shanghai) Co. Ltd. No. 369 Chuhua Branch Road Fengxian Sub-Zone Shanghai Chemical Industry Park Shanghai 201417 Gründung: 29. August 2003 Kontakt Fon: +86 21 681 834 68 Fax: +86 21 681 831 china(at)peter-lacke.com Firmensitz ist im Industriegebiet Fengxian im Süden von Pudong. In Shenzhen wird ein Rep. Office mit Labor und Lager betrieben. Weitere Informationen PETER-LACKE India Pvt. Ltd. D-369, TTC Industrial Area Navi Mumbai - 400 706 India Gründung: 05. Dezember 2007 Fon: +91 22 2762 2302/3 Fax: +91 22 2762 2304 india(at)peter-lacke.com Der Firmenstandort liegt 40 Kilometer östlich der Industriemetropole Mumbai, des früheren Bombay, und nur 100 Kilometer von Pune, dem Sitz der indischen Autoindustrie, entfernt. PETER-LACKE México S.A. de C.V. Peter-Lacke México S.A. de C.V. Santa Rosa Jauregul Parque Industrial Querétaro, Av. Benito Juárez No. 113 CP.76220 Querétaro, Qro. México Gründung: 19. Juni 2007 Fon: +52 442 218 99 70 Fax: +52 422 218 99 80 mexico(at)peter-lacke.com Der Unternehmensstandort liegt verkehrstechnisch zentral in Querétaro. PETER-LACKE Polska SP. z o.o. PETER-LACKE Polska SP. z.o.o. Ul. Zernicka 9 PL-55 010 Sw. Katarzyna Gründung: 12. Mai 1998 Fon: +48 71 30 39 111 Fax: +48 71 31 14 392 polska(at)peter-lacke.com Firmensitz ist Swieta Katarzyna, etwa 10 km von Wroclaw (Breslau) entfernt. PETER-LACKE Russia ul. Borovaya, 7, bld. 7 111020 Moskau Russia Gründung: 27. Januar 2005 Fon: +7 (495) 988 1187 Fax: +7 (495) 380 0685 rossia(at)peter-lacke.com Firmensitz von PETER-LACKE Russia ist seit 2005 Moskau. 2008 wurden dort ein Servicecenter und in Togliatti/Samara eine Filiale gegründet. PETER-LACKE Türkiye Kurtköy Sanayi Mahallesi Ensar Caddesi No. 3 34912 Pendik/Istanbul Gründung: 1. Mai 2009 Fon: +90 (0) 216 378 8084 Fax: +90 (0) 216 378 77 63 turkey@peter-lacke.com PETER-LACKE Türkiye ist im asiatischen Teil Istanbuls ansässig und kann die ganze Türkei schnell und zuverlässig beliefern. PETER-LACKE Hungaria Kft. Velegi ut 2 8060 Mór Gründung: 28. Mai 2003 Fon: +36 22 562 463 Fax: +36 22 562 059 hungaria(at)peter-lacke.com PETER-LACKE Hungaria ist südwestlich von Budapest im Zentrum Ungarns ansässig, verkehrstechnisch ideal als logistisches Zentrum für Südosteuropa. PETER-LACKE USA Detroit Gegründet 2014 Alex Khaw Kim Lek No.4, Jalan Setia Impian U13/4P, Setia Alam, Seksyen U13 41700 Shah Alam, Selangor Fon +60 16 8300398 malaysia(at)peter-lacke.com LagoTech AB Angeredsvinkeln 5 424 67 Angered, Schweden Fon +46 31 3326360 Fax +46 31 3303150 lagotech(at)lagotech.se Peter-Lacke Czech. Republic Merhautova 170 61400 Brno Fon +420 5 45576315 Fax +420 5 576315 DOLD AG Hertistrasse 4 8304 Wallisellen, Schweiz Fon +41 (0)44 877 48 48 Fax +41 (0)44 877 48 49 info(at)dold.ch ICRO Coatings SPA Sede di Chignolo d'Isola (BG) Via Bedeschi, 25 Fon +39 035 999 711 Fax +39 035 999 712 mauro.acquaroli(at)peter-lacke.com Equilibrium Chemical Services Limited Unit 5 Merebrook Business Park Hanley Road Welland Worcestershire WR13 6NP United Kingdom abellamy(at)equilibriumchemical.net Hemmelrath do Brasil Tintas e Vernizes Ltda Rua da Prata, 511 - Distrito Industrial – Indaiatuba CEP 13347-010 – SP Brasil Tel.:+ 55 19 31151256 brasil(at)peter-lacke.com Stéphane Poincheval demeurant Polignac-Le Dresny 44630 PLESSE France Tel.: +33 (6) 71 51 08 97 france@peter-lacke.com Palmetal Mr Bruno Ferreira Parque Industrial Autoeuropa 2950-659 Palmela - Portugal Att: Peter Lacke / Kluthe – Office. Tel: +351 914502711 iberica(at)peter-lacke.com Headquarters: Deutschland Tochtergesellschaften: China, Türkei, Mexiko, USA, Indien, Polen, Ungarn, Russland Servicestandorte: Brasilien, Malaysia, Russland, Schweiz, Portugal, England, Schweden, Frankreich, Tschechien Wir bauen kontinuierlich unser Einsatzgebiet aus, und dies auch im geographischen Sinne. Alle Standorte profitieren davon, Teil eines starken Verbundes zu sein.

- Unternehmen - Branchen - Vertrieb + Service - Kontakt Wir bauen kontinuierlich unser Einsatzgebiet aus, und dies auch im geographischen Sinne. Alle Standorte profitieren davon, Teil eines starken Verbundes zu sein. PETER-LACKE GmbH Herforder Straße 80 D-32120 Hiddenhausen Routenplanung mit Google Maps > Fon +49 5221 96250 Fax +49 5221 962599 info(at)peter-lacke.com www.peter-lacke.com Ernst Peter & Sohn GmbH & Co. KG Engerstraße 3-5 D-32051 Herford Routenplanung mit Google Maps > Fon +49 5221 929 17-0 Fax +49 5221 929 17-29 eps(at)peter-lacke.com www.peter-lacke.com

Wir bauen kontinuierlich unser Einsatzgebiet aus, und dies auch im geographischen Sinne. Alle Standorte profitieren davon, Teil eines starken Verbundes zu sein. Servicestandorte Malaysia Schweden Tschechien Schweiz Italien England Brasilien Frankreich Portugal Russland

Wir bauen kontinuierlich unser Einsatzgebiet aus, und dies auch im geographischen Sinne. Alle Standorte profitieren davon, Teil eines starken Verbundes zu sein. Tochtergesellschaften PETER-LACKE China, Shanghai PETER-LACKE Polen, Wroclaw PETER-LACKE Ungarn, Mór PETER-LACKE Indien, Navi Mumbai PETER-LACKE Russland, Moskau PETER-LACKE USA, Detroit PETER-LACKE Mexiko, Querétaro PETER-LACKE Türkei, Istanbul

- Unternehmen - Branchen - Vertrieb + Service - Kontakt UMWELT ... – bei der Planung von Lackieranlagen stehen unsere Experten beratend zur Seite. Ebenso unterstützen wir Sie in dem Bereich Wirtschaftlichkeit und bei den immer komplexer werdenden Rahmenbedingungen zum Thema Umweltschutz. Auch sind wir Ihre Ansprech- partner für die gemäß VOC-Bestimmungen zu erstellende Lösemittelbilanz. … & QUALITÄT – neben den unten aufgeführten Zertifikaten zu unserer Produktqualität, zählt für uns die Qualität insgesamt. Als wesentlichen Bestandteil unseres Qualitätsanspruches pflegen wir die offene und sachbezogene Kommunikation intern wie extern. ISO/TS 16949 Mit der Zertifizierung nach ISO/TS 16949 erfüllen wir die Qualitäts- anforderungen an einen international tätigen Automobilzulieferer. Darüber hinaus ist diese Bestätigung auch gültig für die Zusammen- arbeit mit allen weiteren Branchen.

Impressum AGB Kontakt DE GB Unternehmen Videos News Umwelt + Qualität Standorte Headquarters Tochtergesellschaften Servicestandorte Philosophie Historie Branchen Faszination Glas Kunststoff Vielfalt Hausgeräte / Elektronik Automotive Vertrieb + Service Imagefilm Downloads Handelspartner national Innovation + Service Produktportfolio Standorte Headquarters Tochtergesellschaften Servicestandorte Kontakt Karriere Newsletter Adresse / Anfahrt Historie Philosophie Standorte Umwelt + Qualität News Videos Imagefilm Nehmen sie sich 2 Minuten Zeit uns kennen zu lernen. Dem Chrom so nah Die neuen Galvanoeffekte.

In unserem Download-Bereich stehen Ihnen sämtliche Informationen, sowie Bildmaterial über unser Unternehmen zur Verfügung. Einige Dateien liegen im pdf-Format vor. Um diese anzeigen zu lassen, benötigen Sie den aktuellen Acrobat Reader , den Sie hier kostenlos herunterladen können. Download Imagebroschüre D eBook Imagebroschüre blättern Download Imagebroschüre GB Neben den unten aufgeführten Zertifikaten zu unserer Produktqualität, zählt für uns die Qualität insgesamt. ISO9001 (Deutschland) 693 KB TS16949 (Deutschland) 699 KB ISO9001 (China) 1.3 MB TS16949 (China) 2.8 MB ISO14001 (China) 93 KB ISO9001 (Ungarn) 266 KB ISO9001 (Mexiko) 606 KB ISO9001 (Polen) 684 KB ISO9001 (Russland) 210 KB TeamViewerQS de PL.exe

Impressum AGB Kontakt DE GB Unternehmen Videos News Umwelt + Qualität Standorte Headquarters Tochtergesellschaften Servicestandorte Philosophie Historie Branchen Faszination Glas Kunststoff Vielfalt Hausgeräte / Elektronik Automotive Vertrieb + Service Imagefilm Downloads Handelspartner national Innovation + Service Produktportfolio Standorte Headquarters Tochtergesellschaften Servicestandorte Kontakt Karriere Newsletter Adresse / Anfahrt Standorte Produktportfolio Innovation + Service Handelspartner national Downloads Imagefilm Imagefilm Nehmen sie sich 2 Minuten Zeit uns kennen zu lernen.

Impressum AGB Kontakt DE GB Unternehmen Videos News Umwelt + Qualität Standorte Headquarters Tochtergesellschaften Servicestandorte Philosophie Historie Branchen Faszination Glas Kunststoff Vielfalt Hausgeräte / Elektronik Automotive Vertrieb + Service Imagefilm Downloads Handelspartner national Innovation + Service Produktportfolio Standorte Headquarters Tochtergesellschaften Servicestandorte Kontakt Karriere Newsletter Adresse / Anfahrt Standorte Produktportfolio Innovation + Service Handelspartner national Downloads Imagefilm Innovationen: Strahlungsgehärtete Beschichtungen (UV) Chrom-Alternativen Wasserlacke Schutzlacke für Dekorfolien Direct Coating Services: Anlagenberatung Prozessoptimierung Anwendungstechnik Klavierlacke Inhouse Prüfungen Designpräsentationen

PETER-LACKE entwickelt und produziert hochmoderne Lacksysteme für die Trägermaterialien Kunststoff, Glas, Holz und Metall. Dabei greifen die Spezialisten des Hauses auf bewährte Standards zurück oder entwickeln kundenspezifische Lacksysteme nach Maß. Mehr als 100 Jahre branchenübergreifende Erfahrungen sind die Grundlage des Erfolges der inhabergeführten Unternehmensgruppe. Das Qualitäts- niveau des Lieferprogramms, die Breite des zeitgemäßen Produktsortiments, die partnerschaftliche Beratung und die hohe Servicebereitschaft sind die gelebten Werte der Firmenphilosophie. Basierend auf der globalen Unternehmensentwicklung werden diese Leis- tungen über eigene Tochtergesellschaften und Handelsvertretungen weltweit angeboten. Die partnerschaftliche Begleitung der Prozesse ist der erklärte Weg von PETER-LACKE für den gemeinsamen Erfolg, ausgelegt auf eine langfristige und vertrauensvolle Zusammenarbeit! Das PETER-LACKE Angebot – Ihr vielseitiger Partner: 1K-, 2K- und UV-Lacke, wasser- und lösemittelbasierend Grundierungen/Primer/Füller Farb- und Effektlacke (Metallics/Galvano/Perlglanz/ Struktur) Dekor- und Haptiklacke Lacksysteme für flexible Untergründe Schutzlacke Einbrenn-Basecoats Lacksysteme für PVD und CSV Lösungen für Folienbeschichtung und Direct Coating

Mit über 400 Mitarbeitern weltweit, sorgen wir für Ihren Erfolg. Bitte wählen Sie ein Land aus: Deutschland Brasilien China England Frankreich Indien Italien Malaysia Mexiko Polen Portugal Russland Schweden Schweiz Tschechien Türkei Ungarn Vereinigte Staaten von Amerika PETER-LACKE GmbH Herforder Straße 80 D-32120 Hiddenhausen Fon +49 5221 96250 Fax +49 5221 962599 info(at)peter-lacke.com www.peter-lacke.com Ernst Peter & Sohn GmbH & Co. KG Engerstraße 3-5 D-32051 Herford Fon +49 5221 929 17-0 Fax +49 5221 929 17-29 eps(at)peter-lacke.com Tochtergesellschaften – PETER-LACKE (Shanghai) Co. Ltd. No. 369 Chuhua Branch Road Fengxian Sub-Zone Shanghai Chemical Industry Park Shanghai 201417 Gründung: 29. August 2003 Kontakt Fon: +86 21 681 834 68 Fax: +86 21 681 831 china(at)peter-lacke.com Firmensitz ist im Industriegebiet Fengxian im Süden von Pudong. In Shenzhen wird ein Rep. Office mit Labor und Lager betrieben. Weitere Informationen PETER-LACKE India Pvt. Ltd. D-369, TTC Industrial Area Navi Mumbai - 400 706 India Gründung: 05. Dezember 2007 Fon: +91 22 2762 2302/3 Fax: +91 22 2762 2304 india(at)peter-lacke.com Der Firmenstandort liegt 40 Kilometer östlich der Industriemetropole Mumbai, des früheren Bombay, und nur 100 Kilometer von Pune, dem Sitz der indischen Autoindustrie, entfernt. PETER-LACKE México S.A. de C.V. Peter-Lacke México S.A. de C.V. Santa Rosa Jauregul Parque Industrial Querétaro, Av. Benito Juárez No. 113 CP.76220 Querétaro, Qro. México Gründung: 19. Juni 2007 Fon: +52 442 218 99 70 Fax: +52 422 218 99 80 mexico(at)peter-lacke.com Der Unternehmensstandort liegt verkehrstechnisch zentral in Querétaro. PETER-LACKE Polska SP. z o.o. PETER-LACKE Polska SP. z.o.o. Ul. Zernicka 9 PL-55 010 Sw. Katarzyna Gründung: 12. Mai 1998 Fon: +48 71 30 39 111 Fax: +48 71 31 14 392 polska(at)peter-lacke.com Firmensitz ist Swieta Katarzyna, etwa 10 km von Wroclaw (Breslau) entfernt. PETER-LACKE Russia ul. Borovaya, 7, bld. 7 111020 Moskau Russia Gründung: 27. Januar 2005 Fon: +7 (495) 988 1187 Fax: +7 (495) 380 0685 rossia(at)peter-lacke.com Firmensitz von PETER-LACKE Russia ist seit 2005 Moskau. 2008 wurden dort ein Servicecenter und in Togliatti/Samara eine Filiale gegründet. PETER-LACKE Türkiye Kurtköy Sanayi Mahallesi Ensar Caddesi No. 3 34912 Pendik/Istanbul Gründung: 1. Mai 2009 Fon: +90 (0) 216 378 8084 Fax: +90 (0) 216 378 77 63 turkey@peter-lacke.com PETER-LACKE Türkiye ist im asiatischen Teil Istanbuls ansässig und kann die ganze Türkei schnell und zuverlässig beliefern. PETER-LACKE Hungaria Kft. Velegi ut 2 8060 Mór Gründung: 28. Mai 2003 Fon: +36 22 562 463 Fax: +36 22 562 059 hungaria(at)peter-lacke.com PETER-LACKE Hungaria ist südwestlich von Budapest im Zentrum Ungarns ansässig, verkehrstechnisch ideal als logistisches Zentrum für Südosteuropa. PETER-LACKE USA Detroit Gegründet 2014 Alex Khaw Kim Lek No.4, Jalan Setia Impian U13/4P, Setia Alam, Seksyen U13 41700 Shah Alam, Selangor Fon +60 16 8300398 malaysia(at)peter-lacke.com LagoTech AB Angeredsvinkeln 5 424 67 Angered, Schweden Fon +46 31 3326360 Fax +46 31 3303150 lagotech(at)lagotech.se Peter-Lacke Czech. Republic Merhautova 170 61400 Brno Fon +420 5 45576315 Fax +420 5 576315 DOLD AG Hertistrasse 4 8304 Wallisellen, Schweiz Fon +41 (0)44 877 48 48 Fax +41 (0)44 877 48 49 info(at)dold.ch ICRO Coatings SPA Sede di Chignolo d'Isola (BG) Via Bedeschi, 25 Fon +39 035 999 711 Fax +39 035 999 712 mauro.acquaroli(at)peter-lacke.com Equilibrium Chemical Services Limited Unit 5 Merebrook Business Park Hanley Road Welland Worcestershire WR13 6NP United Kingdom abellamy(at)equilibriumchemical.net Hemmelrath do Brasil Tintas e Vernizes Ltda Rua da Prata, 511 - Distrito Industrial – Indaiatuba CEP 13347-010 – SP Brasil Tel.:+ 55 19 31151256 brasil(at)peter-lacke.com Stéphane Poincheval demeurant Polignac-Le Dresny 44630 PLESSE France Tel.: +33 (6) 71 51 08 97 france@peter-lacke.com Palmetal Mr Bruno Ferreira Parque Industrial Autoeuropa 2950-659 Palmela - Portugal Att: Peter Lacke / Kluthe – Office. Tel: +351 914502711 iberica(at)peter-lacke.com Headquarters: Deutschland Tochtergesellschaften: China, Türkei, Mexiko, USA, Indien, Polen, Ungarn, Russland Servicestandorte: Brasilien, Malaysia, Russland, Schweiz, Portugal, England, Schweden, Frankreich, Tschechien Wir bauen kontinuierlich unser Einsatzgebiet aus, und dies auch im geographischen Sinne. Alle Standorte profitieren davon, Teil eines starken Verbundes zu sein.

- Unternehmen - Branchen - Vertrieb + Service - Kontakt Wir bauen kontinuierlich unser Einsatzgebiet aus, und dies auch im geographischen Sinne. Alle Standorte profitieren davon, Teil eines starken Verbundes zu sein. PETER-LACKE GmbH Herforder Straße 80 D-32120 Hiddenhausen Routenplanung mit Google Maps > Fon +49 5221 96250 Fax +49 5221 962599 info(at)peter-lacke.com www.peter-lacke.com Ernst Peter & Sohn GmbH & Co. KG Engerstraße 3-5 D-32051 Herford Routenplanung mit Google Maps > Fon +49 5221 929 17-0 Fax +49 5221 929 17-29 eps(at)peter-lacke.com www.peter-lacke.com

Impressum AGB Kontakt DE GB Unternehmen Videos News Umwelt + Qualität Standorte Headquarters Tochtergesellschaften Servicestandorte Philosophie Historie Branchen Faszination Glas Kunststoff Vielfalt Hausgeräte / Elektronik Automotive Vertrieb + Service Imagefilm Downloads Handelspartner national Innovation + Service Produktportfolio Karriere Newsletter Adresse / Anfahrt PETER-LACKE ist eine operativ ausgerichtete, mittelständische Unternehmensgruppe mit mehr als 100 Jahren Erfahrung in der Entwicklung und Produktion hochwertiger Lacksysteme. PETER-LACKE garantiert geprüfte, gleichbleibende Qualitätsstandards und Versorgungssicherheit – weltweit! mehr erfahren Unternehmensfilm PETER-LACKE GmbH Herforder Straße 80 D-32120 Hiddenhausen Fon +49 5221 96250 Fax +49 5221 962599 info(at)peter-lacke.com",5504,5504,24,"[""http://www.peter-lacke.de/agb.html"", ""http://www.peter-lacke.de/branchen/automotive.html"", ""http://www.peter-lacke.de/branchen/faszination-glas.html"", ""http://www.peter-lacke.de/branchen/hausgeraete-elektronik.html"", ""http://www.peter-lacke.de/branchen/kunststoff-vielfalt.html"", ""http://www.peter-lacke.de/impressum.html"", ""http://www.peter-lacke.de/kontakt/adresse-anfahrt.html"", ""http://www.peter-lacke.de/kontakt/karriere.html"", ""http://www.peter-lacke.de/kontakt/newsletter.html"", ""http://www.peter-lacke.de/unternehmen/historie.html"", ""http://www.peter-lacke.de/unternehmen/philosophie.html"", ""http://www.peter-lacke.de/unternehmen/standorte.html"", ""http://www.peter-lacke.de/unternehmen/standorte/headquarters.html"", ""http://www.peter-lacke.de/unternehmen/standorte/servicestandorte.html"", ""http://www.peter-lacke.de/unternehmen/standorte/tochtergesellschaften.html"", ""http://www.peter-lacke.de/unternehmen/umwelt-qualitaet.html"", ""http://www.peter-lacke.de/unternehmen/videos.html"", ""http://www.peter-lacke.de/vertrieb-service/downloads.html"", ""http://www.peter-lacke.de/vertrieb-service/imagefilm.html"", ""http://www.peter-lacke.de/vertrieb-service/innovation-service.html"", ""http://www.peter-lacke.de/vertrieb-service/produktportfolio.html"", ""http://www.peter-lacke.de/vertrieb-service/standorte.html"", ""http://www.peter-lacke.de/vertrieb-service/standorte/headquarters.html"", ""http://www.peter-lacke.de/""]","[""contact"", ""contact"", ""contact"", ""contact"", ""contact"", ""contact"", ""contact"", ""contact"", ""contact"", ""contact"", ""contact"", ""contact"", ""contact"", ""contact"", ""contact"", ""contact"", ""contact"", ""contact"", ""contact"", ""contact"", ""contact"", ""contact"", ""contact"", ""homepage""]",True,high
c956bd4e-2b8a-4c48-8780-c187587f46b3,3,ANLAGENTECHNIK LEICHTLE GMBH,pre_pre_event,Navigation aufklappen/zuklappen Home Über uns Team Kontakt Anfahrt Impressum Datenschutzerklärung Produkte Solaranlagen Heizungsanlagen Sanitäranlagen Förderungen Partnerfirmen Galerie Videos Home Über uns Produkte Förderungen Partnerfirmen Galerie Ihr Installateur im Raum Zusmarshausen und Umgebung Unser Expertenteam ist für Sie da um Ihre Probleme zu lösen. Zeitnah und Kompetent! Solaranlagen Heizungsanlagen Sanitäranlagen Unser Service Solaranlagen Heizungsanlagen Wasserversorgung Sanitäranlagen Gasinstallation Badsanierung Wartung Reparaturen Kesseltausch Energiesparen Spenglerei Notdienst,63,63,1,"[""https://www.anlagentechnik-leichtle.de/""]","[""homepage""]",False,ineligible
c956bd4e-2b8a-4c48-8780-c187587f46b3,3,ANLAGENTECHNIK LEICHTLE GMBH,pre_event,"HOME ÜBER UNS PRODUKTE FÖRDERUNGEN PARTNERFIRMEN GALERIE Ihr Installateur im Raum Zusmarshausen und Umgebung Unser Expertenteam ist für Sie da um Ihre Probleme zu lösen. Zeitnah und Kompetent! Solaranlagen Heizungsanlagen Sanitäranlagen Unser Service Wasserversorgung Gasinstallation Badsanierung Wartung Reparaturen Kesseltausch Energiesparen Spenglerei Notdienst Druckversion | Sitemap © - Anlagentechnik Leichtle

Datenschutzerklärung Wir freuen uns sehr über Ihr Interesse an unserem Unternehmen. Datenschutz hat einen besonders hohen Stellenwert für die Geschäftsleitung der Anlagen Technik Leichtle. Eine Nutzung der Internetseiten der Anlagen Technik Leichtle ist grundsätzlich ohne jede Angabe personenbezogener Daten möglich. Sofern eine betroffene Person besondere Services unseres Unternehmens über unsere Internetseite in Anspruch nehmen möchte, könnte jedoch eine Verarbeitung personenbezogener Daten erforderlich werden. Ist die Verarbeitung personenbezogener Daten erforderlich und besteht für eine solche Verarbeitung keine gesetzliche Grundlage, holen wir generell eine Einwilligung der betroffenen Person ein. Die Verarbeitung personenbezogener Daten, beispielsweise des Namens, der Anschrift, E-Mail-Adresse oder Telefonnummer einer betroffenen Person, erfolgt stets im Einklang mit der Datenschutz-Grundverordnung und in Übereinstimmung mit den für die Anlagen Technik Leichtle geltenden landesspezifischen Datenschutzbestimmungen. Mittels dieser Datenschutzerklärung möchte unser Unternehmen die Öffentlichkeit über Art, Umfang und Zweck der von uns erhobenen, genutzten und verarbeiteten personenbezogenen Daten informieren. Ferner werden betroffene Personen mittels dieser Datenschutzerklärung über die ihnen zustehenden Rechte aufgeklärt. Die Anlagen Technik Leichtle hat als für die Verarbeitung Verantwortlicher zahlreiche technische und organisatorische Maßnahmen umgesetzt, um einen möglichst lückenlosen Schutz der über diese Internetseite verarbeiteten personenbezogenen Daten sicherzustellen. Dennoch können Internetbasierte Datenübertragungen grundsätzlich Sicherheitslücken aufweisen, sodass ein absoluter Schutz nicht gewährleistet werden kann. Aus diesem Grund steht es jeder betroffenen Person frei, personenbezogene Daten auch auf alternativen Wegen, beispielsweise telefonisch, an uns zu übermitteln. Die Datenschutzerklärung der Anlagen Technik Leichtle beruht auf den Begrifflichkeiten, die durch den Europäischen Richtlinien- und Verordnungsgeber beim Erlass der Datenschutz-Grundverordnung (DS-GVO) verwendet wurden. Unsere Datenschutzerklärung soll sowohl für die Öffentlichkeit als auch für unsere Kunden und Geschäftspartner einfach lesbar und verständlich sein. Um dies zu gewährleisten, möchten wir vorab die verwendeten Begrifflichkeiten erläutern. Wir verwenden in dieser Datenschutzerklärung unter anderem die folgenden Begriffe: Personenbezogene Daten sind alle Informationen, die sich auf eine identifizierte oder identifizierbare natürliche Person (im Folgenden „betroffene Person“) beziehen. Als identifizierbar wird eine natürliche Person angesehen, die direkt oder indirekt, insbesondere mittels Zuordnung zu einer Kennung wie einem Namen, zu einer Kennnummer, zu Standortdaten, zu einer Online-Kennung oder zu einem oder mehreren besonderen Merkmalen, die Ausdruck der physischen, physiologischen, genetischen, psychischen, wirtschaftlichen, kulturellen oder sozialen Identität dieser natürlichen Person sind, identifiziert werden kann. Betroffene Person ist jede identifizierte oder identifizierbare natürliche Person, deren personenbezogene Daten von dem für die Verarbeitung Verantwortlichen verarbeitet werden. Verarbeitung ist jeder mit oder ohne Hilfe automatisierter Verfahren ausgeführte Vorgang oder jede solche Vorgangsreihe im Zusammenhang mit personenbezogenen Daten wie das Erheben, das Erfassen, die Organisation, das Ordnen, die Speicherung, die Anpassung oder Veränderung, das Auslesen, das Abfragen, die Verwendung, die Offenlegung durch Übermittlung, Verbreitung oder eine andere Form der Bereitstellung, den Abgleich oder die Verknüpfung, die Einschränkung, das Löschen oder die Vernichtung. Einschränkung der Verarbeitung ist die Markierung gespeicherter personenbezogener Daten mit dem Ziel, ihre künftige Verarbeitung einzuschränken. Profiling ist jede Art der automatisierten Verarbeitung personenbezogener Daten, die darin besteht, dass diese personenbezogenen Daten verwendet werden, um bestimmte persönliche Aspekte, die sich auf eine natürliche Person beziehen, zu bewerten, insbesondere, um Aspekte bezüglich Arbeitsleistung, wirtschaftlicher Lage, Gesundheit, persönlicher Vorlieben, Interessen, Zuverlässigkeit, Verhalten, Aufenthaltsort oder Ortswechsel dieser natürlichen Person zu analysieren oder vorherzusagen. Pseudonymisierung ist die Verarbeitung personenbezogener Daten in einer Weise, auf welche die personenbezogenen Daten ohne Hinzuziehung zusätzlicher Informationen nicht mehr einer spezifischen betroffenen Person zugeordnet werden können, sofern diese zusätzlichen Informationen gesondert aufbewahrt werden und technischen und organisatorischen Maßnahmen unterliegen, die gewährleisten, dass die personenbezogenen Daten nicht einer identifizierten oder identifizierbaren natürlichen Person zugewiesen werden. Verantwortlicher oder für die Verarbeitung Verantwortlicher ist die natürliche oder juristische Person, Behörde, Einrichtung oder andere Stelle, die allein oder gemeinsam mit anderen über die Zwecke und Mittel der Verarbeitung von personenbezogenen Daten entscheidet. Sind die Zwecke und Mittel dieser Verarbeitung durch das Unionsrecht oder das Recht der Mitgliedstaaten vorgegeben, so kann der Verantwortliche beziehungsweise können die bestimmten Kriterien seiner Benennung nach dem Unionsrecht oder dem Recht der Mitgliedstaaten vorgesehen werden. Auftragsverarbeiter ist eine natürliche oder juristische Person, Behörde, Einrichtung oder andere Stelle, die personenbezogene Daten im Auftrag des Verantwortlichen verarbeitet. Empfänger ist eine natürliche oder juristische Person, Behörde, Einrichtung oder andere Stelle, der personenbezogene Daten offengelegt werden, unabhängig davon, ob es sich bei ihr um einen Dritten handelt oder nicht. Behörden, die im Rahmen eines bestimmten Untersuchungsauftrags nach dem Unionsrecht oder dem Recht der Mitgliedstaaten möglicherweise personenbezogene Daten erhalten, gelten jedoch nicht als Empfänger. Dritter ist eine natürliche oder juristische Person, Behörde, Einrichtung oder andere Stelle außer der betroffenen Person, dem Verantwortlichen, dem Auftragsverarbeiter und den Personen, die unter der unmittelbaren Verantwortung des Verantwortlichen oder des Auftragsverarbeiters befugt sind, die personenbezogenen Daten zu verarbeiten. Einwilligung ist jede von der betroffenen Person freiwillig für den bestimmten Fall in informierter Weise und unmissverständlich abgegebene Willensbekundung in Form einer Erklärung oder einer sonstigen eindeutigen bestätigenden Handlung, mit der die betroffene Person zu verstehen gibt, dass sie mit der Verarbeitung der sie betreffenden personenbezogenen Daten einverstanden ist. Verantwortlicher im Sinne der Datenschutz-Grundverordnung, sonstiger in den Mitgliedstaaten der Europäischen Union geltenden Datenschutzgesetze und anderer Bestimmungen mit datenschutzrechtlichem Charakter ist die: Anlagen Technik Leichtle Schloßstraße 16 86441 Zusmarshausen Deutschland Tel.: 082911359 E-Mail: mail@anlagentechnik-leichtle.de Website: www.anlagentechnik-leichtle.de Die Internetseite der Anlagen Technik Leichtle erfasst mit jedem Aufruf der Internetseite durch eine betroffene Person oder ein automatisiertes System eine Reihe von allgemeinen Daten und Informationen. Diese allgemeinen Daten und Informationen werden in den Logfiles des Servers gespeichert. Erfasst werden können die (1) verwendeten Browsertypen und Versionen, (2) das vom zugreifenden System verwendete Betriebssystem, (3) die Internetseite, von welcher ein zugreifendes System auf unsere Internetseite gelangt (sogenannte Referrer), (4) die Unterwebseiten, welche über ein zugreifendes System auf unserer Internetseite angesteuert werden, (5) das Datum und die Uhrzeit eines Zugriffs auf die Internetseite, (6) eine Internet-Protokoll-Adresse (IP-Adresse), (7) der Internet-Service-Provider des zugreifenden Systems und (8) sonstige ähnliche Daten und Informationen, die der Gefahrenabwehr im Falle von Angriffen auf unsere informationstechnologischen Systeme dienen. Bei der Nutzung dieser allgemeinen Daten und Informationen zieht die Anlagen Technik Leichtle keine Rückschlüsse auf die betroffene Person. Diese Informationen werden vielmehr benötigt, um (1) die Inhalte unserer Internetseite korrekt auszuliefern, (2) die Inhalte unserer Internetseite sowie die Werbung für diese zu optimieren, (3) die dauerhafte Funktionsfähigkeit unserer informationstechnologischen Systeme und der Technik unserer Internetseite zu gewährleisten sowie (4) um Strafverfolgungsbehörden im Falle eines Cyberangriffes die zur Strafverfolgung notwendigen Informationen bereitzustellen. Diese anonym erhobenen Daten und Informationen werden durch die Anlagen Technik Leichtle daher einerseits statistisch und ferner mit dem Ziel ausgewertet, den Datenschutz und die Datensicherheit in unserem Unternehmen zu erhöhen, um letztlich ein optimales Schutzniveau für die von uns verarbeiteten personenbezogenen Daten sicherzustellen. Die anonymen Daten der Server-Logfiles werden getrennt von allen durch eine betroffene Person angegebenen personenbezogenen Daten gespeichert. Die Internetseite der Anlagen Technik Leichtle enthält aufgrund von gesetzlichen Vorschriften Angaben, die eine schnelle elektronische Kontaktaufnahme zu unserem Unternehmen sowie eine unmittelbare Kommunikation mit uns ermöglichen, was ebenfalls eine allgemeine Adresse der sogenannten elektronischen Post (E-Mail-Adresse) umfasst. Sofern eine betroffene Person per E-Mail oder über ein Kontaktformular den Kontakt mit dem für die Verarbeitung Verantwortlichen aufnimmt, werden die von der betroffenen Person übermittelten personenbezogenen Daten automatisch gespeichert. Solche auf freiwilliger Basis von einer betroffenen Person an den für die Verarbeitung Verantwortlichen übermittelten personenbezogenen Daten werden für Zwecke der Bearbeitung oder der Kontaktaufnahme zur betroffenen Person gespeichert. Es erfolgt keine Weitergabe dieser personenbezogenen Daten an Dritte. Der für die Verarbeitung Verantwortliche verarbeitet und speichert personenbezogene Daten der betroffenen Person nur für den Zeitraum, der zur Erreichung des Speicherungszwecks erforderlich ist oder sofern dies durch den Europäischen Richtlinien- und Verordnungsgeber oder einen anderen Gesetzgeber in Gesetzen oder Vorschriften, welchen der für die Verarbeitung Verantwortliche unterliegt, vorgesehen wurde. Entfällt der Speicherungszweck oder läuft eine vom Europäischen Richtlinien- und Verordnungsgeber oder einem anderen zuständigen Gesetzgeber vorgeschriebene Speicherfrist ab, werden die personenbezogenen Daten routinemäßig und entsprechend den gesetzlichen Vorschriften gesperrt oder gelöscht. Jede betroffene Person hat das vom Europäischen Richtlinien- und Verordnungsgeber eingeräumte Recht, von dem für die Verarbeitung Verantwortlichen eine Bestätigung darüber zu verlangen, ob sie betreffende personenbezogene Daten verarbeitet werden. Möchte eine betroffene Person dieses Bestätigungsrecht in Anspruch nehmen, kann sie sich hierzu jederzeit an einen Mitarbeiter des für die Verarbeitung Verantwortlichen wenden. Jede von der Verarbeitung personenbezogener Daten betroffene Person hat das vom Europäischen Richtlinien- und Verordnungsgeber gewährte Recht, jederzeit von dem für die Verarbeitung Verantwortlichen unentgeltliche Auskunft über die zu seiner Person gespeicherten personenbezogenen Daten und eine Kopie dieser Auskunft zu erhalten. Ferner hat der Europäische Richtlinien- und Verordnungsgeber der betroffenen Person Auskunft über folgende Informationen zugestanden: < >die Verarbeitungszweckedie Kategorien personenbezogener Daten, die verarbeitet werdendie Empfänger oder Kategorien von Empfängern, gegenüber denen die personenbezogenen Daten offengelegt worden sind oder noch offengelegt werden, insbesondere bei Empfängern in Drittländern oder bei internationalen Organisationenfalls möglich die geplante Dauer, für die die personenbezogenen Daten gespeichert werden, oder, falls dies nicht möglich ist, die Kriterien für die Festlegung dieser Dauerdas Bestehen eines Rechts auf Berichtigung oder Löschung der sie betreffenden personenbezogenen Daten oder auf Einschränkung der Verarbeitung durch den Verantwortlichen oder eines Widerspruchsrechts gegen diese Verarbeitungdas Bestehen eines Beschwerderechts bei einer Aufsichtsbehördewenn die personenbezogenen Daten nicht bei der betroffenen Person erhoben werden: Alle verfügbaren Informationen über die Herkunft der Daten das Bestehen einer automatisierten Entscheidungsfindung einschließlich Profiling gemäß Artikel 22 Abs.1 und 4 DS-GVO und — zumindest in diesen Fällen — aussagekräftige Informationen über die involvierte Logik sowie die Tragweite und die angestrebten Auswirkungen einer derartigen Verarbeitung für die betroffene PersonJede von der Verarbeitung personenbezogener Daten betroffene Person hat das vom Europäischen Richtlinien- und Verordnungsgeber gewährte Recht, die unverzügliche Berichtigung sie betreffender unrichtiger personenbezogener Daten zu verlangen. Ferner steht der betroffenen Person das Recht zu, unter Berücksichtigung der Zwecke der Verarbeitung, die Vervollständigung unvollständiger personenbezogener Daten — auch mittels einer ergänzenden Erklärung — zu verlangen. Möchte eine betroffene Person dieses Berichtigungsrecht in Anspruch nehmen, kann sie sich hierzu jederzeit an einen Mitarbeiter des für die Verarbeitung Verantwortlichen wenden. Jede von der Verarbeitung personenbezogener Daten betroffene Person hat das vom Europäischen Richtlinien- und Verordnungsgeber gewährte Recht, von dem Verantwortlichen zu verlangen, dass die sie betreffenden personenbezogenen Daten unverzüglich gelöscht werden, sofern einer der folgenden Gründe zutrifft und soweit die Verarbeitung nicht erforderlich ist: < >Die personenbezogenen Daten wurden für solche Zwecke erhoben oder auf sonstige Weise verarbeitet, für welche sie nicht mehr notwendig sind.Die betroffene Person widerruft ihre Einwilligung, auf die sich die Verarbeitung gemäß Art. 6 Abs. 1 Buchstabe a DS-GVO oder Art. 9 Abs. 2 Buchstabe a DS-GVO stützte, und es fehlt an einer anderweitigen Rechtsgrundlage für die Verarbeitung.Die betroffene Person legt gemäß Art. 21 Abs. 1 DS-GVO Widerspruch gegen die Verarbeitung ein, und es liegen keine vorrangigen berechtigten Gründe für die Verarbeitung vor, oder die betroffene Person legt gemäß Art. 21 Abs. 2 DS-GVO Widerspruch gegen die Verarbeitung ein.Die personenbezogenen Daten wurden unrechtmäßig verarbeitet.Die Löschung der personenbezogenen Daten ist zur Erfüllung einer rechtlichen Verpflichtung nach dem Unionsrecht oder dem Recht der Mitgliedstaaten erforderlich, dem der Verantwortliche unterliegt.Die personenbezogenen Daten wurden in Bezug auf angebotene Dienste der Informationsgesellschaft gemäß Art. 8 Abs. 1 DS-GVO erhoben.Jede von der Verarbeitung personenbezogener Daten betroffene Person hat das vom Europäischen Richtlinien- und Verordnungsgeber gewährte Recht, von dem Verantwortlichen die Einschränkung der Verarbeitung zu verlangen, wenn eine der folgenden Voraussetzungen gegeben ist: < >Die Richtigkeit der personenbezogenen Daten wird von der betroffenen Person bestritten, und zwar für eine Dauer, die es dem Verantwortlichen ermöglicht, die Richtigkeit der personenbezogenen Daten zu überprüfen.Die Verarbeitung ist unrechtmäßig, die betroffene Person lehnt die Löschung der personenbezogenen Daten ab und verlangt stattdessen die Einschränkung der Nutzung der personenbezogenen Daten.Der Verantwortliche benötigt die personenbezogenen Daten für die Zwecke der Verarbeitung nicht länger, die betroffene Person benötigt sie jedoch zur Geltendmachung, Ausübung oder Verteidigung von Rechtsansprüchen.Die betroffene Person hat Widerspruch gegen die Verarbeitung gem. Art. 21 Abs. 1 DS-GVO eingelegt und es steht noch nicht fest, ob die berechtigten Gründe des Verantwortlichen gegenüber denen der betroffenen Person überwiegen.Jede von der Verarbeitung personenbezogener Daten betroffene Person hat das vom Europäischen Richtlinien- und Verordnungsgeber gewährte Recht, die sie betreffenden personenbezogenen Daten, welche durch die betroffene Person einem Verantwortlichen bereitgestellt wurden, in einem strukturierten, gängigen und maschinenlesbaren Format zu erhalten. Sie hat außerdem das Recht, diese Daten einem anderen Verantwortlichen ohne Behinderung durch den Verantwortlichen, dem die personenbezogenen Daten bereitgestellt wurden, zu übermitteln, sofern die Verarbeitung auf der Einwilligung gemäß Art. 6 Abs. 1 Buchstabe a DS-GVO oder Art. 9 Abs. 2 Buchstabe a DS-GVO oder auf einem Vertrag gemäß Art. 6 Abs. 1 Buchstabe b DS-GVO beruht und die Verarbeitung mithilfe automatisierter Verfahren erfolgt, sofern die Verarbeitung nicht für die Wahrnehmung einer Aufgabe erforderlich ist, die im öffentlichen Interesse liegt oder in Ausübung öffentlicher Gewalt erfolgt, welche dem Verantwortlichen übertragen wurde. Ferner hat die betroffene Person bei der Ausübung ihres Rechts auf Datenübertragbarkeit gemäß Art. 20 Abs. 1 DS-GVO das Recht, zu erwirken, dass die personenbezogenen Daten direkt von einem Verantwortlichen an einen anderen Verantwortlichen übermittelt werden, soweit dies technisch machbar ist und sofern hiervon nicht die Rechte und Freiheiten anderer Personen beeinträchtigt werden. Zur Geltendmachung des Rechts auf Datenübertragbarkeit kann sich die betroffene Person jederzeit an einen Mitarbeiter der Anlagen Technik Leichtle wenden. Jede von der Verarbeitung personenbezogener Daten betroffene Person hat das vom Europäischen Richtlinien- und Verordnungsgeber gewährte Recht, aus Gründen, die sich aus ihrer besonderen Situation ergeben, jederzeit gegen die Verarbeitung sie betreffender personenbezogener Daten, die aufgrund von Art. 6 Abs. 1 Buchstaben e oder f DS-GVO erfolgt, Widerspruch einzulegen. Dies gilt auch für ein auf diese Bestimmungen gestütztes Profiling. Die Anlagen Technik Leichtle verarbeitet die personenbezogenen Daten im Falle des Widerspruchs nicht mehr, es sei denn, wir können zwingende schutzwürdige Gründe für die Verarbeitung nachweisen, die den Interessen, Rechten und Freiheiten der betroffenen Person überwiegen, oder die Verarbeitung dient der Geltendmachung, Ausübung oder Verteidigung von Rechtsansprüchen. Verarbeitet die Anlagen Technik Leichtle personenbezogene Daten, um Direktwerbung zu betreiben, so hat die betroffene Person das Recht, jederzeit Widerspruch gegen die Verarbeitung der personenbezogenen Daten zum Zwecke derartiger Werbung einzulegen. Dies gilt auch für das Profiling, soweit es mit solcher Direktwerbung in Verbindung steht. Widerspricht die betroffene Person gegenüber der Anlagen Technik Leichtle der Verarbeitung für Zwecke der Direktwerbung, so wird die Anlagen Technik Leichtle die personenbezogenen Daten nicht mehr für diese Zwecke verarbeiten. Zudem hat die betroffene Person das Recht, aus Gründen, die sich aus ihrer besonderen Situation ergeben, gegen die sie betreffende Verarbeitung personenbezogener Daten, die bei der Anlagen Technik Leichtle zu wissenschaftlichen oder historischen Forschungszwecken oder zu statistischen Zwecken gemäß Art. 89 Abs. 1 DS-GVO erfolgen, Widerspruch einzulegen, es sei denn, eine solche Verarbeitung ist zur Erfüllung einer im öffentlichen Interesse liegenden Aufgabe erforderlich. Zur Ausübung des Rechts auf Widerspruch kann sich die betroffene Person direkt jeden Mitarbeiter der Anlagen Technik Leichtle oder einen anderen Mitarbeiter wenden. Der betroffenen Person steht es ferner frei, im Zusammenhang mit der Nutzung von Diensten der Informationsgesellschaft, ungeachtet der Richtlinie 2002/58/EG, ihr Widerspruchsrecht mittels automatisierter Verfahren auszuüben, bei denen technische Spezifikationen verwendet werden. Jede von der Verarbeitung personenbezogener Daten betroffene Person hat das vom Europäischen Richtlinien- und Verordnungsgeber gewährte Recht, nicht einer ausschließlich auf einer automatisierten Verarbeitung — einschließlich Profiling — beruhenden Entscheidung unterworfen zu werden, die ihr gegenüber rechtliche Wirkung entfaltet oder sie in ähnlicher Weise erheblich beeinträchtigt, sofern die Entscheidung (1) nicht für den Abschluss oder die Erfüllung eines Vertrags zwischen der betroffenen Person und dem Verantwortlichen erforderlich ist, oder (2) aufgrund von Rechtsvorschriften der Union oder der Mitgliedstaaten, denen der Verantwortliche unterliegt, zulässig ist und diese Rechtsvorschriften angemessene Maßnahmen zur Wahrung der Rechte und Freiheiten sowie der berechtigten Interessen der betroffenen Person enthalten oder (3) mit ausdrücklicher Einwilligung der betroffenen Person erfolgt. Ist die Entscheidung (1) für den Abschluss oder die Erfüllung eines Vertrags zwischen der betroffenen Person und dem Verantwortlichen erforderlich oder (2) erfolgt sie mit ausdrücklicher Einwilligung der betroffenen Person, trifft die Anlagen Technik Leichtle angemessene Maßnahmen, um die Rechte und Freiheiten sowie die berechtigten Interessen der betroffenen Person zu wahren, wozu mindestens das Recht auf Erwirkung des Eingreifens einer Person seitens des Verantwortlichen, auf Darlegung des eigenen Standpunkts und auf Anfechtung der Entscheidung gehört. Möchte die betroffene Person Rechte mit Bezug auf automatisierte Entscheidungen geltend machen, kann sie sich hierzu jederzeit an einen Mitarbeiter des für die Verarbeitung Verantwortlichen wenden. Jede von der Verarbeitung personenbezogener Daten betroffene Person hat das vom Europäischen Richtlinien- und Verordnungsgeber gewährte Recht, eine Einwilligung zur Verarbeitung personenbezogener Daten jederzeit zu widerrufen. Möchte die betroffene Person ihr Recht auf Widerruf einer Einwilligung geltend machen, kann sie sich hierzu jederzeit an einen Mitarbeiter des für die Verarbeitung Verantwortlichen wenden. Art. 6 I lit. a DS-GVO dient unserem Unternehmen als Rechtsgrundlage für Verarbeitungsvorgänge, bei denen wir eine Einwilligung für einen bestimmten Verarbeitungszweck einholen. Ist die Verarbeitung personenbezogener Daten zur Erfüllung eines Vertrags, dessen Vertragspartei die betroffene Person ist, erforderlich, wie dies beispielsweise bei Verarbeitungsvorgängen der Fall ist, die für eine Lieferung von Waren oder die Erbringung einer sonstigen Leistung oder Gegenleistung notwendig sind, so beruht die Verarbeitung auf Art. 6 I lit. b DS-GVO. Gleiches gilt für solche Verarbeitungsvorgänge die zur Durchführung vorvertraglicher Maßnahmen erforderlich sind, etwa in Fällen von Anfragen zur unseren Produkten oder Leistungen. Unterliegt unser Unternehmen einer rechtlichen Verpflichtung durch welche eine Verarbeitung von personenbezogenen Daten erforderlich wird, wie beispielsweise zur Erfüllung steuerlicher Pflichten, so basiert die Verarbeitung auf Art. 6 I lit. c DS-GVO. In seltenen Fällen könnte die Verarbeitung von personenbezogenen Daten erforderlich werden, um lebenswichtige Interessen der betroffenen Person oder einer anderen natürlichen Person zu schützen. Dies wäre beispielsweise der Fall, wenn ein Besucher in unserem Betrieb verletzt werden würde und daraufhin sein Name, sein Alter, seine Krankenkassendaten oder sonstige lebenswichtige Informationen an einen Arzt, ein Krankenhaus oder sonstige Dritte weitergegeben werden müssten. Dann würde die Verarbeitung auf Art. 6 I lit. d DS-GVO beruhen. Letztlich könnten Verarbeitungsvorgänge auf Art. 6 I lit. f DS-GVO beruhen. Auf dieser Rechtsgrundlage basieren Verarbeitungsvorgänge, die von keiner der vorgenannten Rechtsgrundlagen erfasst werden, wenn die Verarbeitung zur Wahrung eines berechtigten Interesses unseres Unternehmens oder eines Dritten erforderlich ist, sofern die Interessen, Grundrechte und Grundfreiheiten des Betroffenen nicht überwiegen. Solche Verarbeitungsvorgänge sind uns insbesondere deshalb gestattet, weil sie durch den Europäischen Gesetzgeber besonders erwähnt wurden. Er vertrat insoweit die Auffassung, dass ein berechtigtes Interesse anzunehmen sein könnte, wenn die betroffene Person ein Kunde des Verantwortlichen ist (Erwägungsgrund 47 Satz 2 DS-GVO). Basiert die Verarbeitung personenbezogener Daten auf Artikel 6 I lit. f DS-GVO ist unser berechtigtes Interesse die Durchführung unserer Geschäftstätigkeit zugunsten des Wohlergehens all unserer Mitarbeiter und unserer Anteilseigner. Das Kriterium für die Dauer der Speicherung von personenbezogenen Daten ist die jeweilige gesetzliche Aufbewahrungsfrist. Nach Ablauf der Frist werden die entsprechenden Daten routinemäßig gelöscht, sofern sie nicht mehr zur Vertragserfüllung oder Vertragsanbahnung erforderlich sind. Wir klären Sie darüber auf, dass die Bereitstellung personenbezogener Daten zum Teil gesetzlich vorgeschrieben ist (z.B. Steuervorschriften) oder sich auch aus vertraglichen Regelungen (z.B. Angaben zum Vertragspartner) ergeben kann. Mitunter kann es zu einem Vertragsschluss erforderlich sein, dass eine betroffene Person uns personenbezogene Daten zur Verfügung stellt, die in der Folge durch uns verarbeitet werden müssen. Die betroffene Person ist beispielsweise verpflichtet uns personenbezogene Daten bereitzustellen, wenn unser Unternehmen mit ihr einen Vertrag abschließt. Eine Nichtbereitstellung der personenbezogenen Daten hätte zur Folge, dass der Vertrag mit dem Betroffenen nicht geschlossen werden könnte. Vor einer Bereitstellung personenbezogener Daten durch den Betroffenen muss sich der Betroffene an einen unserer Mitarbeiter wenden. Unser Mitarbeiter klärt den Betroffenen einzelfallbezogen darüber auf, ob die Bereitstellung der personenbezogenen Daten gesetzlich oder vertraglich vorgeschrieben oder für den Vertragsabschluss erforderlich ist, ob eine Verpflichtung besteht, die personenbezogenen Daten bereitzustellen, und welche Folgen die Nichtbereitstellung der personenbezogenen Daten hätte. Als verantwortungsbewusstes Unternehmen verzichten wir auf eine automatische Entscheidungsfindung oder ein Profiling. Diese Datenschutzerklärung wurde durch den Datenschutzerklärungs-Generator der DGD Deutsche Gesellschaft für Datenschutz GmbH, die als Externer Datenschutzbeauftragter Aschaffenburg tätig ist, in Kooperation mit dem Anwalt für IT- und Datenschutzrecht Christian Solmecke erstellt.",3319,3319,2,"[""https://www.anlagentechnik-leichtle.de/"", ""https://www.anlagentechnik-leichtle.de/über-uns/datenschutzerklärung""]","[""homepage"", ""products_services""]",True,high
c956bd4e-2b8a-4c48-8780-c187587f46b3,3,ANLAGENTECHNIK LEICHTLE GMBH,event,"Unser Expertenteam ist für Sie da um Ihre Probleme zu lösen. Zeitnah und kompetent! Das sagen unsere Kunden über die Firma AnlagenTechnik Leichte

Datenschutzerklärung Wir freuen uns sehr über Ihr Interesse an unserem Unternehmen. Datenschutz hat einen besonders hohen Stellenwert für die Geschäftsleitung der Anlagen Technik Leichtle. Eine Nutzung der Internetseiten der Anlagen Technik Leichtle ist grundsätzlich ohne jede Angabe personenbezogener Daten möglich. Sofern eine betroffene Person besondere Services unseres Unternehmens über unsere Internetseite in Anspruch nehmen möchte, könnte jedoch eine Verarbeitung personenbezogener Daten erforderlich werden. Ist die Verarbeitung personenbezogener Daten erforderlich und besteht für eine solche Verarbeitung keine gesetzliche Grundlage, holen wir generell eine Einwilligung der betroffenen Person ein. Die Verarbeitung personenbezogener Daten, beispielsweise des Namens, der Anschrift, E-Mail-Adresse oder Telefonnummer einer betroffenen Person, erfolgt stets im Einklang mit der Datenschutz-Grundverordnung und in Übereinstimmung mit den für die Anlagen Technik Leichtle geltenden landesspezifischen Datenschutzbestimmungen. Mittels dieser Datenschutzerklärung möchte unser Unternehmen die Öffentlichkeit über Art, Umfang und Zweck der von uns erhobenen, genutzten und verarbeiteten personenbezogenen Daten informieren. Ferner werden betroffene Personen mittels dieser Datenschutzerklärung über die ihnen zustehenden Rechte aufgeklärt. Die Anlagen Technik Leichtle hat als für die Verarbeitung Verantwortlicher zahlreiche technische und organisatorische Maßnahmen umgesetzt, um einen möglichst lückenlosen Schutz der über diese Internetseite verarbeiteten personenbezogenen Daten sicherzustellen. Dennoch können Internetbasierte Datenübertragungen grundsätzlich Sicherheitslücken aufweisen, sodass ein absoluter Schutz nicht gewährleistet werden kann. Aus diesem Grund steht es jeder betroffenen Person frei, personenbezogene Daten auch auf alternativen Wegen, beispielsweise telefonisch, an uns zu übermitteln. Die Datenschutzerklärung der Anlagen Technik Leichtle beruht auf den Begrifflichkeiten, die durch den Europäischen Richtlinien- und Verordnungsgeber beim Erlass der Datenschutz-Grundverordnung (DS-GVO) verwendet wurden. Unsere Datenschutzerklärung soll sowohl für die Öffentlichkeit als auch für unsere Kunden und Geschäftspartner einfach lesbar und verständlich sein. Um dies zu gewährleisten, möchten wir vorab die verwendeten Begrifflichkeiten erläutern. Wir verwenden in dieser Datenschutzerklärung unter anderem die folgenden Begriffe: Personenbezogene Daten sind alle Informationen, die sich auf eine identifizierte oder identifizierbare natürliche Person (im Folgenden „betroffene Person“) beziehen. Als identifizierbar wird eine natürliche Person angesehen, die direkt oder indirekt, insbesondere mittels Zuordnung zu einer Kennung wie einem Namen, zu einer Kennnummer, zu Standortdaten, zu einer Online-Kennung oder zu einem oder mehreren besonderen Merkmalen, die Ausdruck der physischen, physiologischen, genetischen, psychischen, wirtschaftlichen, kulturellen oder sozialen Identität dieser natürlichen Person sind, identifiziert werden kann. Betroffene Person ist jede identifizierte oder identifizierbare natürliche Person, deren personenbezogene Daten von dem für die Verarbeitung Verantwortlichen verarbeitet werden. Verarbeitung ist jeder mit oder ohne Hilfe automatisierter Verfahren ausgeführte Vorgang oder jede solche Vorgangsreihe im Zusammenhang mit personenbezogenen Daten wie das Erheben, das Erfassen, die Organisation, das Ordnen, die Speicherung, die Anpassung oder Veränderung, das Auslesen, das Abfragen, die Verwendung, die Offenlegung durch Übermittlung, Verbreitung oder eine andere Form der Bereitstellung, den Abgleich oder die Verknüpfung, die Einschränkung, das Löschen oder die Vernichtung. Einschränkung der Verarbeitung ist die Markierung gespeicherter personenbezogener Daten mit dem Ziel, ihre künftige Verarbeitung einzuschränken. Profiling ist jede Art der automatisierten Verarbeitung personenbezogener Daten, die darin besteht, dass diese personenbezogenen Daten verwendet werden, um bestimmte persönliche Aspekte, die sich auf eine natürliche Person beziehen, zu bewerten, insbesondere, um Aspekte bezüglich Arbeitsleistung, wirtschaftlicher Lage, Gesundheit, persönlicher Vorlieben, Interessen, Zuverlässigkeit, Verhalten, Aufenthaltsort oder Ortswechsel dieser natürlichen Person zu analysieren oder vorherzusagen. Pseudonymisierung ist die Verarbeitung personenbezogener Daten in einer Weise, auf welche die personenbezogenen Daten ohne Hinzuziehung zusätzlicher Informationen nicht mehr einer spezifischen betroffenen Person zugeordnet werden können, sofern diese zusätzlichen Informationen gesondert aufbewahrt werden und technischen und organisatorischen Maßnahmen unterliegen, die gewährleisten, dass die personenbezogenen Daten nicht einer identifizierten oder identifizierbaren natürlichen Person zugewiesen werden. Verantwortlicher oder für die Verarbeitung Verantwortlicher ist die natürliche oder juristische Person, Behörde, Einrichtung oder andere Stelle, die allein oder gemeinsam mit anderen über die Zwecke und Mittel der Verarbeitung von personenbezogenen Daten entscheidet. Sind die Zwecke und Mittel dieser Verarbeitung durch das Unionsrecht oder das Recht der Mitgliedstaaten vorgegeben, so kann der Verantwortliche beziehungsweise können die bestimmten Kriterien seiner Benennung nach dem Unionsrecht oder dem Recht der Mitgliedstaaten vorgesehen werden. Auftragsverarbeiter ist eine natürliche oder juristische Person, Behörde, Einrichtung oder andere Stelle, die personenbezogene Daten im Auftrag des Verantwortlichen verarbeitet. Empfänger ist eine natürliche oder juristische Person, Behörde, Einrichtung oder andere Stelle, der personenbezogene Daten offengelegt werden, unabhängig davon, ob es sich bei ihr um einen Dritten handelt oder nicht. Behörden, die im Rahmen eines bestimmten Untersuchungsauftrags nach dem Unionsrecht oder dem Recht der Mitgliedstaaten möglicherweise personenbezogene Daten erhalten, gelten jedoch nicht als Empfänger. Dritter ist eine natürliche oder juristische Person, Behörde, Einrichtung oder andere Stelle außer der betroffenen Person, dem Verantwortlichen, dem Auftragsverarbeiter und den Personen, die unter der unmittelbaren Verantwortung des Verantwortlichen oder des Auftragsverarbeiters befugt sind, die personenbezogenen Daten zu verarbeiten. Einwilligung ist jede von der betroffenen Person freiwillig für den bestimmten Fall in informierter Weise und unmissverständlich abgegebene Willensbekundung in Form einer Erklärung oder einer sonstigen eindeutigen bestätigenden Handlung, mit der die betroffene Person zu verstehen gibt, dass sie mit der Verarbeitung der sie betreffenden personenbezogenen Daten einverstanden ist. Verantwortlicher im Sinne der Datenschutz-Grundverordnung, sonstiger in den Mitgliedstaaten der Europäischen Union geltenden Datenschutzgesetze und anderer Bestimmungen mit datenschutzrechtlichem Charakter ist die: Anlagen Technik Leichtle Im Oberdorf 1 86441 Zusmarshausen Deutschland Tel.: 082911359 E-Mail: mail@anlagentechnik-leichtle.de Website: www.anlagentechnik-leichtle.de Die Internetseite der Anlagen Technik Leichtle erfasst mit jedem Aufruf der Internetseite durch eine betroffene Person oder ein automatisiertes System eine Reihe von allgemeinen Daten und Informationen. Diese allgemeinen Daten und Informationen werden in den Logfiles des Servers gespeichert. Erfasst werden können die (1) verwendeten Browsertypen und Versionen, (2) das vom zugreifenden System verwendete Betriebssystem, (3) die Internetseite, von welcher ein zugreifendes System auf unsere Internetseite gelangt (sogenannte Referrer), (4) die Unterwebseiten, welche über ein zugreifendes System auf unserer Internetseite angesteuert werden, (5) das Datum und die Uhrzeit eines Zugriffs auf die Internetseite, (6) eine Internet-Protokoll-Adresse (IP-Adresse), (7) der Internet-Service-Provider des zugreifenden Systems und (8) sonstige ähnliche Daten und Informationen, die der Gefahrenabwehr im Falle von Angriffen auf unsere informationstechnologischen Systeme dienen. Bei der Nutzung dieser allgemeinen Daten und Informationen zieht die Anlagen Technik Leichtle keine Rückschlüsse auf die betroffene Person. Diese Informationen werden vielmehr benötigt, um (1) die Inhalte unserer Internetseite korrekt auszuliefern, (2) die Inhalte unserer Internetseite sowie die Werbung für diese zu optimieren, (3) die dauerhafte Funktionsfähigkeit unserer informationstechnologischen Systeme und der Technik unserer Internetseite zu gewährleisten sowie (4) um Strafverfolgungsbehörden im Falle eines Cyberangriffes die zur Strafverfolgung notwendigen Informationen bereitzustellen. Diese anonym erhobenen Daten und Informationen werden durch die Anlagen Technik Leichtle daher einerseits statistisch und ferner mit dem Ziel ausgewertet, den Datenschutz und die Datensicherheit in unserem Unternehmen zu erhöhen, um letztlich ein optimales Schutzniveau für die von uns verarbeiteten personenbezogenen Daten sicherzustellen. Die anonymen Daten der Server-Logfiles werden getrennt von allen durch eine betroffene Person angegebenen personenbezogenen Daten gespeichert. Die Internetseite der Anlagen Technik Leichtle enthält aufgrund von gesetzlichen Vorschriften Angaben, die eine schnelle elektronische Kontaktaufnahme zu unserem Unternehmen sowie eine unmittelbare Kommunikation mit uns ermöglichen, was ebenfalls eine allgemeine Adresse der sogenannten elektronischen Post (E-Mail-Adresse) umfasst. Sofern eine betroffene Person per E-Mail oder über ein Kontaktformular den Kontakt mit dem für die Verarbeitung Verantwortlichen aufnimmt, werden die von der betroffenen Person übermittelten personenbezogenen Daten automatisch gespeichert. Solche auf freiwilliger Basis von einer betroffenen Person an den für die Verarbeitung Verantwortlichen übermittelten personenbezogenen Daten werden für Zwecke der Bearbeitung oder der Kontaktaufnahme zur betroffenen Person gespeichert. Es erfolgt keine Weitergabe dieser personenbezogenen Daten an Dritte. Der für die Verarbeitung Verantwortliche verarbeitet und speichert personenbezogene Daten der betroffenen Person nur für den Zeitraum, der zur Erreichung des Speicherungszwecks erforderlich ist oder sofern dies durch den Europäischen Richtlinien- und Verordnungsgeber oder einen anderen Gesetzgeber in Gesetzen oder Vorschriften, welchen der für die Verarbeitung Verantwortliche unterliegt, vorgesehen wurde. Entfällt der Speicherungszweck oder läuft eine vom Europäischen Richtlinien- und Verordnungsgeber oder einem anderen zuständigen Gesetzgeber vorgeschriebene Speicherfrist ab, werden die personenbezogenen Daten routinemäßig und entsprechend den gesetzlichen Vorschriften gesperrt oder gelöscht. Jede betroffene Person hat das vom Europäischen Richtlinien- und Verordnungsgeber eingeräumte Recht, von dem für die Verarbeitung Verantwortlichen eine Bestätigung darüber zu verlangen, ob sie betreffende personenbezogene Daten verarbeitet werden. Möchte eine betroffene Person dieses Bestätigungsrecht in Anspruch nehmen, kann sie sich hierzu jederzeit an einen Mitarbeiter des für die Verarbeitung Verantwortlichen wenden. Jede von der Verarbeitung personenbezogener Daten betroffene Person hat das vom Europäischen Richtlinien- und Verordnungsgeber gewährte Recht, jederzeit von dem für die Verarbeitung Verantwortlichen unentgeltliche Auskunft über die zu seiner Person gespeicherten personenbezogenen Daten und eine Kopie dieser Auskunft zu erhalten. Ferner hat der Europäische Richtlinien- und Verordnungsgeber der betroffenen Person Auskunft über folgende Informationen zugestanden: < >die Verarbeitungszweckedie Kategorien personenbezogener Daten, die verarbeitet werdendie Empfänger oder Kategorien von Empfängern, gegenüber denen die personenbezogenen Daten offengelegt worden sind oder noch offengelegt werden, insbesondere bei Empfängern in Drittländern oder bei internationalen Organisationenfalls möglich die geplante Dauer, für die die personenbezogenen Daten gespeichert werden, oder, falls dies nicht möglich ist, die Kriterien für die Festlegung dieser Dauerdas Bestehen eines Rechts auf Berichtigung oder Löschung der sie betreffenden personenbezogenen Daten oder auf Einschränkung der Verarbeitung durch den Verantwortlichen oder eines Widerspruchsrechts gegen diese Verarbeitungdas Bestehen eines Beschwerderechts bei einer Aufsichtsbehördewenn die personenbezogenen Daten nicht bei der betroffenen Person erhoben werden: Alle verfügbaren Informationen über die Herkunft der Daten das Bestehen einer automatisierten Entscheidungsfindung einschließlich Profiling gemäß Artikel 22 Abs.1 und 4 DS-GVO und — zumindest in diesen Fällen — aussagekräftige Informationen über die involvierte Logik sowie die Tragweite und die angestrebten Auswirkungen einer derartigen Verarbeitung für die betroffene PersonJede von der Verarbeitung personenbezogener Daten betroffene Person hat das vom Europäischen Richtlinien- und Verordnungsgeber gewährte Recht, die unverzügliche Berichtigung sie betreffender unrichtiger personenbezogener Daten zu verlangen. Ferner steht der betroffenen Person das Recht zu, unter Berücksichtigung der Zwecke der Verarbeitung, die Vervollständigung unvollständiger personenbezogener Daten — auch mittels einer ergänzenden Erklärung — zu verlangen. Möchte eine betroffene Person dieses Berichtigungsrecht in Anspruch nehmen, kann sie sich hierzu jederzeit an einen Mitarbeiter des für die Verarbeitung Verantwortlichen wenden. Jede von der Verarbeitung personenbezogener Daten betroffene Person hat das vom Europäischen Richtlinien- und Verordnungsgeber gewährte Recht, von dem Verantwortlichen zu verlangen, dass die sie betreffenden personenbezogenen Daten unverzüglich gelöscht werden, sofern einer der folgenden Gründe zutrifft und soweit die Verarbeitung nicht erforderlich ist: < >Die personenbezogenen Daten wurden für solche Zwecke erhoben oder auf sonstige Weise verarbeitet, für welche sie nicht mehr notwendig sind.Die betroffene Person widerruft ihre Einwilligung, auf die sich die Verarbeitung gemäß Art. 6 Abs. 1 Buchstabe a DS-GVO oder Art. 9 Abs. 2 Buchstabe a DS-GVO stützte, und es fehlt an einer anderweitigen Rechtsgrundlage für die Verarbeitung.Die betroffene Person legt gemäß Art. 21 Abs. 1 DS-GVO Widerspruch gegen die Verarbeitung ein, und es liegen keine vorrangigen berechtigten Gründe für die Verarbeitung vor, oder die betroffene Person legt gemäß Art. 21 Abs. 2 DS-GVO Widerspruch gegen die Verarbeitung ein.Die personenbezogenen Daten wurden unrechtmäßig verarbeitet.Die Löschung der personenbezogenen Daten ist zur Erfüllung einer rechtlichen Verpflichtung nach dem Unionsrecht oder dem Recht der Mitgliedstaaten erforderlich, dem der Verantwortliche unterliegt.Die personenbezogenen Daten wurden in Bezug auf angebotene Dienste der Informationsgesellschaft gemäß Art. 8 Abs. 1 DS-GVO erhoben.Jede von der Verarbeitung personenbezogener Daten betroffene Person hat das vom Europäischen Richtlinien- und Verordnungsgeber gewährte Recht, von dem Verantwortlichen die Einschränkung der Verarbeitung zu verlangen, wenn eine der folgenden Voraussetzungen gegeben ist: < >Die Richtigkeit der personenbezogenen Daten wird von der betroffenen Person bestritten, und zwar für eine Dauer, die es dem Verantwortlichen ermöglicht, die Richtigkeit der personenbezogenen Daten zu überprüfen.Die Verarbeitung ist unrechtmäßig, die betroffene Person lehnt die Löschung der personenbezogenen Daten ab und verlangt stattdessen die Einschränkung der Nutzung der personenbezogenen Daten.Der Verantwortliche benötigt die personenbezogenen Daten für die Zwecke der Verarbeitung nicht länger, die betroffene Person benötigt sie jedoch zur Geltendmachung, Ausübung oder Verteidigung von Rechtsansprüchen.Die betroffene Person hat Widerspruch gegen die Verarbeitung gem. Art. 21 Abs. 1 DS-GVO eingelegt und es steht noch nicht fest, ob die berechtigten Gründe des Verantwortlichen gegenüber denen der betroffenen Person überwiegen.Jede von der Verarbeitung personenbezogener Daten betroffene Person hat das vom Europäischen Richtlinien- und Verordnungsgeber gewährte Recht, die sie betreffenden personenbezogenen Daten, welche durch die betroffene Person einem Verantwortlichen bereitgestellt wurden, in einem strukturierten, gängigen und maschinenlesbaren Format zu erhalten. Sie hat außerdem das Recht, diese Daten einem anderen Verantwortlichen ohne Behinderung durch den Verantwortlichen, dem die personenbezogenen Daten bereitgestellt wurden, zu übermitteln, sofern die Verarbeitung auf der Einwilligung gemäß Art. 6 Abs. 1 Buchstabe a DS-GVO oder Art. 9 Abs. 2 Buchstabe a DS-GVO oder auf einem Vertrag gemäß Art. 6 Abs. 1 Buchstabe b DS-GVO beruht und die Verarbeitung mithilfe automatisierter Verfahren erfolgt, sofern die Verarbeitung nicht für die Wahrnehmung einer Aufgabe erforderlich ist, die im öffentlichen Interesse liegt oder in Ausübung öffentlicher Gewalt erfolgt, welche dem Verantwortlichen übertragen wurde. Ferner hat die betroffene Person bei der Ausübung ihres Rechts auf Datenübertragbarkeit gemäß Art. 20 Abs. 1 DS-GVO das Recht, zu erwirken, dass die personenbezogenen Daten direkt von einem Verantwortlichen an einen anderen Verantwortlichen übermittelt werden, soweit dies technisch machbar ist und sofern hiervon nicht die Rechte und Freiheiten anderer Personen beeinträchtigt werden. Zur Geltendmachung des Rechts auf Datenübertragbarkeit kann sich die betroffene Person jederzeit an einen Mitarbeiter der Anlagen Technik Leichtle wenden. Jede von der Verarbeitung personenbezogener Daten betroffene Person hat das vom Europäischen Richtlinien- und Verordnungsgeber gewährte Recht, aus Gründen, die sich aus ihrer besonderen Situation ergeben, jederzeit gegen die Verarbeitung sie betreffender personenbezogener Daten, die aufgrund von Art. 6 Abs. 1 Buchstaben e oder f DS-GVO erfolgt, Widerspruch einzulegen. Dies gilt auch für ein auf diese Bestimmungen gestütztes Profiling. Die Anlagen Technik Leichtle verarbeitet die personenbezogenen Daten im Falle des Widerspruchs nicht mehr, es sei denn, wir können zwingende schutzwürdige Gründe für die Verarbeitung nachweisen, die den Interessen, Rechten und Freiheiten der betroffenen Person überwiegen, oder die Verarbeitung dient der Geltendmachung, Ausübung oder Verteidigung von Rechtsansprüchen. Verarbeitet die Anlagen Technik Leichtle personenbezogene Daten, um Direktwerbung zu betreiben, so hat die betroffene Person das Recht, jederzeit Widerspruch gegen die Verarbeitung der personenbezogenen Daten zum Zwecke derartiger Werbung einzulegen. Dies gilt auch für das Profiling, soweit es mit solcher Direktwerbung in Verbindung steht. Widerspricht die betroffene Person gegenüber der Anlagen Technik Leichtle der Verarbeitung für Zwecke der Direktwerbung, so wird die Anlagen Technik Leichtle die personenbezogenen Daten nicht mehr für diese Zwecke verarbeiten. Zudem hat die betroffene Person das Recht, aus Gründen, die sich aus ihrer besonderen Situation ergeben, gegen die sie betreffende Verarbeitung personenbezogener Daten, die bei der Anlagen Technik Leichtle zu wissenschaftlichen oder historischen Forschungszwecken oder zu statistischen Zwecken gemäß Art. 89 Abs. 1 DS-GVO erfolgen, Widerspruch einzulegen, es sei denn, eine solche Verarbeitung ist zur Erfüllung einer im öffentlichen Interesse liegenden Aufgabe erforderlich. Zur Ausübung des Rechts auf Widerspruch kann sich die betroffene Person direkt jeden Mitarbeiter der Anlagen Technik Leichtle oder einen anderen Mitarbeiter wenden. Der betroffenen Person steht es ferner frei, im Zusammenhang mit der Nutzung von Diensten der Informationsgesellschaft, ungeachtet der Richtlinie 2002/58/EG, ihr Widerspruchsrecht mittels automatisierter Verfahren auszuüben, bei denen technische Spezifikationen verwendet werden. Jede von der Verarbeitung personenbezogener Daten betroffene Person hat das vom Europäischen Richtlinien- und Verordnungsgeber gewährte Recht, nicht einer ausschließlich auf einer automatisierten Verarbeitung — einschließlich Profiling — beruhenden Entscheidung unterworfen zu werden, die ihr gegenüber rechtliche Wirkung entfaltet oder sie in ähnlicher Weise erheblich beeinträchtigt, sofern die Entscheidung (1) nicht für den Abschluss oder die Erfüllung eines Vertrags zwischen der betroffenen Person und dem Verantwortlichen erforderlich ist, oder (2) aufgrund von Rechtsvorschriften der Union oder der Mitgliedstaaten, denen der Verantwortliche unterliegt, zulässig ist und diese Rechtsvorschriften angemessene Maßnahmen zur Wahrung der Rechte und Freiheiten sowie der berechtigten Interessen der betroffenen Person enthalten oder (3) mit ausdrücklicher Einwilligung der betroffenen Person erfolgt. Ist die Entscheidung (1) für den Abschluss oder die Erfüllung eines Vertrags zwischen der betroffenen Person und dem Verantwortlichen erforderlich oder (2) erfolgt sie mit ausdrücklicher Einwilligung der betroffenen Person, trifft die Anlagen Technik Leichtle angemessene Maßnahmen, um die Rechte und Freiheiten sowie die berechtigten Interessen der betroffenen Person zu wahren, wozu mindestens das Recht auf Erwirkung des Eingreifens einer Person seitens des Verantwortlichen, auf Darlegung des eigenen Standpunkts und auf Anfechtung der Entscheidung gehört. Möchte die betroffene Person Rechte mit Bezug auf automatisierte Entscheidungen geltend machen, kann sie sich hierzu jederzeit an einen Mitarbeiter des für die Verarbeitung Verantwortlichen wenden. Jede von der Verarbeitung personenbezogener Daten betroffene Person hat das vom Europäischen Richtlinien- und Verordnungsgeber gewährte Recht, eine Einwilligung zur Verarbeitung personenbezogener Daten jederzeit zu widerrufen. Möchte die betroffene Person ihr Recht auf Widerruf einer Einwilligung geltend machen, kann sie sich hierzu jederzeit an einen Mitarbeiter des für die Verarbeitung Verantwortlichen wenden. Art. 6 I lit. a DS-GVO dient unserem Unternehmen als Rechtsgrundlage für Verarbeitungsvorgänge, bei denen wir eine Einwilligung für einen bestimmten Verarbeitungszweck einholen. Ist die Verarbeitung personenbezogener Daten zur Erfüllung eines Vertrags, dessen Vertragspartei die betroffene Person ist, erforderlich, wie dies beispielsweise bei Verarbeitungsvorgängen der Fall ist, die für eine Lieferung von Waren oder die Erbringung einer sonstigen Leistung oder Gegenleistung notwendig sind, so beruht die Verarbeitung auf Art. 6 I lit. b DS-GVO. Gleiches gilt für solche Verarbeitungsvorgänge die zur Durchführung vorvertraglicher Maßnahmen erforderlich sind, etwa in Fällen von Anfragen zur unseren Produkten oder Leistungen. Unterliegt unser Unternehmen einer rechtlichen Verpflichtung durch welche eine Verarbeitung von personenbezogenen Daten erforderlich wird, wie beispielsweise zur Erfüllung steuerlicher Pflichten, so basiert die Verarbeitung auf Art. 6 I lit. c DS-GVO. In seltenen Fällen könnte die Verarbeitung von personenbezogenen Daten erforderlich werden, um lebenswichtige Interessen der betroffenen Person oder einer anderen natürlichen Person zu schützen. Dies wäre beispielsweise der Fall, wenn ein Besucher in unserem Betrieb verletzt werden würde und daraufhin sein Name, sein Alter, seine Krankenkassendaten oder sonstige lebenswichtige Informationen an einen Arzt, ein Krankenhaus oder sonstige Dritte weitergegeben werden müssten. Dann würde die Verarbeitung auf Art. 6 I lit. d DS-GVO beruhen. Letztlich könnten Verarbeitungsvorgänge auf Art. 6 I lit. f DS-GVO beruhen. Auf dieser Rechtsgrundlage basieren Verarbeitungsvorgänge, die von keiner der vorgenannten Rechtsgrundlagen erfasst werden, wenn die Verarbeitung zur Wahrung eines berechtigten Interesses unseres Unternehmens oder eines Dritten erforderlich ist, sofern die Interessen, Grundrechte und Grundfreiheiten des Betroffenen nicht überwiegen. Solche Verarbeitungsvorgänge sind uns insbesondere deshalb gestattet, weil sie durch den Europäischen Gesetzgeber besonders erwähnt wurden. Er vertrat insoweit die Auffassung, dass ein berechtigtes Interesse anzunehmen sein könnte, wenn die betroffene Person ein Kunde des Verantwortlichen ist (Erwägungsgrund 47 Satz 2 DS-GVO). Basiert die Verarbeitung personenbezogener Daten auf Artikel 6 I lit. f DS-GVO ist unser berechtigtes Interesse die Durchführung unserer Geschäftstätigkeit zugunsten des Wohlergehens all unserer Mitarbeiter und unserer Anteilseigner. Das Kriterium für die Dauer der Speicherung von personenbezogenen Daten ist die jeweilige gesetzliche Aufbewahrungsfrist. Nach Ablauf der Frist werden die entsprechenden Daten routinemäßig gelöscht, sofern sie nicht mehr zur Vertragserfüllung oder Vertragsanbahnung erforderlich sind. Wir klären Sie darüber auf, dass die Bereitstellung personenbezogener Daten zum Teil gesetzlich vorgeschrieben ist (z.B. Steuervorschriften) oder sich auch aus vertraglichen Regelungen (z.B. Angaben zum Vertragspartner) ergeben kann. Mitunter kann es zu einem Vertragsschluss erforderlich sein, dass eine betroffene Person uns personenbezogene Daten zur Verfügung stellt, die in der Folge durch uns verarbeitet werden müssen. Die betroffene Person ist beispielsweise verpflichtet uns personenbezogene Daten bereitzustellen, wenn unser Unternehmen mit ihr einen Vertrag abschließt. Eine Nichtbereitstellung der personenbezogenen Daten hätte zur Folge, dass der Vertrag mit dem Betroffenen nicht geschlossen werden könnte. Vor einer Bereitstellung personenbezogener Daten durch den Betroffenen muss sich der Betroffene an einen unserer Mitarbeiter wenden. Unser Mitarbeiter klärt den Betroffenen einzelfallbezogen darüber auf, ob die Bereitstellung der personenbezogenen Daten gesetzlich oder vertraglich vorgeschrieben oder für den Vertragsabschluss erforderlich ist, ob eine Verpflichtung besteht, die personenbezogenen Daten bereitzustellen, und welche Folgen die Nichtbereitstellung der personenbezogenen Daten hätte. Als verantwortungsbewusstes Unternehmen verzichten wir auf eine automatische Entscheidungsfindung oder ein Profiling. Diese Datenschutzerklärung wurde durch den Datenschutzerklärungs-Generator der DGD Deutsche Gesellschaft für Datenschutz GmbH, die als Externer Datenschutzbeauftragter Aschaffenburg tätig ist, in Kooperation mit dem Anwalt für IT- und Datenschutzrecht Christian Solmecke erstellt.",3297,3297,2,"[""https://www.anlagentechnik-leichtle.de/"", ""https://www.anlagentechnik-leichtle.de/über-uns/datenschutzerklärung""]","[""homepage"", ""products_services""]",True,high
c956bd4e-2b8a-4c48-8780-c187587f46b3,3,ANLAGENTECHNIK LEICHTLE GMBH,post_event,"Bei uns sind Sie richtig - egal ob es um Einbau, Reparatur oder Beratung zu Ihrer neuen Heizung geht! Kleine Modernisierung oder großer Umbau - wir machen Ihr Bad zur Wohlfühloase! Planen Sie, Ihre alte Heizung an das Fern -und Nahwärmenetz anzuschließen? Auch das übernehmen wir gerne - inkl. Förderungsantrag ( min. 30 % der Maximalfördersumme) - für Sie! Wir beraten Sie gerne vor Ort kostenlos und unverbindlich!! Wenn Sie mehr über unsere Leistungen und unseren Service erfahren wollen, nehmen Sie Kontakt mit uns auf! Bei Notfällen an Sonn- und Feiertagen: Der SHK Notdienst der Innung ist in der Augsburger Allgemeinen und in der Friedberger Allgemeinen, sowie im Internet unter SHK-Schwaben zu finden. Hier wechseln wir uns mit Kollegen beim Notdienst ab.

Datenschutzerklärung Wir freuen uns sehr über Ihr Interesse an unserem Unternehmen. Datenschutz hat einen besonders hohen Stellenwert für die Geschäftsleitung der Anlagen Technik Leichtle. Eine Nutzung der Internetseiten der Anlagen Technik Leichtle ist grundsätzlich ohne jede Angabe personenbezogener Daten möglich. Sofern eine betroffene Person besondere Services unseres Unternehmens über unsere Internetseite in Anspruch nehmen möchte, könnte jedoch eine Verarbeitung personenbezogener Daten erforderlich werden. Ist die Verarbeitung personenbezogener Daten erforderlich und besteht für eine solche Verarbeitung keine gesetzliche Grundlage, holen wir generell eine Einwilligung der betroffenen Person ein. Die Verarbeitung personenbezogener Daten, beispielsweise des Namens, der Anschrift, E-Mail-Adresse oder Telefonnummer einer betroffenen Person, erfolgt stets im Einklang mit der Datenschutz-Grundverordnung und in Übereinstimmung mit den für die Anlagen Technik Leichtle geltenden landesspezifischen Datenschutzbestimmungen. Mittels dieser Datenschutzerklärung möchte unser Unternehmen die Öffentlichkeit über Art, Umfang und Zweck der von uns erhobenen, genutzten und verarbeiteten personenbezogenen Daten informieren. Ferner werden betroffene Personen mittels dieser Datenschutzerklärung über die ihnen zustehenden Rechte aufgeklärt. Die Anlagen Technik Leichtle hat als für die Verarbeitung Verantwortlicher zahlreiche technische und organisatorische Maßnahmen umgesetzt, um einen möglichst lückenlosen Schutz der über diese Internetseite verarbeiteten personenbezogenen Daten sicherzustellen. Dennoch können Internetbasierte Datenübertragungen grundsätzlich Sicherheitslücken aufweisen, sodass ein absoluter Schutz nicht gewährleistet werden kann. Aus diesem Grund steht es jeder betroffenen Person frei, personenbezogene Daten auch auf alternativen Wegen, beispielsweise telefonisch, an uns zu übermitteln. Die Datenschutzerklärung der Anlagen Technik Leichtle beruht auf den Begrifflichkeiten, die durch den Europäischen Richtlinien- und Verordnungsgeber beim Erlass der Datenschutz-Grundverordnung (DS-GVO) verwendet wurden. Unsere Datenschutzerklärung soll sowohl für die Öffentlichkeit als auch für unsere Kunden und Geschäftspartner einfach lesbar und verständlich sein. Um dies zu gewährleisten, möchten wir vorab die verwendeten Begrifflichkeiten erläutern. Wir verwenden in dieser Datenschutzerklärung unter anderem die folgenden Begriffe: Personenbezogene Daten sind alle Informationen, die sich auf eine identifizierte oder identifizierbare natürliche Person (im Folgenden „betroffene Person“) beziehen. Als identifizierbar wird eine natürliche Person angesehen, die direkt oder indirekt, insbesondere mittels Zuordnung zu einer Kennung wie einem Namen, zu einer Kennnummer, zu Standortdaten, zu einer Online-Kennung oder zu einem oder mehreren besonderen Merkmalen, die Ausdruck der physischen, physiologischen, genetischen, psychischen, wirtschaftlichen, kulturellen oder sozialen Identität dieser natürlichen Person sind, identifiziert werden kann. Betroffene Person ist jede identifizierte oder identifizierbare natürliche Person, deren personenbezogene Daten von dem für die Verarbeitung Verantwortlichen verarbeitet werden. Verarbeitung ist jeder mit oder ohne Hilfe automatisierter Verfahren ausgeführte Vorgang oder jede solche Vorgangsreihe im Zusammenhang mit personenbezogenen Daten wie das Erheben, das Erfassen, die Organisation, das Ordnen, die Speicherung, die Anpassung oder Veränderung, das Auslesen, das Abfragen, die Verwendung, die Offenlegung durch Übermittlung, Verbreitung oder eine andere Form der Bereitstellung, den Abgleich oder die Verknüpfung, die Einschränkung, das Löschen oder die Vernichtung. Einschränkung der Verarbeitung ist die Markierung gespeicherter personenbezogener Daten mit dem Ziel, ihre künftige Verarbeitung einzuschränken. Profiling ist jede Art der automatisierten Verarbeitung personenbezogener Daten, die darin besteht, dass diese personenbezogenen Daten verwendet werden, um bestimmte persönliche Aspekte, die sich auf eine natürliche Person beziehen, zu bewerten, insbesondere, um Aspekte bezüglich Arbeitsleistung, wirtschaftlicher Lage, Gesundheit, persönlicher Vorlieben, Interessen, Zuverlässigkeit, Verhalten, Aufenthaltsort oder Ortswechsel dieser natürlichen Person zu analysieren oder vorherzusagen. Pseudonymisierung ist die Verarbeitung personenbezogener Daten in einer Weise, auf welche die personenbezogenen Daten ohne Hinzuziehung zusätzlicher Informationen nicht mehr einer spezifischen betroffenen Person zugeordnet werden können, sofern diese zusätzlichen Informationen gesondert aufbewahrt werden und technischen und organisatorischen Maßnahmen unterliegen, die gewährleisten, dass die personenbezogenen Daten nicht einer identifizierten oder identifizierbaren natürlichen Person zugewiesen werden. Verantwortlicher oder für die Verarbeitung Verantwortlicher ist die natürliche oder juristische Person, Behörde, Einrichtung oder andere Stelle, die allein oder gemeinsam mit anderen über die Zwecke und Mittel der Verarbeitung von personenbezogenen Daten entscheidet. Sind die Zwecke und Mittel dieser Verarbeitung durch das Unionsrecht oder das Recht der Mitgliedstaaten vorgegeben, so kann der Verantwortliche beziehungsweise können die bestimmten Kriterien seiner Benennung nach dem Unionsrecht oder dem Recht der Mitgliedstaaten vorgesehen werden. Auftragsverarbeiter ist eine natürliche oder juristische Person, Behörde, Einrichtung oder andere Stelle, die personenbezogene Daten im Auftrag des Verantwortlichen verarbeitet. Empfänger ist eine natürliche oder juristische Person, Behörde, Einrichtung oder andere Stelle, der personenbezogene Daten offengelegt werden, unabhängig davon, ob es sich bei ihr um einen Dritten handelt oder nicht. Behörden, die im Rahmen eines bestimmten Untersuchungsauftrags nach dem Unionsrecht oder dem Recht der Mitgliedstaaten möglicherweise personenbezogene Daten erhalten, gelten jedoch nicht als Empfänger. Dritter ist eine natürliche oder juristische Person, Behörde, Einrichtung oder andere Stelle außer der betroffenen Person, dem Verantwortlichen, dem Auftragsverarbeiter und den Personen, die unter der unmittelbaren Verantwortung des Verantwortlichen oder des Auftragsverarbeiters befugt sind, die personenbezogenen Daten zu verarbeiten. Einwilligung ist jede von der betroffenen Person freiwillig für den bestimmten Fall in informierter Weise und unmissverständlich abgegebene Willensbekundung in Form einer Erklärung oder einer sonstigen eindeutigen bestätigenden Handlung, mit der die betroffene Person zu verstehen gibt, dass sie mit der Verarbeitung der sie betreffenden personenbezogenen Daten einverstanden ist. Verantwortlicher im Sinne der Datenschutz-Grundverordnung, sonstiger in den Mitgliedstaaten der Europäischen Union geltenden Datenschutzgesetze und anderer Bestimmungen mit datenschutzrechtlichem Charakter ist die: Anlagen Technik Leichtle Im Oberdorf 1 86441 Zusmarshausen Deutschland Tel.: 082911359 E-Mail: mail@anlagentechnik-leichtle.de Website: www.anlagentechnik-leichtle.de Die Internetseite der Anlagen Technik Leichtle erfasst mit jedem Aufruf der Internetseite durch eine betroffene Person oder ein automatisiertes System eine Reihe von allgemeinen Daten und Informationen. Diese allgemeinen Daten und Informationen werden in den Logfiles des Servers gespeichert. Erfasst werden können die (1) verwendeten Browsertypen und Versionen, (2) das vom zugreifenden System verwendete Betriebssystem, (3) die Internetseite, von welcher ein zugreifendes System auf unsere Internetseite gelangt (sogenannte Referrer), (4) die Unterwebseiten, welche über ein zugreifendes System auf unserer Internetseite angesteuert werden, (5) das Datum und die Uhrzeit eines Zugriffs auf die Internetseite, (6) eine Internet-Protokoll-Adresse (IP-Adresse), (7) der Internet-Service-Provider des zugreifenden Systems und (8) sonstige ähnliche Daten und Informationen, die der Gefahrenabwehr im Falle von Angriffen auf unsere informationstechnologischen Systeme dienen. Bei der Nutzung dieser allgemeinen Daten und Informationen zieht die Anlagen Technik Leichtle keine Rückschlüsse auf die betroffene Person. Diese Informationen werden vielmehr benötigt, um (1) die Inhalte unserer Internetseite korrekt auszuliefern, (2) die Inhalte unserer Internetseite sowie die Werbung für diese zu optimieren, (3) die dauerhafte Funktionsfähigkeit unserer informationstechnologischen Systeme und der Technik unserer Internetseite zu gewährleisten sowie (4) um Strafverfolgungsbehörden im Falle eines Cyberangriffes die zur Strafverfolgung notwendigen Informationen bereitzustellen. Diese anonym erhobenen Daten und Informationen werden durch die Anlagen Technik Leichtle daher einerseits statistisch und ferner mit dem Ziel ausgewertet, den Datenschutz und die Datensicherheit in unserem Unternehmen zu erhöhen, um letztlich ein optimales Schutzniveau für die von uns verarbeiteten personenbezogenen Daten sicherzustellen. Die anonymen Daten der Server-Logfiles werden getrennt von allen durch eine betroffene Person angegebenen personenbezogenen Daten gespeichert. Die Internetseite der Anlagen Technik Leichtle enthält aufgrund von gesetzlichen Vorschriften Angaben, die eine schnelle elektronische Kontaktaufnahme zu unserem Unternehmen sowie eine unmittelbare Kommunikation mit uns ermöglichen, was ebenfalls eine allgemeine Adresse der sogenannten elektronischen Post (E-Mail-Adresse) umfasst. Sofern eine betroffene Person per E-Mail oder über ein Kontaktformular den Kontakt mit dem für die Verarbeitung Verantwortlichen aufnimmt, werden die von der betroffenen Person übermittelten personenbezogenen Daten automatisch gespeichert. Solche auf freiwilliger Basis von einer betroffenen Person an den für die Verarbeitung Verantwortlichen übermittelten personenbezogenen Daten werden für Zwecke der Bearbeitung oder der Kontaktaufnahme zur betroffenen Person gespeichert. Es erfolgt keine Weitergabe dieser personenbezogenen Daten an Dritte. Der für die Verarbeitung Verantwortliche verarbeitet und speichert personenbezogene Daten der betroffenen Person nur für den Zeitraum, der zur Erreichung des Speicherungszwecks erforderlich ist oder sofern dies durch den Europäischen Richtlinien- und Verordnungsgeber oder einen anderen Gesetzgeber in Gesetzen oder Vorschriften, welchen der für die Verarbeitung Verantwortliche unterliegt, vorgesehen wurde. Entfällt der Speicherungszweck oder läuft eine vom Europäischen Richtlinien- und Verordnungsgeber oder einem anderen zuständigen Gesetzgeber vorgeschriebene Speicherfrist ab, werden die personenbezogenen Daten routinemäßig und entsprechend den gesetzlichen Vorschriften gesperrt oder gelöscht. Jede betroffene Person hat das vom Europäischen Richtlinien- und Verordnungsgeber eingeräumte Recht, von dem für die Verarbeitung Verantwortlichen eine Bestätigung darüber zu verlangen, ob sie betreffende personenbezogene Daten verarbeitet werden. Möchte eine betroffene Person dieses Bestätigungsrecht in Anspruch nehmen, kann sie sich hierzu jederzeit an einen Mitarbeiter des für die Verarbeitung Verantwortlichen wenden. Jede von der Verarbeitung personenbezogener Daten betroffene Person hat das vom Europäischen Richtlinien- und Verordnungsgeber gewährte Recht, jederzeit von dem für die Verarbeitung Verantwortlichen unentgeltliche Auskunft über die zu seiner Person gespeicherten personenbezogenen Daten und eine Kopie dieser Auskunft zu erhalten. Ferner hat der Europäische Richtlinien- und Verordnungsgeber der betroffenen Person Auskunft über folgende Informationen zugestanden: < >die Verarbeitungszweckedie Kategorien personenbezogener Daten, die verarbeitet werdendie Empfänger oder Kategorien von Empfängern, gegenüber denen die personenbezogenen Daten offengelegt worden sind oder noch offengelegt werden, insbesondere bei Empfängern in Drittländern oder bei internationalen Organisationenfalls möglich die geplante Dauer, für die die personenbezogenen Daten gespeichert werden, oder, falls dies nicht möglich ist, die Kriterien für die Festlegung dieser Dauerdas Bestehen eines Rechts auf Berichtigung oder Löschung der sie betreffenden personenbezogenen Daten oder auf Einschränkung der Verarbeitung durch den Verantwortlichen oder eines Widerspruchsrechts gegen diese Verarbeitungdas Bestehen eines Beschwerderechts bei einer Aufsichtsbehördewenn die personenbezogenen Daten nicht bei der betroffenen Person erhoben werden: Alle verfügbaren Informationen über die Herkunft der Daten das Bestehen einer automatisierten Entscheidungsfindung einschließlich Profiling gemäß Artikel 22 Abs.1 und 4 DS-GVO und — zumindest in diesen Fällen — aussagekräftige Informationen über die involvierte Logik sowie die Tragweite und die angestrebten Auswirkungen einer derartigen Verarbeitung für die betroffene PersonJede von der Verarbeitung personenbezogener Daten betroffene Person hat das vom Europäischen Richtlinien- und Verordnungsgeber gewährte Recht, die unverzügliche Berichtigung sie betreffender unrichtiger personenbezogener Daten zu verlangen. Ferner steht der betroffenen Person das Recht zu, unter Berücksichtigung der Zwecke der Verarbeitung, die Vervollständigung unvollständiger personenbezogener Daten — auch mittels einer ergänzenden Erklärung — zu verlangen. Möchte eine betroffene Person dieses Berichtigungsrecht in Anspruch nehmen, kann sie sich hierzu jederzeit an einen Mitarbeiter des für die Verarbeitung Verantwortlichen wenden. Jede von der Verarbeitung personenbezogener Daten betroffene Person hat das vom Europäischen Richtlinien- und Verordnungsgeber gewährte Recht, von dem Verantwortlichen zu verlangen, dass die sie betreffenden personenbezogenen Daten unverzüglich gelöscht werden, sofern einer der folgenden Gründe zutrifft und soweit die Verarbeitung nicht erforderlich ist: < >Die personenbezogenen Daten wurden für solche Zwecke erhoben oder auf sonstige Weise verarbeitet, für welche sie nicht mehr notwendig sind.Die betroffene Person widerruft ihre Einwilligung, auf die sich die Verarbeitung gemäß Art. 6 Abs. 1 Buchstabe a DS-GVO oder Art. 9 Abs. 2 Buchstabe a DS-GVO stützte, und es fehlt an einer anderweitigen Rechtsgrundlage für die Verarbeitung.Die betroffene Person legt gemäß Art. 21 Abs. 1 DS-GVO Widerspruch gegen die Verarbeitung ein, und es liegen keine vorrangigen berechtigten Gründe für die Verarbeitung vor, oder die betroffene Person legt gemäß Art. 21 Abs. 2 DS-GVO Widerspruch gegen die Verarbeitung ein.Die personenbezogenen Daten wurden unrechtmäßig verarbeitet.Die Löschung der personenbezogenen Daten ist zur Erfüllung einer rechtlichen Verpflichtung nach dem Unionsrecht oder dem Recht der Mitgliedstaaten erforderlich, dem der Verantwortliche unterliegt.Die personenbezogenen Daten wurden in Bezug auf angebotene Dienste der Informationsgesellschaft gemäß Art. 8 Abs. 1 DS-GVO erhoben.Jede von der Verarbeitung personenbezogener Daten betroffene Person hat das vom Europäischen Richtlinien- und Verordnungsgeber gewährte Recht, von dem Verantwortlichen die Einschränkung der Verarbeitung zu verlangen, wenn eine der folgenden Voraussetzungen gegeben ist: < >Die Richtigkeit der personenbezogenen Daten wird von der betroffenen Person bestritten, und zwar für eine Dauer, die es dem Verantwortlichen ermöglicht, die Richtigkeit der personenbezogenen Daten zu überprüfen.Die Verarbeitung ist unrechtmäßig, die betroffene Person lehnt die Löschung der personenbezogenen Daten ab und verlangt stattdessen die Einschränkung der Nutzung der personenbezogenen Daten.Der Verantwortliche benötigt die personenbezogenen Daten für die Zwecke der Verarbeitung nicht länger, die betroffene Person benötigt sie jedoch zur Geltendmachung, Ausübung oder Verteidigung von Rechtsansprüchen.Die betroffene Person hat Widerspruch gegen die Verarbeitung gem. Art. 21 Abs. 1 DS-GVO eingelegt und es steht noch nicht fest, ob die berechtigten Gründe des Verantwortlichen gegenüber denen der betroffenen Person überwiegen.Jede von der Verarbeitung personenbezogener Daten betroffene Person hat das vom Europäischen Richtlinien- und Verordnungsgeber gewährte Recht, die sie betreffenden personenbezogenen Daten, welche durch die betroffene Person einem Verantwortlichen bereitgestellt wurden, in einem strukturierten, gängigen und maschinenlesbaren Format zu erhalten. Sie hat außerdem das Recht, diese Daten einem anderen Verantwortlichen ohne Behinderung durch den Verantwortlichen, dem die personenbezogenen Daten bereitgestellt wurden, zu übermitteln, sofern die Verarbeitung auf der Einwilligung gemäß Art. 6 Abs. 1 Buchstabe a DS-GVO oder Art. 9 Abs. 2 Buchstabe a DS-GVO oder auf einem Vertrag gemäß Art. 6 Abs. 1 Buchstabe b DS-GVO beruht und die Verarbeitung mithilfe automatisierter Verfahren erfolgt, sofern die Verarbeitung nicht für die Wahrnehmung einer Aufgabe erforderlich ist, die im öffentlichen Interesse liegt oder in Ausübung öffentlicher Gewalt erfolgt, welche dem Verantwortlichen übertragen wurde. Ferner hat die betroffene Person bei der Ausübung ihres Rechts auf Datenübertragbarkeit gemäß Art. 20 Abs. 1 DS-GVO das Recht, zu erwirken, dass die personenbezogenen Daten direkt von einem Verantwortlichen an einen anderen Verantwortlichen übermittelt werden, soweit dies technisch machbar ist und sofern hiervon nicht die Rechte und Freiheiten anderer Personen beeinträchtigt werden. Zur Geltendmachung des Rechts auf Datenübertragbarkeit kann sich die betroffene Person jederzeit an einen Mitarbeiter der Anlagen Technik Leichtle wenden. Jede von der Verarbeitung personenbezogener Daten betroffene Person hat das vom Europäischen Richtlinien- und Verordnungsgeber gewährte Recht, aus Gründen, die sich aus ihrer besonderen Situation ergeben, jederzeit gegen die Verarbeitung sie betreffender personenbezogener Daten, die aufgrund von Art. 6 Abs. 1 Buchstaben e oder f DS-GVO erfolgt, Widerspruch einzulegen. Dies gilt auch für ein auf diese Bestimmungen gestütztes Profiling. Die Anlagen Technik Leichtle verarbeitet die personenbezogenen Daten im Falle des Widerspruchs nicht mehr, es sei denn, wir können zwingende schutzwürdige Gründe für die Verarbeitung nachweisen, die den Interessen, Rechten und Freiheiten der betroffenen Person überwiegen, oder die Verarbeitung dient der Geltendmachung, Ausübung oder Verteidigung von Rechtsansprüchen. Verarbeitet die Anlagen Technik Leichtle personenbezogene Daten, um Direktwerbung zu betreiben, so hat die betroffene Person das Recht, jederzeit Widerspruch gegen die Verarbeitung der personenbezogenen Daten zum Zwecke derartiger Werbung einzulegen. Dies gilt auch für das Profiling, soweit es mit solcher Direktwerbung in Verbindung steht. Widerspricht die betroffene Person gegenüber der Anlagen Technik Leichtle der Verarbeitung für Zwecke der Direktwerbung, so wird die Anlagen Technik Leichtle die personenbezogenen Daten nicht mehr für diese Zwecke verarbeiten. Zudem hat die betroffene Person das Recht, aus Gründen, die sich aus ihrer besonderen Situation ergeben, gegen die sie betreffende Verarbeitung personenbezogener Daten, die bei der Anlagen Technik Leichtle zu wissenschaftlichen oder historischen Forschungszwecken oder zu statistischen Zwecken gemäß Art. 89 Abs. 1 DS-GVO erfolgen, Widerspruch einzulegen, es sei denn, eine solche Verarbeitung ist zur Erfüllung einer im öffentlichen Interesse liegenden Aufgabe erforderlich. Zur Ausübung des Rechts auf Widerspruch kann sich die betroffene Person direkt jeden Mitarbeiter der Anlagen Technik Leichtle oder einen anderen Mitarbeiter wenden. Der betroffenen Person steht es ferner frei, im Zusammenhang mit der Nutzung von Diensten der Informationsgesellschaft, ungeachtet der Richtlinie 2002/58/EG, ihr Widerspruchsrecht mittels automatisierter Verfahren auszuüben, bei denen technische Spezifikationen verwendet werden. Jede von der Verarbeitung personenbezogener Daten betroffene Person hat das vom Europäischen Richtlinien- und Verordnungsgeber gewährte Recht, nicht einer ausschließlich auf einer automatisierten Verarbeitung — einschließlich Profiling — beruhenden Entscheidung unterworfen zu werden, die ihr gegenüber rechtliche Wirkung entfaltet oder sie in ähnlicher Weise erheblich beeinträchtigt, sofern die Entscheidung (1) nicht für den Abschluss oder die Erfüllung eines Vertrags zwischen der betroffenen Person und dem Verantwortlichen erforderlich ist, oder (2) aufgrund von Rechtsvorschriften der Union oder der Mitgliedstaaten, denen der Verantwortliche unterliegt, zulässig ist und diese Rechtsvorschriften angemessene Maßnahmen zur Wahrung der Rechte und Freiheiten sowie der berechtigten Interessen der betroffenen Person enthalten oder (3) mit ausdrücklicher Einwilligung der betroffenen Person erfolgt. Ist die Entscheidung (1) für den Abschluss oder die Erfüllung eines Vertrags zwischen der betroffenen Person und dem Verantwortlichen erforderlich oder (2) erfolgt sie mit ausdrücklicher Einwilligung der betroffenen Person, trifft die Anlagen Technik Leichtle angemessene Maßnahmen, um die Rechte und Freiheiten sowie die berechtigten Interessen der betroffenen Person zu wahren, wozu mindestens das Recht auf Erwirkung des Eingreifens einer Person seitens des Verantwortlichen, auf Darlegung des eigenen Standpunkts und auf Anfechtung der Entscheidung gehört. Möchte die betroffene Person Rechte mit Bezug auf automatisierte Entscheidungen geltend machen, kann sie sich hierzu jederzeit an einen Mitarbeiter des für die Verarbeitung Verantwortlichen wenden. Jede von der Verarbeitung personenbezogener Daten betroffene Person hat das vom Europäischen Richtlinien- und Verordnungsgeber gewährte Recht, eine Einwilligung zur Verarbeitung personenbezogener Daten jederzeit zu widerrufen. Möchte die betroffene Person ihr Recht auf Widerruf einer Einwilligung geltend machen, kann sie sich hierzu jederzeit an einen Mitarbeiter des für die Verarbeitung Verantwortlichen wenden. Art. 6 I lit. a DS-GVO dient unserem Unternehmen als Rechtsgrundlage für Verarbeitungsvorgänge, bei denen wir eine Einwilligung für einen bestimmten Verarbeitungszweck einholen. Ist die Verarbeitung personenbezogener Daten zur Erfüllung eines Vertrags, dessen Vertragspartei die betroffene Person ist, erforderlich, wie dies beispielsweise bei Verarbeitungsvorgängen der Fall ist, die für eine Lieferung von Waren oder die Erbringung einer sonstigen Leistung oder Gegenleistung notwendig sind, so beruht die Verarbeitung auf Art. 6 I lit. b DS-GVO. Gleiches gilt für solche Verarbeitungsvorgänge die zur Durchführung vorvertraglicher Maßnahmen erforderlich sind, etwa in Fällen von Anfragen zur unseren Produkten oder Leistungen. Unterliegt unser Unternehmen einer rechtlichen Verpflichtung durch welche eine Verarbeitung von personenbezogenen Daten erforderlich wird, wie beispielsweise zur Erfüllung steuerlicher Pflichten, so basiert die Verarbeitung auf Art. 6 I lit. c DS-GVO. In seltenen Fällen könnte die Verarbeitung von personenbezogenen Daten erforderlich werden, um lebenswichtige Interessen der betroffenen Person oder einer anderen natürlichen Person zu schützen. Dies wäre beispielsweise der Fall, wenn ein Besucher in unserem Betrieb verletzt werden würde und daraufhin sein Name, sein Alter, seine Krankenkassendaten oder sonstige lebenswichtige Informationen an einen Arzt, ein Krankenhaus oder sonstige Dritte weitergegeben werden müssten. Dann würde die Verarbeitung auf Art. 6 I lit. d DS-GVO beruhen. Letztlich könnten Verarbeitungsvorgänge auf Art. 6 I lit. f DS-GVO beruhen. Auf dieser Rechtsgrundlage basieren Verarbeitungsvorgänge, die von keiner der vorgenannten Rechtsgrundlagen erfasst werden, wenn die Verarbeitung zur Wahrung eines berechtigten Interesses unseres Unternehmens oder eines Dritten erforderlich ist, sofern die Interessen, Grundrechte und Grundfreiheiten des Betroffenen nicht überwiegen. Solche Verarbeitungsvorgänge sind uns insbesondere deshalb gestattet, weil sie durch den Europäischen Gesetzgeber besonders erwähnt wurden. Er vertrat insoweit die Auffassung, dass ein berechtigtes Interesse anzunehmen sein könnte, wenn die betroffene Person ein Kunde des Verantwortlichen ist (Erwägungsgrund 47 Satz 2 DS-GVO). Basiert die Verarbeitung personenbezogener Daten auf Artikel 6 I lit. f DS-GVO ist unser berechtigtes Interesse die Durchführung unserer Geschäftstätigkeit zugunsten des Wohlergehens all unserer Mitarbeiter und unserer Anteilseigner. Das Kriterium für die Dauer der Speicherung von personenbezogenen Daten ist die jeweilige gesetzliche Aufbewahrungsfrist. Nach Ablauf der Frist werden die entsprechenden Daten routinemäßig gelöscht, sofern sie nicht mehr zur Vertragserfüllung oder Vertragsanbahnung erforderlich sind. Wir klären Sie darüber auf, dass die Bereitstellung personenbezogener Daten zum Teil gesetzlich vorgeschrieben ist (z.B. Steuervorschriften) oder sich auch aus vertraglichen Regelungen (z.B. Angaben zum Vertragspartner) ergeben kann. Mitunter kann es zu einem Vertragsschluss erforderlich sein, dass eine betroffene Person uns personenbezogene Daten zur Verfügung stellt, die in der Folge durch uns verarbeitet werden müssen. Die betroffene Person ist beispielsweise verpflichtet uns personenbezogene Daten bereitzustellen, wenn unser Unternehmen mit ihr einen Vertrag abschließt. Eine Nichtbereitstellung der personenbezogenen Daten hätte zur Folge, dass der Vertrag mit dem Betroffenen nicht geschlossen werden könnte. Vor einer Bereitstellung personenbezogener Daten durch den Betroffenen muss sich der Betroffene an einen unserer Mitarbeiter wenden. Unser Mitarbeiter klärt den Betroffenen einzelfallbezogen darüber auf, ob die Bereitstellung der personenbezogenen Daten gesetzlich oder vertraglich vorgeschrieben oder für den Vertragsabschluss erforderlich ist, ob eine Verpflichtung besteht, die personenbezogenen Daten bereitzustellen, und welche Folgen die Nichtbereitstellung der personenbezogenen Daten hätte. Als verantwortungsbewusstes Unternehmen verzichten wir auf eine automatische Entscheidungsfindung oder ein Profiling. Diese Datenschutzerklärung wurde durch den Datenschutzerklärungs-Generator der DGD Deutsche Gesellschaft für Datenschutz GmbH, die als Externer Datenschutzbeauftragter Aschaffenburg tätig ist, in Kooperation mit dem Anwalt für IT- und Datenschutzrecht Christian Solmecke erstellt. Allgemeine Geschäftsbedingungen",3392,3392,2,"[""https://www.anlagentechnik-leichtle.de/"", ""https://www.anlagentechnik-leichtle.de/über-uns/datenschutzerklärung""]","[""homepage"", ""products_services""]",True,high
c956bd4e-2b8a-4c48-8780-c187587f46b3,4,MYRENNE GMBH,pre_pre_event,Home Kontakt Entwicklung Fertigung Montage Produkte Qualität Ausstellungen Logistik Historie Referenzen Anfahrt Impressum myrenne gmbh spezialmaschinen + apparatebau Wir hei�en Sie auf unserer Homepage herzlich Willkommen! Internet Explorer ab Version 5.5 Netscape ab Version 7,36,36,1,"[""http://www.myrenne.com/""]","[""homepage""]",False,ineligible
c956bd4e-2b8a-4c48-8780-c187587f46b3,4,MYRENNE GMBH,pre_event,"Startseite > Anfahrt Aktuelles | Kontakt | Leistungen | Produkte | Qualität Startseite Über uns Qualität Materiallager Referenzen Soziale Projekte Logistik Anfahrt Historie Leistungen Produkte Fertigungsverfahren Veranstaltungen Ausbildung Auf der Karte können Sie erkennen, wo unser Unternehmen zu finden ist. Mit gedrückter linker Maustaste lässt sich der Kartenausschnitt verschieben und mit dem Mausrad (oder wahlweise den <+-> Tasten links oben) ist der Zoomfaktor einstellbar. Leider sind hier keine Bilder verfügbar. Nutzungsbedingungen Karte Satellit Earth Unsere Adresse lautet: Myrenne GmbH Vennhorn 7 52159 Roetgen An dieser Stelle können Sie bequem Ihre persönliche Anfahrtsbeschreibung abfragen. Bitte geben Sie dazu Ihre Startadresse ein. Es öffnet sich daraufhin ein neues Fenster, welches Ihnen Ihre Route sowie die Routenbeschreibung anzeigt. Falls die automatischen Routing-Funktionen nicht funktionieren oder Sie diese nicht nutzen möchten, finden Sie hier eine einfache Beschreibung: am AB-Kreuz Aachen A44 Richtung Lüttich / Liège Abfahrt Lichtenbusch links abbiegen Richtung Monschau geradeaus bis zur T-Kreuzung dort rechts abbiegen Richtung Monschau geradeaus bis Roetgen hinter Ortseingangsschild 1. Straße rechts direkt die 1. Straße wieder rechts bis zum Wendehammer durchfahren linke Seite: Vennhorn 7 Stellenangebote | Referenzen | Anfahrt | Impressum | Sitemap

Anfahrt Auf der Karte können Sie erkennen, wo unser Unternehmen zu finden ist. Mit gedrückter linker Maustaste lässt sich der Kartenausschnitt verschieben und mit dem Mausrad (oder wahlweise den <+-> Tasten links oben) ist der Zoomfaktor einstellbar. JavaScript must be enabled in order for you to use Google Maps. However, it seems JavaScript is either disabled or not supported by your browser. To view Google Maps, enable JavaScript by changing your browser options, and then try again. Unsere Adresse lautet: Myrenne GmbH Vennhorn 7 52159 Roetgen An dieser Stelle können Sie bequem Ihre persönliche Anfahrtsbeschreibung abfragen. Bitte geben Sie dazu Ihre Startadresse ein. Es öffnet sich daraufhin ein neues Fenster, welches Ihnen Ihre Route sowie die Routenbeschreibung anzeigt. Falls die automatischen Routing-Funktionen nicht funktionieren oder Sie diese nicht nutzen möchten, finden Sie hier eine einfache Beschreibung: am AB-Kreuz Aachen A44 Richtung Lüttich / Liège Abfahrt Lichtenbusch links abbiegen Richtung Monschau geradeaus bis zur T-Kreuzung dort rechts abbiegen Richtung Monschau geradeaus bis Roetgen hinter Ortseingangsschild 1. Straße rechts direkt die 1. Straße wieder rechts bis zum Wendehammer durchfahren linke Seite: Vennhorn 7

Startseite > Impressum Aktuelles | Kontakt | Leistungen | Produkte | Qualität Startseite Über uns Leistungen Produkte Fertigungsverfahren Veranstaltungen Ausbildung Myrenne GmbH Vennhorn 7 52159 Roetgen Deutschland 02471-1212-0 02471-1212-12 www.myrenne.com info@myrenne.com Kontaktformular anzeigen Rechtliche Angaben Geschäftsführerin: Bärbel Myrenne USt.ID.nr. gemäß § 27 a Umsatzsteuergesetz: DE 121 736 658 Registergericht: Amtsgericht Aachen Registernummer: HRB 1346 Weitere Informationen Allgemeine Geschäftsbedingungen anzeigen Haftungshinweise (Disclaimer) anzeigen Trotz sorgfältiger inhaltlicher Kontrolle übernehmen wir keine Haftung für die Inhalte externer Links. Für den Inhalt der verlinkten Seiten sind ausschließlich deren Betreiber verantwortlich. Alle hier verwendeten Namen, Begriffe, Zeichen und Grafiken können Marken- oder Warenzeichen im Besitze ihrer rechtlichen Eigentümer sein. Die Rechte aller erwähnten und benutzten Marken- und Warenzeichen liegen ausschließlich bei deren Besitzern. Stellenangebote | Referenzen | Anfahrt | Impressum | Sitemap

Impressum Myrenne GmbH Vennhorn 7 52159 Roetgen Deutschland 02471-1212-0 02471-1212-12 www.myrenne.com Diese E-Mail-Adresse ist gegen Spambots geschützt! JavaScript muss aktiviert werden, damit sie angezeigt werden kann. Kontaktformular anzeigen Rechtliche Angaben Geschäftsführerin: Bärbel Myrenne USt.ID.nr. gemäß § 27 a Umsatzsteuergesetz: DE 121 736 658 Registergericht: Amtsgericht Aachen Registernummer: HRB 1346 Weitere Informationen Allgemeine Geschäftsbedingungen anzeigen Haftungshinweise (Disclaimer) anzeigen Trotz sorgfältiger inhaltlicher Kontrolle übernehmen wir keine Haftung für die Inhalte externer Links. Für den Inhalt der verlinkten Seiten sind ausschließlich deren Betreiber verantwortlich. Alle hier verwendeten Namen, Begriffe, Zeichen und Grafiken können Marken- oder Warenzeichen im Besitze ihrer rechtlichen Eigentümer sein. Die Rechte aller erwähnten und benutzten Marken- und Warenzeichen liegen ausschließlich bei deren Besitzern.

Startseite > Qualität Aktuelles | Kontakt | Leistungen | Produkte | Qualität Startseite Über uns Qualität Materiallager Referenzen Logistik Anfahrt Historie Leistungen Produkte Fertigungsverfahren Ausstellungen Ausbildung ﻿ Zertifikat Die Sicherstellung einer hervorragenden Qualität unserer Produkte und Dienstleistungen ist bei uns das oberste Ziel. Dazu haben wir ein Qualitätsmanagementsystem ausgearbeitet und eingeführt, das uns bei der Erfüllung dieses Ziels unterstützt. Seit März 2000 ist unser Qualitätsmanagementsystem nach ISO 9001 zertifiziert. In jährlichen Überwachungsaudits durch die LRQA (Lloyd's Register Quality Assurance) wird die fortdauernde Wirksamkeit unseres Systems nachgewiesen. Auf Wunsch stellen wir Ihnen gerne unser QM-Handbuch zur Verfügung, damit Sie nachvollziehen können, auf welche Weise wir unsere gute Qualität sicherstellen. Messen Zur Sicherstellung der Qualität unserer Produkte verfügen wir über moderne Messeinrichtungen, wie z.B. unsere 3D-Koordinaten-Messmaschine mit Scanning-Funktion: CNC gesteuert, max. x 505 mm / y 705 mm / z 405 mm Außerdem stehen uns folgende Messmöglichkeiten zur Verfügung: 3D-Auftragsmessungen berührungsloses Messsystem mit geometrischem Messrechner Schichtdickenmessung Shorehärteprüfung Oberflächenrauheitsbestimmung Werksprotokolle Werkzeugvoreinstellgerät Für zuverlässige Messungen haben wir einen separaten Messraum eingerichtet (36m²), der abgeschirmt vom Betrieb der Fertigung ein ruhiges und konzentriertes Arbeiten ermöglicht. Qualitätskontrolle Qualitätskontrolle während der Fertigung: Schaltendes 3D-Funkmesssystem Laserwerkzeug- und Werkstückvermessung kalibrierte Messwerkzeuge und Lehren: in der Produktion und Endkontrolle Prüfen Prüfverfahren für Rohmaterial und Fertigteile Weiterbildung Zukunftsorientierte Mitarbeiterentwicklung Durch regelmäßige interne und externe Schulungen unserer Mitarbeiter erweitern wir unser Know-How. Dabei steht die Anforderung im Vordergrund, ständig über technische Entwicklungen in unserem Bereich auf dem laufenden zu bleiben und den Mitarbeitern höchstmögliche Kompetenz zu ermöglichen. Stellenangebote | Referenzen | Anfahrt | Sitemap | Impressum

Startseite > Referenzen Aktuelles | Kontakt | Leistungen | Produkte | Qualität Startseite Über uns Qualität Materiallager Referenzen Soziale Projekte Logistik Anfahrt Historie Leistungen Produkte Fertigungsverfahren Veranstaltungen Ausbildung Hier sehen Sie einige unserer bekanntesten Kunden: Carl Schenck AG MAN Nutzfahrzeuge AG Robert Bosch GmbH Philips Deutschland GmbH Bayer AG Fresenius SE BAM Bundesanstalt für Materialforschung und -prüfung BYK-Chemie GmbH DSA - Daten- und Systemtechnik GmbH Romika Shoes GmbH Daimler AG: Mercedes Benz Fraunhofer-Gesellschaft zur Förderung der angewandten Forschung e.V. BASF SE Ford Motor Company Institut für Kunststoffverarbeitung an der RWTH Aachen AMEPA Angewandte Messtechnik und Prozessautomatisierung GmbH Quality Automation GmbH Volvo Car Germany GmbH Dürr AG Sanofi-Aventis Deutschland GmbH Gates Corporation Stellenangebote | Referenzen | Anfahrt | Impressum | Sitemap

Startseite > Sitemap Aktuelles | Kontakt | Leistungen | Produkte | Qualität Startseite Über uns Leistungen Produkte Fertigungsverfahren Veranstaltungen Ausbildung Sitemap Startseite Über uns Qualität Zertifikat Messen Qualitätskontrolle Prüfen Weiterbildung Materiallager Materiallager Referenzen Soziale Projekte Ein Pavillon für den Seismik-Globus Logistik Logistik Anfahrt Historie Zertifikat Messen Qualitätskontrolle Prüfen Weiterbildung Materiallager Logistik Ein Pavillon für den Seismik-Globus Leistungen Gesamtlösungen Gesamtlösungen Konstruktion & Entwicklung Konstruktion & Entwicklung 3D-Modelle 3D-Modelle Fertigung Fertigung Montage Montage Prüfungen Gesamtlösungen Fertigung Montage Partner Verschiedene 3D-Modelle Konstruktion & Entwicklung Produkte Autoindustrie ICP (Funkstromzange) MFT (Multifunktionstester) Medizintechnik Rheodyn SSD MA1 Prüfgeräte ATM3 (Torsionsmessung) SP1 (Schuhprüfung) 3D-Prototypen Verschiedenes Hufschemel Sondermaschinen Ersatzteile Rheodyn SSD MA1 Sondermaschinen Hufschemel Ersatzteile ICP (Funkstromzange) MFT (Multifunktionstester) ATM3 (Torsionsmessung) SP1 (Schuhprüfung) Fertigungsverfahren Drehen Drehen Fräsen Fräsen Lackieren Lackieren Sägen Sägen Schleifen Schleifen Schweissen Schweissen Drehen Fräsen Sägen Lackieren Schweissen Schleifen Veranstaltungen Euromold Bondingmesse Aachen Zukunftsinitiative Eifel Ausbildungstag Girls Day Ausbildung Ausbildungsberufe Kopfmenü Aktuelles Schüler-Rennteam gewinnt Deutsche Meisterschaft Neuer Internetauftritt Kontakt Leistungen Gesamtlösungen Konstruktion & Entwicklung 3D-Modelle Montage Partner Verschiedene Fertigung Produkte Rheodyn SSD MA1 Sondermaschinen Hufschemel Ersatzteile ICP (Funkstromzange) MFT (Multifunktionstester) ATM3 (Torsionsmessung) SP1 (Schuhprüfung) Qualität Zertifikat Messen Qualitätskontrolle Prüfen Weiterbildung Fussmenü Stellenangebote CNC-Fräser (m/w) Referenzen Anfahrt Impressum Sitemap Powered by Xmap! Stellenangebote | Referenzen | Anfahrt | Impressum | Sitemap

Startseite Aktuelles | Kontakt | Leistungen | Produkte | Qualität Über uns Leistungen Produkte Fertigungsverfahren Veranstaltungen Ausbildung Wir bieten Gesamtlösungen im Maschinenbau Als mittelständisches Unternehmen im Raum Aachen/Eifel bieten wir Ihnen Gesamtlösungen im Maschinenbau. Von der Produktidee bis zur Auslieferung des fertigen Produkts bekommen Sie bei uns alles aus einer Hand. Sollten Sie lediglich einen Spezialisten für die Fertigung Ihrer Produkte suchen, sind Sie bei uns ebenfalls an der richtigen Adresse. Wir bieten Ihnen alle gängigen Fertigungsverfahren in höchster Qualität. Alle Ansprechpartner stehen Ihnen hier gerne zur Verfügung. Wir freuen uns auf Ihre Anfrage. Ihr Team der Myrenne GmbH Stellenangebote | Referenzen | Anfahrt | Impressum | Sitemap

Startseite > Stellenangebote Aktuelles | Kontakt | Leistungen | Produkte | Qualität Startseite Über uns Leistungen Produkte Fertigungsverfahren Veranstaltungen Ausbildung CNC-Fräser (m/w) Wir suchen für sofort oder später einen erfahrenen und verantwortungsbewussten CNC-Fräser (m/w) mit Heidenhain-Steuerungs-Kenntnissen, der nach kurzer Einarbeitungszeit die ihm übertragenen Arbeiten selbständig durchführen kann. Bewerbungsschreiben mit Zeugnissen und Lebenslauf nur schriftlich an myrenne gmbh Spezialmaschinen & Apparatebau Vennhorn 7 D-52159 Roetgen Stellenangebote | Referenzen | Anfahrt | Impressum | Sitemap

﻿ Über uns Zertifikat Die Sicherstellung einer hervorragenden Qualität unserer Produkte und Dienstleistungen ist bei uns das oberste Ziel. Dazu haben wir ein Qualitätsmanagementsystem ausgearbeitet und eingeführt, das uns bei der Erfüllung dieses Ziels unterstützt. Seit März 2000 ist unser Qualitätsmanagementsystem nach ISO 9001 zertifiziert. In jährlichen Überwachungsaudits durch die LRQA (Lloyd's Register Quality Assurance) wird die fortdauernde Wirksamkeit unseres Systems nachgewiesen. Auf Wunsch stellen wir Ihnen gerne unser QM-Handbuch zur Verfügung, damit Sie nachvollziehen können, auf welche Weise wir unsere gute Qualität sicherstellen. Messen Zur Sicherstellung der Qualität unserer Produkte verfügen wir über moderne Messeinrichtungen, wie z.B. unsere 3D-Koordinaten-Messmaschine mit Scanning-Funktion: CNC gesteuert, max. x 505 mm / y 705 mm / z 405 mm Außerdem stehen uns folgende Messmöglichkeiten zur Verfügung: 3D-Auftragsmessungen berührungsloses Messsystem mit geometrischem Messrechner Schichtdickenmessung Shorehärteprüfung Oberflächenrauheitsbestimmung Werksprotokolle Werkzeugvoreinstellgerät Für zuverlässige Messungen haben wir einen separaten Messraum eingerichtet (36m²), der abgeschirmt vom Betrieb der Fertigung ein ruhiges und konzentriertes Arbeiten ermöglicht. Qualitätskontrolle Qualitätskontrolle während der Fertigung: Schaltendes 3D-Funkmesssystem Laserwerkzeug- und Werkstückvermessung kalibrierte Messwerkzeuge und Lehren: in der Produktion und Endkontrolle Prüfen Für die von uns verwendeten Rohmaterialien und Fertigteile stehen uns bei Bedarf folgende Prüfverfahren zur Verfügung: Röntgenprüfung Ultraschallprüfung Heliumlecktest für druckdichte Bauteile und Baugruppen Weiterbildung Zukunftsorientierte Mitarbeiterentwicklung Durch regelmäßige interne und externe Schulungen unserer Mitarbeiter erweitern wir unser Know-How. Dabei steht die Anforderung im Vordergrund, ständig über technische Entwicklungen in unserem Bereich auf dem laufenden zu bleiben und den Mitarbeitern höchstmögliche Kompetenz zu ermöglichen. Materiallager In unserem 400m² großen Materiallager halten wir alle gängigen Werkstoffe in verschiedensten Größen für Sie bereit. Hier eine Auswahl unserer ständig verfügbaren Werkstoffe: Stähle: 1.4305, 1.4301, St37-52, … Aluminiumlegierungen: AlMgCuZn1,5 AlMg4,5Mn, AlMgCuPb, AlMgSi0,5, ... Kunststoffe: PETP, PP, POM, PA, PVC, PEEK, HS25, Semitron … Nichteisenmetalle: Cu, CuZn40Pb2, RG … Referenzen Hier sehen Sie einige unserer bekanntesten Kunden: Carl Schenck AG MAN Nutzfahrzeuge AG Robert Bosch GmbH Philips Deutschland GmbH Bayer AG Fresenius SE BAM Bundesanstalt für Materialforschung und -prüfung BYK-Chemie GmbH DSA - Daten- und Systemtechnik GmbH Romika Shoes GmbH Daimler AG: Mercedes Benz Fraunhofer-Gesellschaft zur Förderung der angewandten Forschung e.V. BASF SE Ford Motor Company Institut für Kunststoffverarbeitung an der RWTH Aachen AMEPA Angewandte Messtechnik und Prozessautomatisierung GmbH Quality Automation GmbH Volvo Car Germany GmbH Dürr AG Sanofi-Aventis Deutschland GmbH Gates Corporation Logistik Fuhrpark Zu unserem Fuhrpark zählen mehrere Kleintransporter, um bei Bedarf die umgehende Belieferung unserer Kunden zu gewährleisten. Paketzustellung und Speditionen Wir liefern auf Wunsch über alle gängigen Paketdienste (UPS, TNT, ...). Größere Transporte organisieren wir mittels zuverlässiger Speditionen national und international inklusive der Erledigung von Formalitäten und Verzollung. Historie 11.11.1976 Gründung der Myrenne GmbH durch Heinz und Bärbel Myrenne. Nov. 1988 Umzug in das neu errichtete Betriebsgebäude im Gewerbegebiet Roetgen mit 216 m² Bürofläche, Personalräumen sowie 432 m² Produktionsfläche, ca. 20 Mitarbeiter Nov. 1997 Fertigstellung der Erweiterung des Betriebsgebäudes um 612 m² März 2000 Zertifiziert nach DIN ISO EN 9001. Jan. 2001 Fertigstellung des neuen Hallenanbaus für die Produktionsabteilung (1872 m²), ca. 30 Mitarbeiter. Nov. 2001 25-jähriges Bestehen der Myrenne GmbH März 2005 Erweiterung des Materiallagers auf insgesamt 400m² Juni 2006 Anbau eines Messraums für die Qualitätskontrolle (90m²), 34 Mitarbeiter Anfahrt Auf der Karte können Sie erkennen, wo unser Unternehmen zu finden ist. Mit gedrückter linker Maustaste lässt sich der Kartenausschnitt verschieben und mit dem Mausrad (oder wahlweise den <+-> Tasten links oben) ist der Zoomfaktor einstellbar. JavaScript must be enabled in order for you to use Google Maps. However, it seems JavaScript is either disabled or not supported by your browser. To view Google Maps, enable JavaScript by changing your browser options, and then try again. Unsere Adresse lautet: Myrenne GmbH Vennhorn 7 52159 Roetgen An dieser Stelle können Sie bequem Ihre persönliche Anfahrtsbeschreibung abfragen. Bitte geben Sie dazu Ihre Startadresse ein. Es öffnet sich daraufhin ein neues Fenster, welches Ihnen Ihre Route sowie die Routenbeschreibung anzeigt. Falls die automatischen Routing-Funktionen nicht funktionieren oder Sie diese nicht nutzen möchten, finden Sie hier eine einfache Beschreibung: am AB-Kreuz Aachen A44 Richtung Lüttich / Liège Abfahrt Lichtenbusch links abbiegen Richtung Monschau geradeaus bis zur T-Kreuzung dort rechts abbiegen Richtung Monschau geradeaus bis Roetgen hinter Ortseingangsschild 1. Straße rechts direkt die 1. Straße wieder rechts bis zum Wendehammer durchfahren linke Seite: Vennhorn 7 Ein Pavillon für den Seismik-Globus In einer interessanten Aktion bauten die Schüler der Seismik-AG des St. Michael-Gymnasiums Monschau einen mannshohen Globus, der die Grenzen der tektonischen Platten, sowie die Ausbreitung von Erdbeben im Inneren der Erde darstellt. Der Glaspavillon, in dem der Globus seinen Platz gefunden hat, ist unser Beitrag zu diesem bemerkenswerten Projekt. Weitere Informationen zum Bau des Globus haben die beteiligten Schüler in zwei Flyern zusammengestellt, die Sie hier herunterladen können: Bau Seismik-Globus Globus im Haus bei Nacht

﻿ Über uns Zertifikat Die Sicherstellung einer hervorragenden Qualität unserer Produkte und Dienstleistungen ist bei uns das oberste Ziel. Dazu haben wir ein Qualitätsmanagementsystem ausgearbeitet und eingeführt, das uns bei der Erfüllung dieses Ziels unterstützt. Seit März 2000 ist unser Qualitätsmanagementsystem nach ISO 9001 zertifiziert. In jährlichen Überwachungsaudits durch die LRQA (Lloyd's Register Quality Assurance) wird die fortdauernde Wirksamkeit unseres Systems nachgewiesen. Auf Wunsch stellen wir Ihnen gerne unser QM-Handbuch zur Verfügung, damit Sie nachvollziehen können, auf welche Weise wir unsere gute Qualität sicherstellen. Messen Zur Sicherstellung der Qualität unserer Produkte verfügen wir über moderne Messeinrichtungen, wie z.B. unsere 3D-Koordinaten-Messmaschine mit Scanning-Funktion: CNC gesteuert, max. x 505 mm / y 705 mm / z 405 mm Außerdem stehen uns folgende Messmöglichkeiten zur Verfügung: 3D-Auftragsmessungen berührungsloses Messsystem mit geometrischem Messrechner Schichtdickenmessung Shorehärteprüfung Oberflächenrauheitsbestimmung Werksprotokolle Werkzeugvoreinstellgerät Für zuverlässige Messungen haben wir einen separaten Messraum eingerichtet (36m²), der abgeschirmt vom Betrieb der Fertigung ein ruhiges und konzentriertes Arbeiten ermöglicht. Qualitätskontrolle Qualitätskontrolle während der Fertigung: Schaltendes 3D-Funkmesssystem Laserwerkzeug- und Werkstückvermessung kalibrierte Messwerkzeuge und Lehren: in der Produktion und Endkontrolle Prüfen Für die von uns verwendeten Rohmaterialien und Fertigteile stehen uns bei Bedarf folgende Prüfverfahren zur Verfügung: Röntgenprüfung Ultraschallprüfung Heliumlecktest für druckdichte Bauteile und Baugruppen Weiterbildung Zukunftsorientierte Mitarbeiterentwicklung Durch regelmäßige interne und externe Schulungen unserer Mitarbeiter erweitern wir unser Know-How. Dabei steht die Anforderung im Vordergrund, ständig über technische Entwicklungen in unserem Bereich auf dem laufenden zu bleiben und den Mitarbeitern höchstmögliche Kompetenz zu ermöglichen. Materiallager In unserem 400m² großen Materiallager halten wir alle gängigen Werkstoffe in verschiedensten Größen für Sie bereit. Hier eine Auswahl unserer ständig verfügbaren Werkstoffe: Stähle: 1.4305, 1.4301, St37-52, … Aluminiumlegierungen: AlMgCuZn1,5 AlMg4,5Mn, AlMgCuPb, AlMgSi0,5, ... Kunststoffe: PETP, PP, POM, PA, PVC, PEEK, HS25, Semitron … Nichteisenmetalle: Cu, CuZn40Pb2, RG … Referenzen Hier sehen Sie einige unserer bekanntesten Kunden: Carl Schenck AG MAN Nutzfahrzeuge AG Robert Bosch GmbH Philips Deutschland GmbH Bayer AG Fresenius SE BAM Bundesanstalt für Materialforschung und -prüfung BYK-Chemie GmbH DSA - Daten- und Systemtechnik GmbH Romika Shoes GmbH Daimler AG: Mercedes Benz Fraunhofer-Gesellschaft zur Förderung der angewandten Forschung e.V. BASF SE Ford Motor Company Institut für Kunststoffverarbeitung an der RWTH Aachen AMEPA Angewandte Messtechnik und Prozessautomatisierung GmbH Quality Automation GmbH Volvo Car Germany GmbH Dürr AG Sanofi-Aventis Deutschland GmbH Gates Corporation Logistik Fuhrpark Zu unserem Fuhrpark zählen mehrere Kleintransporter, um bei Bedarf die umgehende Belieferung unserer Kunden zu gewährleisten. Paketzustellung und Speditionen Wir liefern auf Wunsch über alle gängigen Paketdienste (UPS, TNT, ...). Größere Transporte organisieren wir mittels zuverlässiger Speditionen national und international inklusive der Erledigung von Formalitäten und Verzollung. Historie 11.11.1976 Gründung der Myrenne GmbH durch Heinz und Bärbel Myrenne. Nov. 1988 Umzug in das neu errichtete Betriebsgebäude im Gewerbegebiet Roetgen mit 216 m² Bürofläche, Personalräumen sowie 432 m² Produktionsfläche, ca. 20 Mitarbeiter Nov. 1997 Fertigstellung der Erweiterung des Betriebsgebäudes um 612 m² März 2000 Zertifiziert nach DIN ISO EN 9001. Jan. 2001 Fertigstellung des neuen Hallenanbaus für die Produktionsabteilung (1872 m²), ca. 30 Mitarbeiter. Nov. 2001 25-jähriges Bestehen der Myrenne GmbH März 2005 Erweiterung des Materiallagers auf insgesamt 400m² Juni 2006 Anbau eines Messraums für die Qualitätskontrolle (90m²), 34 Mitarbeiter Anfahrt Auf der Karte können Sie erkennen, wo unser Unternehmen zu finden ist. Mit gedrückter linker Maustaste lässt sich der Kartenausschnitt verschieben und mit dem Mausrad (oder wahlweise den <+-> Tasten links oben) ist der Zoomfaktor einstellbar. JavaScript must be enabled in order for you to use Google Maps. However, it seems JavaScript is either disabled or not supported by your browser. To view Google Maps, enable JavaScript by changing your browser options, and then try again. Unsere Adresse lautet: Myrenne GmbH Vennhorn 7 52159 Roetgen An dieser Stelle können Sie bequem Ihre persönliche Anfahrtsbeschreibung abfragen. Bitte geben Sie dazu Ihre Startadresse ein. Es öffnet sich daraufhin ein neues Fenster, welches Ihnen Ihre Route sowie die Routenbeschreibung anzeigt. Falls die automatischen Routing-Funktionen nicht funktionieren oder Sie diese nicht nutzen möchten, finden Sie hier eine einfache Beschreibung: am AB-Kreuz Aachen A44 Richtung Lüttich / Liège Abfahrt Lichtenbusch links abbiegen Richtung Monschau geradeaus bis zur T-Kreuzung dort rechts abbiegen Richtung Monschau geradeaus bis Roetgen hinter Ortseingangsschild 1. Straße rechts direkt die 1. Straße wieder rechts bis zum Wendehammer durchfahren linke Seite: Vennhorn 7 Ein Pavillon für den Seismik-Globus In einer interessanten Aktion bauten die Schüler der Seismik-AG des St. Michael-Gymnasiums Monschau einen mannshohen Globus, der die Grenzen der tektonischen Platten, sowie die Ausbreitung von Erdbeben im Inneren der Erde darstellt. Der Glaspavillon, in dem der Globus seinen Platz gefunden hat, ist unser Beitrag zu diesem bemerkenswerten Projekt. Weitere Informationen zum Bau des Globus haben die beteiligten Schüler in zwei Flyern zusammengestellt, die Sie hier herunterladen können: Bau Seismik-Globus Globus im Haus bei Nacht

Startseite Aktuelles | Kontakt | Leistungen | Produkte | Qualität Über uns Leistungen Produkte Fertigungsverfahren Ausstellungen Ausbildung ﻿ Herzlich Willkommen bei Myrenne! Als mittelständisches Unternehen im Raum Aachen/Eifel bieten wir Ihnen Gesamtlösungen im Maschinenbau. Von der Produktidee bis zur Auslieferung des fertigen Produkts bekommen Sie bei uns alles aus einer Hand. Sollten Sie nur einen Spezialisten für die Fertigung Ihrer Produkte suchen, sind Sie bei uns ebenfalls an der richtigen Adresse. Wir bieten Ihnen alle gängigen Fertigungsverfahren in höchster Qualität. Alle Ansprechpartner stehen Ihnen hier gerne zur Verfügung. Wir freuen uns auf Ihre Anfrage. Ihr Team der Myrenne GmbH Stellenangebote | Referenzen | Anfahrt | Sitemap | Impressum

myrenne gmbh ﻿ Herzlich Willkommen bei Myrenne! Als mittelständisches Unternehen im Raum Aachen/Eifel bieten wir Ihnen Gesamtlösungen im Maschinenbau. Von der Produktidee bis zur Auslieferung des fertigen Produkts bekommen Sie bei uns alles aus einer Hand. Sollten Sie nur einen Spezialisten für die Fertigung Ihrer Produkte suchen, sind Sie bei uns ebenfalls an der richtigen Adresse. Wir bieten Ihnen alle gängigen Fertigungsverfahren in höchster Qualität. Alle Ansprechpartner stehen Ihnen hier gerne zur Verfügung. Wir freuen uns auf Ihre Anfrage. Ihr Team der Myrenne GmbH

Aktuelles | Kontakt | Leistungen | Produkte | Qualität | Beim Schülerwettbewerb ""Formel 1 in der Schule"", bei dem es darum geht, einen kleinen Balsaholzrennwagen selber zu konstruieren, zu testen und zu realisieren, unterstützt unsere Firma das Team ""Aixtrem Racing"" des Einhard-Gymnasiums. Die von den Schülern selbst konstruierten und von uns gefertigten Chassis der Rennwagen legten den Grundstein für den großen Erfolg, den die Aachener Schüler in diesem Jahr vorweisen konnten. Alle Informationen zum Wettbewerb, die Bilder und Hintergründe finden Sie auf http://www.f1inschools.de/. Die Homepage des Teams ""Aixtrem Racing"" des Aachener Einhard-Gymnasiums zeigt unter http://www.aixtrem-racing.de/ das Team, das Auto und eine Gallerie für Interessierte. Ab sofort finden Sie an dieser Stelle unsere überarbeitete Webseite. Unser Ziel bei der Neugestaltung der Seiten war es, Interessenten alle benötigten Informationen noch strukturierter und übersichtlicher zur Verfügung zu stellen. Im Bereich Über uns erfahren Sie mehr über die Geschichte unseres Unternehmens, unsere Leistungen und unser Qualitätsverständnis. Weiterhin geben wir Ihnen hier einen Überblick über unsere lagermäßig verfügbaren Werkstoffe, unser logistischen Möglichkeiten, ein paar unserer bekannteren Kunden, sowie eine Anfahrtsbeschreibung. Unter dem Menüpunkt Leistungen stellen wir Ihnen die von uns angebotenen Dienstleistungen, sowie unsere Fertigungsverfahren vor. Beispiele für von uns gefertigte Produkte erhalten Sie unter dem gleichnamigen Menüpunkt. Sie finden hier sowohl eigene Produkte, als auch Beispiele für Produkte, die wir im Kundenauftrag gefertigt haben. Der Bereich Fertigungsverfahren bietet Ihnen einen detaillierten Einblick in unsere fertigungstechnischen Möglichkeiten. Für Produkte, die nicht mit unseren Verfahren oder auf unseren Maschinen gefertigt werden können, arbeiten wir regelmäßig mit kompetenten Partnern zusammen, so dass wir die Fertigung Ihrer Produkte in jedem Fall aus einer Hand anbieten können. Selbstverständlich sind wir auch auf den branchenüblichen Ausstellungen und Messen vertreten. In diesem Bereich finden Sie Informationen, wann und wo die nächsten Messetermine geplant sind. Wir beschäftigen ständig mehrere Auszubildende in verschiedenen Berufsbildern. Unter Ausbildung finden Sie hierzu alles Wissenswerte. Ihre Kritik oder Anregungen zur Webseite nehmen wir gerne entgegen. Stellenangebote | Referenzen | Anfahrt | Impressum | Sitemap |

Ausbildungsberufe Wir bilden regelmäßig junge Leute in folgenden Berufsfeldern aus: Die Tätigkeit im Überblick Feinwerkmechaniker/innen stellen Produkte der Stanz-, Schnitt- und Umformtechnik sowie der Vorrichtungs- und Formenbautechnik ebenso her wie Maschinen, Geräte, Systeme und Anlagen, die sie auch warten und instand setzen. Sie arbeiten bei Herstellern von feinmechanischen und optischen Erzeugnissen sowie im Maschinen- und Werkzeugbau. Außerdem sind Feinwerkmechaniker/innen z.B. in Betrieben tätig, die elektrische Mess- und Kontrollinstrumente produzieren. Darüber hinaus bieten Wartungs- und Reparaturdienste, z.B. für Nähmaschinen, Beschäftigungsmöglichkeiten. Die Ausbildung im Überblick Feinwerkmechaniker/in ist ein anerkannter Ausbildungsberuf nach der Handwerksordnung (HwO). Diese bundesweit geregelte 3 1/2-jährige Ausbildung wird im Handwerk in folgenden Schwerpunkten angeboten: Feinmechanik Maschinenbau Werkzeugbau Auch eine schulische Ausbildung ist möglich. Lesezeichen-tauglicher Link Wenn Sie diese Berufsbeschreibung als Lesezeichen/Favorit speichern oder die Adresse (per eMail) weitergeben wollen, benutzen Sie bitte die folgende Adresse: http://berufenet.arbeitsagentur.de/berufe/start?dest=profession&prof-id=15145 Die Tätigkeit im Überblick Technische Zeichner/innen der Fachrichtung Maschinen- und Anlagentechnik setzen die Vorgaben von Konstrukteuren und Konstrukteurinnen in Pläne und technische Unterlagen um. Sie fertigen vor allem technische Zeichnungen für den Neubau, die Entwicklung und die Modernisierung von Maschinen, Geräten und Fahrzeugen. Technische Zeichner/innen der Fachrichtung Maschinen- und Anlagentechnik arbeiten in erster Linie in Architektur- oder Ingenieurbüros. Auch in Konstruktionsbüros von Betrieben sind sie tätig, z.B. im Maschinen- und Anlagen- oder im Fahrzeugbau. Darüber hinaus sind sie unter anderem bei Energieversorgern oder in kommunalen Bauämtern tätig. Die Ausbildung im Überblick Technische/r Zeichner/in ist ein anerkannter Ausbildungsberuf nach dem Berufsbildungsgesetz (BBiG). Diese bundesweit geregelte 3 1/2-jährige Ausbildung wird in Industrie und Handwerk in den folgenden Fachrichtungen angeboten: Maschinen- und Anlagentechnik Elektrotechnik Heizungs-, Klima- und Sanitärtechnik Holztechnik Stahl- und Metallbautechnik Daneben gibt es die Möglichkeit, im Rahmen einer landesrechtlich geregelten schulischen Ausbildung an Berufsfachschulen den Abschluss als Technische/r Zeichner/in ohne Schwerpunkt zu erwerben. Lesezeichen-tauglicher Link Wenn Sie diese Berufsbeschreibung als Lesezeichen/Favorit speichern oder die Adresse (per eMail) weitergeben wollen, benutzen Sie bitte die folgende Adresse: http://berufenet.arbeitsagentur.de/berufe/start?dest=profession&prof-id=6477

Fertigungsverfahren Drehen Unsere Drehabteilung fertigt auf modernen CNC- und konventionellen Drehmaschinen: max. Drehdurchmesser: x = 400 mm max. Längsweg: y = 1.000 mm max. Drehzahlbereich: 20 - 5.000 U/min Verfahrgeschwindigkeit: 20 m/min mit bis zu 12 Revolverplätzen mit angetriebenen Werkzeugen Fräsen 5-Achs-Bearbeitungszentren mit integrierten Dreh-/ Schwenktischeinheiten: Drehtischabmessung: Ø 800 mm x 630 mm Schwenkbereich: +10° bis -90°x ± 360° Verfahrwege: max. x 780 mm / y 800 mm / z 600 mm 4-Achs-Bearbeitungszentrum mit integriertem NC-Teilapparat: max. x 1825mm / y 800 mm/ z 600 mm je mit 56-fachem Werkzeugwechsler wassergekühlte Motorspindel: 50 -12.000 U/min Innenkühlung: 40 bar Laserwerkzeugvermessung Werkstückvermessung während der Fertigung CNC-Fräsmaschinen: Hochgeschwindigkeitsfräsen: 1.000 - 42.000 U/min Normalgeschwindigkeitsfräsen: 15 - 20.000 U/min NC-Teilapparat max. x 1.000 mm/ y 600 mm/ z 600 mm 30 m/min mit bis zu 30-fachem Werkzeugwechsler Sägen Zur Vorbereitung unserer Fertigungsaufträge stehen in unserer Sägerei verschiedene Möglichkeiten zur Verfügung. Bandsägeautomat: max. 200 x 200 mm Kreissäge: max. 1.200 x 2.400 mm Sägeabteilung 108 m² Lackieren Dank unseres umfangreich ausgestatteten Lackierraums sind wir in der Lage, verschiedenste Lackieraufgaben selbst auszuführen, speziell: EMV-Schutzlackierung Lackierung nach RAL Sonderlackierungen Lackierraum 72 m² Schweissen Wir können bei Bedarf auf folgende Schweißverfahren zurückgreifen: Schweißanlage MIG/MAG für Al, VA usw. WIG für Al, VA usw. Schweißtisch 1.200 x 2.400 mm Schweißdrehtische Hochfrequenz-Lötanlage Schweiß-/Lötraum Schleifen Zur Herstellung hochwertiger Oberflächen stehen bei uns folgende Schleifverfahren zur Verfügung: Rundschleifen: Außenrundschleifen: Ø 250 x 650 Innenrundschleifen: Ø 20 bis Ø 200 Flachschleifen: Flachschleifmaschine: max. 600 x 200 x 350 mm Stichel-Schleifmaschine Bandschleifer Schleifböcke Schleifabteilung 36 m²

Startseite > Kontakt Aktuelles | Kontakt | Leistungen | Produkte | Qualität Startseite Über uns Leistungen Produkte Fertigungsverfahren Veranstaltungen Ausbildung ﻿ Kontakt allgemeine Information: Zentrale Tel.: 02471-12120 Fax: 02471-121212 info@myrenne.com Entwicklung & Konstruktion: Herr Jan van Gilse Tel.: 02471-121221 vanGilse@myrenne.com Medizintechnik: Herr Peter Göbel Tel.: 02471-121211 Goebel@myrenne.com Fertigung: Herr Karl-Heinz Backes Tel.: 02471-121223 Backes@myrenne.com Herr Rainer Schmeltz Tel.: 02471-121216 Fax: 02471-121225 schmeltz@myrenne.com Geschäftsleitung: Frau Bärbel Myrenne Tel.: 02471-121219 Auf dieser Seite finden Sie alle Informationen, um mit uns Kontakt aufzunehmen. Sie können zu unseren Produktbereichen Informationsmaterial anfordern oder uns eine E-Mail mit Fragen, Anregungen oder auch Kritik schicken. Wenn Sie statt diesen Formulars lieber Ihr E-Mail-Programm benutzen möchten, verwenden Sie einfach die oben angegebenen Mailadressen. Ich wünsche Informationsmaterial zu folgenden Produktbereichen: * Medizintechnik Kunststoffprüftechnik Kundenspezifische Fertigung Konstruktion und Entwicklung Firma Name * Straße PLZ, Ort e-Mail * Telefon Fax Ich wünsche Informationen per: * eMail Raum für zusätzliche Anmerkungen oder eine Nachricht: Ihre Daten dienen ausschließlich der internen Bearbeitung der Fa. Myrenne GmbH und werden nicht an Dritte weitergeleitet. Stellenangebote | Referenzen | Anfahrt | Impressum

Aktuelles | Kontakt | Leistungen | Produkte | Qualität | allgemeine Information: | Zentrale Tel.: 02471-12120 Fax: 02471-121212 Diese E-Mail-Adresse ist gegen Spambots geschützt! JavaScript muss aktiviert werden, damit sie angezeigt werden kann. | | Entwicklung & Konstruktion: | Herr Jan van Gilse Tel.: 02471-121221 Diese E-Mail-Adresse ist gegen Spambots geschützt! JavaScript muss aktiviert werden, damit sie angezeigt werden kann. | | Medizintechnik: | Herr Peter Göbel Tel.: 02471-121211 Diese E-Mail-Adresse ist gegen Spambots geschützt! JavaScript muss aktiviert werden, damit sie angezeigt werden kann. | | Fertigung: | Herr Karl-Heinz Backes Tel.: 02471-121223 Diese E-Mail-Adresse ist gegen Spambots geschützt! JavaScript muss aktiviert werden, damit sie angezeigt werden kann. | Herr Rainer Schmeltz Tel.: 02471-121216 Fax: 02471-121225 Diese E-Mail-Adresse ist gegen Spambots geschützt! JavaScript muss aktiviert werden, damit sie angezeigt werden kann. | Geschäftsleitung: | Frau Bärbel Myrenne Tel.: 02471-121219 Diese E-Mail-Adresse ist gegen Spambots geschützt! JavaScript muss aktiviert werden, damit sie angezeigt werden kann. | Auf dieser Seite finden Sie alle Informationen, um mit uns Kontakt aufzunehmen. Sie können zu unseren Produktbereichen Informationsmaterial anfordern oder uns eine E-Mail mit Fragen, Anregungen oder auch Kritik schicken. Wenn Sie statt diesen Formulars lieber Ihr E-Mail-Programm benutzen möchten, verwenden Sie einfach die oben angegebenen Mailadressen. Ihre Daten dienen ausschließlich der internen Bearbeitung der Fa. Myrenne GmbH und werden nicht an Dritte weitergeleitet.

Startseite > Leistungen Aktuelles | Kontakt | Leistungen | Produkte | Qualität Startseite Über uns Leistungen Gesamtlösungen Konstruktion & Entwicklung 3D-Modelle Fertigung Montage Prüfungen Produkte Fertigungsverfahren Ausstellungen Ausbildung ﻿ Wir bieten Ihnen Gesamtlösungen im Maschinenbau. Das bedeutet: Sie liefern uns Ihre Idee, wir planen, entwerfen, konstruieren, dokumentieren, und fertigen Ihr Produkt. Darüber hinaus betreuen wir Ihr Produkt mit technischem Support, Ersatzteilen, sowie notwendigen Anpassungs- und Umkonstruktionen. Bei uns sind Sie mit Ihrem Produkt in guten Händen. In unserer Entwicklungsabteilung stehen Ihnen qualifizierte und erfahrene Ingenieure zur Verfügung, die Ihre Wünsche und Ansprüche an Ihr Produkt konsequent umsetzen. Wir legen dabei größten Wert auf Qualität Sicherheit Handhabbarkeit und Design der Produkte. Durch die vielfache Verwendung von Normteilen und Standardkomponenten überall dort, wo es möglich und sinnvoll ist, stellen wir sicher, dass die Produkt- und Ersatzteilkosten überschaubar bleiben. Wir bieten Ihnen Entwicklung und Fertigung von kundenspezifischen Sondermaschinen einschließlich elektronischer und datentechnischer Zusatzeinrichtungen Optimale Lösungen für Entwicklung und Konstruktion in enger interaktiver Zusammenarbeit mit dem Kunden Durchgehender Einsatz von 3D-CAD (Unigraphics NX, Inventor u.a.), CAE und CAM Unser Prototypenplotter ""FDM Vantage"" von Stratasys bietet die Möglichkeit, innerhalb kurzer Zeit funktionelle Prototypen von Einzelkomponenten oder ganzen Baugruppen zu fertigen. Benötigt wird dazu lediglich ein 3D-Modell in einem gängigen CAD-Format. Bauteilgröße: max. x 203 / y 203 / z 305 mm Material: PC-ABS (Acrylnitril-Butadien-Styrol) erhältlich in den Farben: schwarz, weiß, rot, blau, gelb, grün Verfahren: FDM (fused deposition modeling) erforderliche Daten: 3D-Daten im STL-Format Die folgenden Bilder zeigen ein 3D-Modell im Rechner, das daraus gefertigte Prototypenteil aus Kunststoff sowie ein Gerät, das auf herkömmlichem Weg aus Alu gefräst wurde. Zu erkennen sind die endmaßnahe Formgebung und die farblichen Variationsmöglichkeiten. Unsere Montagehalle bietet viel Platz auch für die Montage großer Maschinen und Anlagen. Montage von mechanischen, elektromechanischen, hydraulischen, pneumatischen und medizinischen Einheiten und Geräten wie z. B.: Mess- und Prüfgeräte, komplette Fahranlagen, Eichgeräte, Rundtaktmaschinen, ... 360 m² Montagehalle Montage auf Kundenwunsch auch vor Ort möglich! Partner Folgende spezielle Fertigungsverfahren bieten wir in enger Zusammenarbeit mit kompetenten Partnern an: Oberflächenbehandlung: Eloxieren, Hartcoatieren, chemisch Vernickeln, Chromatieren, TUFRAM (synergetische Behandlung von Aluminium) Pulverbeschichten usw. Wärmebehandlung von Stählen: Härten, Glühen usw. Rundschleifen Wasserstrahlschneiden Blechbearbeitung Laserschneiden Laserschweißen Schaltschrankbau Verschiedene Zusätzlich zu den beschriebenen Fertigungsverfahren verfügen wir über folgende weitere Möglichkeiten, hochwertige Produkte zu fertigen: Trowalisiergerät Sandstrahlkabine Stoßmaschine Biegemaschine Plasmabrenner 2-Komponenten-Dosieranlage Powerflex Universal-Gewindeschneidsystem Teilereinigungsanlage Unsere umfangreich ausgestattete Fertigungsabteilung erlaubt es uns, alle von uns entwickelten Produkte selbst zu fertigen. Dazu stehen uns alle gängigen Fertigungsverfahren zur Verfügung. Bei einigen spezielle Verfahren greifen wir auf unsere spezialisierten und kompetenten Partner zurück. Natürlich fertigen wir auch Ihr Produkt nach Ihren Vorgaben. Dabei stehen wir Ihnen auch gerne als kompetenter Berater in allen Fertigungsfragen zur Verfügung. Auch Änderungen an Ihren bestehenden Produkten arbeiten wir in enger Zusammenarbeit mit unserer Konstruktionsabteilung gerne ein. Stellenangebote | Referenzen | Anfahrt | Sitemap | Impressum

Aktuelles | Kontakt | Leistungen | Produkte | Qualität | (Änderungen im Sinne des technischen Fortschritts, die die Funktion und die Qualität nicht beeinträchtigen, behalten wir uns vor.) nach H. Schmid-Schönbein für die schnelle Bestimmung der Erythrozytenaggregation, der wichtigsten Determinante in der Blut-Thixotropie. Äquivalent zur BSG in 60 s. Hauptmerkmale: (Änderungen im Sinne des technischen Fortschritts, die die Funktion und die Qualität nicht beeinträchtigen, behalten wir uns vor.) hier z.B.: Laserschneidanlage In enger Zusammenarbeit mit einer anerkannten Huforthopädin haben wir einen neuen Hufbock entwickelt, der die Hufbehandlung und -pflege sehr bequem und einfach macht. Der höhenverstellbare Bock steht auf einem tragfähigen Dreibein-Gestänge, welches selbst bei nervösen Pferden kippsicher und stabil steht. Die Hufauflage aus PP ist rutschsicher ausgelegt und erlaubt sowohl ein Aufstellen des Hufes als auch ein Auflegen des Beines für verschiedene Untersuchungen und Behandlungen am Huf. Bei Interesse wenden Sie sich bitte an Frau Evelyn Myrenne ( Diese E-Mail-Adresse ist gegen Spambots geschützt! JavaScript muss aktiviert werden, damit sie angezeigt werden kann. ). Ein Infoblatt zum Hufbock können Sie hier herunterladen. Auch für Ihre Maschine entwickeln und fertigen wir Ersatzteile, Vorrichtungen und Baugruppen. Baugruppe für die Funkstromzange ICP Die hochgenaue Funkstromzange mit integriertem Gesamtmesssystem, Steuerrechner und Funkmodul ermöglicht berührungsloses Messen von Adaptionen ohne Abklemmen der Batteriepole. Gehäuse für Multifunktionstester MFT Das universell einsetzbare Instrument zur Programmierung,Prüfung und Diagnose von Fahrzeug-Steuergeräten. Das automatische Torsions-Messsystem ATM3 hat sich als Prüfgerät in der Laborpraxis bestens bewährt. Es besteht aus einem Computer mit Steuerelektronik, der den Anschluss von zwei Torsionsschwingungsmessgeräten gestattet. Zur Bestimmung der mechanischen und thermischen Eigenschaften von Kunststoffen, Elastomeren und ähnlichen Werkstoffen wird der Torsionsschwingungsversuch eingesetzt. Die Messbedingungen für den Schubmodul und die Schwingungsdämpfung sind in den Normen DIN 53445, DIN 53520, ASTM D 2236-70 und ISO-R 537 festgelegt. Gemessen werden Frequenz und Amplituden der sich ergebenden frei abklingenden Schwingung. Daraus werden Dämpfung und Schubmodul des Werkstoffes berechnet. Folgende Bedingungen müssen beim Torsionsschwingungsversuch eingehalten werden: Die Probe hängt zwischen Klemmen in einem Thermostaten, dessen Probenraum von -180°C bis +300°C temperiert werden kann. Das schwingungsfähige System, bestehend aus Probe und Massen, wird zu einer Torsionsschwingung angeregt. Die Massenscheiben sind zwischen zwei Federn eingespannt, wodurch eine Zugbelastung der Probe ausgeschlossen wird. Gleichzeitig werden dadurch Querschwingungen vermieden. Die im oberen Teil der Anordnung angebrachte Waage ermöglicht eine einstellbare Zugkraft von wenigen mN auf die Probe. Diese Zugkraft bleibt auch bei Längenänderung der Probe konstant. Durch diese Maßnahme ist man in der Lage, Werkstoffe bis in den Erweichungsbereich zu vermessen. Der Schubmodul und die Dämpfung der Werkstoffe sind frequenzabhängig. Deshalb muss bei konstanter Schwingungsfrequenz gemessen werden. Das ATM3 gestattet es, bei einstellbaren Frequenzen von 0,1 Hz bis 10 Hz zu messen. Die Schwingungsfrequenz wird durch automatisches Wechseln der 18 vorhandenen Massenscheiben während des Versuchs ±12% konstant gehalten. Die Fourierzerlegung freier, gedämpfter Schwingungen liefert ein Spektrum von Frequenzen. Dieses Spektrum ist nur bei kleiner Dämpfung so schmal, dass in guter Näherung die Torsionsschwingung eine einzige Frequenz enthält. In der Messpraxis treten jedoch so hohe Dämpfungen auf, dass es erforderlich wird, das schwingungsfähige System bestehend aus Probe und Masse, um eine Feder zu erweitern. Durch die Auswahl einer entsprechenden Feder erreicht man, dass die Dämpfung des kombinierten Systems kleiner wird. Diese Maßnahme erfordert die Aufnahme vieler Perioden der Schwingung (bis zu fünfzig) und die Berücksichtigung des Federeinflusses in der Auswertung durch Computerprogramme. Die DIN-Norm schreibt einen Auslenkwinkel von maximal 1,5 Grad vor. Der Winkel wird während der Auslenkung ständig gemessen. Die Auslenkkraft wird beim ATM3 abgeschaltet, wenn der vorgewählte Sollwert erreicht ist. Auf diese Weise ist eine gute Konstanz der Auslenkung, selbst bei kleinsten Winkeln gegeben. Das ATM3 ist ein vollautomatisch arbeitendes Messsystem (siehe Abbildung). Nach Einspannen der Probe in den Präzisionsfederhalter müssen lediglich die Versuchsparameter über den Bildschirm dem Computer übergeben werden. Die gesamte Steuerung des Versuchsablaufs, Kontrolle des Messsystems, Auswertung der Versuchsdaten und Ausgabe der Ergebnisse werden vom Computer vorgenommen. Je nach Systemkonfiguration können die Ergebnisdaten auf dem Bildschirm, dem Drucker oder auch graphisch über einen Plotter ausgegeben werden. Außerdem ist eine Schnittstelle vorhanden, um die Daten an ein Labordatensystem weiterzuleiten. Technische Daten: Probenabmessung: freie Länge 50 mm, 10 mm breit, bis 1,5 mm dick, andere Probenabmessungen auf Anfrage | Messwerterfassung: Torsionswinkelmessung durch Trägerfrequenzverfahren Genauigkeit 0,1 % Frequenzmessung quarzstabilisiert, Zähltakt 1 MHz | Frequenz: | Messablauf: | Massenträgheitsmomente: | Messwertverarbeitung: | Auslenkwinkel: | Messwertausgabe: | Federkonstante: | Anschlusswert: | Temperiersystem: | Abmessung: | Mit dem Prüfgerät SP1 können Streifenproben, Schuhsohlen oder ganze Schuhe geprüft werden. Das Gerät empfindet den natürlichen Bewegungsablauf nach. Im gestreckten Zustand ist die Sohle unbelastet. Während des Biegevorganges wird sie mit ca. 700 N be- und in der Ausgangsstellung wieder entlastet. Zur Methode: Zu beiden Seiten des kompakten Maschinenkörpers in Ständerausführung befinden sich höhenverstellbare Fuß-Tische. Zwischen diesen und den Gegendruckplatten wird der Prüfkörper einseitig eingespannt. Die zweite Befestigung der Probe erfolgt an Schwenkarm-Konsolen. Die Schwenkarmbewegung erzeugt eine Wechselbiegebelastung auf den Prüfkörper, wobei der Prüfkörper in der gestreckten Lage zur Vermeidung unkontrollierter Zug- oder Druckspannung durch ein kurzes Abheben der Gegendruckplatte entlastet wird. Der Schenkwinkel ist einstellbar. Die Schwenkarme werden mit der vorgewählten Biegefrequenz bewegt. Die Abschaltung erfolgt automatisch in gestreckter Lage des Prüfkörpers, nachdem die vorgewählte Biegungsanzahl erreicht ist. Die Gegendruckplatten werden durch einen doppelwirkenden Hydraulikzylinder aufgepresst und zur Entlastung der Probe abgehoben. Die Entlastungszeit ist stufenlos einstellbar. Die Gegendruckplatten sind temperierbar (Option). Alle beweglichen Teile sind durch Schutzhauben gegen unbeabsichtigtes Hineingreifen gesichert. Biegewinkel: | 50° - 100° in 10°-Stufen, manuell einstellbar. (Einrichtezeit: ca. 15 min.) | Biegefrequenz: | 65 und 130/min, automatisch | Antrieb: | Drehstromgetriebe-Bremsmotor polumschaltbar 220/380 · V 0,5/0,6 kW | Druckplatten: | Stufenlos höhenverstellbar, zyklischer Anpressdruck ca. 700 N pro Druckplatte über integriertes Hydraulikaggregat 0,37 kW. Auf Wunsch temperierbar über Flüssigkeitsthermostat bzw. Kryostat.* | Ventilsteuerung: | elektromagnetisch über Lichtschranke einschließlich elektronischer Zeitschaltung. | Fußtische: | Aufspannfläche 130x80 mm, T-Nut 8 mm breit, höhenverstellbar in 20 mm Stufen. | Biegezählwerk: | Subtrahierendes Zählwerk, nach eingestellter Hubzahl automatisch abschaltend. Zählimpuls über Lichtschranke. Abschaltpunkt bei gestrecktem Schwenkwinkel. | Prüfkörper-Risskontrolle: | Zwischenstop im max. eingestellten Biegewinkel. | Sicherheitseinrichtungen: | Not-Aus-Schalter, Türkontaktschalter, die den Betrieb des Gerätes ausschließlich bei geschlossenen Türen gestatten. | Anschluss: | 380 V · 50 Hz · 16 A. Auf Wunsch andere Spannungen.* | Abmessung: | ca. 550 x 550 x 1350 mm Höhe. | Gewicht: | ca. 300 kg | * gegen Mehrpreis

Aktuelles | Kontakt | Leistungen | Produkte | Qualität | (Änderungen im Sinne des technischen Fortschritts, die die Funktion und die Qualität nicht beeinträchtigen, behalten wir uns vor.) nach H. Schmid-Schönbein für die schnelle Bestimmung der Erythrozytenaggregation, der wichtigsten Determinante in der Blut-Thixotropie. Äquivalent zur BSG in 60 s. Hauptmerkmale: (Änderungen im Sinne des technischen Fortschritts, die die Funktion und die Qualität nicht beeinträchtigen, behalten wir uns vor.) hier z.B.: Laserschneidanlage In enger Zusammenarbeit mit einer anerkannten Huforthopädin haben wir einen neuen Hufbock entwickelt, der die Hufbehandlung und -pflege sehr bequem und einfach macht. Der höhenverstellbare Bock steht auf einem tragfähigen Dreibein-Gestänge, welches selbst bei nervösen Pferden kippsicher und stabil steht. Die Hufauflage aus PP ist rutschsicher ausgelegt und erlaubt sowohl ein Aufstellen des Hufes als auch ein Auflegen des Beines für verschiedene Untersuchungen und Behandlungen am Huf. Bei Interesse wenden Sie sich bitte an Frau Evelyn Myrenne ( Diese E-Mail-Adresse ist gegen Spambots geschützt! JavaScript muss aktiviert werden, damit sie angezeigt werden kann. ). Ein Infoblatt zum Hufbock können Sie hier herunterladen. Auch für Ihre Maschine entwickeln und fertigen wir Ersatzteile, Vorrichtungen und Baugruppen. Baugruppe für die Funkstromzange ICP Die hochgenaue Funkstromzange mit integriertem Gesamtmesssystem, Steuerrechner und Funkmodul ermöglicht berührungsloses Messen von Adaptionen ohne Abklemmen der Batteriepole. Gehäuse für Multifunktionstester MFT Das universell einsetzbare Instrument zur Programmierung,Prüfung und Diagnose von Fahrzeug-Steuergeräten. Das automatische Torsions-Messsystem ATM3 hat sich als Prüfgerät in der Laborpraxis bestens bewährt. Es besteht aus einem Computer mit Steuerelektronik, der den Anschluss von zwei Torsionsschwingungsmessgeräten gestattet. Zur Bestimmung der mechanischen und thermischen Eigenschaften von Kunststoffen, Elastomeren und ähnlichen Werkstoffen wird der Torsionsschwingungsversuch eingesetzt. Die Messbedingungen für den Schubmodul und die Schwingungsdämpfung sind in den Normen DIN 53445, DIN 53520, ASTM D 2236-70 und ISO-R 537 festgelegt. Gemessen werden Frequenz und Amplituden der sich ergebenden frei abklingenden Schwingung. Daraus werden Dämpfung und Schubmodul des Werkstoffes berechnet. Folgende Bedingungen müssen beim Torsionsschwingungsversuch eingehalten werden: Die Probe hängt zwischen Klemmen in einem Thermostaten, dessen Probenraum von -180°C bis +300°C temperiert werden kann. Das schwingungsfähige System, bestehend aus Probe und Massen, wird zu einer Torsionsschwingung angeregt. Die Massenscheiben sind zwischen zwei Federn eingespannt, wodurch eine Zugbelastung der Probe ausgeschlossen wird. Gleichzeitig werden dadurch Querschwingungen vermieden. Die im oberen Teil der Anordnung angebrachte Waage ermöglicht eine einstellbare Zugkraft von wenigen mN auf die Probe. Diese Zugkraft bleibt auch bei Längenänderung der Probe konstant. Durch diese Maßnahme ist man in der Lage, Werkstoffe bis in den Erweichungsbereich zu vermessen. Der Schubmodul und die Dämpfung der Werkstoffe sind frequenzabhängig. Deshalb muss bei konstanter Schwingungsfrequenz gemessen werden. Das ATM3 gestattet es, bei einstellbaren Frequenzen von 0,1 Hz bis 10 Hz zu messen. Die Schwingungsfrequenz wird durch automatisches Wechseln der 18 vorhandenen Massenscheiben während des Versuchs ±12% konstant gehalten. Die Fourierzerlegung freier, gedämpfter Schwingungen liefert ein Spektrum von Frequenzen. Dieses Spektrum ist nur bei kleiner Dämpfung so schmal, dass in guter Näherung die Torsionsschwingung eine einzige Frequenz enthält. In der Messpraxis treten jedoch so hohe Dämpfungen auf, dass es erforderlich wird, das schwingungsfähige System bestehend aus Probe und Masse, um eine Feder zu erweitern. Durch die Auswahl einer entsprechenden Feder erreicht man, dass die Dämpfung des kombinierten Systems kleiner wird. Diese Maßnahme erfordert die Aufnahme vieler Perioden der Schwingung (bis zu fünfzig) und die Berücksichtigung des Federeinflusses in der Auswertung durch Computerprogramme. Die DIN-Norm schreibt einen Auslenkwinkel von maximal 1,5 Grad vor. Der Winkel wird während der Auslenkung ständig gemessen. Die Auslenkkraft wird beim ATM3 abgeschaltet, wenn der vorgewählte Sollwert erreicht ist. Auf diese Weise ist eine gute Konstanz der Auslenkung, selbst bei kleinsten Winkeln gegeben. Das ATM3 ist ein vollautomatisch arbeitendes Messsystem (siehe Abbildung). Nach Einspannen der Probe in den Präzisionsfederhalter müssen lediglich die Versuchsparameter über den Bildschirm dem Computer übergeben werden. Die gesamte Steuerung des Versuchsablaufs, Kontrolle des Messsystems, Auswertung der Versuchsdaten und Ausgabe der Ergebnisse werden vom Computer vorgenommen. Je nach Systemkonfiguration können die Ergebnisdaten auf dem Bildschirm, dem Drucker oder auch graphisch über einen Plotter ausgegeben werden. Außerdem ist eine Schnittstelle vorhanden, um die Daten an ein Labordatensystem weiterzuleiten. Technische Daten: Probenabmessung: freie Länge 50 mm, 10 mm breit, bis 1,5 mm dick, andere Probenabmessungen auf Anfrage | Messwerterfassung: Torsionswinkelmessung durch Trägerfrequenzverfahren Genauigkeit 0,1 % Frequenzmessung quarzstabilisiert, Zähltakt 1 MHz | Frequenz: | Messablauf: | Massenträgheitsmomente: | Messwertverarbeitung: | Auslenkwinkel: | Messwertausgabe: | Federkonstante: | Anschlusswert: | Temperiersystem: | Abmessung: | Mit dem Prüfgerät SP1 können Streifenproben, Schuhsohlen oder ganze Schuhe geprüft werden. Das Gerät empfindet den natürlichen Bewegungsablauf nach. Im gestreckten Zustand ist die Sohle unbelastet. Während des Biegevorganges wird sie mit ca. 700 N be- und in der Ausgangsstellung wieder entlastet. Zur Methode: Zu beiden Seiten des kompakten Maschinenkörpers in Ständerausführung befinden sich höhenverstellbare Fuß-Tische. Zwischen diesen und den Gegendruckplatten wird der Prüfkörper einseitig eingespannt. Die zweite Befestigung der Probe erfolgt an Schwenkarm-Konsolen. Die Schwenkarmbewegung erzeugt eine Wechselbiegebelastung auf den Prüfkörper, wobei der Prüfkörper in der gestreckten Lage zur Vermeidung unkontrollierter Zug- oder Druckspannung durch ein kurzes Abheben der Gegendruckplatte entlastet wird. Der Schenkwinkel ist einstellbar. Die Schwenkarme werden mit der vorgewählten Biegefrequenz bewegt. Die Abschaltung erfolgt automatisch in gestreckter Lage des Prüfkörpers, nachdem die vorgewählte Biegungsanzahl erreicht ist. Die Gegendruckplatten werden durch einen doppelwirkenden Hydraulikzylinder aufgepresst und zur Entlastung der Probe abgehoben. Die Entlastungszeit ist stufenlos einstellbar. Die Gegendruckplatten sind temperierbar (Option). Alle beweglichen Teile sind durch Schutzhauben gegen unbeabsichtigtes Hineingreifen gesichert. Biegewinkel: | 50° - 100° in 10°-Stufen, manuell einstellbar. (Einrichtezeit: ca. 15 min.) | Biegefrequenz: | 65 und 130/min, automatisch | Antrieb: | Drehstromgetriebe-Bremsmotor polumschaltbar 220/380 · V 0,5/0,6 kW | Druckplatten: | Stufenlos höhenverstellbar, zyklischer Anpressdruck ca. 700 N pro Druckplatte über integriertes Hydraulikaggregat 0,37 kW. Auf Wunsch temperierbar über Flüssigkeitsthermostat bzw. Kryostat.* | Ventilsteuerung: | elektromagnetisch über Lichtschranke einschließlich elektronischer Zeitschaltung. | Fußtische: | Aufspannfläche 130x80 mm, T-Nut 8 mm breit, höhenverstellbar in 20 mm Stufen. | Biegezählwerk: | Subtrahierendes Zählwerk, nach eingestellter Hubzahl automatisch abschaltend. Zählimpuls über Lichtschranke. Abschaltpunkt bei gestrecktem Schwenkwinkel. | Prüfkörper-Risskontrolle: | Zwischenstop im max. eingestellten Biegewinkel. | Sicherheitseinrichtungen: | Not-Aus-Schalter, Türkontaktschalter, die den Betrieb des Gerätes ausschließlich bei geschlossenen Türen gestatten. | Anschluss: | 380 V · 50 Hz · 16 A. Auf Wunsch andere Spannungen.* | Abmessung: | ca. 550 x 550 x 1350 mm Höhe. | Gewicht: | ca. 300 kg | * gegen Mehrpreis

Girls' Day Im Rahmen des Girls' Day bieten wir jedes Jahr interessierten Mädchen die Möglichkeit, Einblicke in ein typischerweise von Männern dominiertes Tätigkeitsfeld zu erhalten. Wir wollen zeigen, dass auch Frauen diesen Aufgaben gut gewachsen sein können und technisch interessierte Mädchen zur Wahl eines solchen Berufes ermutigen. Ausbildungstag Wir nehmen auch regelmäßig am Ausbildungstag, einer regionalen Ausbildungsmesse der Kommunen Monschau, Roetgen und Simmerath teil. Dabei informieren wir über unsere Ausbildungsmöglichkeiten zum/zur Feinwerkmechaniker/in . In dem kleinen Test ""Bist Du fit für die Mechanik"" können interessierte Schüler ihr räumliches Denkvermögen testen. Zukunftsinitiative Eifel Hinter dem Stichwort ""Zukunftsinitiative Eifel"" versteckt sich keine Messe oder Ausstellung im eigentlichen Sinne. Die Webseite http://www.zukunftsinitiative-eifel.de beschreibt die Initiative so: Im Vordergrund der Zukunftsinitiative Eifel steht die gezielte gemeinschaftliche Entwicklung regionaler Kompetenzen zur nachhaltigen Stärkung des Wirtschaftsraumes Eifel. Im Sinne einer Allianz haben sich über die Landesgrenzen von Rheinland-Pfalz und Nordrhein-Westfalen hinweg 10 Eifelkreise, 53 Kommunen und 8 regionale Wirtschaftskammern zusammengeschlossen, um hierfür neue strategische Perspektiven auf eine erfolgreiche Wirtschaftsentwicklung zu eröffnen. Unser Unternehmen nimmt an vielen Veranstaltungen dieser Initiative aktiv teil. Für nähere Informationen sprechen Sie uns ruhig an. Bondingmesse Aachen Die bonding Studenteninitiative e.V. veranstaltet regelmäßig Firmenkontaktmessen für Studenten im ganzen Bundesgebiet. Wir sind regelmäßig auf der Aachener Bondingmesse vertreten. Die nächste Messe in Aachen findet am 29.11. - 01.12.2010. Unter der folgenden Adresse finden Sie weitere Informationen zur Veranstaltung: bonding Firmenkontaktmesse Aachen Wo Sie uns in diesem Jahr finden und welche weiteren Pläne wir im Zusammenhang mit der Messe haben, erfahren Sie demnächst an dieser Stelle. EuroMold Weltmesse für Werkzeug- und Formenbau, Design und Produktentwicklung Die diesjährige Euromold findet vom 01. bis 04. Dez. 2010 in Frankfurt am Main statt. Webseite des Veranstalters: www.euromold.com/ Wo und wann Sie uns dort antreffen können, teilen wir rechtzeitig an dieser Stelle mit.",7070,7070,22,"[""http://www.myrenne.com/de/anfahrt.html"", ""http://myrenne.com/de/anfahrt.html"", ""http://www.myrenne.com/de/impressum.html"", ""http://myrenne.com/de/impressum.html"", ""http://www.myrenne.com/de/qualitaet.html"", ""http://www.myrenne.com/de/referenzen.html"", ""http://www.myrenne.com/de/sitemapxmap.html"", ""http://www.myrenne.com/de/startseite.html"", ""http://www.myrenne.com/de/stellenangebote.html"", ""http://www.myrenne.com/de/ueberuns.html"", ""http://myrenne.com/de/ueberuns.html"", ""http://www.myrenne.com/"", ""http://myrenne.com/"", ""http://www.myrenne.com/de/aktuelles.html"", ""http://www.myrenne.com/de/ausbildung.html"", ""http://www.myrenne.com/de/fertigungsverfahren.html"", ""http://www.myrenne.com/de/kontakt.html"", ""http://myrenne.com/de/kontakt.html"", ""http://www.myrenne.com/de/leistungen.html"", ""http://www.myrenne.com/de/produkte.html"", ""http://myrenne.com/de/produkte.html"", ""http://www.myrenne.com/de/veranstaltungen.html""]","[""contact"", ""contact"", ""contact"", ""contact"", ""contact"", ""contact"", ""contact"", ""contact"", ""contact"", ""contact"", ""contact"", ""homepage"", ""homepage"", ""products_services"", ""products_services"", ""products_services"", ""products_services"", ""products_services"", ""products_services"", ""products_services"", ""products_services"", ""products_services""]",True,high
c956bd4e-2b8a-4c48-8780-c187587f46b3,4,MYRENNE GMBH,post_event,"Anfahrt Auf der Karte können Sie erkennen, wo unser Unternehmen zu finden ist. Mit gedrückter linker Maustaste lässt sich der Kartenausschnitt verschieben und mit dem Mausrad (oder wahlweise den <+-> Tasten links oben) ist der Zoomfaktor einstellbar. JavaScript must be enabled in order for you to use Google Maps. However, it seems JavaScript is either disabled or not supported by your browser. To view Google Maps, enable JavaScript by changing your browser options, and then try again. Unsere Adresse lautet: Myrenne GmbH Vennhorn 7 52159 Roetgen An dieser Stelle können Sie bequem Ihre persönliche Anfahrtsbeschreibung abfragen. Bitte geben Sie dazu Ihre Startadresse ein. Es öffnet sich daraufhin ein neues Fenster, welches Ihnen Ihre Route sowie die Routenbeschreibung anzeigt. Falls die automatischen Routing-Funktionen nicht funktionieren oder Sie diese nicht nutzen möchten, finden Sie hier eine einfache Beschreibung: am AB-Kreuz Aachen A44 Richtung Lüttich / Liège Abfahrt Lichtenbusch links abbiegen Richtung Monschau geradeaus bis zur T-Kreuzung dort rechts abbiegen Richtung Monschau geradeaus bis Roetgen hinter Ortseingangsschild 1. Straße rechts direkt die 1. Straße wieder rechts bis zum Wendehammer durchfahren linke Seite: Vennhorn 7

Impressum Myrenne GmbH Vennhorn 7 52159 Roetgen Deutschland 02471-1212-0 02471-1212-12 www.myrenne.com Diese E-Mail-Adresse ist gegen Spambots geschützt! JavaScript muss aktiviert werden, damit sie angezeigt werden kann. Kontaktformular anzeigen Rechtliche Angaben Geschäftsführerin: Evelyn Myrenne, Karl-Heinz Backes USt.ID.nr. gemäß § 27 a Umsatzsteuergesetz: DE 121 736 658 Registergericht: Amtsgericht Aachen Registernummer: HRB 1346 Weitere Informationen Allgemeine Geschäftsbedingungen anzeigen Haftungshinweise (Disclaimer) anzeigen Trotz sorgfältiger inhaltlicher Kontrolle übernehmen wir keine Haftung für die Inhalte externer Links. Für den Inhalt der verlinkten Seiten sind ausschließlich deren Betreiber verantwortlich. Alle hier verwendeten Namen, Begriffe, Zeichen und Grafiken können Marken- oder Warenzeichen im Besitze ihrer rechtlichen Eigentümer sein. Die Rechte aller erwähnten und benutzten Marken- und Warenzeichen liegen ausschließlich bei deren Besitzern.

Startseite > Qualität Aktuelles | Kontakt | Leistungen | Produkte | Qualität Startseite Über uns Qualität Materiallager Referenzen Soziale Projekte Logistik Anfahrt Historie Leistungen Produkte Fertigungsverfahren Veranstaltungen Ausbildung Zertifikat Die Sicherstellung einer hervorragenden Qualität unserer Produkte und Dienstleistungen ist bei uns das oberste Ziel. Dazu haben wir ein Qualitätsmanagementsystem ausgearbeitet und eingeführt, das uns bei der Erfüllung dieses Ziels unterstützt. Seit März 2000 ist unser Qualitätsmanagementsystem nach ISO 9001 zertifiziert. In jährlichen Überwachungsaudits durch die LRQA (Lloyd's Register Quality Assurance) wird die fortdauernde Wirksamkeit unseres Systems nachgewiesen. Auf Wunsch stellen wir Ihnen gerne unser QM-Handbuch zur Verfügung, damit Sie nachvollziehen können, auf welche Weise wir unsere gute Qualität sicherstellen. Messen Zur Sicherstellung der Qualität unserer Produkte verfügen wir über moderne Messeinrichtungen, wie z.B. unsere 3D-Koordinaten-Messmaschine mit Scanning-Funktion: CNC gesteuert, max. x 505 mm / y 705 mm / z 405 mm Außerdem stehen uns folgende Messmöglichkeiten zur Verfügung: 3D-Auftragsmessungen berührungsloses Messsystem mit geometrischem Messrechner Schichtdickenmessung Shorehärteprüfung Oberflächenrauheitsbestimmung Werksprotokolle Werkzeugvoreinstellgerät Für zuverlässige Messungen haben wir einen separaten Messraum eingerichtet (36m²), der abgeschirmt vom Betrieb der Fertigung ein ruhiges und konzentriertes Arbeiten ermöglicht. Qualitätskontrolle Qualitätskontrolle während der Fertigung: Schaltendes 3D-Funkmesssystem Laserwerkzeug- und Werkstückvermessung kalibrierte Messwerkzeuge und Lehren: in der Produktion und Endkontrolle Prüfen Für die von uns verwendeten Rohmaterialien und Fertigteile stehen uns bei Bedarf folgende Prüfverfahren zur Verfügung: Röntgenprüfung Ultraschallprüfung Heliumlecktest für druckdichte Bauteile und Baugruppen Weiterbildung Zukunftsorientierte Mitarbeiterentwicklung Durch regelmäßige interne und externe Schulungen unserer Mitarbeiter erweitern wir unser Know-How. Dabei steht die Anforderung im Vordergrund, ständig über technische Entwicklungen in unserem Bereich auf dem laufenden zu bleiben und den Mitarbeitern höchstmögliche Kompetenz zu ermöglichen. Stellenangebote | Referenzen | Anfahrt | Impressum | Sitemap

Startseite > Referenzen Aktuelles | Kontakt | Leistungen | Produkte | Qualität Startseite Über uns Qualität Materiallager Referenzen Soziale Projekte Logistik Anfahrt Historie Leistungen Produkte Fertigungsverfahren Veranstaltungen Ausbildung Hier sehen Sie einige unserer bekanntesten Kunden: Carl Schenck AG MAN Nutzfahrzeuge AG Robert Bosch GmbH Philips Deutschland GmbH Bayer AG Fresenius SE BAM Bundesanstalt für Materialforschung und -prüfung BYK-Chemie GmbH DSA - Daten- und Systemtechnik GmbH Romika Shoes GmbH Daimler AG: Mercedes Benz Fraunhofer-Gesellschaft zur Förderung der angewandten Forschung e.V. BASF SE Ford Motor Company Institut für Kunststoffverarbeitung an der RWTH Aachen AMEPA Angewandte Messtechnik und Prozessautomatisierung GmbH Quality Automation GmbH Volvo Car Germany GmbH Dürr AG Sanofi-Aventis Deutschland GmbH Gates Corporation Stellenangebote | Referenzen | Anfahrt | Impressum | Sitemap

Startseite > Sitemap Aktuelles | Kontakt | Leistungen | Produkte | Qualität Startseite Über uns Leistungen Produkte Fertigungsverfahren Veranstaltungen Ausbildung Sitemap Startseite Über uns Qualität Zertifikat Messen Qualitätskontrolle Prüfen Weiterbildung Materiallager Materiallager Referenzen Soziale Projekte Ein Pavillon für den Seismik-Globus Logistik Logistik Anfahrt Historie Zertifikat Messen Qualitätskontrolle Prüfen Weiterbildung Materiallager Logistik Ein Pavillon für den Seismik-Globus Leistungen Gesamtlösungen Gesamtlösungen Konstruktion & Entwicklung Konstruktion & Entwicklung 3D-Modelle 3D-Modelle Fertigung Fertigung Montage Montage Prüfungen Gesamtlösungen Fertigung Montage Partner Verschiedene 3D-Modelle Konstruktion & Entwicklung Produkte Autoindustrie ICP (Funkstromzange) MFT (Multifunktionstester) Handadapter Handadapter Prüfgeräte SP1 (Schuhprüfung) 3D-Prototypen Verschiedenes Huf-Schemel Sondermaschinen Ersatzteile Handadapter Sondermaschinen Huf-Schemel Ersatzteile ICP (Funkstromzange) MFT (Multifunktionstester) SP1 (Schuhprüfung) Fertigungsverfahren Drehen Drehen Fräsen Fräsen Lackieren Lackieren Sägen Sägen Schleifen Schleifen Schweissen Schweißen Drehen Fräsen Sägen Lackieren Schweißen Schleifen Veranstaltungen Bondingmesse Aachen Zukunftsinitiative Eifel Ausbildungstag Girls Day Ausbildung Ausbildungsberufe Kopfmenü Aktuelles Schüler-Rennteam gewinnt Deutsche Meisterschaft Neuer Internetauftritt Kontakt Leistungen Gesamtlösungen Konstruktion & Entwicklung 3D-Modelle Montage Partner Verschiedene Fertigung Produkte Handadapter Sondermaschinen Huf-Schemel Ersatzteile ICP (Funkstromzange) MFT (Multifunktionstester) SP1 (Schuhprüfung) Qualität Zertifikat Messen Qualitätskontrolle Prüfen Weiterbildung Fussmenü Stellenangebote Referenzen Anfahrt Impressum Sitemap Powered by Xmap! Stellenangebote | Referenzen | Anfahrt | Impressum | Sitemap

Startseite Aktuelles | Kontakt | Leistungen | Produkte | Qualität Über uns Leistungen Produkte Fertigungsverfahren Veranstaltungen Ausbildung Wir bieten Gesamtlösungen im Maschinenbau Als mittelständisches Unternehmen im Raum Aachen/Eifel bieten wir Ihnen Gesamtlösungen im Maschinenbau. Von der Produktidee bis zur Auslieferung des fertigen Produkts bekommen Sie bei uns alles aus einer Hand. Sollten Sie lediglich einen Spezialisten für die Fertigung Ihrer Produkte suchen, sind Sie bei uns ebenfalls an der richtigen Adresse. Wir bieten Ihnen alle gängigen Fertigungsverfahren in höchster Qualität. Alle Ansprechpartner stehen Ihnen hier gerne zur Verfügung. Wir freuen uns auf Ihre Anfrage. Ihr Team der Myrenne GmbH Stellenangebote | Referenzen | Anfahrt | Impressum | Sitemap

Startseite > Über uns Aktuelles | Kontakt | Leistungen | Produkte | Qualität Startseite Über uns Qualität Materiallager Referenzen Soziale Projekte Logistik Anfahrt Historie Leistungen Produkte Fertigungsverfahren Veranstaltungen Ausbildung Zertifikat Die Sicherstellung einer hervorragenden Qualität unserer Produkte und Dienstleistungen ist bei uns das oberste Ziel. Dazu haben wir ein Qualitätsmanagementsystem ausgearbeitet und eingeführt, das uns bei der Erfüllung dieses Ziels unterstützt. Seit März 2000 ist unser Qualitätsmanagementsystem nach ISO 9001 zertifiziert. In jährlichen Überwachungsaudits durch die LRQA (Lloyd's Register Quality Assurance) wird die fortdauernde Wirksamkeit unseres Systems nachgewiesen. Auf Wunsch stellen wir Ihnen gerne unser QM-Handbuch zur Verfügung, damit Sie nachvollziehen können, auf welche Weise wir unsere gute Qualität sicherstellen. In unserem 400m² großen Materiallager halten wir alle gängigen Werkstoffe in verschiedensten Größen für Sie bereit. Hier eine Auswahl unserer ständig verfügbaren Werkstoffe: Stähle: 1.4305, 1.4301, St37-52, … Aluminiumlegierungen: AlMgCuZn1,5 AlMg4,5Mn, AlMgCuPb, AlMgSi0,5, ... Kunststoffe: PETP, PP, POM, PA, PVC, PEEK, HS25, Semitron … Nichteisenmetalle: Cu, CuZn40Pb2, RG … Hier sehen Sie einige unserer bekanntesten Kunden: Carl Schenck AG MAN Nutzfahrzeuge AG Robert Bosch GmbH Philips Deutschland GmbH Bayer AG Fresenius SE BAM Bundesanstalt für Materialforschung und -prüfung BYK-Chemie GmbH DSA - Daten- und Systemtechnik GmbH Romika Shoes GmbH Daimler AG: Mercedes Benz Fraunhofer-Gesellschaft zur Förderung der angewandten Forschung e.V. BASF SE Ford Motor Company Institut für Kunststoffverarbeitung an der RWTH Aachen AMEPA Angewandte Messtechnik und Prozessautomatisierung GmbH Quality Automation GmbH Volvo Car Germany GmbH Dürr AG Sanofi-Aventis Deutschland GmbH Gates Corporation Fuhrpark Zu unserem Fuhrpark zählen mehrere Kleintransporter, um bei Bedarf die umgehende Belieferung unserer Kunden zu gewährleisten. Paketzustellung und Speditionen Wir liefern auf Wunsch über alle gängigen Paketdienste (UPS, TNT, ...). Größere Transporte organisieren wir mittels zuverlässiger Speditionen national und international inklusive der Erledigung von Formalitäten und Verzollung. 11.11.1976 Gründung der Myrenne GmbH durch Heinz und Bärbel Myrenne. Nov. 1988 Umzug in das neu errichtete Betriebsgebäude im Gewerbegebiet Roetgen mit 216 m² Bürofläche, Personalräumen sowie 432 m² Produktionsfläche, ca. 20 Mitarbeiter Nov. 1997 Fertigstellung der Erweiterung des Betriebsgebäudes um 612 m² März 2000 Zertifiziert nach DIN ISO EN 9001. Jan. 2001 Fertigstellung des neuen Hallenanbaus für die Produktionsabteilung (1872 m²), ca. 30 Mitarbeiter. Nov. 2001 25-jähriges Bestehen der Myrenne GmbH März 2005 Erweiterung des Materiallagers auf insgesamt 400m² Juni 2006 Anbau eines Messraums für die Qualitätskontrolle (90m²), 34 Mitarbeiter Auf der Karte können Sie erkennen, wo unser Unternehmen zu finden ist. Mit gedrückter linker Maustaste lässt sich der Kartenausschnitt verschieben und mit dem Mausrad (oder wahlweise den <+-> Tasten links oben) ist der Zoomfaktor einstellbar. Leider sind hier keine Bilder verfügbar. Nutzungsbedingungen Karte Satellit Earth Unsere Adresse lautet: Myrenne GmbH Vennhorn 7 52159 Roetgen An dieser Stelle können Sie bequem Ihre persönliche Anfahrtsbeschreibung abfragen. Bitte geben Sie dazu Ihre Startadresse ein. Es öffnet sich daraufhin ein neues Fenster, welches Ihnen Ihre Route sowie die Routenbeschreibung anzeigt. Falls die automatischen Routing-Funktionen nicht funktionieren oder Sie diese nicht nutzen möchten, finden Sie hier eine einfache Beschreibung: am AB-Kreuz Aachen A44 Richtung Lüttich / Liège Abfahrt Lichtenbusch links abbiegen Richtung Monschau geradeaus bis zur T-Kreuzung dort rechts abbiegen Richtung Monschau geradeaus bis Roetgen hinter Ortseingangsschild 1. Straße rechts direkt die 1. Straße wieder rechts bis zum Wendehammer durchfahren linke Seite: Vennhorn 7 Ein Pavillon für den Seismik-Globus In einer interessanten Aktion bauten die Schüler der Seismik-AG des St. Michael-Gymnasiums Monschau einen mannshohen Globus, der die Grenzen der tektonischen Platten, sowie die Ausbreitung von Erdbeben im Inneren der Erde darstellt. Der Glaspavillon, in dem der Globus seinen Platz gefunden hat, ist unser Beitrag zu diesem bemerkenswerten Projekt. Weitere Informationen zum Bau des Globus haben die beteiligten Schüler in zwei Flyern zusammengestellt, die Sie hier herunterladen können: Bau des Seismik-Globus Globus im Haus bei Nacht Messen Zur Sicherstellung der Qualität unserer Produkte verfügen wir über moderne Messeinrichtungen, wie z.B. unsere 3D-Koordinaten-Messmaschine mit Scanning-Funktion: CNC gesteuert, max. x 505 mm / y 705 mm / z 405 mm Außerdem stehen uns folgende Messmöglichkeiten zur Verfügung: 3D-Auftragsmessungen berührungsloses Messsystem mit geometrischem Messrechner Schichtdickenmessung Shorehärteprüfung Oberflächenrauheitsbestimmung Werksprotokolle Werkzeugvoreinstellgerät Für zuverlässige Messungen haben wir einen separaten Messraum eingerichtet (36m²), der abgeschirmt vom Betrieb der Fertigung ein ruhiges und konzentriertes Arbeiten ermöglicht. Qualitätskontrolle Qualitätskontrolle während der Fertigung: Schaltendes 3D-Funkmesssystem Laserwerkzeug- und Werkstückvermessung kalibrierte Messwerkzeuge und Lehren: in der Produktion und Endkontrolle Prüfen Für die von uns verwendeten Rohmaterialien und Fertigteile stehen uns bei Bedarf folgende Prüfverfahren zur Verfügung: Röntgenprüfung Ultraschallprüfung Heliumlecktest für druckdichte Bauteile und Baugruppen Weiterbildung Zukunftsorientierte Mitarbeiterentwicklung Durch regelmäßige interne und externe Schulungen unserer Mitarbeiter erweitern wir unser Know-How. Dabei steht die Anforderung im Vordergrund, ständig über technische Entwicklungen in unserem Bereich auf dem laufenden zu bleiben und den Mitarbeitern höchstmögliche Kompetenz zu ermöglichen. Stellenangebote | Referenzen | Anfahrt | Impressum | Sitemap

11.11.1976 | Gründung der Myrenne GmbH durch Heinz und Bärbel Myrenne. | Nov. 1988 | Umzug in das neu errichtete Betriebsgebäude im Gewerbegebiet Roetgen mit 216 m² Bürofläche, Personalräumen sowie 432 m² Produktionsfläche, ca. 20 Mitarbeiter | Nov. 1997 | Fertigstellung der Erweiterung des Betriebsgebäudes um 612 m² | März 2000 | Zertifiziert nach DIN ISO EN 9001. | Jan. 2001 | Fertigstellung des neuen Hallenanbaus für die Produktionsabteilung (1872 m²), ca. 30 Mitarbeiter. | Nov. 2001 | 25-jähriges Bestehen der Myrenne GmbH | März 2005 | Erweiterung des Materiallagers auf insgesamt 400m² | Juni 2006 | Anbau eines Messraums für die Qualitätskontrolle (90m²), 34 Mitarbeiter |

myrenne gmbh Wir bieten Gesamtlösungen im Maschinenbau Als mittelständisches Unternehmen im Raum Aachen/Eifel bieten wir Ihnen Gesamtlösungen im Maschinenbau. Von der Produktidee bis zur Auslieferung des fertigen Produkts bekommen Sie bei uns alles aus einer Hand. Sollten Sie lediglich einen Spezialisten für die Fertigung Ihrer Produkte suchen, sind Sie bei uns ebenfalls an der richtigen Adresse. Wir bieten Ihnen alle gängigen Fertigungsverfahren in höchster Qualität. Alle Ansprechpartner stehen Ihnen hier gerne zur Verfügung. Wir freuen uns auf Ihre Anfrage. Ihr Team der Myrenne GmbH

myrenne gmbh Wir bieten Gesamtlösungen im Maschinenbau Als mittelständisches Unternehmen im Raum Aachen/Eifel bieten wir Ihnen Gesamtlösungen im Maschinenbau. Von der Produktidee bis zur Auslieferung des fertigen Produkts bekommen Sie bei uns alles aus einer Hand. Sollten Sie lediglich einen Spezialisten für die Fertigung Ihrer Produkte suchen, sind Sie bei uns ebenfalls an der richtigen Adresse. Wir bieten Ihnen alle gängigen Fertigungsverfahren in höchster Qualität. Alle Ansprechpartner stehen Ihnen hier gerne zur Verfügung. Wir freuen uns auf Ihre Anfrage. Ihr Team der Myrenne GmbH

Aktuelles | Kontakt | Leistungen | Produkte | Qualität | Beim Schülerwettbewerb ""Formel 1 in der Schule"", bei dem es darum geht, einen kleinen Balsaholzrennwagen selber zu konstruieren, zu testen und zu realisieren, unterstützt unsere Firma das Team ""Aixtrem Racing"" des Einhard-Gymnasiums. Die von den Schülern selbst konstruierten und von uns gefertigten Chassis der Rennwagen legten den Grundstein für den großen Erfolg, den die Aachener Schüler in diesem Jahr vorweisen konnten. Alle Informationen zum Wettbewerb, die Bilder und Hintergründe finden Sie auf http://www.f1inschools.de/. Die Homepage des Teams ""Aixtrem Racing"" des Aachener Einhard-Gymnasiums zeigt unter http://www.aixtrem-racing.de/ das Team, das Auto und eine Gallerie für Interessierte. Ab sofort finden Sie an dieser Stelle unsere überarbeitete Webseite. Unser Ziel bei der Neugestaltung der Seiten war es, Interessenten alle benötigten Informationen noch strukturierter und übersichtlicher zur Verfügung zu stellen. Im Bereich Über uns erfahren Sie mehr über die Geschichte unseres Unternehmens, unsere Leistungen und unser Qualitätsverständnis. Weiterhin geben wir Ihnen hier einen Überblick über unsere lagermäßig verfügbaren Werkstoffe, unser logistischen Möglichkeiten, ein paar unserer bekannteren Kunden, sowie eine Anfahrtsbeschreibung. Unter dem Menüpunkt Leistungen stellen wir Ihnen die von uns angebotenen Dienstleistungen, sowie unsere Fertigungsverfahren vor. Beispiele für von uns gefertigte Produkte erhalten Sie unter dem gleichnamigen Menüpunkt. Sie finden hier sowohl eigene Produkte, als auch Beispiele für Produkte, die wir im Kundenauftrag gefertigt haben. Der Bereich Fertigungsverfahren bietet Ihnen einen detaillierten Einblick in unsere fertigungstechnischen Möglichkeiten. Für Produkte, die nicht mit unseren Verfahren oder auf unseren Maschinen gefertigt werden können, arbeiten wir regelmäßig mit kompetenten Partnern zusammen, so dass wir die Fertigung Ihrer Produkte in jedem Fall aus einer Hand anbieten können. Selbstverständlich sind wir auch auf den branchenüblichen Ausstellungen und Messen vertreten. In diesem Bereich finden Sie Informationen, wann und wo die nächsten Messetermine geplant sind. Wir beschäftigen ständig mehrere Auszubildende in verschiedenen Berufsbildern. Unter Ausbildung finden Sie hierzu alles Wissenswerte. Ihre Kritik oder Anregungen zur Webseite nehmen wir gerne entgegen. Stellenangebote | Referenzen | Anfahrt | Impressum | Sitemap |

Ausbildungsberufe Wir bilden regelmäßig junge Leute in folgenden Berufsfeldern aus: Die Tätigkeit im Überblick Feinwerkmechaniker/innen stellen Produkte der Stanz-, Schnitt- und Umformtechnik sowie der Vorrichtungs- und Formenbautechnik ebenso her wie Maschinen, Geräte, Systeme und Anlagen, die sie auch warten und instand setzen. Sie arbeiten bei Herstellern von feinmechanischen und optischen Erzeugnissen sowie im Maschinen- und Werkzeugbau. Außerdem sind Feinwerkmechaniker/innen z.B. in Betrieben tätig, die elektrische Mess- und Kontrollinstrumente produzieren. Darüber hinaus bieten Wartungs- und Reparaturdienste, z.B. für Nähmaschinen, Beschäftigungsmöglichkeiten. Die Ausbildung im Überblick Feinwerkmechaniker/in ist ein anerkannter Ausbildungsberuf nach der Handwerksordnung (HwO). Diese bundesweit geregelte 3 1/2-jährige Ausbildung wird im Handwerk in folgenden Schwerpunkten angeboten: Feinmechanik Maschinenbau Werkzeugbau Auch eine schulische Ausbildung ist möglich. Lesezeichen-tauglicher Link Wenn Sie diese Berufsbeschreibung als Lesezeichen/Favorit speichern oder die Adresse (per eMail) weitergeben wollen, benutzen Sie bitte die folgende Adresse: http://berufenet.arbeitsagentur.de/berufe/start?dest=profession&prof-id=15145 Die Tätigkeit im Überblick Technische Zeichner/innen der Fachrichtung Maschinen- und Anlagentechnik setzen die Vorgaben von Konstrukteuren und Konstrukteurinnen in Pläne und technische Unterlagen um. Sie fertigen vor allem technische Zeichnungen für den Neubau, die Entwicklung und die Modernisierung von Maschinen, Geräten und Fahrzeugen. Technische Zeichner/innen der Fachrichtung Maschinen- und Anlagentechnik arbeiten in erster Linie in Architektur- oder Ingenieurbüros. Auch in Konstruktionsbüros von Betrieben sind sie tätig, z.B. im Maschinen- und Anlagen- oder im Fahrzeugbau. Darüber hinaus sind sie unter anderem bei Energieversorgern oder in kommunalen Bauämtern tätig. Die Ausbildung im Überblick Technische/r Zeichner/in ist ein anerkannter Ausbildungsberuf nach dem Berufsbildungsgesetz (BBiG). Diese bundesweit geregelte 3 1/2-jährige Ausbildung wird in Industrie und Handwerk in den folgenden Fachrichtungen angeboten: Maschinen- und Anlagentechnik Elektrotechnik Heizungs-, Klima- und Sanitärtechnik Holztechnik Stahl- und Metallbautechnik Daneben gibt es die Möglichkeit, im Rahmen einer landesrechtlich geregelten schulischen Ausbildung an Berufsfachschulen den Abschluss als Technische/r Zeichner/in ohne Schwerpunkt zu erwerben. Lesezeichen-tauglicher Link Wenn Sie diese Berufsbeschreibung als Lesezeichen/Favorit speichern oder die Adresse (per eMail) weitergeben wollen, benutzen Sie bitte die folgende Adresse: http://berufenet.arbeitsagentur.de/berufe/start?dest=profession&prof-id=6477

Fertigungsverfahren Drehen Unsere Drehabteilung fertigt auf modernen CNC- und konventionellen Drehmaschinen: max. Drehdurchmesser: x = 400 mm max. Längsweg: y = 1.000 mm max. Drehzahlbereich: 20 - 5.000 U/min Verfahrgeschwindigkeit: 20 m/min mit bis zu 12 Revolverplätzen mit angetriebenen Werkzeugen Fräsen 5-Achs-Bearbeitungszentren mit integrierten Dreh-/ Schwenktischeinheiten: Drehtischabmessung: Ø 800 mm x 630 mm Schwenkbereich: +10° bis -90°x ± 360° Verfahrwege: max. x 780 mm / y 800 mm / z 600 mm 4-Achs-Bearbeitungszentrum mit integriertem NC-Teilapparat: max. x 1825mm / y 800 mm/ z 600 mm je mit 56-fachem Werkzeugwechsler wassergekühlte Motorspindel: 50 -12.000 U/min Innenkühlung: 40 bar Laserwerkzeugvermessung Werkstückvermessung während der Fertigung CNC-Fräsmaschinen: Hochgeschwindigkeitsfräsen: 1.000 - 42.000 U/min Normalgeschwindigkeitsfräsen: 15 - 20.000 U/min NC-Teilapparat max. x 1.000 mm/ y 600 mm/ z 600 mm 30 m/min mit bis zu 30-fachem Werkzeugwechsler Sägen Zur Vorbereitung unserer Fertigungsaufträge stehen in unserer Sägerei verschiedene Möglichkeiten zur Verfügung. Bandsägeautomat: max. 200 x 200 mm Kreissäge: max. 1.200 x 2.400 mm Sägeabteilung 108 m² Lackieren Dank unseres umfangreich ausgestatteten Lackierraums sind wir in der Lage, verschiedenste Lackieraufgaben selbst auszuführen, speziell: EMV-Schutzlackierung Lackierung nach RAL Sonderlackierungen Lackierraum 72 m² Schweißen Wir können bei Bedarf auf folgende Schweißverfahren zurückgreifen: Schweißanlage MIG/MAG für Al, VA usw. WIG für Al, VA usw. (Mikro-) Plasmaschweissen Schweißtisch 1.200 x 2.400 mm Schweißdrehtische Hochfrequenz-Lötanlage Schweiß-/Lötraum Orbitalschweißen Elektronenstrahlschweißen (EB-Schweißen) Laserstrahlschweißen Schleifen Zur Herstellung hochwertiger Oberflächen stehen bei uns folgende Schleifverfahren zur Verfügung: Rundschleifen: Außenrundschleifen: Ø 250 x 650 Innenrundschleifen: Ø 20 bis Ø 200 Flachschleifen: Flachschleifmaschine: max. 600 x 200 x 350 mm Stichel-Schleifmaschine Bandschleifer Schleifböcke Schleifabteilung 36 m²

Aktuelles | Kontakt | Leistungen | Produkte | Qualität | Allgemeine Information: | Zentrale Tel.: 02471-12120 Fax: 02471-121212 Diese E-Mail-Adresse ist gegen Spambots geschützt! JavaScript muss aktiviert werden, damit sie angezeigt werden kann. | | Entwicklung & Konstruktion: | Herr Jan van Gilse Tel.: 02471-121221 Diese E-Mail-Adresse ist gegen Spambots geschützt! JavaScript muss aktiviert werden, damit sie angezeigt werden kann. | | Betriebsleitung: | Herr Karl-Heinz Backes Tel.: 02471-121223 Diese E-Mail-Adresse ist gegen Spambots geschützt! JavaScript muss aktiviert werden, damit sie angezeigt werden kann. | | Fertigung: | Herr Rainer Schmeltz Tel.: 02471-121216 Fax: 02471-121225 Diese E-Mail-Adresse ist gegen Spambots geschützt! JavaScript muss aktiviert werden, damit sie angezeigt werden kann. | | Geschäftsleitung: | Frau Evelyn Myrenne, Herr Karl-Heinz Backes Tel.: 02471-121224 Diese E-Mail-Adresse ist gegen Spambots geschützt! JavaScript muss aktiviert werden, damit sie angezeigt werden kann. | Auf dieser Seite finden Sie alle Informationen, um mit uns Kontakt aufzunehmen. Sie können zu unseren Produktbereichen Informationsmaterial anfordern oder uns eine E-Mail mit Fragen, Anregungen oder auch Kritik schicken. Wenn Sie statt diesen Formulars lieber Ihr E-Mail-Programm benutzen möchten, verwenden Sie einfach die oben angegebenen Mailadressen. Ihre Daten dienen ausschließlich der internen Bearbeitung der Fa. Myrenne GmbH und werden nicht an Dritte weitergeleitet. Stellenangebote | Referenzen | Anfahrt | Impressum | Sitemap |

Leistungen Gesamtlösungen Wir bieten Ihnen Gesamtlösungen im Maschinenbau . Das bedeutet: Sie liefern uns Ihre Idee, wir planen, entwerfen, konstruieren, dokumentieren, fertigen und montieren Ihr Produkt. Darüber hinaus betreuen wir Ihr Produkt mit technischem Support, Ersatzteilen, sowie notwendigen Anpassungs- und Umkonstruktionen. Bei uns sind Sie mit Ihrem Produkt in guten Händen. Konstruktion & Entwicklung In unserer Entwicklungsabteilung stehen Ihnen qualifizierte und erfahrene Ingenieure zur Verfügung, die Ihre Wünsche und Ansprüche an Ihr Produkt konsequent umsetzen. Wir legen dabei größten Wert auf Qualität Sicherheit Handhabbarkeit und Design der Produkte. Durch die vielfache Verwendung von Normteilen und Standardkomponenten überall dort, wo es möglich und sinnvoll ist, stellen wir sicher, dass die Produkt- und Ersatzteilkosten überschaubar bleiben. Entwicklung und Fertigung von kundenspezifischen Sondermaschinen einschließlich elektronischer und datentechnischer Zusatzeinrichtungen. Optimale Lösungen für Entwicklung und Konstruktion in enger interaktiver Zusammenarbeit mit dem Kunden. Durchgehenden Einsatz von 3D-CAD und CAM mit Siemens NX . 3D-Modelle Unser Prototypenplotter ""FDM Vantage"" von Stratasys bietet die Möglichkeit, innerhalb kurzer Zeit funktionelle Prototypen von Einzelkomponenten oder ganzen Baugruppen zu fertigen. Benötigt wird dazu lediglich ein 3D-Modell in einem gängigen CAD-Format. Bauteilgröße: max. x 203 / y 203 / z 305 mm Material: PC- ABS (Acrylnitril-Butadien-Styrol) erhältlich in den Farben: schwarz, weiß, rot, blau, gelb, grün Verfahren: FDM (fused deposition modeling) erforderliche Daten: 3D-Daten im STL-Format Die folgenden Bilder zeigen ein 3D-Modell im Rechner, das daraus gefertigte Prototypenteil aus Kunststoff sowie ein Gerät, das auf herkömmlichem Weg aus Alu gefräst wurde. Zu erkennen sind die endmaßnahe Formgebung und die farblichen Variationsmöglichkeiten. Montage Unsere Montagehalle bietet viel Platz auch für die Montage großer Maschinen und Anlagen. Montage von mechanischen, elektromechanischen, hydraulischen, pneumatischen und medizinischen Einheiten und Geräten wie z. B.: Mess- und Prüfgeräte, komplette Fahranlagen, Eichgeräte, Rundtaktmaschinen, ... 360 m² Montagehalle Montage auf Kundenwunsch auch vor Ort möglich! Partner Folgende spezielle Fertigungsverfahren bieten wir in enger Zusammenarbeit mit kompetenten Partnern an: Oberflächenbehandlung: Eloxieren, Hartcoatieren, chemisch Vernickeln, Chromatieren, TUFRAM (synergetische Behandlung von Aluminium) Pulverbeschichten usw. Wärmebehandlung von Stählen: Härten, Glühen usw. Rundschleifen Wasserstrahlschneiden Blechbearbeitung Laserschneiden Laserschweißen Schaltschrankbau Verschiedene Zusätzlich zu den beschriebenen Fertigungsverfahren verfügen wir über folgende weitere Möglichkeiten, hochwertige Produkte zu fertigen: Trowalisiergerät Sandstrahlkabine Stoßmaschine Biegemaschine Plasmabrenner 2-Komponenten-Dosieranlage Powerflex Universal-Gewindeschneidsystem Teilereinigungsanlage Fertigung Unsere umfangreich ausgestattete Fertigungsabteilung erlaubt es uns, alle von uns entwickelten Produkte selbst zu fertigen. Dazu stehen uns alle gängigen Fertigungsverfahren zur Verfügung. Bei einigen spezielle Verfahren greifen wir auf unsere spezialisierten und kompetenten zurück. Natürlich fertigen wir auch Ihr Produkt nach Ihren Vorgaben. Dabei stehen wir Ihnen auch gerne als kompetenter Berater in allen Fertigungsfragen zur Verfügung. Auch Änderungen an Ihren bestehenden Produkten arbeiten wir in enger Zusammenarbeit mit unserer Konstruktionsabteilung gerne ein.

Aktuelles | Kontakt | Leistungen | Produkte | Qualität | Zur Kabelbaumprüfung in der Automobilfertigung werden sogenannte ""Handadapter"" eingesetzt. Diese Geräte werden spezifisch für jeden Stecker im Fahrzeug angefertigt und erlauben es dem Werker, durch einfaches Einstecken des Steckers in eine dafür vorgesehene Kammer, die Funktion und richtige Verkabelung zu testen. Das Ergebnis des Tests wird sofort abgespeichert und dem Werker angezeigt. Aufgrund der rauen Bedingungen in der Automobilfertigung müssen besondere Anforderungen an die Stabilität und Haltbarkeit der Adapter gestellt werden. Unsere langjährige Erfahrung erlaubt es uns, höchst genaue und nahezu unzerstörbare Gehäuse für diese Geräte liefern zu können. Die Gehäuseschalen werden dabei aus einem speziellen Werkstoff aus einem Stück gefräst. hier z.B.: Laserschneidanlage Baugruppe für die Funkstromzange ICP Die hochgenaue Funkstromzange mit integriertem Gesamtmesssystem, Steuerrechner und Funkmodul ermöglicht berührungsloses Messen von Adaptionen ohne Abklemmen der Batteriepole. In enger Zusammenarbeit mit der anerkannten Huforthopädin Adriane Georgi vom Deutschen Institut für Huforthopädie (DIfHO) haben wir einen neuen Hufbock entwickelt, der die Hufbehandlung und -pflege sehr bequem und einfach macht. Der höhenverstellbare Bock steht auf einem tragfähigen Dreibein-Gestänge, welches selbst bei nervösen Pferden kippsicher und stabil steht. Die Hufauflage aus PP ist rutschsicher ausgelegt und erlaubt sowohl ein Aufstellen des Hufes als auch ein Auflegen des Beines für verschiedene Untersuchungen und Behandlungen am Huf. Bei Interesse wenden Sie sich bitte an Frau Evelyn Myrenne ( Diese E-Mail-Adresse ist gegen Spambots geschützt! JavaScript muss aktiviert werden, damit sie angezeigt werden kann. ). Ein Infoblatt zum Hufbock können Sie hier herunterladen. Gehäuse für Multifunktionstester MFT Das universell einsetzbare Instrument zur Programmierung,Prüfung und Diagnose von Fahrzeug-Steuergeräten. Mit dem Prüfgerät SP1 können Streifenproben, Schuhsohlen oder ganze Schuhe geprüft werden. Das Gerät empfindet den natürlichen Bewegungsablauf nach. Im gestreckten Zustand ist die Sohle unbelastet. Während des Biegevorganges wird sie mit ca. 700 N be- und in der Ausgangsstellung wieder entlastet. Zur Methode: Zu beiden Seiten des kompakten Maschinenkörpers in Ständerausführung befinden sich höhenverstellbare Fuß-Tische. Zwischen diesen und den Gegendruckplatten wird der Prüfkörper einseitig eingespannt. Die zweite Befestigung der Probe erfolgt an Schwenkarm-Konsolen. Die Schwenkarmbewegung erzeugt eine Wechselbiegebelastung auf den Prüfkörper, wobei der Prüfkörper in der gestreckten Lage zur Vermeidung unkontrollierter Zug- oder Druckspannung durch ein kurzes Abheben der Gegendruckplatte entlastet wird. Der Schenkwinkel ist einstellbar. Die Schwenkarme werden mit der vorgewählten Biegefrequenz bewegt. Die Abschaltung erfolgt automatisch in gestreckter Lage des Prüfkörpers, nachdem die vorgewählte Biegungsanzahl erreicht ist. Die Gegendruckplatten werden durch einen doppelwirkenden Hydraulikzylinder aufgepresst und zur Entlastung der Probe abgehoben. Die Entlastungszeit ist stufenlos einstellbar. Die Gegendruckplatten sind temperierbar (Option). Alle beweglichen Teile sind durch Schutzhauben gegen unbeabsichtigtes Hineingreifen gesichert. Biegewinkel: | 50° - 100° in 10°-Stufen, manuell einstellbar. (Einrichtezeit: ca. 15 min.) | Biegefrequenz: | 65 und 130/min, automatisch | Antrieb: | Drehstromgetriebe-Bremsmotor polumschaltbar 220/380 · V 0,5/0,6 kW | Druckplatten: | Stufenlos höhenverstellbar, zyklischer Anpressdruck ca. 700 N pro Druckplatte über integriertes Hydraulikaggregat 0,37 kW. Auf Wunsch temperierbar über Flüssigkeitsthermostat bzw. Kryostat.* | Ventilsteuerung: | elektromagnetisch über Lichtschranke einschließlich elektronischer Zeitschaltung. | Fußtische: | Aufspannfläche 130x80 mm, T-Nut 8 mm breit, höhenverstellbar in 20 mm Stufen. | Biegezählwerk: | Subtrahierendes Zählwerk, nach eingestellter Hubzahl automatisch abschaltend. Zählimpuls über Lichtschranke. Abschaltpunkt bei gestrecktem Schwenkwinkel. | Prüfkörper-Risskontrolle: | Zwischenstop im max. eingestellten Biegewinkel. | Sicherheitseinrichtungen: | Not-Aus-Schalter, Türkontaktschalter, die den Betrieb des Gerätes ausschließlich bei geschlossenen Türen gestatten. | Anschluss: | 380 V · 50 Hz · 16 A. Auf Wunsch andere Spannungen.* | Abmessung: | ca. 550 x 550 x 1350 mm Höhe. | Gewicht: | ca. 300 kg | * gegen Mehrpreis Auch für Ihre Maschine entwickeln und fertigen wir Ersatzteile, Vorrichtungen und Baugruppen. Stellenangebote | Referenzen | Anfahrt | Impressum | Sitemap |

Veranstaltungen Girls' Day Im Rahmen des bieten wir jedes Jahr interessierten Mädchen die Möglichkeit, Einblicke in ein typischerweise von Männern dominiertes Tätigkeitsfeld zu erhalten. Wir wollen zeigen, dass auch Frauen diesen Aufgaben gut gewachsen sein können und technisch interessierte Mädchen zur Wahl eines solchen Berufes ermutigen. Ausbildungstag Wir nehmen auch regelmäßig am Ausbildungstag, einer regionalen Ausbildungsmesse der Kommunen Monschau, Roetgen und Simmerath teil. Dabei informieren wir über unsere Ausbildungsmöglichkeiten zum/zur Feinwerkmechaniker/in . In dem kleinen Test ""Bist Du fit für die Mechanik"" können interessierte Schüler ihr räumliches Denkvermögen testen. Zukunftsinitiative Eifel Hinter dem Stichwort ""Zukunftsinitiative Eifel"" versteckt sich keine Messe oder Ausstellung im eigentlichen Sinne. Die Webseite http://www.zukunftsinitiative-eifel.de beschreibt die Initiative so: Im Vordergrund der Zukunftsinitiative Eifel steht die gezielte gemeinschaftliche Entwicklung regionaler Kompetenzen zur nachhaltigen Stärkung des Wirtschaftsraumes Eifel. Im Sinne einer Allianz haben sich über die Landesgrenzen von Rheinland-Pfalz und Nordrhein-Westfalen hinweg 10 Eifelkreise, 53 Kommunen und 8 regionale Wirtschaftskammern zusammengeschlossen, um hierfür neue strategische Perspektiven auf eine erfolgreiche Wirtschaftsentwicklung zu eröffnen. Unser Unternehmen nimmt an vielen Veranstaltungen dieser Initiative aktiv teil. Für nähere Informationen sprechen Sie uns ruhig an. Bondingmesse Aachen Die bonding Studenteninitiative e.V. veranstaltet regelmäßig Firmenkontaktmessen für Studenten im ganzen Bundesgebiet. Wir sind regelmäßig auf der Aachener Bondingmesse vertreten. Die Messe in Aachen findet regelmässig zum Jahresende statt. Unter der folgenden Adresse finden Sie weitere Informationen zur Veranstaltung: bonding Firmenkontaktmesse Aachen Wo Sie uns in diesem Jahr finden und welche weiteren Pläne wir im Zusammenhang mit der Messe haben, erfahren Sie demnächst an dieser Stelle.",4327,4327,17,"[""http://myrenne.com/de/anfahrt.html"", ""http://myrenne.com/de/impressum.html"", ""http://myrenne.com/de/qualitaet.html"", ""http://myrenne.com/de/referenzen.html"", ""http://myrenne.com/de/sitemapxmap.html"", ""http://myrenne.com/de/startseite.html"", ""http://myrenne.com/de/ueberuns.html"", ""http://myrenne.com/de/ueberuns/historie.html"", ""http://myrenne.com/"", ""http://www.myrenne.com/"", ""http://myrenne.com/de/aktuelles.html"", ""http://myrenne.com/de/ausbildung.html"", ""http://myrenne.com/de/fertigungsverfahren.html"", ""http://myrenne.com/de/kontakt.html"", ""http://myrenne.com/de/leistungen.html"", ""http://myrenne.com/de/produkte.html"", ""http://myrenne.com/de/veranstaltungen.html""]","[""contact"", ""contact"", ""contact"", ""contact"", ""contact"", ""contact"", ""contact"", ""contact"", ""homepage"", ""homepage"", ""products_services"", ""products_services"", ""products_services"", ""products_services"", ""products_services"", ""products_services"", ""products_services""]",True,high
c956bd4e-2b8a-4c48-8780-c187587f46b3,4,MYRENNE GMBH,post_post_event,"3D-PROTOTYPING Zur Herstellung der Prototypen nutzen wir bereits seit dem Jahr 2005 das FDM-Verfahren (FDM = Fused Deposition Modeling). Unter Berücksichtigung der Anforderungen an das Bauteil haben wir als Modellmaterial die folgenden Werkstoffe mit unterschiedlichen physikalischen Eigenschaften zur Auswahl: Polycarbonat-verstärktes ABS (PC-ABS) reines ABS reines Polycarbonat (PC) reines Polyamid (PA) Das Stützmaterial ist in einer speziellen Flüssigkeit löslich und wird unmittelbar nach Fertigstellung des Prototyps ausgewaschen. Die maximale Modellgröße wird durch den Bauraum von 406mm x 356mm x 406mm (X,Y,Z) bestimmt, wobei in Z-Richtung eine Schichtdicke von 0,18mm erreicht wird. Die Lieferzeiten hängen zum einen von der aktuellen Auslastung der Anlagen, zum anderen natürlich auch von den Dimensionen Ihres 3D-Modells ab. Ein unverbindliches Angebot mit Preisen und Lieferterminen lassen wir Ihnen gerne auf Grundlage Ihrer STL-Files zukommen. Bei Fragen stehen wir Ihnen natürlich gerne telefonisch zur Verfügung . Haben Sie Interesse an einem individuellen Angebot für Ihren Prototyp? Dann nutzen Sie doch bitte unser Anfrageformular

KONSTRUKTION UND ENTWICKLUNG RAPID PROTOTYPING TECHNISCHE DOKUMENTATION FERTIGUNG MONTAGE PRÜFEN UND MESSEN MATERIALLAGER LOGISTIK FERTIGUNGSABTEILUNG FRÄSEN DREHEN SCHWEIßEN LASERBESCHRIFTEN RAPID MANUFACTURING (FDM) SCHLEIFEN LÄPPEN LACKIEREN SONSTIGES PARTNER KUNDENSPEZIFISCHE TURN-KEY-SPEZIALMASCHINEN SONDERMASCHINEN MECHANISCHE LÖSUNGEN FÜR ELEKTRONISCHE GERÄTE SONDERANFERTIGUNGEN UND SONDERLÖSUNGEN HUF-SCHEMEL (HUFBOCK) ÜBER UNS AUSBILDUNG VERANSTALTUNGEN QUALITÄTSMANAGEMENT SPONSORING ANFRAGEFORMULAR POSTANSCHRIFT UND ZENTRALE ANFAHRT UND ROUTENPLANUNG 3D-PROTOTYPING HOME LEISTUNGEN FERTIGUNGSVERFAHREN PRODUKTE UNTERNEHMEN KONTAKT 3D-PROTOTYPING LOGIN ALLGEMEINE GESCHÄFTSBEDINGUNGEN Hier können Sie unsere AGB einsehen. Download: Allgemeine Geschäftsbedingungen

DATENSCHUTZ Wir freuen uns über Ihr Interesse an unserer Internetpräsenz und unserem Unternehmen. Der Schutz Ihrer personenbezogenen Daten bei der Erhebung, Verarbeitung und Nutzung anlässlich Ihres Besuchs auf unserer Internetpräsenz ist uns ein wichtiges Anliegen. In Bezug darauf finden Sie nachfolgend transparent Informationen darüber, welche Daten während Ihres Besuchs auf unserer Internetpräsenz erfasst werden und wie wir mit den jeweiligen erhobenen Daten im Rahmen der gültigen gesetzlichen Vorschrift umgehen. Wir möchten durch diese Transparenz aufklären und möglichst jegliche Unsicherheit ihrerseits beseitigen. Personenbezogene Daten Jeder Zugriff auf unsere Internetpräsenz und somit jeder Abruf einer auf unseren Servern hinterlegten Datei wird aus technischen Gründen und in Bezug auf die Systemsicherheit protokolliert. Protokolliert werden: Name der abgerufenen Datei, Datum und Uhrzeit des Abrufs, übertragene Datenmenge, Meldung über erfolgreichen Abruf, übermittelte Webbrowser Informationen, Betriebssystem Informationen, die angefragte Domain sowie die Internet Adresse des anfragenden Systems. Diese Daten sind nicht als personenbezogene Daten zu verstehen und werden in der Regel aus technischen Gründen bei nahezu allen gängigen Webseitenanbietern erhoben um eine Datenkommunikation zwischen Webserver und Internetbrowser gewährleisten zu können. Personenbezogene Daten sind solche Daten, die mit Ihrer persönlichen Identität als Person in Verbindung gebracht werden können und werden ausschließlich erfasst, wenn Sie diese Angaben freiwillig übermitteln, etwa im Rahmen einer Kontakt- oder Informationsanfrage über eines unserer Online-Formulare. Nutzung und Weitergabe personenbezogener Daten Soweit Sie uns personenbezogene Daten freiwillig zur Verfügung gestellt haben, verwenden wir diese ausschließlich zur Beantwortung Ihrer Anfrage, Bearbeitung Ihres Anliegens, eventuell zur Abwicklung mit Ihnen geschlossener Verträge und zu internen administrativen Zwecken. Eine Weitergabe, ein Verkauf oder sonstige Übermittlung Ihrer personenbezogenen Daten an Dritte erfolgt nicht, nur dann werden personenbezogene Daten an Dritte weitergegeben oder anderweitig übermittelt, wenn dies zum Zwecke der Abwicklung oder Bearbeitung Ihres Wunschanliegens erforderlich und unvermeidbar ist. Sie haben das Recht auf Anfrage Auskunft diesbezüglich zu erhalten. Eine Löschung eventuell gespeicherten personenbezogenen Daten erfolgt, wenn Sie eine eventuell zuvor erteilte Einwilligung zur Speicherung widerrufen, wenn ihre Kenntnis zur Erfüllung des mit der Speicherung verfolgten Zwecks nicht und auch in der Zukunft nicht mehr erforderlich ist oder wenn Ihre Speicherung aus sonstigen gesetzlichen Gründen unzulässig ist. Auskunftsrecht Sie haben das Recht über Ihre bei uns gespeicherten personenbezogene Daten Auskunft zu erhalten. Die Auskunft erteilen wir Ihnen ausschließlich bei ausdrücklicher schriftliche Anfrage Ihrerseits. Bitte nutzen Sie als Kontakt hierzu unsere Postanschrift. Technischer Sicherheitshinweis Wir sind bemüht Ihre personenbezogenen Daten durch Ergreifung entsprechender technischer und organisatorischer Mittel so zu speichern, dass diese für Dritte nicht zugänglich sind. Bei der Kommunikation per E-Mail kann die vollständige Datensicherheit aufgrund unverschlüsselter Übertragungswege von uns nicht gewährleistet werden, so dass wir Ihnen für die Übermittlung von vertraulichen Informationen den Postweg empfehlen. Klausel Die Gültigkeit dieser Nutzungsbedingungen in Teilen bleibt auch dann erhalten, wenn einzelne Formulierungen oder Regelungen Ihre Gültigkeit verlieren. Diese Nutzungsbedingungen und alle damit verbunden Beziehungen unterliegen ausschließlich dem deutschen Recht. Personenbezogene Daten Jeder Zugriff auf unsere Internetpräsenz und somit jeder Abruf einer auf unseren Servern hinterlegten Datei wird aus technischen Gründen und in Bezug auf die Systemsicherheit protokolliert. Protokolliert werden: Name der abgerufenen Datei, Datum und Uhrzeit des Abrufs, übertragene Datenmenge, Meldung über erfolgreichen Abruf, übermittelte Webbrowser Informationen, Betriebssystem Informationen, die angefragte Domain sowie die Internet Adresse des anfragenden Systems. Diese Daten sind nicht als personenbezogene Daten zu verstehen und werden in der Regel aus technischen Gründen bei nahezu allen gängigen Webseitenanbietern erhoben um eine Datenkommunikation zwischen Webserver und Internetbrowser gewährleisten zu können. Personenbezogene Daten sind solche Daten, die mit Ihrer persönlichen Identität als Person in Verbindung gebracht werden können und werden ausschließlich erfasst, wenn Sie diese Angaben freiwillig übermitteln, etwa im Rahmen einer Kontakt- oder Informationsanfrage über eines unserer Online-Formulare. Nutzung und Weitergabe personenbezogener Daten Soweit Sie uns personenbezogene Daten freiwillig zur Verfügung gestellt haben, verwenden wir diese ausschließlich zur Beantwortung Ihrer Anfrage, Bearbeitung Ihres Anliegens, eventuell zur Abwicklung mit Ihnen geschlossener Verträge und zu internen administrativen Zwecken. Eine Weitergabe, ein Verkauf oder sonstige Übermittlung Ihrer personenbezogenen Daten an Dritte erfolgt nicht, nur dann werden personenbezogene Daten an Dritte weitergegeben oder anderweitig übermittelt, wenn dies zum Zwecke der Abwicklung oder Bearbeitung Ihres Wunschanliegens erforderlich und unvermeidbar ist. Sie haben das Recht auf Anfrage Auskunft diesbezüglich zu erhalten. Eine Löschung eventuell gespeicherten personenbezogenen Daten erfolgt, wenn Sie eine eventuell zuvor erteilte Einwilligung zur Speicherung widerrufen, wenn ihre Kenntnis zur Erfüllung des mit der Speicherung verfolgten Zwecks nicht und auch in der Zukunft nicht mehr erforderlich ist oder wenn Ihre Speicherung aus sonstigen gesetzlichen Gründen unzulässig ist. Auskunftsrecht Sie haben das Recht über Ihre bei uns gespeicherten personenbezogene Daten Auskunft zu erhalten. Die Auskunft erteilen wir Ihnen ausschließlich bei ausdrücklicher schriftliche Anfrage Ihrerseits. Bitte nutzen Sie als Kontakt hierzu unsere Postanschrift. Technischer Sicherheitshinweis Wir sind bemüht Ihre personenbezogenen Daten durch Ergreifung entsprechender technischer und organisatorischer Mittel so zu speichern, dass diese für Dritte nicht zugänglich sind. Bei der Kommunikation per E-Mail kann die vollständige Datensicherheit aufgrund unverschlüsselter Übertragungswege von uns nicht gewährleistet werden, so dass wir Ihnen für die Übermittlung von vertraulichen Informationen den Postweg empfehlen. Klausel Die Gültigkeit dieser Nutzungsbedingungen in Teilen bleibt auch dann erhalten, wenn einzelne Formulierungen oder Regelungen Ihre Gültigkeit verlieren. Diese Nutzungsbedingungen und alle damit verbunden Beziehungen unterliegen ausschließlich dem deutschen Recht.

FERTIGUNGSABTEILUNG Unsere umfangreich und durchweg modern ausgestattete Fertigungsabteilung erlaubt es uns alle von uns entwickelten Produkte mit allen gängigen Fertigungsverfahren selbst herzustellen. Weitere Verfahren stehen uns bei unseren spezialisierten und kompetenten Partnern zur Verfügung. Natürlich fertigen wir auch Ihr Produkt nach Ihren Vorgaben. Dabei stehen wir Ihnen gerne auch schon vor Produktionsbeginn als erfahrene Berater in allen Fertigungsfragen zur Verfügung. Änderungen an bestehenden Produkten arbeiten wir in enger Zusammenarbeit mit unserer Konstruktionsabteilung gerne für Sie ein.

DREHEN CNC- und konventionelle Drehmaschinen mit angetriebenen Werkzeugen in c- und y-Achse und mit Gegenspindel max. Drehdurchmesser: x = 700 mm max. Längsweg: y = 800 mm max. Drehzahlbereich: 20 - 4.000 U/min mit bis zu 12 angetriebenen Revolverplätzen bis max. 10.000 U/min

FRÄSEN 5-Achs-Bearbeitungszentren mit integrierten Dreh-/ Schwenktischeinheiten Verfahrwege: max. x 800 mm / y 800 mm / z 600 mm Drehtischabmessung: Ø 800 mm630mm Schwenkbereich: +10° bis -90°x ± 360° wassergekühlte Motorspindel: 50 -12.000 U/min 4-Achs-Bearbeitungszentren mit integriertem NC-Teilapparat Verfahrwege: max. x 1825mm / y 460 mm/ z 600 mm mit bis zu 56-fachem Werkzeugwechsler Innenkühlung: 40 bar 3-Achs-Bearbeitungszentren Verfahrwege: max. x 2000mm / y 600 mm/ z 520 mm mit bis zu 30-fachem Werkzeugwechsler LASERWERKZEUGVERMESSUNG Exakte Vermessung der Werkzeuge vor und während deren Einsatz durch fest in die CNC-Maschine eingebundene Lasersysteme. Dadurch hohe Genauigkeit und Reproduzierbarkeit der erzielten Bearbeitungsergebnisse. WERKSTÜCKVERMESSUNG WÄHREND DER FERTIGUNG Sicherung der Werkstückqualität bereits im Fertigungsprozess mit CNC-gesteuerten Funk- oder Infrarot-Messtastern.

WIR BIETEN GESAMTLÖSUNGEN IM MASCHINENBAU Als mittelständisches Unternehmen im Raum Aachen/Eifel bieten wir Ihnen Gesamtlösungen im Maschinenbau. Von der ersten Idee bis zum Abschluss des Projekts bekommen Sie bei uns alles aus einer Hand. Sollten Sie einen Spezialisten für die Fertigung Ihrer Produkte suchen, dann sind Sie bei uns an der richtigen Adresse. Wir bieten Ihnen alle gängigen Fertigungsverfahren in höchster Qualität. LEISTUNGEN Konstruktion und Entwicklung Rapid Prototyping Technische Dokumentation Fertigung Montage Prüfen und Messen Materiallager Logistik FERTIGUNGSVERFAHREN Fertigungsabteilung Fräsen Drehen Schweißen Laserbeschriften Rapid Manufacturing (FDM) Schleifen Läppen Lackieren Sonstiges Partner PRODUKTE Kundenspezifische Turn-Key-Spezialmaschinen Sondermaschinen Mechanische Lösungen für elektronische Geräte Sonderanfertigungen und Sonderlösungen Huf-Schemel (Hufbock)

IMPRESSUM Myrenne GmbH Vennhorn 7 52159 Roetgen Deutschland Fon: 02471 / 1212-0 Fax: 02471 / 1212-12 E-Mail: info@myrenne.com Web: http://www.myrenne.com Geschäftsführer: Evelyn Myrenne, Karl-Heinz Backes HRB Nr. 1346 Amtsgericht Aachen USt.IdNr. DE 121 736 658 Website Layout, Hosting and CMS: cre8ives.de Vennhorn 7 52159 Roetgen Deutschland Fon: 02471 / 1212-0 Fax: 02471 / 1212-12 E-Mail: info@myrenne.com Web: http://www.myrenne.com Geschäftsführer: Evelyn Myrenne, Karl-Heinz Backes HRB Nr. 1346 Amtsgericht Aachen USt.IdNr. DE 121 736 658 Website Layout, Hosting and CMS: cre8ives.de ALLGEMEINE NUTZUNGSBEDINGUNGEN Haftungsausschluss Sie benutzen unsere Internetpräsenz auf freiwilliger Basis. Alle Informationen auf dieser Internetpräsenz werden von uns als Anbieter der Internetpräsenz sorgfältig recherchiert. Der Anbieter übernimmt jedoch keine ausdrückliche oder stillschweigende Verantwortung oder Garantie für die Aktualität, inhaltliche Richtigkeit, Vollständigkeit oder sonstige Qualität der bereitgestellten Informationen. Haftungsansprüche gegen den Anbieter bezüglich Schäden materieller oder ideeller Art, die durch die Nutzung oder Nichtnutzung der angebotenen Informationen beziehungsweise durch die Nutzung veralteter, fehlerhafter, unvollständiger oder sonst in der Qualität mangelhaften Informationen verursacht wurden, sind grundsätzlich ausgeschlossen, sofern seitens des Anbieters kein nachweislich vorsätzliches oder grob fahrlässiges Verschulden vorliegt. Alle Inhalte der Internetpräsenz sind freibleibend und unverbindlich. Der Anbieter behält sich ausdrücklich das Recht vor, Teile der Seiten oder den gesamten Inhalt der Internetpräsenz ohne vorhergehende Ankündigung zu verändern, zu ergänzen, gänzlich zu löschen oder die Veröffentlichung zeitweise oder endgültig einzustellen. Der kontinuierliche Betrieb und somit die ständige Erreichbarkeit der Internetpräsenz wird vom Anbieter nicht gewährleistet. Ratschläge oder Informationen, die der Anbieter im Rahmen seiner Internetpräsenz erteilt, begründen keine Gewährleistung durch den Anbieter, sofern dies nicht vorher ausdrücklich schriftlich vereinbart und dokumentiert wurde. Der Anbieter übernimmt ferner keine Garantie dafür, dass die Internetpräsenz oder die Server, die sie zur Verfügung stellen, keine schädliche Elemente enthalten. Die Nutzung der Internetpräsenz erfolgt auf eigenes Risiko, der Benutzer ist insbesondere alleine verantwortlich für etwaige Datenverluste oder Schäden jeglicher Art die durch die Nutzung der Internetpräsenz, nachweislich oder nicht nachweislicht, entstehen. Verweise und Internetlinks Verlinkungen zu externen Internetangeboten sind gängige Elemente um auf weitere externe Informationen im Internet zu verweisen. Bei direkten oder indirekten Verweisen auf externe Internetangebote, die außerhalb des Verantwortungsbereiches des Anbieters dieser zugrundeliegenden Internetpräsenz liegen und die mittels Hyperlink, sprich Internetverweis, erreicht werden können, würde eine Haftungsverpflichtung ausschließlich genau in dem Fall in Kraft treten können, in dem der Anbieter der zugrundeliegenden Internetpräsenz von den Inhalten bereits Kenntnis hat und es ihm technisch und auch real möglich und zumutbar gewesen wäre, die Nutzung im Falle rechtswidriger Inhalte rechtzeitig zu verhindern oder zu unterbinden. Der Anbieter dieser zugrundeliegenden Internetpräsenz erklärt hiermit ausdrücklich, dass zum Zeitpunkt der Einstellung eines Hyperlinks keine illegalen Inhalte auf den zu verlinkenden Internetangeboten erkennbar waren und dies in einem zumutbaren und notwendigem Rahmen manuell geprüft wurde. Auf die aktuelle und zukünftige Gestaltung, die Inhalte oder die Urheberschaft der verlinkten Internetseiten hat der Anbieter dieser zugrundeliegenden Internetpräsenz keinerlei Einfluss. Deshalb distanziert der Anbieter dieser zugrundliegenden Internetseite sich hiermit ausdrücklich von allen Inhalten aller verlinkten und anderweitig eingebundenen Internerangebote und Inhalte, die nach der Einstellung eines Hyperlinks oder einer entsprechenden Verknüpfung modifiziert wurden. Diese Tatsache gilt für alle innerhalb der zugrundeliegenden Internetpräsenz des Anbieters gesetzten Hyperlinks und Verknüpfungen sowie für alle zusätzlichen Inhalte welche eventuell durch Dritte über entsprechend definierte Schnittstellen wie Gästebücher, Foren, Mitteilungen, etc. in diese zugrundeliegende Internetpräsenz des Anbieters eingebunden wurden. Für illegale, fehlerhafte oder unvollständige Inhalte und insbesondere für Schäden, die aus der Nutzung oder Nichtnutzung dieser Informationen ausdrücklich abgeleitet werden können, haftet allein der externe Anbieter der externen Internetpräsenz, auf welche verwiesen wurde und nicht derjenige, der über Hyperlinks auf das jeweilige externe Angebot oder die jeweilige externe rechtswiedrige Information durch Einbindung eines Verweises lediglich verlinkt. Urheber- und Kennzeichenrecht Diese Internetpräsenz und alle in ihr enthaltenen Texte, Grafiken, Zeichnungen, Bilder, Fotos, Video-, Tondaten und sonstige elementare Inhalte unterliegen dem Urheberrecht und den Gesetzen zum Schutz geistigen Eigentums. Alle Inhalte sind ausschließlich zur persönlichen Information des Besuchers dieser Internetpräsenz bestimmt. Jegliche kommerzielle Weiterverwendung, die Veröffentlichung, der Nachdruck, die digitale Vervielfältigung oder die digitale Weitergabe an Dritte ist lediglich mit vorheriger ausdrücklicher schriftlicher Einwilligung des Anbieters dieser Internetpräsenz gestattet, egal ob in Auszügen oder in der inhaltlichen Gesamtheit. Dies gilt sowohl für die Einbindung in Printmedien als auch für die Aufnahme in externen Internetangeboten sowie die Speicherung oder Vervielfältigung in Datenbanken oder auf Datenträgern jeglicher Art. Im Falle eines Verstoßes behält sich der Anbieter dieser Internetpräsenz vor rechtlichen Schritte einzuleiten. Auf dieser Internetpräsenz eingebundene Logos des Anbieters der Internetpräsenz sind rechtlich geschützte Markenzeichen und dürfen ohne eine ausdrückliche sowie schriftliche Zustimmung des Anbieters nicht veröffentlicht oder in sonst modifizierter Art benutzt werden. Alle übrigen innerhalb dieser Internetpräsenz genannten und gegebenenfalls durch Dritte geschützten Markenzeichen unterliegen uneingeschränkt den Bestimmungen des jeweils gültigen Kennzeichenrechts und den Besitzrechten der jeweiligen eingetragenen Markenzeichen-Inhaber. Allein die Nennung bedeutet ausdrücklich nicht, dass solche Marken- oder Warenzeichen nicht durch die Rechte Dritter geschützt sind. Klausel Die Gültigkeit dieser Nutzungsbedingungen in Teilen bleibt auch dann erhalten, wenn einzelne Formulierungen oder Regelungen Ihre Gültigkeit verlieren. Diese Nutzungsbedingungen und alle damit verbunden Beziehungen unterliegen ausschließlich dem deutschen Recht. Sie benutzen unsere Internetpräsenz auf freiwilliger Basis. Alle Informationen auf dieser Internetpräsenz werden von uns als Anbieter der Internetpräsenz sorgfältig recherchiert. Der Anbieter übernimmt jedoch keine ausdrückliche oder stillschweigende Verantwortung oder Garantie für die Aktualität, inhaltliche Richtigkeit, Vollständigkeit oder sonstige Qualität der bereitgestellten Informationen. Haftungsansprüche gegen den Anbieter bezüglich Schäden materieller oder ideeller Art, die durch die Nutzung oder Nichtnutzung der angebotenen Informationen beziehungsweise durch die Nutzung veralteter, fehlerhafter, unvollständiger oder sonst in der Qualität mangelhaften Informationen verursacht wurden, sind grundsätzlich ausgeschlossen, sofern seitens des Anbieters kein nachweislich vorsätzliches oder grob fahrlässiges Verschulden vorliegt. Alle Inhalte der Internetpräsenz sind freibleibend und unverbindlich. Der Anbieter behält sich ausdrücklich das Recht vor, Teile der Seiten oder den gesamten Inhalt der Internetpräsenz ohne vorhergehende Ankündigung zu verändern, zu ergänzen, gänzlich zu löschen oder die Veröffentlichung zeitweise oder endgültig einzustellen. Der kontinuierliche Betrieb und somit die ständige Erreichbarkeit der Internetpräsenz wird vom Anbieter nicht gewährleistet. Ratschläge oder Informationen, die der Anbieter im Rahmen seiner Internetpräsenz erteilt, begründen keine Gewährleistung durch den Anbieter, sofern dies nicht vorher ausdrücklich schriftlich vereinbart und dokumentiert wurde. Der Anbieter übernimmt ferner keine Garantie dafür, dass die Internetpräsenz oder die Server, die sie zur Verfügung stellen, keine schädliche Elemente enthalten. Die Nutzung der Internetpräsenz erfolgt auf eigenes Risiko, der Benutzer ist insbesondere alleine verantwortlich für etwaige Datenverluste oder Schäden jeglicher Art die durch die Nutzung der Internetpräsenz, nachweislich oder nicht nachweislicht, entstehen. Verweise und Internetlinks Verlinkungen zu externen Internetangeboten sind gängige Elemente um auf weitere externe Informationen im Internet zu verweisen. Bei direkten oder indirekten Verweisen auf externe Internetangebote, die außerhalb des Verantwortungsbereiches des Anbieters dieser zugrundeliegenden Internetpräsenz liegen und die mittels Hyperlink, sprich Internetverweis, erreicht werden können, würde eine Haftungsverpflichtung ausschließlich genau in dem Fall in Kraft treten können, in dem der Anbieter der zugrundeliegenden Internetpräsenz von den Inhalten bereits Kenntnis hat und es ihm technisch und auch real möglich und zumutbar gewesen wäre, die Nutzung im Falle rechtswidriger Inhalte rechtzeitig zu verhindern oder zu unterbinden. Der Anbieter dieser zugrundeliegenden Internetpräsenz erklärt hiermit ausdrücklich, dass zum Zeitpunkt der Einstellung eines Hyperlinks keine illegalen Inhalte auf den zu verlinkenden Internetangeboten erkennbar waren und dies in einem zumutbaren und notwendigem Rahmen manuell geprüft wurde. Auf die aktuelle und zukünftige Gestaltung, die Inhalte oder die Urheberschaft der verlinkten Internetseiten hat der Anbieter dieser zugrundeliegenden Internetpräsenz keinerlei Einfluss. Deshalb distanziert der Anbieter dieser zugrundliegenden Internetseite sich hiermit ausdrücklich von allen Inhalten aller verlinkten und anderweitig eingebundenen Internerangebote und Inhalte, die nach der Einstellung eines Hyperlinks oder einer entsprechenden Verknüpfung modifiziert wurden. Diese Tatsache gilt für alle innerhalb der zugrundeliegenden Internetpräsenz des Anbieters gesetzten Hyperlinks und Verknüpfungen sowie für alle zusätzlichen Inhalte welche eventuell durch Dritte über entsprechend definierte Schnittstellen wie Gästebücher, Foren, Mitteilungen, etc. in diese zugrundeliegende Internetpräsenz des Anbieters eingebunden wurden. Für illegale, fehlerhafte oder unvollständige Inhalte und insbesondere für Schäden, die aus der Nutzung oder Nichtnutzung dieser Informationen ausdrücklich abgeleitet werden können, haftet allein der externe Anbieter der externen Internetpräsenz, auf welche verwiesen wurde und nicht derjenige, der über Hyperlinks auf das jeweilige externe Angebot oder die jeweilige externe rechtswiedrige Information durch Einbindung eines Verweises lediglich verlinkt. Urheber- und Kennzeichenrecht Diese Internetpräsenz und alle in ihr enthaltenen Texte, Grafiken, Zeichnungen, Bilder, Fotos, Video-, Tondaten und sonstige elementare Inhalte unterliegen dem Urheberrecht und den Gesetzen zum Schutz geistigen Eigentums. Alle Inhalte sind ausschließlich zur persönlichen Information des Besuchers dieser Internetpräsenz bestimmt. Jegliche kommerzielle Weiterverwendung, die Veröffentlichung, der Nachdruck, die digitale Vervielfältigung oder die digitale Weitergabe an Dritte ist lediglich mit vorheriger ausdrücklicher schriftlicher Einwilligung des Anbieters dieser Internetpräsenz gestattet, egal ob in Auszügen oder in der inhaltlichen Gesamtheit. Dies gilt sowohl für die Einbindung in Printmedien als auch für die Aufnahme in externen Internetangeboten sowie die Speicherung oder Vervielfältigung in Datenbanken oder auf Datenträgern jeglicher Art. Im Falle eines Verstoßes behält sich der Anbieter dieser Internetpräsenz vor rechtlichen Schritte einzuleiten. Auf dieser Internetpräsenz eingebundene Logos des Anbieters der Internetpräsenz sind rechtlich geschützte Markenzeichen und dürfen ohne eine ausdrückliche sowie schriftliche Zustimmung des Anbieters nicht veröffentlicht oder in sonst modifizierter Art benutzt werden. Alle übrigen innerhalb dieser Internetpräsenz genannten und gegebenenfalls durch Dritte geschützten Markenzeichen unterliegen uneingeschränkt den Bestimmungen des jeweils gültigen Kennzeichenrechts und den Besitzrechten der jeweiligen eingetragenen Markenzeichen-Inhaber. Allein die Nennung bedeutet ausdrücklich nicht, dass solche Marken- oder Warenzeichen nicht durch die Rechte Dritter geschützt sind. Klausel Die Gültigkeit dieser Nutzungsbedingungen in Teilen bleibt auch dann erhalten, wenn einzelne Formulierungen oder Regelungen Ihre Gültigkeit verlieren. Diese Nutzungsbedingungen und alle damit verbunden Beziehungen unterliegen ausschließlich dem deutschen Recht.

KONSTRUKTION UND ENTWICKLUNG RAPID PROTOTYPING TECHNISCHE DOKUMENTATION FERTIGUNG MONTAGE PRÜFEN UND MESSEN MATERIALLAGER LOGISTIK FERTIGUNGSABTEILUNG FRÄSEN DREHEN SCHWEIßEN LASERBESCHRIFTEN RAPID MANUFACTURING (FDM) SCHLEIFEN LÄPPEN LACKIEREN SONSTIGES PARTNER KUNDENSPEZIFISCHE TURN-KEY-SPEZIALMASCHINEN SONDERMASCHINEN MECHANISCHE LÖSUNGEN FÜR ELEKTRONISCHE GERÄTE SONDERANFERTIGUNGEN UND SONDERLÖSUNGEN HUF-SCHEMEL (HUFBOCK) ÜBER UNS AUSBILDUNG VERANSTALTUNGEN QUALITÄTSMANAGEMENT SPONSORING ANFRAGEFORMULAR POSTANSCHRIFT UND ZENTRALE ANFAHRT UND ROUTENPLANUNG 3D-PROTOTYPING HOME LEISTUNGEN FERTIGUNGSVERFAHREN PRODUKTE UNTERNEHMEN KONTAKT 3D-PROTOTYPING LOGIN ANFRAGEFORMULAR Verwenden Sie gerne das folgende Formular um uns Ihre Anfrage zu übermitteln. Anrede * Herr Frau Vorname * Nachname * Firma Straße, Nr. * PLZ, Ort * Land * E-Mail * Telefon * Fax Nachricht * Anfrage übermitteln

KONSTRUKTION UND ENTWICKLUNG RAPID PROTOTYPING TECHNISCHE DOKUMENTATION FERTIGUNG MONTAGE PRÜFEN UND MESSEN MATERIALLAGER LOGISTIK FERTIGUNGSABTEILUNG FRÄSEN DREHEN SCHWEIßEN LASERBESCHRIFTEN RAPID MANUFACTURING (FDM) SCHLEIFEN LÄPPEN LACKIEREN SONSTIGES PARTNER KUNDENSPEZIFISCHE TURN-KEY-SPEZIALMASCHINEN SONDERMASCHINEN MECHANISCHE LÖSUNGEN FÜR ELEKTRONISCHE GERÄTE SONDERANFERTIGUNGEN UND SONDERLÖSUNGEN HUF-SCHEMEL (HUFBOCK) ÜBER UNS AUSBILDUNG VERANSTALTUNGEN QUALITÄTSMANAGEMENT SPONSORING ANFRAGEFORMULAR POSTANSCHRIFT UND ZENTRALE ANFAHRT UND ROUTENPLANUNG 3D-PROTOTYPING HOME LEISTUNGEN FERTIGUNGSVERFAHREN PRODUKTE UNTERNEHMEN KONTAKT 3D-PROTOTYPING LOGIN ANFRAGEFORMULAR Verwenden Sie gerne das folgende Formular um uns Ihre Anfrage zu übermitteln. Anrede * Herr Frau Vorname * Nachname * Firma Straße, Nr. * PLZ, Ort * Land * E-Mail * Telefon * Fax Nachricht * Anfrage übermitteln

KONSTRUKTION UND ENTWICKLUNG In unserer Entwicklungsabteilung stehen Ihnen qualifizierte und erfahrene Ingenieure zur Verfügung, die Ihre Wünsche und Ansprüche an Ihr Produkt konsequent umsetzen. Wir legen dabei größten Wert auf: Funktionalität Qualität Sicherheit Handhabbarkeit und Design der Produkte Durch die vielfache Verwendung von Normteilen und Standardkomponenten überall dort, wo es möglich und sinnvoll ist, stellen wir sicher, dass die Produkt- und Ersatzteilkosten überschaubar bleiben. Prozesselemente eines typischen Entwicklungsprojektes sind u.a.: Entwicklung und Fertigung von kundenspezifischen Sondermaschinen einschließlich elektronischer und datentechnischer Zusatzeinrichtungen Optimale Lösungen für Entwicklung und Konstruktion in enger interaktiver Zusammenarbeit mit dem Kunden Durchgehender Einsatz von 3D-CAD (Siemens NX, Inventor u.a.), CAE und CAM

KONSTRUKTION UND ENTWICKLUNG RAPID PROTOTYPING TECHNISCHE DOKUMENTATION FERTIGUNG MONTAGE PRÜFEN UND MESSEN MATERIALLAGER LOGISTIK FERTIGUNGSABTEILUNG FRÄSEN DREHEN SCHWEIßEN LASERBESCHRIFTEN RAPID MANUFACTURING (FDM) SCHLEIFEN LÄPPEN LACKIEREN SONSTIGES PARTNER KUNDENSPEZIFISCHE TURN-KEY-SPEZIALMASCHINEN SONDERMASCHINEN MECHANISCHE LÖSUNGEN FÜR ELEKTRONISCHE GERÄTE SONDERANFERTIGUNGEN UND SONDERLÖSUNGEN HUF-SCHEMEL (HUFBOCK) ÜBER UNS AUSBILDUNG VERANSTALTUNGEN QUALITÄTSMANAGEMENT SPONSORING ANFRAGEFORMULAR POSTANSCHRIFT UND ZENTRALE ANFAHRT UND ROUTENPLANUNG 3D-PROTOTYPING HOME LEISTUNGEN FERTIGUNGSVERFAHREN PRODUKTE UNTERNEHMEN KONTAKT 3D-PROTOTYPING LOGIN FERTIGUNG Weitere Informationen: Fertigungsverfahren

LOGISTIK Fuhrpark Zu unserem Fuhrpark zählen mehrere Kleintransporter, um bei Bedarf die umgehende Belieferung unserer Kunden zu gewährleisten. Paketzustellung und Speditionen Wir liefern auf Wunsch über alle gängigen Paketdienste (UPS, TNT, DHL, …). Größere Transporte organisieren wir mittels zuverlässiger Speditionen national und international inklusive der Erledigung von Formalitäten und Verzollung.

KONSTRUKTION UND ENTWICKLUNG RAPID PROTOTYPING TECHNISCHE DOKUMENTATION FERTIGUNG MONTAGE PRÜFEN UND MESSEN MATERIALLAGER LOGISTIK FERTIGUNGSABTEILUNG FRÄSEN DREHEN SCHWEIßEN LASERBESCHRIFTEN RAPID MANUFACTURING (FDM) SCHLEIFEN LÄPPEN LACKIEREN SONSTIGES PARTNER KUNDENSPEZIFISCHE TURN-KEY-SPEZIALMASCHINEN SONDERMASCHINEN MECHANISCHE LÖSUNGEN FÜR ELEKTRONISCHE GERÄTE SONDERANFERTIGUNGEN UND SONDERLÖSUNGEN HUF-SCHEMEL (HUFBOCK) ÜBER UNS AUSBILDUNG VERANSTALTUNGEN QUALITÄTSMANAGEMENT SPONSORING ANFRAGEFORMULAR POSTANSCHRIFT UND ZENTRALE ANFAHRT UND ROUTENPLANUNG 3D-PROTOTYPING HOME LEISTUNGEN FERTIGUNGSVERFAHREN PRODUKTE UNTERNEHMEN KONTAKT 3D-PROTOTYPING LOGIN MATERIALLAGER In unserem Materiallager halten wir ständig, neben den gängigen Materialien, auch außergewöhnliche Werkstoffe in vielen Größen vor. So ist es uns auch in zeitkritischen Fällen möglich Ihren Auftrag termingerecht zu bearbeiten.

MONTAGE Montage von mechanischen, elektromechanischen, hydraulischen, pneumatischen und medizintechnischen Einheiten und Geräten wie z. B.: Mess- und Prüfgeräte, Fahranlagen, Eich- und Kalibriergeräte, Rundtaktmaschinen, … Unsere Montagehallen mit Säulenschwenkkranen bieten viel Platz für die Montage großer Maschinen und Anlagen. Montage auf Kundenwunsch auch vor Ort möglich

KUNDENSPEZIFISCHE TURN-KEY-SPEZIALMASCHINEN Einige Beispiele unserer kundenspezifischen Turn-Key-Spezialmaschinen. Rundtaktmaschinen Maschinen zum Einbrennen und Prüfen von Xenonlampen für die Automobilindustrie entwickelten und fertigten wir für die Firma Quality Automation GmbH . Planlagenmesstisch Automatisierte Messtische zur Bestimmung und Prüfung der Ebenheit von Aluminiumfolien entwickeln und fertigen wir für Firma eifa Impacter Einen Crashprüfstand mit max. 14 m/s Auftreffgeschwindigkeit und bis zu 2400 J Energie entwickelten und fertigten wir für EADS Laserschneidanlage Schrägbettlaserschneidemaschinen entwickelten und fertigen wir für Firma ACELtec

SONDERMASCHINEN Label-Feeder Label-Feeder zur automatischen Applikation gedruckter Aufkleber in Bestückungsautomaten entwickelten und fertigten wirfür die Firma Kuttig . Schuhbiegeprüfmaschine Schuhbiegeprüfmaschinen entwickelten und fertigen wir für die Firma Romika Tampontester Prüfgerät zur Qualitätskontrolle von Tampons entwickelten und fertigen wir für die Firma Johnson + Johnson Messkammern Messkammern für elektrophysiologische Versuche fertigen wir für die Firma Ussing Chamber

ÜBER UNS 11. November 1976 Gründung der Myrenne GmbH durch Heinz und Bärbel Myrenne November 1988 Umzug in das neu errichtete Betriebsgebäude im Gewerbegebiet Roetgen Novemer 1997 Fertigstellung der Erweiterung des Betriebsgebäudes um eine zweite Halle März 2000 Zertifizierung nach DIN ISO EN 9001 Januar 2001 Vergrößerung der Produktionsfläche durch den Anbau einer dritten Halle November 2001 25-jähriges Bestehen der Myrenne GmbH März 2005 Erweiterung des Materiallagers durch den Anbau einer vierten Halle Juni 2006 Anbau eines Messraums für die Qualitätskontrolle Dezember 2011 Umzug des Materiallagers in die Vennstraße 4 April 2012 Übergabe der Geschäftsleitung an Evelyn Myrenne und Karl-Heinz Backes Juli 2013 1. Tag der offenen Tür März 2014 Errichtung eines vollklimatisierten Messraums Juli 2014 Ehrung zum Ausbildungsbetrieb des Jahres 2013 im Feinwerkmechaniker-Handwerk Februar 2015 Rezertifizierung (15 Jahre ISO 9001) Stand heute 28 Mitarbeiter, ca. 3.000m² Betriebsfläche Gründung der Myrenne GmbH durch Heinz und Bärbel Myrenne November 1988 Umzug in das neu errichtete Betriebsgebäude im Gewerbegebiet Roetgen Novemer 1997 Fertigstellung der Erweiterung des Betriebsgebäudes um eine zweite Halle März 2000 Zertifizierung nach DIN ISO EN 9001 Januar 2001 Vergrößerung der Produktionsfläche durch den Anbau einer dritten Halle November 2001 25-jähriges Bestehen der Myrenne GmbH März 2005 Erweiterung des Materiallagers durch den Anbau einer vierten Halle Juni 2006 Anbau eines Messraums für die Qualitätskontrolle Dezember 2011 Umzug des Materiallagers in die Vennstraße 4 April 2012 Übergabe der Geschäftsleitung an Evelyn Myrenne und Karl-Heinz Backes Juli 2013 1. Tag der offenen Tür März 2014 Errichtung eines vollklimatisierten Messraums Juli 2014 Ehrung zum Ausbildungsbetrieb des Jahres 2013 im Feinwerkmechaniker-Handwerk Februar 2015 Rezertifizierung (15 Jahre ISO 9001) Stand heute 28 Mitarbeiter, ca. 3.000m² Betriebsfläche

QUALITÄTSMANAGEMENT Die Sicherstellung einer hervorragenden Qualität unserer Produkte und Dienstleistungen ist bei uns das oberste Ziel. Dazu haben wir ein Qualitätsmanagementsystem ausgearbeitet und eingeführt, das uns bei der Erfüllung dieses Ziels unterstützt. Seit März 2000 ist unser Qualitätsmanagementsystem nach ISO 9001 zertifiziert. In jährlichen Überwachungsaudits durch die LRQA (Lloyd's Register Quality Assurance) wird die fortdauernde Wirksamkeit unseres Systems nachgewiesen. Auf Wunsch stellen wir Ihnen gerne unser QM-Handbuch zur Verfügung, damit Sie nachvollziehen können, auf welche Weise wir unsere gute Qualität sicherstellen. Durch regelmäßige interne und externe Schulungen unserer Mitarbeiterinnen und Mitarbeiter erweitern wir ständig unser Know-How. Seit März 2000 ist unser Qualitätsmanagementsystem nach ISO 9001 zertifiziert. In jährlichen Überwachungsaudits durch die LRQA (Lloyd's Register Quality Assurance) wird die fortdauernde Wirksamkeit unseres Systems nachgewiesen. Auf Wunsch stellen wir Ihnen gerne unser QM-Handbuch zur Verfügung, damit Sie nachvollziehen können, auf welche Weise wir unsere gute Qualität sicherstellen. Durch regelmäßige interne und externe Schulungen unserer Mitarbeiterinnen und Mitarbeiter erweitern wir ständig unser Know-How.

HOME LEISTUNGEN FERTIGUNGSVERFAHREN PRODUKTE UNTERNEHMEN KONTAKT 3D-PROTOTYPING LOGIN WETTBEWERBE Dieses Auto wurde das schnellste bei der Miniatur-Formel-1-Rennwagen-Weltmeisterschaft in Singapur 2010. Mehr Infos! SCHULPROJEKTE http://seismic.mgm-monschau.de/ Download: Zeitungsbericht zum Schulprojekt der Seismic AG des St. Michael Gymnasiums in Monschau http://mgm-monschau.de/ Download: Aufbau des Pavillon auf dem Gelände des St. Michael Gymnasiums in Monschau MUSIK- UND SPORTVEREINE http://www.musik-kornelimünster.de http://www.musikvereinigung-roetgen.de http://esv-ac.de/ Impressum | AGB | Datenschutz | E-Mail: info@myrenne.com | Tel.: +49 (0)2471 1212-0 © 2016 Myrenne GmbH

ÜBER UNS 11. November 1976 Gründung der Myrenne GmbH durch Heinz und Bärbel Myrenne November 1988 Umzug in das neu errichtete Betriebsgebäude im Gewerbegebiet Roetgen Novemer 1997 Fertigstellung der Erweiterung des Betriebsgebäudes um eine zweite Halle März 2000 Zertifizierung nach DIN ISO EN 9001 Januar 2001 Vergrößerung der Produktionsfläche durch den Anbau einer dritten Halle November 2001 25-jähriges Bestehen der Myrenne GmbH März 2005 Erweiterung des Materiallagers durch den Anbau einer vierten Halle Juni 2006 Anbau eines Messraums für die Qualitätskontrolle Dezember 2011 Umzug des Materiallagers in die Vennstraße 4 April 2012 Übergabe der Geschäftsleitung an Evelyn Myrenne und Karl-Heinz Backes Juli 2013 1. Tag der offenen Tür März 2014 Errichtung eines vollklimatisierten Messraums Juli 2014 Ehrung zum Ausbildungsbetrieb des Jahres 2013 im Feinwerkmechaniker-Handwerk Februar 2015 Rezertifizierung (15 Jahre ISO 9001) Stand heute 28 Mitarbeiter, ca. 3.000m² Betriebsfläche Gründung der Myrenne GmbH durch Heinz und Bärbel Myrenne November 1988 Umzug in das neu errichtete Betriebsgebäude im Gewerbegebiet Roetgen Novemer 1997 Fertigstellung der Erweiterung des Betriebsgebäudes um eine zweite Halle März 2000 Zertifizierung nach DIN ISO EN 9001 Januar 2001 Vergrößerung der Produktionsfläche durch den Anbau einer dritten Halle November 2001 25-jähriges Bestehen der Myrenne GmbH März 2005 Erweiterung des Materiallagers durch den Anbau einer vierten Halle Juni 2006 Anbau eines Messraums für die Qualitätskontrolle Dezember 2011 Umzug des Materiallagers in die Vennstraße 4 April 2012 Übergabe der Geschäftsleitung an Evelyn Myrenne und Karl-Heinz Backes Juli 2013 1. Tag der offenen Tür März 2014 Errichtung eines vollklimatisierten Messraums Juli 2014 Ehrung zum Ausbildungsbetrieb des Jahres 2013 im Feinwerkmechaniker-Handwerk Februar 2015 Rezertifizierung (15 Jahre ISO 9001) Stand heute 28 Mitarbeiter, ca. 3.000m² Betriebsfläche

HOME LEISTUNGEN FERTIGUNGSVERFAHREN PRODUKTE UNTERNEHMEN KONTAKT 3D-PROTOTYPING LOGIN VERANSTALTUNGEN Girls' Day Im Rahmen des Girls' Day bieten wir jedes Jahr interessierten Mädchen die Möglichkeit, Einblicke in ein typischerweise von Männern dominiertes Tätigkeitsfeld zu erhalten. Ausbildungstag Wir nehmen regelmäßig am Ausbildungstag, einer regionalen Ausbildungsmesse der Kommunen Monschau, Roetgen und Simmerath teil. Dabei informieren wir über unsere Ausbildungsmöglichkeiten zum/zur Feinwerkmechaniker/in. Impressum | AGB | Datenschutz | E-Mail: info@myrenne.com | Tel.: +49 (0)2471 1212-0 © 2016 Myrenne GmbH

UPLOAD BEREICH Sofern Sie einen Zugang zu unserem Datenaustausch-Bereich benötigen, verwenden Sie bitte unser Anfrageformular und geben uns dort einen entsprechenden Hinweis. Möchten Sie mehrere Dateien übermitteln, empfehlen wir Ihnen, zuvor aus allen einzelnen Dateien ein ZIP Archiv zu erstellen. Die zu übermittelnde Datei: Ihr Name, um Ihre Datei zuordnen zu können: Upload-Passwort (bitte über das Kontaktformular anfragen): Datei übermitteln

HOME LEISTUNGEN FERTIGUNGSVERFAHREN PRODUKTE UNTERNEHMEN KONTAKT 3D-PROTOTYPING LOGIN WIR BIETEN GESAMTLÖSUNGEN IM MASCHINENBAU Als mittelständisches Unternehmen im Raum Aachen/Eifel bieten wir Ihnen Gesamtlösungen im Maschinenbau. Von der ersten Idee bis zum Abschluss des Projekts bekommen Sie bei uns alles aus einer Hand. Sollten Sie einen Spezialisten für die Fertigung Ihrer Produkte suchen, dann sind Sie bei uns an der richtigen Adresse. Wir bieten Ihnen alle gängigen Fertigungsverfahren in höchster Qualität. LEISTUNGEN Konstruktion und Entwicklung Rapid Prototyping Technische Dokumentation Fertigung Montage Prüfen und Messen Materiallager Logistik FERTIGUNGSVERFAHREN Fertigungsabteilung Fräsen Drehen Schweißen Laserbeschriften Rapid Manufacturing (FDM) Schleifen Läppen Lackieren Sonstiges Partner PRODUKTE Kundenspezifische Turn-Key-Spezialmaschinen Sondermaschinen Mechanische Lösungen für elektronische Geräte Sonderanfertigungen und Sonderlösungen Huf-Schemel (Hufbock) Impressum | AGB | Datenschutz | E-Mail: info@myrenne.com | Tel.: +49 (0)2471 1212-0 © 2016 Myrenne GmbH",4727,4727,24,"[""http://www.myrenne.com/3d-prototyping"", ""http://www.myrenne.com/agb"", ""http://www.myrenne.com/datenschutz"", ""http://www.myrenne.com/fertigungsverfahren"", ""http://www.myrenne.com/fertigungsverfahren/drehen"", ""http://www.myrenne.com/fertigungsverfahren/fraesen"", ""http://www.myrenne.com/home"", ""http://www.myrenne.com/impressum"", ""http://www.myrenne.com/kontakt"", ""http://www.myrenne.com/kontakt/anfrageformular"", ""http://www.myrenne.com/leistungen"", ""http://www.myrenne.com/leistungen/fertigung"", ""http://www.myrenne.com/leistungen/logistik"", ""http://www.myrenne.com/leistungen/materiallager"", ""http://www.myrenne.com/leistungen/montage"", ""http://www.myrenne.com/produkte"", ""http://www.myrenne.com/produkte/sondermaschinen"", ""http://www.myrenne.com/unternehmen"", ""http://www.myrenne.com/unternehmen/qualitaetsmanagement"", ""http://www.myrenne.com/unternehmen/sponsoring"", ""http://www.myrenne.com/unternehmen/ueber-uns"", ""http://www.myrenne.com/unternehmen/veranstaltungen"", ""http://www.myrenne.com/upload-center"", ""http://www.myrenne.com/""]","[""contact"", ""contact"", ""contact"", ""contact"", ""contact"", ""contact"", ""contact"", ""contact"", ""contact"", ""contact"", ""contact"", ""contact"", ""contact"", ""contact"", ""contact"", ""contact"", ""contact"", ""contact"", ""contact"", ""contact"", ""contact"", ""contact"", ""contact"", ""homepage""]",True,high
c956bd4e-2b8a-4c48-8780-c187587f46b3,5,MSF-VATHAUER ANTRIEBSTECHNIK GMBH & CO. KG,pre_pre_event,,0,0,0,,,False,ineligible
c956bd4e-2b8a-4c48-8780-c187587f46b3,5,MSF-VATHAUER ANTRIEBSTECHNIK GMBH & CO. KG,event,,0,0,0,,,False,ineligible
c956bd4e-2b8a-4c48-8780-c187587f46b3,5,MSF-VATHAUER ANTRIEBSTECHNIK GMBH & CO. KG,post_event,"Über uns Stellenangebote Pressemitteilungen Messen / Ausstellungen Referenzen Dezentrale Antriebstechnik Produkte Zubehör Service Download Newsletter aktuell Aktuelles Kontakt Auslandskontakt Impressum E-Mail Herzlich willkommen Wir sind seit mehr als 30 Jahren Hersteller von mechanischer, elektrischer und elektronischer Antriebstechnik. Als Ihr kompetenter Partner im Bereich der Antriebstechnik bieten wir Ihnen von Getriebemotoren, über elektronische Motorstarter in Verbindung mit Frequenzumrichtern und Sondermotoren Lösungen aus einer Hand. Unsere Stärke sind Frequenzumrichter mit innovativen Dezentralisierungssystemen für die Energie und Feldbusverteilung sowie für Sie maßgeschneiderte Sonder- Frequenzumrichter. Auf ca. 6.000 m2 mitten in Europa sind wir zu Hause und betreiben Forschung, Entwicklung und Produktion für die Mess-, Steuerungs und Antriebstechnik. Hierbei legen wir großen Wert auf die enge Zusammenarbeit mit unseren Kunden und Lieferanten und halten kurze Kommunikationswege ein. Nicht nur in Detmold wird produziert, sondern seit 1995 auch in unserem zweiten Werk in Oborniki 30 km westlich von Posen. Hochqualifizierte und motivierte Teams in Entwicklung und Produktion sowie unsere langjährige Erfahrung in der Entwicklung und Fertigung von Antriebssystemen in allen Industriezweigen sind die Garantie für Ihren Erfolg. In eigenen Schulungsräumen finden in regelmäßigen Abständen Schulungen für unsere Mitarbeiter sowie für unsere Kunden statt. Durch eigene EMV Laboratorien sind wir jederzeit in der Lage, nicht nur für die eigene Entwicklung, sondern auch für kundenspezifische Entwicklungen EMV Konforme Messungen durchzuführen. Dieses bietet unserem Kunden ein höchstes Maß an Qualität und Sicherheit. Seit 1997 sind wir nach DIN EN ISO 9000:2000 zertifiziert und lassen in regelmäßigen Abständen Zwischenaudits durchführen. Wir lassen Sie nicht alleine. Unser Notdienst für Sie. Keine Sternverdrahtung mit Motorstarter für Weidmüller Field Power Energiebussystem Förderstrecken automatisieren mit dezentralen Motorstartern und Frequenzumrichter mit PROFIBUS DP 2D / 3D Downloads für Ihre Getriebe 2D / 3D Getriebe download files für Ihre Planungen. mehr Neue e Plan Produktmakros für Frequenzumrichter VECTOR...mehr Automatisiert mit RFID, Ethernet und W-LAN Auf der Hannovermesse vom 16.4.-20.4.2007 stellt MSF neueste Generation der Motorstarter vor.mehr Frequenzumrichter VECTOR goes W-LAN Auf der SPS Drives 2006 in Nürnberg stellte MSF den VECTOR W-LAN vor. Mehr dazu.... hier. Sie sind hier: MSF-Technik Über uns

Aktuelles NEU NEU NEU NEU NEU NEU NEU NEU NEU Seit dem 1. Januar 2008 ist MSF-Vathauer Antriebstechnik auch in der Schweiz vertreten. Unser Vertriebspartner ist Fa. REFERENZ-Technik AG. Hiermit verstärken wir unser Vertriebsnetz und bauen die Vertriebsinfrastruktur weiter aus um unseren Kunden einen noch besseren vor Ort Service bieten zu können. Besuchen Sie auch den neuen Online-Shop der Fa. REFERENZ-Technik AG. Hier können Sie online bequem und schnell elektronische Antriebstechnik bestellen. Bei Fragen hierzu stehen wir Ihnen gerne jederzeit zur Verfügung. REFERENZ-Technik AG -- Lösungen für die Antriebstechnik Neue Steuerung für Schrauben- und Kleinteileportionierer realisiert. Nach kurzer Entwicklungszeit in Zusammenarbeit mit unserem Kunden haben wir einen neuartigen Schrauben- und Kleinteileportionierer zur Zählung von Montageschrauben entwickelt. Über den Schrauben-und Kleinteileportionierer könnenSchrauben, Muttern (auch Kunststoff) oder SchraubenähnlicheTeile in ein Portionierfach personenunabhängig eingezähltwerden. Über das ergonomische Schnellentnahmesystem kannder Werker die Teile sicher und schnell von Hand entnehmen.Hierdurch wird sichergestellt, dass der Werker nur diebenötigte Stückzahl erhält welche er benötigt. MSF-Vathauer Antriebstechnik entwickelte zusammen mit der Fa. Hammer Automationstechnik, www.hammer-automation.de, diese neuartige vollprogrammierfähige Steuerung die in den Schrauben-und Kleinteileportionierer der Fa. Hammer Automationstechnik Einzug erhält. Alle erforderlichen Parameter werden über eine Bedientastertur sowie über ein LC-Display eingegeben. Sie haben die Möglichkeit 3 verschiedene Stückzahlen die ausgegeben werden sollen digital vorzuwählen. Optional können über eine Ethernet TCP/IP Schnittstelle alle Signale und Vorgaben von einem übergeordneten Leit-PC an die Steuerung übermittelt werden. Die Steuerung des Schrauben-und Kleinteileportionierers kommuniziert über das Standardprotokoll TCP/IP mit einem Leit-PC, vom dem alle Befehle zur Steuerung übermittelt werden. Darüer hinaus werden Fehlermeldungen, Zwischenstatusberichte sowie Freigaben an den Leit-PC bzw. an die Steuerung übertragen. Dieser Schrauben-und Kleinteileportionierer wird flexibel in Ihre Produktionslinien aber auch einfach und schnell in Ihr Ethernet-Netzwerk eingebunden. Die Integrierung Ihrer Haus-Internen Ethernetprotokolls ist jederzeit möglich. Somit gewinnen Sie ein Höchstmaß an Prozesssicherheit und erhöhen den Qualitätsstandard Ihrer Produkte. W-LAN in der Feldebene Auf der SPS Drives 2006 stellte MSF-Vathauer Antriebstechnik ein Demonstrationsmodell des VECTOR W-LAN vor, welches in Kooperation mit der Fachhochschule Amberg-Weiden und dem Team des Prof. Dr. Hans-Peter Schmidt entwickelt wurde. Erstmals wurden damit die Möglichkeiten von W-LAN für die Fördertechnik nutzbar gemacht. Automatisiert mit RFID, Ethernet und W-LAN Auf der diesjährigen Hannovermesse vom 16. April - 20. April 2007 werden wir unsere neue Generation der vollelektronischen Motorstarter MONO-SWITCH und DUO-SWITCH in Verbindung mit den Zukunftsträchtigen Feldbussystemen Ethernet und W-LAN vorstellen. Weiterhin werden wir Ihnen die Automatisierung mit RFID-Chips in Verbindung mit MONO-SWITCH und DUO-SWITCH präsentieren. Besuchen Sie uns auf den Stand ""AUTOMATION IT"" und lassen sich von den Möglichkeiten in der Automatisierungs- und Fördertechnik begeistern. |

Wir sind Weltweit für Sie erreichbar Unsere Vertriebspartner im Ausland Controlgear Centre Ltd. Mr. Nick Norman Unit 112, Telsen Centre 55 Thomas Street B6 4TN Birmingham United Kingdom Tel: ++44 07890 - 904253 (Ab 3. September 2007: 0044 121 3335455) Fax: ++44 021 - 359 5195 (Ab 3. September 2007: 0044 121 3595195) eMail: conquestcontrol@aol.com INTECNO Holland Doorlopend in beweging Mr.John Triki Kantoor: Ambachtweg 17a 5731 AE Mierlo Nederland Tel:++31 (0)492 565959 Fax: ++31 (0)492 359358 info@intecno.nl Internet: www.intecno.nl I+L Elektronik GmbH Herr Bruno Hörburger Vibrütteweg 9 A-6840 Götzis Österreich Tel: ++43 (0) 5523 - 64542 Fax: ++43 (0) 5523 - 64542-4 b.hoerburger@iul-elektronik.at www.iul-elektronik.at J.F. Knudtzen AS Automasjon Herr Lars William Blekstad Billingstadsletta 97 Postboks 160 NO-1378 Norwegen Tel: ++47 (0)66 983350 Fax: ++47 (0)66 980955 Direkt: ++47 (0)66 983495 lars.william.blekstad@jfknudtzen.no www.jfknudtzen.no REFERENZ Technik AG Herr Jürg Reutimann Kirchbachstrasse 6a CH-8600 Dübendorf Schweiz Tel.: +41 43 355 19 55 Fax.: +41 43 355 19 50 email: technik@referenz-technik.ch www.referenz-technik.ch Shanghai Dongdi Mechanical & Electrical Co. Ltd. Mrs. Wang Yu Tong 3666 Dongdi Technology Park Sichen Road, songjiang District Shanghai Tel: ++86 - 21-57796339 Fax: ++86 - 21-57793511 wyt@i-ind.com www.i-ind.com Netwell Systems Pte Ltd. Mr. Sanjay Nemade BLK 359 Yishun Ring Road #05-1702 Singapore 760359 Singapur Tel: (65) 6728 5417 Fax: (65) 6754 3844 contact@netwell-systems.com www.netwell-systems.com

Über uns Dezentrale Antriebstechnik Produkte Zubehör Service Download Newsletter aktuell Aktuelles Kontakt Auslandskontakt Impressum E-Mail Downloadbereich Unserer allgemeinen Geschäftsbedingungen Allgemeine_Geschaeftsbedingungen.pdf Hier können SIe sich den aktuellen Abobe Acrobat Reader herunter laden. Neue e Plan Produktmakros für Frequenzumrichter VECTOR. Für den Frequenzumrichter VECTOR aller Leistungsklassen stellt MSF-Vathauer Antriebstechnik GmbH & Co KG nun neue EPLAN-Produktmakros bereit, die eine besonders bequeme Projektierung ermöglichen. Produktdokumentation Produktmakros VECTOR 20 und VECTOR 54 Neuer Produktkatalog der mechanischen und elektronischen Antriebstechnik Neuer_Produktkatalog_MSF.pdf Sie sind hier: MSF-Technik Download

Über uns Dezentrale Antriebstechnik Produkte Zubehör Service Download Newsletter aktuell Aktuelles Kontakt Auslandskontakt Impressum E-Mail Schreiben Sie uns Name:* Firma:* Email:* Telefon:* Nachricht: Bitte rufen Sie mich an: * Diese Felder sind Pflichtfelder Sie sind hier: MSF-Technik E-Mail

Bitte wählen Sie eine Getriebeart aus. Umfangreiche Kataloge befinden sich in kurzer Zeit im Download-Bereich. Schneckengetriebe Quadratisch (Auch in Edelstahl erhältlich) Stirnrad- Stirnradgetriebe Einstufig Flachgetriebe Planetengetriebe Bitte nehmen Sie Kontakt zu uns auf Staudrucklose Fördertechnik Energie sparen mit vollelektronischen Motorstartern Frequenzumrichter IP 54

Impressum Alle Angaben unserer Internetpr�senz werden sorgf�ltig gepr�ft und regelm��ig aktualisiert. Eine Garantie f�r die Vollst�ndigkeit und Richtigkeit kann jedoch nicht �bernommen werden. Die Webseiten sind optimiert f�r Microsoft Internet Explorer 5.x und h�her sowie Netscape Navigator ab Version 6.x. Zur optimalen Wiedergabe der Seiten werden 1024 x 768 Pixel und Echtfarbendarstellung ben�tigt. Sie m�ssen Java aktiviert und ein ActiveX Element aktiviert haben. Zur Wiedergabe von pdf.-files ist der Adobe Acrobat Reader 6 oder h�her erforderlich. Herausgeber: MSF-Vathauer Antriebstechnik GmbH & Co KG Am Hessentuch 6-8 32758 Detmold Tel: ++49 5231 - 66193 Fax: ++49 5231 - 66856 www.msf-technik.de Rechtsform: Kommanditgesellschaft, Sitz Detmold Amtsgericht: Lemgo, HRA 4315 Kompliment�rin: MSF-Technik Verwaltungs GmbH Rechtsform: GmbH, Sitz Detmold Gesch�ftsf�hrer: Karl-Ernst Vathauer, Marc Vathauer Amtsgericht: Lemgo, HRB 3784 Ansprechpartner website: Marc Vathauer Hinweis gem�� Teledienstgesetz: F�r Internetseiten Dritter, auf die der Herausgeber durch sogenannte Links verweist, tragen die jeweiligen Anbieter die Verantwortung. Der Herausgeber ist f�r den Inhalt solcher Seiten Dritter nicht verantwortlich. Des weiteren kann die Web-Seite des Herausgebers ohne dessen Wissen von anderen Seiten mittels so genannter Links angelinkt werden. Der Herausgeber �bernimmt keine Verantwortung f�r Darstellungen und Inhalte in Web-Seiten Dritter. F�r fremde Inhalte ist der Herausgeber nur dann verantwortlich, wenn er von ihnen (d.h. auch von einem rechtswidrigen oder strafbaren Inhalt) positive Kenntnis hat und es dem Herausgeber technisch m�glich und zumutbar ist, deren Nutzung zu verhindern. Der Herausgeber ist nach dem Teledienstgesetz jedoch nicht verpflichtet, die fremden Inhalte st�ndig zu �berpr�fen. Alle Texte, Bilder, Audio-Dateien und weitere hier ver�ffentlichte Informationen, unterliegen dem Copyright der MSF-Vathauer Antriebstechnik GmbH & Co KG. Eine Reproduktion oder Wiedergabe des Ganzen oder von Teilen ist ohne die schriftliche Genehmigung der MSF-Vathauer Antriebstechnik GmbH & Co KG nicht gestattet.

Über uns Dezentrale Antriebstechnik Produkte Zubehör Service Download Newsletter aktuell Aktuelles Kontakt Auslandskontakt Impressum E-Mail Kontakte Hauptwerk (PLZ 0, 1, 5, 6) MSF-Vathauer Antriebstechnik GmbH & Co KG Karl-Ernst Vathauer Am Hessentuch 6-8 32758 Detmold Telefon: ++49 (0) 5231 - 66193 und 63030 Fax: ++49 (0) 5231 - 66856 und 630311 eMail: verkauf@msf-technik.de www.msf-technik.de Anfahrhilfe mit www.map24.de Vertretung Büro Nord (PLZ 2, 3 ,4) GB-Antriebstechnik Günter Beuing Am Heerweg 28 49132 Wallenhorst Telefon: ++49 (0) 5407 - 859467 und 2750 Fax: ++49 (0) 5407 - 859468 und 31546 eMail: g.beuing@gmx.de Internet: www.msf-technik.de Vertretung Büro Baden Württemberg (PLZ 7) & Europa Marc Vathauer Schelmengraben 8 70839 Gerlingen Tel: ++49 (0) 7156 - 502625 Fax: ++49 (0) 7156 - 502626 eMail: vertrieb-sued@msf-technik.de internet: www.msf-technik.de Vertretung Büro Bayern (PLZ 8,9) Martin Hufnagel Technischer Handel und Industriebedarf Humboldstrasse 12 81543 München Tel: ++49 (0) 89 - 3177-2826 Fax: ++49 (0) 89 - 3177-2828 email: info@hufnagel.de www.hufnagel.de Sie sind hier: MSF-Technik Kontakt

Herzlich WIllkommen bei MSF-Vathauer Antriebstechnik Wir sind seit mehr als 30 Jahren Hersteller von mechanischer, elektrischer und elektronischer Antriebstechnik. Als Ihr kompetenter Partner im Bereich der Antriebstechnik bieten wir Ihnen von Getriebemotoren, über elektronische Motorstarter in Verbindung mit Frequenzumrichtern und Sondermotoren Lösungen aus einer Hand. Unsere Stärke sind Frequenzumrichter mit innovativen Dezentralisierungssystemen für die Energie und Feldbusverteilung sowie für Sie maßgeschneiderte Sonder- Frequenzumrichter. Auf ca. 6.000 m 2 mitten in Europa sind wir zu Hause und betreiben Forschung, Entwicklung und Produktion für die Mess-, Steuerungs und Antriebstechnik. Hierbei legen wir großen Wert auf die enge Zusammenarbeit mit unseren Kunden und Lieferanten und halten kurze Kommunikationswege ein. Nicht nur in Detmold wird produziert, sondern seit 1995 auch in unserem zweiten Werk in Oborniki 30 km westlich von Posen. Hochqualifizierte und motivierte Teams in Entwicklung und Produktion sowie unsere langjährige Erfahrung in der Entwicklung und Fertigung von Antriebssystemen in allen Industriezweigen sind die Garantie für Ihren Erfolg. In eigenen Schulungsräumen finden in regelmäßigen Abständen Schulungen für unsere Mitarbeiter sowie für unsere Kunden statt. Durch eigene EMV Laboratorien sind wir jederzeit in der Lage, nicht nur für die eigene Entwicklung, sondern auch für kundenspezifische Entwicklungen EMV Konforme Messungen durchzuführen. Dieses bietet unserem Kunden ein höchstes Maß an Qualität und Sicherheit. Seit 1997 sind wir nach DIN EN ISO 9000:2000 zertifiziert und lassen in regelmäßigen Abständen Zwischenaudits durchführen. Frequenzumrichter, Motoren, Motorstarter, Wärmerückgewinnung, Fördertechnik, Frequenzumformer, Motorswitch, Drehstrommotoren, Energieeinsparung, Kompaktantriebe, Motorbremsen, Gleichstromantriebe, Dezentrale Antriebstechnik, Intralogistikanlagen, Förderanlagen, Welterweiter Vertrieb, Wechselstrommotoren, Schneckengetriebe, Getriebe, Stirnradgetriebe, Flachgetriebe, Wärmetauscher, Spezial Frequenzumrichter, Weidmüller Field Power, Intelligente Antriebe, Feldbussysteme

Messeauftritte Wir stellen aus: Auf dem Automatisierungstreff in Böblingen vom 12.-14. März 2008 www.automatisierungstreff.com CEMAT 2008 in Hannover 27. - 31. Mai 2008 Das nennen wir Intralogistik Die ganze Welt an einem Ort Kein anderer Wirtschaftszweig steht derzeit stärker im Fokus des weltweiten Interesses als die Zukunftsbranche Intralogistik. Und das aus gutem Grund: Je weiter die Vernetzung des multinationalen Logistikstromes voranschreitet, desto unverzichtbarer wird Intralogistik als strategisches Führungsinstrument bei der Gestaltung sämtlicher globaler Wertschöpfungsketten im Mikro- und Makrobereich. Diese weltweiten Supply-Chains aufzubauen, permanent zu scoren und an allen Schnittstellen optimal zu vernetzen sind die Herausforderungen, denen sich die CeMAT 2008 mit einem nochmals erweiterten Angebotsspektrum stellen wird. www.cemat.de Forum Maschinenbau in Bad Salzuflen in Ostwestfalen Lippe November 2008 Der Maschinenbau ist die Paradedisziplin der deutschen Wirtschaft. Das FORUM MASCHINENBAU schlägt diese Kommunikationsbrücken für bestehende und neue Netzwerke und bringt die Kompetenzpartner zusammen. Im Technik-Cluster Ostwestfalen-Lippe, einem der Zentren des deutschen Maschinenbaus, treffen sich die Entwickler der Branche auf dem FORUM MASCHINENBAU. Wir freuen uns auf Ihren Besuch. www.forum-maschinenbau.com SPS / IPC Drives in Nürnberg vom 25. - 27. November 2008. http://www.mesago.de/de/SPS/main.htm

NEWSLETTER - Hier erfahren Sie noch mehr über uns Ausgabe Januar 2008: Dezentralisierung in der Fördertechnik mit MONO-SWITCH DUO-SWITCH und VECTOR Dezentrale vollelektronische Motorstarter für Ihre Fördertechnik und Intralogistikanlagen MSF-Vathauer baut sein Produktspektrum weiter aus. Mit dem neuen vollelektronischen Motorstarter MONO-SWITCH --PROFI DP-- sowie mit dem Frequenzumrichter VECTOR stehen Ihnen zwei Geräte mit Profibusanschluss und zahlreichen Funktionen für Fördertechnische Anwendungen in Hochregallager und Intralogistikanwendungen zur Verfügung. Funktionen MONO-SWITCH : Vollelektronischer Motorstarter als Direktstarter 3-Phasiges direktes Einschalten von einem Antrieb Schaltungen im Nulldurchgang verhindern Störspitzen Motorschutz über PTC-Kaltleiter oder Bi-Metall Leistungen bis 0,75KW Anschlussspannung: 400V +/- 10% Schutzklasse: IP54 (Option IP65) 4 Digitale Eingänge für Sensoren über M12 Stecker/ Buchse 1 Digitaler Eingang für Handbediensteuerung über M12 Stecker / Buchse Profibusanschluss über M12 Stecker / Buchse Integrierter abschließbarer Revisionsschalter (Hauptschalter) Integrierte und von außen zugängliche Netzsicherungen Von außen zugängliche Profibus DP Adressierung Klarsicht Diagnosefenster für Funktions- und Statusanzeigen Motor- und Netzanschluss über metrische Kabelverschraubungen (Optional über Steckverbinder) Bremsmotoransteuerung über Relais oder direktes Schalten der Motorbremse Funktionen Frequenzumrichter VECTOR Vector geregelter Frequenzumrichter für das 3-Phasiges ansteuern eines Drehstrommotors Motorschutz über PTC oder Bi-Metall Leistung bis 1,5KW / 400V +/- 10% Integrierte EMV Filter Schutzklasse IP54 Einstellung aller Geräteparameter über den Signalbus Funktionsfähig an Industrie PC mit Profibus-Einsteckkarte oder über SPS 4 Digitale Eingänge auf M12-Stecker für Sensoren 1 Digitaler Eingang auf M12-Stecker für Handbediengerät Jeweils 1x M12 Stecker für Profibusanschluss Abschließbarer Hauptschalter im Gerätedeckel Von außen zugängliche Profibus DP-Adressierung Motor- und Netzanschluss über Kabelverschraubungen Bremsmotoransteuerung über Relay oder direktes Schalten der Motorbremse Steckbare Motor- und Netzanschlüsse (Option) Weitere Funktionen für MONO-SWITCH --PROFI-- und VECTOR --PROFI-- Erkennung aller Sensoren bei lokelem Signalbusausfall über den Profibus-Ring Erkennung aller Sensoren bei lokaler Antriebsabschaltung Sofortiger Halt des Antriebs bei lokalem Ausfall des Profibusses Einstellbare Drehfeldfrequenz zum Lüften der Motorbremse (Hubgerüste) Meldung der Motortemperaturüberwachung über den Profibus Dadurch kein unkontrolliertes Anschalten des Förderers durch den Frequenzumrichter Handbedienung für den Einrichtfall Die Sternverdrahtung von Antrieben ist out -- Keine sternförmige Verdrahtung durch das Energiebussystem Weidmüller Field Power® mit aufsteckbaren Motorstartern MSF-Vathauer entwickelt vollelektronischen Motorstarter für das Weidmüller Field Power® Energiebussystem Der neue vollelektronische Motorstarter für das Weidmüller Field Power® Energiebussystem wird auf der Power-Box aufgesteckt und bringt somit die Motoransteuerungen in das Maschinenfeld. Dieses System ist eine echte Alternative zu zentral im Schaltschrank installierte Komponenten. Die schnelle, flexible und einfache Installierung bringt erhebliche Vorteile bei Neuinstallation, Erweitereungen sowie Nachrüstungen von Anlagen. Die aüf die Power-Box aufgesteckten Motorstarter können wahlweise mittels einer Rundleitung oder einer Flachleitung angeschlossen werden. Im Motorstarter integrierte Steckbare Anschlüsse M12 für die Signalübertragung mittels einer 24V SPS Ansteuerung oder einer Ansteuerung über ein AS-Interface bzw. über ein Profibus-System sowie für den Motoranschluss machen die Installation noch schneller und einfacher. Weiterhin können bis zu 2 Sensoren über M12 Stecker angeschlossen werden. Varianten des vollelektronischen Motorstarters: MONO-SWITCH: Ein- und Ausschalten von einem Motor DUO-SWITCH: Unabhängiges Ein- und Ausschalten von zwei Motoren MONO-SOFT-SWITCH: Sanftes Ein- und Ausschalten von einem Motor Funktionen der Motorstarter: Vollelektronischer Motorstarter als Direkt- oder Soft-Starter bis 3KW Motorleistung 3- Phasiges sanftes Ein- und Ausschalten von einem Antrieb Einstellbare Hoch- und Tieflauframpen sowie BOOST (Soft-Starter) Integrierte zugängliche und austauschbare Netzsicherungen 2 Digitale Eingänge auf M12-Stecker für Sensoren M12 Stecker für den AS-Interface oder Profibus DP Anschluss Steckbare Motoranschlüsse mit integriertem Motorschutzanschluss (HANQ) Bremsansteuerung und Handbediensteuerung (Optional) Signalbussysteme: 24V SPS Ansteuerung AS-Interface Profibus DP Andere Datenbussysteme auf Anfrage Der vollelektronische Motorstarter MONO-SWITCH und DUO-SWITCH Alle Motorstarter schalten die Motor vollelektronisch, d.h. ohne zusätzliche mechanischen Relais oder Schütze ein- und aus. Das verringert Störspitzen beim Schalten und erhöht die Lebensleistung der Geräte. Durch dieses Konzept werden erheblich mehr Schaltspiele der Förderanlage realisiert und die Gesamtanlage wird Wartungsärmer. Durch die hohen Schaltspiele wird die Förderstrecke effizienter genutzt. Die Baureihe MONO-SWITCH und DUO-SWITCH unterscheidet sich in den einzelnen Anschaltbaugruppen dahingehend, dass nur ein Motor (MONO-SWITCH) oder zwei Motoren (DUO-SWITCH) getrennt direkt ein- und ausgeschaltet werden. Dahingehend ermöglicht der SOFT-SWITCH ein weiches Ein- und Ausschalten des Antriebs durch einstellbare Hoch- und Tieflauframpen. MONO-SWITCH Vollelektronischer Motorstarter als Direktstarter 3-Phasiges direktes Einschalten von einem Antrieb Leistung bis 3KW Bis zu 2 Digitale Eingänge auf M12-Stecker für Sensoren und AS-Interface) Bremsansteuerung (Option) Einstellbare Hoch- und Tieflauframpen (MONO-SOFT-SWITCH) Einstellbarer BOOST (MONO-SOFT-SWITCH) DUO-SWITCH Vollelektronischer Motorstarter als Direktstarter 3 - Phasiges unabhängiges und direktes Ein- und Ausschalten von zwei Antrieben Leistung bis 2 x 0,75KW 2 Digitale Eingänge auf M12-Stecker für Sensoren und AS-Interface Bremsansteuerung für jeden Motor (Option) Einstellbare Hoch- und Tieflauframpen (DUO-SOFT-SWITCH für jeden Motor getrennt) Einstellbarer BOOST (DUO-SOFT-SWITCH für jeden Motor getrennt) Signalbussysteme für alle Gerätetypen CANopen

Pressemitteilungen Der Technologief�hrer f�r dezentrale Antriebssysteme MSF-Vathauer Antriebstechnik entwickelte neue dezentrale Antriebskonzepte f�r die staudrucklose F�rdertechnik. Hierdurch k�nnen bis zu 80% Energie im Produktionsprozess eingespart werden. Unter Ber�cksichtigung des Klimawandels und der immer weiter steigenden Energiepreise stellt diese neue Technologie einen Meilenstein in der Antriebstechnik dar. Einen Bericht dazu sehen Sie hier. MSF-Vathauer entwickelt Frequenzumrichter und vollelektronische Motorstarter f�r das Energiebussystem ""Field Power"" der Firma Weidm�ller GmbH & Co KG Durch jahrzehntelange Erfahrung in der Antriebstechnik sowie in der Sonderentwicklung von Frequenzumruchtern und vollelektronischen Motorstartern entwickelt MSF derzeit neue Anschaltbaugruppen f�r das neue Energiebussystem ""Field Power"". Dieses neue Konzept der Energieverteilung im Zusammenhang der einfachen und schnellen Montage von Frequenzumrichter und Motorstartern revolutionieren die F�rdertechnik. Hier geht es zum Artikel..... MSF-Vathauer Antriebstechnik GmbH & Co KG ist erster Entwicklungspartner der Fa. Weidm�ller GmbH & Co KG in Detmold Ziel dieser Partnerschaft ist die Entwicklung eines intelligenten Energieverteilungssystems auf Basis von FieldPower. Denn die Sternverdrahtung ist ""out"". Hier ein Interview Vorstellung auf der Hannovermesse 2007 Dezentrale Energieverteilung mit FielDPower und elektronische Anschaltungen von MSF-Technik Vathauer Antriebstechnik GmbH & Co KG FieldPower� ist ein neues Anschlusskonzept der dezentralen Energieverteilung im Maschinen- und Anlagenbau, bei Flugh�fen, der Automobilproduktion, also �berall dort, wo Energie �ber weite Strecken verteilt werden soll. Die Produktfamilie umfasst PowerBox Verteilerboxen in Schutzart IP 65, Wartungsschalter, Steckverbinder � optional mit Sicherungsfunktion �, Leitungen, vorkonfektionierte Kabels�tze, Werkzeuge und umfangreiches Zubeh�r. Die Energie wird �ber eine ungeschnittene Rund- und/oder Flachleitung verteilt. Der Abgriff erfolgt verbrauchernah an beliebiger Stelle �ber die PowerBox mit IDC-Kontakttechnologie (Insulation Displacement Connection). Verzweigungen und Abg�nge zu Motor-Startern und Frequenzumrichtern werden �steckbar� oder �fest� realisiert. Das verringert die zu verlegenden Leitungsl�ngen und reduziert Montagezeiten. FieldPower� senkt die gesamten Projektkosten und erh�ht die Flexibilit�t bei Anlagenerweiterungen oder sp�teren Umplanungen. Das FieldPower� Konzept ist multifunktional ausgelegt. Anwender k�nnen ihre individuellen Entwicklungen integrieren. Neben einer gro�en Anzahl industrieller Anwender wurde mit MSF � Vathauer Antriebstechnik GmbH & Co. KG ein Partner f�r Antriebsl�sungen gewonnen . Der Antriebstechnik-Spezialist entwickelt auf Basis von FieldPower� eine neue Produktfamilie in Schutzart IP 65. Hier der ganze Bericht. Intelligente integrierte Antriebskonzepte mit FieldPower MSF-Vathauer Antriebstechnik GmbH & Co KG entwickelt in Zusammenarbeit mit der Fa. Weidm�ller GmbH & Co KG neuartige dezentrale Energieverteilungen mit integrierten Antriebskonzepten. Auf der diesj�hrigen Hannovermesse 2007 pr�sentiert der technologief�hrer f�r dezentrale Antriebskozepte in der staudrucklosen F�rdertechnik MSF-Vathauer Antriebstechnik GmbH & Co KG sowie der Verbindunsspezialist Weidm�ller GmbH & Co KG neue Konzepte zur Energieverteilung f�r weitr�umig konzipierte Maschinen und Anlagen. Mit Hilfe von FieldPower werden wir in Zukunft flexible, intelligente und integrierte Antriebskonzepte anbieten k�nnen. MSF-Vathauer entwickelt auf Basis von FieldPower neuartige Motor-Starter und Frequenzumrichter f�r die F�rdertechnik und Anlagen, die eine rein elektrisch/ elektrische L�sung bieten. Somit fallen zeitaufwendige Installationszeiten weg, Installationskosten werden eingespart und die Anlagen und Maschinen k�nnen jederzeit individuell und flexible erweitert oder an weitere Produktionsprozesse angepasst werden. Hier der ganze Bericht

Über uns Dezentrale Antriebstechnik Produkte IEC-Normmotoren IEC-Normgetriebe Asynchronservo- motoren Frequenzumrichter VECTOR Frequenzumrichter VECTOR eco Frequenzumrichter FUTURE DRIVE Einsatzspezifische Frequenzumrichter Elektronische Motorstarter Gleichstrom- motorregler Digitales Taktschalt- gerät Drehteller- steuerungen Drehfeldmagnet- steller Dreh- und Stillstandswächter Sanftanlaufgeräte Wirbelstrom- bremsen Zubehör Service Download Newsletter aktuell Aktuelles Kontakt Auslandskontakt Impressum E-Mail Produkte der elektronischen Antriebstechnik IEC Normmotoren Baureihe Vector bis IP65 0,09 KW bis 3 KW Baureihe FUTURE DRIVE IP54 1,5 KW bis 3 KW Einsatzspezifische Frequenzumrichter für Rotationswärmetauscher Vibrationswendelförderer Kundenspezifische Frequenumrichter Für den Bundesbahneinsatz für staudrucklose Fördertechnik Schutzklasse IP20 bis IP65 Digitale Taktschaltgeräte DTSG 4 Drehteller- und Drehverteilersteuerungen Aufsteckmodule für Frequenzumrichter VECTOR 20 Download: Vollständiger Produktkatalog.pdf Neuer_Produktkatalog_MSF.pdf IEC Normgetriebe Wirbelstrombremsen Dreh-und Stillstandswächter Drehfeldmagnetsteller Staudrucklose Fördertechnik Energie sparen mit vollelektronischen Motorstartern Profi-Bus DP AS-Inerface Energiebus Spezifische Anpassungen Frequenzumrichter IP 54 Kundenspezifisch Mit NOT-AUS Mit Stecker Feldbus Etc. Schneckengetriebe Edelstahl Quadratisch verschiedene Bauformen Sie sind hier: MSF-Technik Produkte

Über uns Stellenangebote Pressemitteilungen Messen / Ausstellungen Referenzen Dezentrale Antriebstechnik Produkte Zubehör Service Download Newsletter aktuell Aktuelles Kontakt Auslandskontakt Impressum E-Mail AAG Austria Aluguss AEG Elektrolux Hausgeräte Vertriebs GmbH ASV Stübbe GmbH & Co. KG ASM-Steuerungstechnik GmbH AUDI AG Bäumer Folientechnik GmbH Blume-Rollen GmbH Borbet Leichtmetallräder GmbH Bran & Lübbe GmbH Conrad Electronic SE Daimler Chrysler AG Elmar Flötotto GmbH Frasch GmbH & Co KG Georgii Kobold GmbH & Co. KG Getriebebau Nord GmbH HADI GmbH Hammer Automation GmbH Hella KgaA Hueck & Co. HEW Herforder Elektromotoren-Werke GmbH & Co. KG Herbert Kannegiesser GmbH Leitenberger Meß- und Regeltechnik GmbH Magnum Metallbearbeitung GmbH M-Fördersysteme GmbH MTF-Technik GmbH Ninkaplast GmbH Nestlé Deutschland GmbH Nordmilch eG Phoenix-Contact GmbH & Co. KG Priess, Horstmann & Co. Maschinenbau GmbH & Co. KG RGS Technischer Service GmbH Rippert Anlagentechnik GmbH & Co KG Rothstein Transtport- und Handlingsysteme GmbH Ruckh Elektromotorenbau GmbH RWE Power AG Schunk Fördertechnik GmbH Sigloch Maschinenbau GmbH & Co. KG Siepe Fördertechnik GmbH SONY Deutschland GmbH Axel Springer Verlag AG SSS-Fördertechnik AG August Storck KG Trio-Technik Maschinenbau GmbH TU-Bergakademie Freiberg Vossloh Kiepe GmbH Volkswagen AG WSM Automation GmbH Wir lassen Sie nicht alleine. Unser Notdienst für Sie. NEU NEZ NEU NEU Kompaktantriebe IEC Motor Baugröße 050 mit Schneckengetriebe 025 NEU NEU NEU NEU Energie sparende Drehstrommotore EFF1 Keine Sternverdrahtung mit Motorstarter für Weidmüller Field Power Energiebussystem Förderstrecken automatisieren mit dezentralen Motorstartern und Frequenzumrichter mit PROFIBUS DP 2D / 3D Downloads für Ihre Getriebe 2D / 3D Getriebe download files für Ihre Planungen. mehr Neue e Plan Produktmakros für Frequenzumrichter VECTOR...mehr Frequenzumrichter VECTOR goes W-LAN Auf der SPS Drives 2006 in Nürnberg stellte MSF den VECTOR W-LAN vor. Mehr dazu.... hier. Sie sind hier: MSF-Technik Über uns Referenzen

Servicebereich Der Rundum-Service Für unsere Produkte vom kleinsten Getriebemotor bis zum Servomotor und der Antriebselektronik bieten wir Ihnen für das gesamte Produktspektrum den maßgeschneiderten Service den Sie sich wünschen. Unser Team sorgt für maximale Verfügbarkeit und Flexibilität an Feiertagen oder Wochenenden an sieben Tagen in der Woche um Ihre Produktion zu gewährleisten. Denn WIR lassen SIE nicht alleine! Service Kundenbeteung Speziell Sie als Anwender betreuen wir, wenn die Antriebstechnik installiert ist und Ihre Anlagen und Produktionen bereits laufen. Zu Ihrer Unterstützung in allen Fragen und Anforderungen für den Service der installierten Antriebstechnik und Regelelektronik stehe wir Ihnen zu jeder Zeit zur Verfügung. Ob Ersatzteile oder Modernisierung wir unterstützen Sie mit Ihrem persönlichen Ansprechpartner. Rufen Sie uns an. ++49 (0)5231 - 66193 + 63030.

Stellenangebote Zur Zeit haben wir Handelsvertretungen in den Postleitzahlgebieten: PLZ 0 PLZ 1 PLZ 5 PLZ 6 PLZ 9 zu vergeben. Wenn wir Ihr Interesse geweckt haben, nehmen Sie bitte Kontakt mit uns auf. Wir freuen uns Sie pers�nlich kennen zu lernen. Stellenausschreibung f�r einen Fertigungsleiter (m/w) Wir als Technologief�hrer f�r dezentrale Antriebssysteme und der elektronischen und machanischen Antriebstechnik suchen Sie als neues Mitglied in unserem Team. Wir setzen voraus: Techniker- oder Meisterausbildung im Elektronikbereich. Sie sollten langj�hrige Erfahrungen in der Koodinierung einer Elektronikfertigung mitbringen, sowie in der F�hrung von Personal. Sie sollten kommunikativ sein als auch �berzeugend auftreten k�nnen. Als Fertigungsleiter (m/w) sollten Sie selbstst�ndig und zielorientiert Arbeiten sowie bestehende Fertigungsabl�ufe analysieren und bei Bedarf optimieren. Weiterhin sollten Sie langj�hrige Erfahrung in der Materialdisposition sowie in der Lenkung und Weiterentwicklung von Fertigungsprozessen haben. Daf�r bieten wir Ihnen: ein dynamisch wachsendes, mittelst�ndisches und familiengef�hrtes Unternehmen das sich durch innovative Produkte am Markt zum Technologief�hrer entwickelt hat. Wir bieten Ihnen einen zukunftssicheren Arbeitsplatz mit fachlichen und pers�nlichen Entwicklungsm�glichkeiten, sowie einen hochmotivierten Mitarbeiterstamm. Wenn wir Ihr Interesse geweckt haben, senden Sie und bitte Ihre Bewerbungsunterlagen an folgende Adresse zu. MSF-Vathauer Antriebstechnik GmbH & Co KG Personalabteilung Am Hessentuch 6-8 32758 Detmold Stellenausschreibung f�r einen Industrieelektroniker/In Wir als Technologief�hrer f�r dezentrale Antriebssysteme und der elektronischen und machanischen Antriebstechnik suchen Sie als neues Mitglied in unserem Team. Wir setzen voraus: Ausbildung zum Industrieelektroniker/IN Ger�tetechnik, Radio- und Fersehtechniker/IN, oder Kommunikationselektroniker/IN. Weiterf�hrende Ausbildungen zum Meister oder �hnlichem sind w�nschenswert. Sie sollten langj�hrige Erfahrungen in der Inbetriebnahme, Reparatur und Montage von elektronischen Komponenten der Antriebstechnik mitbringen, bzw. �ber Erfahrungen in der Radio- und Fersehtechnik oder in der Kommunikationselektronik haben. Als Facharbeiter sollten Sie selbstst�ndig und zielorientiert Arbeiten. Daf�r bieten wir Ihnen: ein dynamisch wachsendes, mittelst�ndisches und familiengef�hrtes Unternehmen das sich durch innovative Produkte am Markt zum Technologief�hrer entwickelt hat. Wir bieten Ihnen einen zukunftssicheren Arbeitsplatz mit fachlichen und pers�nlichen Entwicklungsm�glichkeiten, sowie einen hochmotivierten Mitarbeiterstamm. Wenn wir Ihr Interesse geweckt haben, senden Sie und bitte Ihre Bewerbungsunterlagen an folgende Adresse zu. MSF-Vathauer Antriebstechnik GmbH & Co KG Personalabteilung Am Hessentuch 6-8 32758 Detmold

Herzlich WIllkommen bei MSF-Vathauer Antriebstechnik Wir sind seit mehr als 30 Jahren Hersteller von mechanischer, elektrischer und elektronischer Antriebstechnik. Als Ihr kompetenter Partner im Bereich der Antriebstechnik bieten wir Ihnen von Getriebemotoren, über elektronische Motorstarter in Verbindung mit Frequenzumrichtern und Sondermotoren Lösungen aus einer Hand. Unsere Stärke sind Frequenzumrichter mit innovativen Dezentralisierungssystemen für die Energie und Feldbusverteilung sowie für Sie maßgeschneiderte Sonder- Frequenzumrichter. Auf ca. 6.000 m 2 mitten in Europa sind wir zu Hause und betreiben Forschung, Entwicklung und Produktion für die Mess-, Steuerungs und Antriebstechnik. Hierbei legen wir großen Wert auf die enge Zusammenarbeit mit unseren Kunden und Lieferanten und halten kurze Kommunikationswege ein. Nicht nur in Detmold wird produziert, sondern seit 1995 auch in unserem zweiten Werk in Oborniki 30 km westlich von Posen. Hochqualifizierte und motivierte Teams in Entwicklung und Produktion sowie unsere langjährige Erfahrung in der Entwicklung und Fertigung von Antriebssystemen in allen Industriezweigen sind die Garantie für Ihren Erfolg. In eigenen Schulungsräumen finden in regelmäßigen Abständen Schulungen für unsere Mitarbeiter sowie für unsere Kunden statt. Durch eigene EMV Laboratorien sind wir jederzeit in der Lage, nicht nur für die eigene Entwicklung, sondern auch für kundenspezifische Entwicklungen EMV Konforme Messungen durchzuführen. Dieses bietet unserem Kunden ein höchstes Maß an Qualität und Sicherheit. Seit 1997 sind wir nach DIN EN ISO 9000:2000 zertifiziert und lassen in regelmäßigen Abständen Zwischenaudits durchführen. Frequenzumrichter, Motoren, Motorstarter, Wärmerückgewinnung, Fördertechnik, Frequenzumformer, Motorswitch, Drehstrommotoren, Energieeinsparung, Kompaktantriebe, Motorbremsen, Gleichstromantriebe, Dezentrale Antriebstechnik, Intralogistikanlagen, Förderanlagen, Welterweiter Vertrieb, Wechselstrommotoren, Schneckengetriebe, Getriebe, Stirnradgetriebe, Flachgetriebe, Wärmetauscher, Spezial Frequenzumrichter, Weidmüller Field Power, Intelligente Antriebe, Feldbussysteme

Über uns Dezentrale Antriebstechnik Produkte Zubehör Aufsteckmodule Bedienelemente Kabelsätze Service Download Newsletter aktuell Aktuelles Kontakt Auslandskontakt Impressum E-Mail Zubehör für alle MSF-Produkte Aufsteck- und Erweiterungsmodule für den Frequenzumrichter VECTRO 20 Bedieninterface Schnittstellenmodule Positioniermodule Kommunikationsmodule Bedienelemente für unsere Frequenzumrichter VECTOR sowie MONO und DUO Switch. Revisionsschalter Hauptschalter Einbaufähige NOT-AUS Externe NOT-AUS Externe Start / Stop Taster Netzleitungen für unsere Frequenzumrichter VECTOR 54 und FUTURE DRIVE KR IP 54 Bedieninterface für VECTOR 20 mit Klartextdisplay und einfacher Programmierung. I/O- Modul für VECTOR 20 Positioniermodul für VECTOR 20 Kommunikationsmodule für VECTOR 20 Externe Bedienelemente und Integrierbare Bedienelemente für VECTOR 54 Kabelsätze für VECTOR 54 Sie sind hier: MSF-Technik Zubehör

Herzlich WIllkommen bei MSF-Vathauer Antriebstechnik Wir sind seit mehr als 30 Jahren Hersteller von mechanischer, elektrischer und elektronischer Antriebstechnik. Als Ihr kompetenter Partner im Bereich der Antriebstechnik bieten wir Ihnen von Getriebemotoren, über elektronische Motorstarter in Verbindung mit Frequenzumrichtern und Sondermotoren Lösungen aus einer Hand. Unsere Stärke sind Frequenzumrichter mit innovativen Dezentralisierungssystemen für die Energie und Feldbusverteilung sowie für Sie maßgeschneiderte Sonder- Frequenzumrichter. Auf ca. 6.000 m 2 mitten in Europa sind wir zu Hause und betreiben Forschung, Entwicklung und Produktion für die Mess-, Steuerungs und Antriebstechnik. Hierbei legen wir großen Wert auf die enge Zusammenarbeit mit unseren Kunden und Lieferanten und halten kurze Kommunikationswege ein. Nicht nur in Detmold wird produziert, sondern seit 1995 auch in unserem zweiten Werk in Oborniki 30 km westlich von Posen. Hochqualifizierte und motivierte Teams in Entwicklung und Produktion sowie unsere langjährige Erfahrung in der Entwicklung und Fertigung von Antriebssystemen in allen Industriezweigen sind die Garantie für Ihren Erfolg. In eigenen Schulungsräumen finden in regelmäßigen Abständen Schulungen für unsere Mitarbeiter sowie für unsere Kunden statt. Durch eigene EMV Laboratorien sind wir jederzeit in der Lage, nicht nur für die eigene Entwicklung, sondern auch für kundenspezifische Entwicklungen EMV Konforme Messungen durchzuführen. Dieses bietet unserem Kunden ein höchstes Maß an Qualität und Sicherheit. Seit 1997 sind wir nach DIN EN ISO 9000:2000 zertifiziert und lassen in regelmäßigen Abständen Zwischenaudits durchführen. Frequenzumrichter, Motoren, Motorstarter, Wärmerückgewinnung, Fördertechnik, Frequenzumformer, Motorswitch, Drehstrommotoren, Energieeinsparung, Kompaktantriebe, Motorbremsen, Gleichstromantriebe, Dezentrale Antriebstechnik, Intralogistikanlagen, Förderanlagen, Welterweiter Vertrieb, Wechselstrommotoren, Schneckengetriebe, Getriebe, Stirnradgetriebe, Flachgetriebe, Wärmetauscher, Spezial Frequenzumrichter, Weidmüller Field Power, Intelligente Antriebe, Feldbussysteme

About us Jobs Press Exhibition References Dezentrale Antriebstechnik Products Accessories Service Download Newsletter aktuell News Contacs Contacts Abroad Imprint E-Mail Welcome at MSF-Vathauer Antriebstechnik Since 30 years we are a manufacturer for mechanical, electrical and electronical drive technology. We provide as an competent partner geared motors, electronical motor starter and frequency converter in combination with innovative decentralisation systems for field- and energy bus systems. Further we provide customised frequency converter and geared motors du to our long experience in drive technology and thus fullfilment. Our modern factory- and office facilities are situated on 6000m2. Du to research and development in own modern laboratory we are able to provide our customer a wide range of a product portfolio. We attach importance to a close cooperation with our customer as soon as our supplier and comply a short communication channel. Since 1995 we are manufacturing not only at our plant in Detmold, but also at our factory in Oborniki (Poland). Highly trained employees and motivated teams in our development department and our proiduction lines as well as our long experience in customized drive units in several industries is a guarantee for our success. All employees, customer and sales representatives shall be trained at our own training facilities in regular intervals. Through our own EMC-Laboratory we are able at any time to provide for all developed products, the whole product range and customised devices EMC conform readings. That provides a high quality standard and a guarantee for our clients. Since 1997 we are certificated under DIN EN ISO 9000:2000 and force it yearly. Seven days a week service Decentralized Drives Power distribution Fieldbus High efficiency motors 2D / 3D Downloads for your gearboxes 2D / 3D gearbox download files for your planning software. more New e Plan makros for Frequency Converter VECTOR available...more here Automatisation with RFID, Ethernet and W-LAN On the Hannover Fair MSF shows a new generation of motorstarter. more Frequency Converter VECTOR goes W-LAN On the SPS Drives in Nurember 2006 MSF-Vathauer shows the new VECTOR W-LAN.... more here. You are here: MSF-Technik About us",5212,5212,20,"[""http://msf-technik.de/"", ""http://msf-technik.de/Aktuelles.22.0.html"", ""http://msf-technik.de/Auslandskontakt.2.0.html"", ""http://msf-technik.de/Download.6.0.html"", ""http://msf-technik.de/E-Mail.3.0.html"", ""http://msf-technik.de/IEC-Normgetriebe.36.0.html"", ""http://msf-technik.de/Impressum.25.0.html"", ""http://msf-technik.de/Kontakt.4.0.html"", ""http://msf-technik.de/MSF-Technik.1.0.html"", ""http://msf-technik.de/Messen-Ausstellungen.55.0.html"", ""http://msf-technik.de/Newsletter-aktuell.71.0.html"", ""http://msf-technik.de/Pressemitteilungen.57.0.html"", ""http://msf-technik.de/Produkte.8.0.html"", ""http://msf-technik.de/Referenzen.56.0.html"", ""http://msf-technik.de/Service.7.0.html"", ""http://msf-technik.de/Stellenangebote.48.0.html"", ""http://msf-technik.de/UEber-uns.9.0.html"", ""http://msf-technik.de/Zubehoer.60.0.html"", ""http://msf-technik.de/index.php?id=9&L=0"", ""http://msf-technik.de/index.php?id=9&L=1""]","[""homepage"", ""news_press"", ""news_press"", ""news_press"", ""news_press"", ""news_press"", ""news_press"", ""news_press"", ""news_press"", ""news_press"", ""news_press"", ""news_press"", ""news_press"", ""news_press"", ""news_press"", ""news_press"", ""news_press"", ""news_press"", ""news_press"", ""news_press""]",True,high
c956bd4e-2b8a-4c48-8780-c187587f46b3,5,MSF-VATHAUER ANTRIEBSTECHNIK GMBH & CO. KG,post_post_event,"Herzlich willkommen bei MSF-Vathauer Antriebstechnik Wir sind seit mehr als 30 Jahren Hersteller von mechanischer, elektrischer und elektronischer Antriebstechnik. Als Ihr kompetenter Partner im Bereich der Antriebstechnik bieten wir Ihnen von Getriebemotoren, �ber elektronische Motorstarter in Verbindung mit Frequenzumrichtern und Sondermotoren L�sungen aus einer Hand. Unsere St�rke sind Frequenzumrichter mit innovativen Dezentralisierungssystemen f�r die Energie und Feldbusverteilung sowie f�r Sie ma�geschneiderte Sonder- Frequenzumrichter. Auf ca. 6.000 m 2 mitten in Europa sind wir zu Hause und betreiben Forschung, Entwicklung und Produktion f�r die Mess-, Steuerungs und Antriebstechnik. Hierbei legen wir gro�en Wert auf die enge Zusammenarbeit mit unseren Kunden und Lieferanten und halten kurze Kommunikationswege ein. Nicht nur in Detmold wird produziert, sondern seit 1995 auch in unserem zweiten Werk in Oborniki 30 km westlich von Posen. Hochqualifizierte und motivierte Teams in Entwicklung und Produktion sowie unsere langj�hrige Erfahrung in der Entwicklung und Fertigung von Antriebssystemen in allen Industriezweigen sind die Garantie f�r Ihren Erfolg. In eigenen Schulungsr�umen finden in regelm��igen Abst�nden Schulungen f�r unsere Mitarbeiter sowie f�r unsere Kunden statt. Durch eigene EMV Laboratorien sind wir jederzeit in der Lage, nicht nur f�r die eigene Entwicklung, sondern auch f�r kundenspezifische Entwicklungen EMV Konforme Messungen durchzuf�hren. Dieses bietet unserem Kunden ein h�chstes Ma� an Qualit�t und Sicherheit. Seit 1997 sind wir nach DIN EN ISO 9000:2000 zertifiziert und lassen in regelm��igen Abst�nden Zwischenaudits durchf�hren. Frequenzumrichter, Motoren, Motorstarter, W�rmer�ckgewinnung, F�rdertechnik, Frequenzumformer, Motorswitch, Drehstrommotoren, Energieeinsparung, Kompaktantriebe, Motorbremsen, Gleichstromantriebe, Dezentrale Antriebstechnik, Intralogistikanlagen, F�rderanlagen, Welterweiter Vertrieb, Wechselstrommotoren, Schneckengetriebe, Getriebe, Stirnradgetriebe, Flachgetriebe, W�rmetauscher, Spezial Frequenzumrichter, Weidm�ller Field Power, Intelligente Antriebe, Feldbussysteme, Energie sparen, Energie, EVG, Energie sparen, Leuchtstofflampen. Leuchtstoffr�hren, Lichtb�nder, Energie sparen - Energieeinsparung - rationelle Energieverwendung - Strom sparen- stromsparende Beleuchtung - Beleuchtungssanierung - Sonderleuchtenbau - Lichttechnik - Adapter-EVG - Nachr�st-EVG - Retrofit-Adapter - Vorschaltger�t - Vorschaltger�te - elektronischer / elektronische Starter - T5-Adapter- Reflektor - Reflektoren - Nachr�streflektor - Nachr�streflektoren - Energiesparreflektor - Energiespar-Reflektor - Energiesparreflektoren - Energiespar

Energiesparen mit dem T5-Umbauadapter E-S-L T8-Leuchstofflampe ohne E-S-L Adapter T5-Leuchtstofflampe mit E-S-L Adapter Dieser Nachrüstsatz wurde für den Einbau in vorhandene Leuchtstofflampen entwickelt. Hierbei ist es nicht erforderlich die Leuchtstofflampe zu zerlegen oder das vorhandene Vorschaltgerät auszubauen  der neu entwickelte Nachrüstsatz kann problemlos in Verbindung mit einer T5-Röhre (35 W) eingebaut werden. Somit wird die energieverbrauchende T8-Röhre (58 W) durch eine T5-Röhre, in Verbindung mit dem adaptierten elektronischen Vorschaltgerät E-S-L, ersetzt. Ziel ist es, dass der Verbraucher wieder die Kontrolle über seine Energiekosten erhält  dieses moderne EVG erzielt vergleichsweise eine Energieeinsparung von 50% zu der Altanlage. Bei höherer Lichtstärke wird bis zu 50% weniger Energie benötigt. Die Lebensdauer der Lampen erhöht sich bis um das 3-fache. Die Investitionen des E-S-L Lieferumfangs amortisieren sich in der Regel bereits nach kurzer Zeit. Die Energieeinsparung entlastet nicht nur Ihre Kostenstruktur, sondern leistet von Beginn an einen Beitrag zum Umweltschutz durch Entlastung der Ressourcen und reduzierter CO 2 -Emission. Überall dort wo VVG oder KVG eingebaut wurden kann das E-S-L (EVG) problemlos eingesetzt werden. Der große Temperaturbereich von -25°C bis +50°C sowie der Einsatz in Notbeleuchtungen nach VDE 0108 sowie das Abschalten defekter Leuchtstoffröhren gewährleisten ein breites Einsatzspektrum. Diese Vorteile Überzeugen: Konstannter Lichtstrom Wechselspannungsbereich 194V - 254V Unterspannungsschutz (automatische Abschaltung bei <150V) Großer Temperaturbereich: -25°C bis +50°C Einsatz in Notbeleuchtungsanlagen gem. VDE 0108 Einsatz an Dimmern möglich (Dimmbar) Sicherheitsabschaltung defekter Lampen Automatischer Wiederstart nach Lampenwechsel Für Leuchten mit 110° Cut OFF, EOL Verwendbar in Leuchten der Schutzklasse SK I und SK II Schutzart IP20 und IP65 Integrierter Temperaturschutz gem. EN 61347-2-3 C5e Für Lampenlänge: 1449 mm Lampenleistung 36W / 28W Funkentstörung nach DIN EN 55015 Anwendungsbereiche sind: Industrieelle Produktionshallen, Lagerhallen, Parkhäuser, Tiefgaragen, Krankenhäuser, Supermärkte, Discounter, etc. Installation des E-S-L in vorhandene Lichtbänder Ausführliche Informationen über das E-S-L erhalten Sie hier... Anfrageformular elektronisches Vorschaltgerät E-S-L Firma Ansprechpartner Abteilung Straße, Hausnummer PLZ, Ort Telefon, Fax email Ihre Nachricht / Anfrage

Aktuelles Unser virtueller Messestand der SPS/IPC/DRIVES 2009 in N�rnberg Sehr geehrte Besucherin, Sehr geehrter Besucher die Pforten der SPS / IPC / Drives 2009 sind nun geschlossen. Jedoch nicht f�r Sie - zumindest was unseren Messestand betrifft. Schlie�lich konnte man sich nicht alles ansehen, was geboten wurde, und so Mancher konnte gar nicht nach N�rnberg kommen. Deshalb hier f�r Sie eine "" interaktive Tour "" �ber unseren Messestand. Klicken Sie auf das Bild und Sie bewegen sich virtuell �ber unseren Messestand. Hier erhalten Sie viele Informationen �ber unsere Produkte. Nominiert f�r ""Gro�er Preis des Mittelstandes"" 2009 Zum f�nften Mal in Folge wurde MSF-Vathauer Antriebstechnik GmbH & Co KG f�r den Gro�en Preis des Mittelstandes nominiert. Mit dieser Nominierung z�hlen wir zu den Besten im unternehmerischen Mittelstand in NRW. Bundesweit wurden �ber 3000 mittelst�ndische Unternehmen aus allen Bundesl�ndern auserw�hlt. F�r die Nominierenden z�hlten unter anderem die Kriterien Gesamtentwicklung des Unternehmen Schaffung und Sicherung von Arbeitspl�tzen Innovation und Modernisierung Engagement in der Region Kundenn�he sowie Kundenzufriedenheit Wir freuen uns sehr �ber die diesj�hrige Nominierung. Dieses ist der Beweis technologisch, kundenorientiert sowie sozial auf dem richtigen Weg zu sein. Dennoch gilt es f�r uns nun um so mehr diesen Weg konsequent weiter zu verfolgen. Neue Steuerung f�r Schrauben- und Kleinteileportionierer realisiert. Nach kurzer Entwicklungszeit in Zusammenarbeit mit unserem Kunden haben wir einen neuartigen Schrauben- und Kleinteileportionierer zur Z�hlung von Montageschrauben entwickelt. �ber den Schrauben-und Kleinteileportionierer k�nnenSchrauben, Muttern (auch Kunststoff) oder Schrauben�hnlicheTeile in ein Portionierfach personenunabh�ngig eingez�hltwerden. �ber das ergonomische Schnellentnahmesystem kannder Werker die Teile sicher und schnell von Hand entnehmen.Hierdurch wird sichergestellt, dass der Werker nur dieben�tigte St�ckzahl erh�lt welche er ben�tigt. MSF-Vathauer Antriebstechnik entwickelte zusammen mit der Fa. Hammer Automationstechnik, www.hammer-automation.de , diese neuartige vollprogrammierf�hige Steuerung die in den Schrauben-und Kleinteileportionierer der Fa. Hammer Automationstechnik Einzug erh�lt. Alle erforderlichen Parameter werden �ber eine Bedientastertur sowie �ber ein LC-Display eingegeben. Sie haben die M�glichkeit 3 verschiedene St�ckzahlen die ausgegeben werden sollen digital vorzuw�hlen. Optional k�nnen �ber eine Ethernet TCP/IP Schnittstelle alle Signale und Vorgaben von einem �bergeordneten Leit-PC an die Steuerung �bermittelt werden. Die Steuerung des Schrauben-und Kleinteileportionierers kommuniziert �ber das Standardprotokoll TCP/IP mit einem Leit-PC, vom dem alle Befehle zur Steuerung �bermittelt werden. Dar�er hinaus werden Fehlermeldungen, Zwischenstatusberichte sowie Freigaben an den Leit-PC bzw. an die Steuerung �bertragen. Dieser Schrauben-und Kleinteileportionierer wird flexibel in Ihre Produktionslinien aber auch einfach und schnell in Ihr Ethernet-Netzwerk eingebunden. Die Integrierung Ihrer Haus-Internen Ethernetprotokolls ist jederzeit m�glich. Somit gewinnen Sie ein H�chstma� an Prozesssicherheit und erh�hen den Qualit�tsstandard Ihrer Produkte. W-LAN in der Feldebene Auf der SPS Drives 2006 stellte MSF-Vathauer Antriebstechnik ein Demonstrationsmodell des VECTOR W-LAN vor, welches in Kooperation mit der Fachhochschule Amberg-Weiden und dem Team des Prof. Dr. Hans-Peter Schmidt entwickelt wurde. Erstmals wurden damit die M�glichkeiten von W-LAN f�r die F�rdertechnik nutzbar gemacht. Vollst�ndiger Artikel . Automatisiert mit RFID, Ethernet und W-LAN Auf der diesj�hrigen Hannovermesse vom 16. April - 20. April 2007 werden wir unsere neue Generation der vollelektronischen Motorstarter MONO-SWITCH und DUO-SWITCH in Verbindung mit den Zukunftstr�chtigen Feldbussystemen Ethernet und W-LAN vorstellen. Weiterhin werden wir Ihnen die Automatisierung mit RFID-Chips in Verbindung mit MONO-SWITCH und DUO-SWITCH pr�sentieren. Besuchen Sie uns auf den Stand ""AUTOMATION IT"" und lassen sich von den M�glichkeiten in der Automatisierungs- und F�rdertechnik begeistern.

Wir sind Weltweit für Sie erreichbar Unsere Vertriebspartner im Ausland Controlgear Centre Ltd. Mr. Nick Norman Unit 112, Telsen Centre 55 Thomas Street B6 4TN Birmingham United Kingdom Tel: ++44 07890 - 904253 (Ab 3. September 2007: 0044 121 3335455) Fax: ++44 021 - 359 5195 (Ab 3. September 2007: 0044 121 3595195) eMail: conquestcontrol@aol.com Garper Telecomunicaciones Herr Guillermo Garcia Pérez c/ Antonita Jiménez 8 28019 Madrid Tel: ++34 (0)91560 - 1203 Fax: ++34 (0)91560 - 1490 email: garcia@garper-teleco.es Internet: www.garper-teleco.es INTECNO Holland Doorlopend in beweging Mr.John Triki Kantoor: Ambachtweg 17a 5731 AE Mierlo Nederland Tel:++31 (0)492 565959 Fax: ++31 (0)492 359358 info@intecno.nl www.intecno.nl I+L Elektronik GmbH Herr Bruno Hörburger Vibrütteweg 9 A-6840 Götzis Österreich Tel: ++43 (0) 5523 - 64542 Fax: ++43 (0) 5523 - 64542-4 b.hoerburger@iul-elektronik.at www.iul-elektronik.at J.F. Knudtzen AS Automasjon Herr Lars William Blekstad Billingstadsletta 97 Postboks 160 NO-1378 Norwegen Tel: ++47 (0)66 983350 Fax: ++47 (0)66 980955 Direkt: ++47 (0)66 983495 lars.william.blekstad@jfknudtzen.no www.jfknudtzen.no REFERENZ Technik AG Herr Jürg Reutimann Kirchbachstrasse 6a CH-8600 Dübendorf Schweiz Tel.: +41 43 355 19 55 Fax.: +41 43 355 19 50 technik@referenz-technik.ch www.referenz-technik.ch Shanghai Dongdi Mechanical & Electrical Co. Ltd. Mrs. Wang Yu Tong 3666 Dongdi Technology Park Sichen Road, songjiang District Shanghai Tel: ++86 - 21-57796339 Fax: ++86 - 21-57793511 wyt@i-ind.com www.i-ind.com Netwell Systems Pte Ltd. Mr. Sanjay Nemade BLK 359 Yishun Ring Road #05-1702 Singapore 760359 Singapur Tel: (65) 6728 5417 Fax: (65) 6754 3844 contact@netwell-systems.com www.netwell-systems.com

Senden Sie uns eine kurze email mit Ihren Kontaktdaten. Wir werden Sie schnellstm÷glich auf Ihrer angegebenen Telefonnummer zur³ckrufen. *Die mit Sternchen gekennzeichneten Felder sind Pflichtfelder Wir lassen Sie nicht alleine. Unser Notdienst f³r Sie. Virtueller Messestand der SPS-DRIVES 2009 50% Energiesparen mit T5-Leuchstofflampen EVG Kompaktantriebe IEC Motor Baugr÷▀e 050 mit Schneckengetriebe 025 Energie sparende Drehstrommotore EFF1 Keine Sternverdrahtung mit Motorstarter f³r Weidm³ller Field Power Energiebussystem F÷rderstrecken automatisieren mit dezentralen Motorstartern und Frequenzumrichter mit PROFIBUS DP 2D / 3D Getriebe download files f³r Ihre Planungen. mehr Neue e Plan Produktmakros f³r Frequenzumrichter VECTOR...mehr Frequenzumrichter VECTOR goes W-LAN Auf der SPS Drives 2006 in N³rnberg stellte MSF den VECTOR W-LAN vor. Mehr dazu.... hier.

Dezentrale Antriebe für Förderanlagen - Die neue Referenz - Vollelektronischer Motorstarter mit integrierten Energiebussystem Field Power Integriertes Energiebussystem Field Power Standardisierte steckbare M12 Anschlüsse für Sensorik und Kommunikation DESINA - Standardisierte steckbare Q8- Anschlüsse für Motoren Für einem oder zwei Drehstrom-Asynchonmotoren Einsparung von AS-i Feldverteilern Hohe Schalthäufigkeit Als Direktstarter, Sanftstarter, Wendestarter und Frequenzumrichter Ansteuerung: AS-interface oder 24V binär Mehr Informationen HIER Vollelektronische Motorstarter MONO-SWITCH und DUO-SWITCH Robustes Aluminiumgehäuse Energiebushgersteller unabhängig Als Direktstarter, Softstarter, Wendestarter und Frequenzumrichter Für Intralogistikanlagen, Rollenbahnen, verkettete Förderstrecken, etc Produktkatalog der dezentralen Antriebstechnik Dezentrale Antriebe für Klima- und Lüftungstechnik Vollelektronischer Motorstarter MONOVENT für Lüftungstechnische Anwendungen Axialventilatoren Radialventilatoren Hoch- und Niederdruckventilatoren

Downloadbereich In unserem Download-Bereich erhalten Sie alle Informationen zu unserem Unternehmen sowie zu unseren Produkten. Unsere allgemeinen Einkaufsbedingungen Unsere allgemeinen Geschäftsbedingungen Produktkataloge Produktinformation Motorstarter / Frequenzumrichter mit Weidmüller Energiebus Field Power Produktkatalog dezentrale Antriebstechnik Gesamtproduktkatalog der elektronischen und mechanischen Antriebstechnik Produktinformationen elektronisches Vorschaltgerät E-S-L für Leuchtstofflampen und Lichtbänder -- Sparen Sie 40% Ihrer Stromkosten e-Plan Produktmakros e-Plan Produktmakros für Frequenzumrichter VECTOR und Field Power Motorstarter MONO-SWITCH / DUO-SWITCH Hier können SIe sich den aktuellen Abobe Acrobat Reader herunter laden.

Über uns Produkte Dezentrale Antriebstechnik Zubehör 50% Energie- sparen mit T5-Leuchtstofflampe Service Download Newsletter aktuell Aktuelles Kontakt Auslandskontakt Impressum E-Mail Schreiben Sie uns Name:* Vorname* Firma:* Straße* PLZ* Stadt* Email:* Telefon:* Nachricht: Bitte rufen Sie mich an: * Diese Felder sind Pflichtfelder Sie sind hier: MSF-Technik E-Mail

Getriebe MS-HY Schneckengetriebe ""rund"" Schneckengetriebe ""quadratisch"" Stirnradgetriebe 1-stufig 2-stufig 3-stufig Flachgetriebe Stirnrad-Schneckengetriebe Getriebe MS-CH Schnecken getriebe MS-CH-B (Rund) getriebe MS-CH-M (Quadratisch) Staudrucklose Fördertechnik Energie sparen mit vollelektronischen Motorstartern Frequenzumrichter IP 54 Schneckengetriebe

Normmotoren Drehstrom Energiesparmotore IE2 (EFF1) und IE1 (EFF2) Technische Unterlagen bitte Bild anklicken Energiesparen ist kein Luxus mehr. Drehstrommotoren mit Energieeffizienzklasse IE2 (EFF1) Über 90 % der Lebenszykluskosten eines Drehstrommotors entfallen auf die Energiekosten. Dieses ist erstaunlich und nur wenigen Anwendern bekannt. Nur wenige Anlagen sind daher mit Energiesparmotoren ausgerüstet. Die Energiesparmotoren der Energieeffizienzklasse EFF1 schonen nicht nur die Umwelt, sondern sparen auch in Maschinen und Anlagen bares Geld ein. Mit dem EInsatz von EFF1 Energiesparmotoren können bis zu 40% der Betriebskosten gesenkt werden. MSF-Vathauer bietet Ihnen hocheffiziente Drehstrom-Asynchronmotoren zu einem wirtschaftlichen Preis. In den Leistungen 0,18 KW bis 315 KW finden Sie den richtigen Antrieb für Ihre Applikation. Drehstrom Asynchronmotore Energieklasse EFF 2 Technische Unterlagen aller Motoren bitte Bild anklicken Wir bieten Ihnen eine Vielzahl von IEC Normmotoren in den Wirgungsklassen EFF1 und EFF2. Alle Motoren sind in verschiedenen Bauformen erhältlich und von 0,09 KW bis 7,5 KW aus Aluminium. Ob für den Antrieb einer Pumpe, eines Kompressors oder eines Gebläses, unseren Motoren eignen sich für nahezu jeden Anwendungsbereich. Die technische Auslegung unserer Motoren entspricht in allen Punkten den Anforderungen der Normen nach IEC und VDE. Mehr und mehr werden drehzahlgeregelte Antriebe eingesetzt, so dass alle Motoren mit einem Frequenzumrichter betrieben werden können. Sowohl die Nachrüstung eines Fremdlüfters, als auch die Nachrüstung einer Bremse ist jederzeit möglich. Alle Motoren besitzen die Schutzklasse IP55, sowie die ISO Klasse F und haben in allen 3 Wicklungen PTC Kaltleiter eingearbeitet. Die Motoren können mit einem B3 Fuß, B5 Flansch oder mit einem B14 Flansch geliefert werden. Wechselstrommotore Unsere Wechselstrommotoren sind in den Leistungen von 0,09 KW bis 2,2 KW lieferbar. Es handelt sich ebenfalls um Aluminiummotoren. Die Motoren werden in der Bauform B3 geliefert. Auf Wunsch werden die Bauformen B5 und B14 ebenfalls realisiert. Anfrageformular Normmotoren Firma Ansprechpartner Abteilung Straße, Hausnummer PLZ, Ort Telefon, Fax email Ihre Nachricht/ Anfrage

Impressum Alle Angaben unserer Internetpr�senz werden sorgf�ltig gepr�ft und regelm��ig aktualisiert. Eine Garantie f�r die Vollst�ndigkeit und Richtigkeit kann jedoch nicht �bernommen werden. Die Webseiten sind optimiert f�r Microsoft Internet Explorer 5.x und h�her sowie Netscape Navigator ab Version 6.x. Zur optimalen Wiedergabe der Seiten werden 1024 x 768 Pixel und Echtfarbendarstellung ben�tigt. Sie m�ssen Java aktiviert und ein ActiveX Element aktiviert haben. Zur Wiedergabe von pdf.-files ist der Adobe Acrobat Reader 6 oder h�her erforderlich. Herausgeber: MSF-Vathauer Antriebstechnik GmbH & Co KG Am Hessentuch 6-8 32758 Detmold Tel: ++49 5231 - 66193 Fax: ++49 5231 - 66856 www.msf-technik.de Rechtsform: Kommanditgesellschaft, Sitz Detmold Amtsgericht: Lemgo, HRA 4315 Kompliment�rin: MSF-Technik Verwaltungs GmbH Rechtsform: GmbH, Sitz Detmold Gesch�ftsf�hrer: Karl-Ernst Vathauer, Marc Vathauer Amtsgericht: Lemgo, HRB 3784 Ansprechpartner website: Marc Vathauer Hinweis gem�� Teledienstgesetz: F�r Internetseiten Dritter, auf die der Herausgeber durch sogenannte Links verweist, tragen die jeweiligen Anbieter die Verantwortung. Der Herausgeber ist f�r den Inhalt solcher Seiten Dritter nicht verantwortlich. Des weiteren kann die Web-Seite des Herausgebers ohne dessen Wissen von anderen Seiten mittels so genannter Links angelinkt werden. Der Herausgeber �bernimmt keine Verantwortung f�r Darstellungen und Inhalte in Web-Seiten Dritter. F�r fremde Inhalte ist der Herausgeber nur dann verantwortlich, wenn er von ihnen (d.h. auch von einem rechtswidrigen oder strafbaren Inhalt) positive Kenntnis hat und es dem Herausgeber technisch m�glich und zumutbar ist, deren Nutzung zu verhindern. Der Herausgeber ist nach dem Teledienstgesetz jedoch nicht verpflichtet, die fremden Inhalte st�ndig zu �berpr�fen. Alle Texte, Bilder, Audio-Dateien und weitere hier ver�ffentlichte Informationen, unterliegen dem Copyright der MSF-Vathauer Antriebstechnik GmbH & Co KG. Eine Reproduktion oder Wiedergabe des Ganzen oder von Teilen ist ohne die schriftliche Genehmigung der MSF-Vathauer Antriebstechnik GmbH & Co KG nicht gestattet.

Kompaktantriebe Baugröße 050 Technische Unterlagen bitte Bild anklicken Durch Ihre kompakte Bauweise und der Möglichkeit an jeder Seite befestigt zu werden, hat sich dieser Getriebemotor bereits einen festen Platz im Maschinenbau gesichert. Die Motor-/ Getriebekombination ergibt eine Vielzahl von Antriebsmöglichkeiten. Mit 9 möglichen Untersetzungen zwischen i = 7,5....60 läßt sich ein maximales Drehmoment von 14 Nm erreichen. Alle Motoren sind mit dem Frequenzumrichter VECTOR ansteuerbat oder können mit einem vollelektronischen Motorstarter MONO-SWITCH und DUO-SWITCH betrieben werden, Drehstrommotoren in den Leistungen 0,09 KW bis 315 KW finden Sie HIER. 2D / 3D Download Maßzeichnungen Das Schneckengetriebe 025 an einem 0,09 KW Drehstommotor Ratio=i n2 KW=P Nm f.s 7,5 186,7 0,09 KW 3,8 2,8 10 140,0 5 2,4 15 93,3 7,2 1,6 20 70,0 9 1,3 25 56,0 1,0 30 46,7 12,3 1,1 40 35,0 13 50 28,0 14 0,7 60 23,3 0,6 Leistungsdaten des Drehstrommotors Baugröße 050 Daten Motor 050 Leistung 0,04 KW Anschlussspannung 230V / 400V Drehzahl 1350 1/min Nennstrom 0,23 A Cos. phi Anzugsstrom 2,4 A Kippmoment 2,1 M max /M n Gewicht 2,2 Kg Anfrageformular Kompaktantriebe Firma Ansprechpartner Abteilung Straße, Hausnummer PLZ,Ort Telefon, Fax email Ihre Nachricht/ Anfrage

Kontakt zu MSF-Vathauer Antriebstechnik Hauptwerk (PLZ 5, 6) MSF-Vathauer Antriebstechnik GmbH & Co KG Karl-Ernst Vathauer Am Hessentuch 6-8 32758 Detmold Tel.: ++49 (0) 5231 - 66193 und 63030 Fax: ++49 (0) 5231 - 66856 und 630311 eMail: verkaufsleitung@msf-technik.de Internet: www.msf-technik.de Anfahrhilfe mit www.map24.de Werksvertretung Büro Nord (PLZ 2, 3 ,4) Vertretung Büro Baden Württemberg / Bayern (PLZ 7,8,9) & Europa Marc Vathauer Schelmengraben 8 70839 Gerlingen Tel.: ++49 (0) 7156 - 502625 Fax: ++49 (0) 7156 - 502626 vertrieb-sued@msf-technik.de internet: Werksvertretung Büro Ost (PLZ 0, 1) Handelsvertretung Roland Skudlarek Quellengrund 12 04509 Delitzsch Tel.: ++49 (0) 34202 - 302530 Fax: ++49 (0) 34202 - 302531 r.skudlarek@t-online.de

Herzlich willkommen bei MSF-Vathauer Antriebstechnik Wir sind seit mehr als 30 Jahren Hersteller von mechanischer, elektrischer und elektronischer Antriebstechnik. Als Ihr kompetenter Partner im Bereich der Antriebstechnik bieten wir Ihnen von Getriebemotoren, über elektronische Motorstarter in Verbindung mit Frequenzumrichtern und Sondermotoren Lösungen aus einer Hand. Unsere Stärke sind Frequenzumrichter mit innovativen Dezentralisierungssystemen für die Energie und Feldbusverteilung sowie für Sie maßgeschneiderte Sonder- Frequenzumrichter. Auf ca. 6.000 m 2 mitten in Europa sind wir zu Hause und betreiben Forschung, Entwicklung und Produktion für die Mess-, Steuerungs und Antriebstechnik. Hierbei legen wir großen Wert auf die enge Zusammenarbeit mit unseren Kunden und Lieferanten und halten kurze Kommunikationswege ein. Nicht nur in Detmold wird produziert, sondern seit 1995 auch in unserem zweiten Werk in Oborniki 30 km westlich von Posen. Hochqualifizierte und motivierte Teams in Entwicklung und Produktion sowie unsere langjährige Erfahrung in der Entwicklung und Fertigung von Antriebssystemen in allen Industriezweigen sind die Garantie für Ihren Erfolg. In eigenen Schulungsräumen finden in regelmäßigen Abständen Schulungen für unsere Mitarbeiter sowie für unsere Kunden statt. Durch eigene EMV Laboratorien sind wir jederzeit in der Lage, nicht nur für die eigene Entwicklung, sondern auch für kundenspezifische Entwicklungen EMV Konforme Messungen durchzuführen. Dieses bietet unserem Kunden ein höchstes Maß an Qualität und Sicherheit. Seit 1997 sind wir nach DIN EN ISO 9000:2000 zertifiziert und lassen in regelmäßigen Abständen Zwischenaudits durchführen. Frequenzumrichter, Motoren, Motorstarter, Wärmerückgewinnung, Fördertechnik, Frequenzumformer, Motorswitch, Drehstrommotoren, Energieeinsparung, Kompaktantriebe, Motorbremsen, Gleichstromantriebe, Dezentrale Antriebstechnik, Intralogistikanlagen, Förderanlagen, Welterweiter Vertrieb, Wechselstrommotoren, Schneckengetriebe, Getriebe, Stirnradgetriebe, Flachgetriebe, Wärmetauscher, Spezial Frequenzumrichter, Weidmüller Field Power, Intelligente Antriebe, Feldbussysteme, Energie sparen, Energie, EVG, Energie sparen, Leuchtstofflampen. Leuchtstoffröhren, Lichtbänder, Energie sparen - Energieeinsparung - rationelle Energieverwendung - Strom sparen- stromsparende Beleuchtung - Beleuchtungssanierung - Sonderleuchtenbau - Lichttechnik - Adapter-EVG - Nachrüst-EVG - Retrofit-Adapter - Vorschaltgerät - Vorschaltgeräte - elektronischer / elektronische Starter - T5-Adapter- Reflektor - Reflektoren - Nachrüstreflektor - Nachrüstreflektoren - Energiesparreflektor - Energiespar-Reflektor - Energiesparreflektoren - Energiespar

Messen und Ausstellungen Februar 2009 Technologietag Fa. Hettich International Ausstellung und Vortrag über energieeffiziente Antriebe und Lösungen für mehr Energieeffizeinz im Produktionsprozess September 2009 Go Automation in Basel Messezentrum Basel / Halle 2, Stand E84 1. - 4. September 2009 In Zusammenarbeit mit REFERENZ Technik AG November 2009 Forum Maschinenbau 2009 Messezentrum Bad Salzuflen 4.- 6. November 2009 Halle 23.2, Stand A10 Messe SPS / IPC / Drives 24. - 26. November 2009 Messezentrum Nürnberg Halle 4, Stand 236

NEWSLETTER - Hier erfahren Sie noch mehr über uns Ausgabe Januar 2008: Dezentralisierung in der Fördertechnik mit MONO-SWITCH DUO-SWITCH und VECTOR Dezentrale vollelektronische Motorstarter für Ihre Fördertechnik und Intralogistikanlagen MSF-Vathauer baut sein Produktspektrum weiter aus. Mit dem neuen vollelektronischen Motorstarter MONO-SWITCH --PROFI DP-- sowie mit dem Frequenzumrichter VECTOR stehen Ihnen zwei Geräte mit Profibusanschluss und zahlreichen Funktionen für Fördertechnische Anwendungen in Hochregallager und Intralogistikanwendungen zur Verfügung. Funktionen MONO-SWITCH : Vollelektronischer Motorstarter als Direktstarter 3-Phasiges direktes Einschalten von einem Antrieb Schaltungen im Nulldurchgang verhindern Störspitzen Motorschutz über PTC-Kaltleiter oder Bi-Metall Leistungen bis 0,75KW Anschlussspannung: 400V +/- 10% Schutzklasse: IP54 (Option IP65) 4 Digitale Eingänge für Sensoren über M12 Stecker/ Buchse 1 Digitaler Eingang für Handbediensteuerung über M12 Stecker / Buchse Profibusanschluss über M12 Stecker / Buchse Integrierter abschließbarer Revisionsschalter (Hauptschalter) Integrierte und von außen zugängliche Netzsicherungen Von außen zugängliche Profibus DP Adressierung Klarsicht Diagnosefenster für Funktions- und Statusanzeigen Motor- und Netzanschluss über metrische Kabelverschraubungen (Optional über Steckverbinder) Bremsmotoransteuerung über Relais oder direktes Schalten der Motorbremse Funktionen Frequenzumrichter VECTOR Vector geregelter Frequenzumrichter für das 3-Phasiges ansteuern eines Drehstrommotors Motorschutz über PTC oder Bi-Metall Leistung bis 1,5KW / 400V +/- 10% Integrierte EMV Filter Schutzklasse IP54 Einstellung aller Geräteparameter über den Signalbus Funktionsfähig an Industrie PC mit Profibus-Einsteckkarte oder über SPS 4 Digitale Eingänge auf M12-Stecker für Sensoren 1 Digitaler Eingang auf M12-Stecker für Handbediengerät Jeweils 1x M12 Stecker für Profibusanschluss Abschließbarer Hauptschalter im Gerätedeckel Von außen zugängliche Profibus DP-Adressierung Motor- und Netzanschluss über Kabelverschraubungen Bremsmotoransteuerung über Relay oder direktes Schalten der Motorbremse Steckbare Motor- und Netzanschlüsse (Option) Weitere Funktionen für MONO-SWITCH --PROFI-- und VECTOR --PROFI-- Erkennung aller Sensoren bei lokelem Signalbusausfall über den Profibus-Ring Erkennung aller Sensoren bei lokaler Antriebsabschaltung Sofortiger Halt des Antriebs bei lokalem Ausfall des Profibusses Einstellbare Drehfeldfrequenz zum Lüften der Motorbremse (Hubgerüste) Meldung der Motortemperaturüberwachung über den Profibus Dadurch kein unkontrolliertes Anschalten des Förderers durch den Frequenzumrichter Handbedienung für den Einrichtfall Die Sternverdrahtung von Antrieben ist out -- Keine sternförmige Verdrahtung durch das Energiebussystem Weidmüller Field Power® mit aufsteckbaren Motorstartern MSF-Vathauer entwickelt vollelektronischen Motorstarter für das Weidmüller Field Power® Energiebussystem Der neue vollelektronische Motorstarter für das Weidmüller Field Power® Energiebussystem wird auf der Power-Box aufgesteckt und bringt somit die Motoransteuerungen in das Maschinenfeld. Dieses System ist eine echte Alternative zu zentral im Schaltschrank installierte Komponenten. Die schnelle, flexible und einfache Installierung bringt erhebliche Vorteile bei Neuinstallation, Erweitereungen sowie Nachrüstungen von Anlagen. Die aüf die Power-Box aufgesteckten Motorstarter können wahlweise mittels einer Rundleitung oder einer Flachleitung angeschlossen werden. Im Motorstarter integrierte Steckbare Anschlüsse M12 für die Signalübertragung mittels einer 24V SPS Ansteuerung oder einer Ansteuerung über ein AS-Interface bzw. über ein Profibus-System sowie für den Motoranschluss machen die Installation noch schneller und einfacher. Weiterhin können bis zu 2 Sensoren über M12 Stecker angeschlossen werden. Varianten des vollelektronischen Motorstarters: MONO-SWITCH: Ein- und Ausschalten von einem Motor DUO-SWITCH: Unabhängiges Ein- und Ausschalten von zwei Motoren MONO-SOFT-SWITCH: Sanftes Ein- und Ausschalten von einem Motor Funktionen der Motorstarter: Vollelektronischer Motorstarter als Direkt- oder Soft-Starter bis 3KW Motorleistung 3- Phasiges sanftes Ein- und Ausschalten von einem Antrieb Einstellbare Hoch- und Tieflauframpen sowie BOOST (Soft-Starter) Integrierte zugängliche und austauschbare Netzsicherungen 2 Digitale Eingänge auf M12-Stecker für Sensoren M12 Stecker für den AS-Interface oder Profibus DP Anschluss Steckbare Motoranschlüsse mit integriertem Motorschutzanschluss (HANQ) Bremsansteuerung und Handbediensteuerung (Optional) Signalbussysteme: 24V SPS Ansteuerung AS-Interface Profibus DP Andere Datenbussysteme auf Anfrage Der vollelektronische Motorstarter MONO-SWITCH und DUO-SWITCH Alle Motorstarter schalten die Motor vollelektronisch, d.h. ohne zusätzliche mechanischen Relais oder Schütze ein- und aus. Das verringert Störspitzen beim Schalten und erhöht die Lebensleistung der Geräte. Durch dieses Konzept werden erheblich mehr Schaltspiele der Förderanlage realisiert und die Gesamtanlage wird Wartungsärmer. Durch die hohen Schaltspiele wird die Förderstrecke effizienter genutzt. Die Baureihe MONO-SWITCH und DUO-SWITCH unterscheidet sich in den einzelnen Anschaltbaugruppen dahingehend, dass nur ein Motor (MONO-SWITCH) oder zwei Motoren (DUO-SWITCH) getrennt direkt ein- und ausgeschaltet werden. Dahingehend ermöglicht der SOFT-SWITCH ein weiches Ein- und Ausschalten des Antriebs durch einstellbare Hoch- und Tieflauframpen. MONO-SWITCH Vollelektronischer Motorstarter als Direktstarter 3-Phasiges direktes Einschalten von einem Antrieb Leistung bis 3KW Bis zu 2 Digitale Eingänge auf M12-Stecker für Sensoren und AS-Interface) Bremsansteuerung (Option) Einstellbare Hoch- und Tieflauframpen (MONO-SOFT-SWITCH) Einstellbarer BOOST (MONO-SOFT-SWITCH) DUO-SWITCH Vollelektronischer Motorstarter als Direktstarter 3 - Phasiges unabhängiges und direktes Ein- und Ausschalten von zwei Antrieben Leistung bis 2 x 0,75KW 2 Digitale Eingänge auf M12-Stecker für Sensoren und AS-Interface Bremsansteuerung für jeden Motor (Option) Einstellbare Hoch- und Tieflauframpen (DUO-SOFT-SWITCH für jeden Motor getrennt) Einstellbarer BOOST (DUO-SOFT-SWITCH für jeden Motor getrennt) Signalbussysteme für alle Gerätetypen CANopen

Pressemitteilungen MSF-Vathauer Antriebstechnik investiert in hohem Ma� auch in wirtschaftlich schlechten Zeiten in die eigene Fertigung Durch unsere hohe Investition in die vollautomatische SMD Best�ckung sind wir bestens f�r die Zukunft aufgestellt. Sie sichert dem Unternehmen die notwendige Flexibilit�t erfolgreich am Markt zu agieren. Mit dieser Investition sind zus�tzliche Arbeitspl�tze geschaffen. Durch die gewonnene Flexibilit�t und dazu gewonnene Fertigungstiefe, ist MSF-Vathauer Antriebstechnik in der Lage komplette Dienstleistung beginnend von der Werkzeugkonstruktion f�r Spritzgussteile, �ber Elektronikentwicklung, Fertigung bis hin zum Testen, anzubieten. Die Pressemitteilung lesen Sie hier.... Der Technologief�hrer f�r dezentrale Antriebssysteme MSF-Vathauer Antriebstechnik entwickelte neue dezentrale Antriebskonzepte f�r die staudrucklose F�rdertechnik. Hierdurch k�nnen bis zu 80% Energie im Produktionsprozess eingespart werden. Unter Ber�cksichtigung des Klimawandels und der immer weiter steigenden Energiepreise stellt diese neue Technologie einen Meilenstein in der Antriebstechnik dar. Einen Bericht dazu sehen Sie hier. MSF-Vathauer entwickelt Frequenzumrichter und vollelektronische Motorstarter f�r das Energiebussystem ""Field Power"" der Firma Weidm�ller GmbH & Co KG Durch jahrzehntelange Erfahrung in der Antriebstechnik sowie in der Sonderentwicklung von Frequenzumruchtern und vollelektronischen Motorstartern entwickelt MSF derzeit neue Anschaltbaugruppen f�r das neue Energiebussystem ""Field Power"". Dieses neue Konzept der Energieverteilung im Zusammenhang der einfachen und schnellen Montage von Frequenzumrichter und Motorstartern revolutionieren die F�rdertechnik. Hier geht es zum Artikel..... MSF-Vathauer Antriebstechnik GmbH & Co KG ist erster Entwicklungspartner der Fa. Weidm�ller GmbH & Co KG in Detmold Ziel dieser Partnerschaft ist die Entwicklung eines intelligenten Energieverteilungssystems auf Basis von FieldPower. Denn die Sternverdrahtung ist ""out"". Hier ein Interview Vorstellung auf der Hannovermesse 2007 Dezentrale Energieverteilung mit FielDPower und elektronische Anschaltungen von MSF-Technik Vathauer Antriebstechnik GmbH & Co KG FieldPower� ist ein neues Anschlusskonzept der dezentralen Energieverteilung im Maschinen- und Anlagenbau, bei Flugh�fen, der Automobilproduktion, also �berall dort, wo Energie �ber weite Strecken verteilt werden soll. Die Produktfamilie umfasst PowerBox Verteilerboxen in Schutzart IP 65, Wartungsschalter, Steckverbinder � optional mit Sicherungsfunktion �, Leitungen, vorkonfektionierte Kabels�tze, Werkzeuge und umfangreiches Zubeh�r. Die Energie wird �ber eine ungeschnittene Rund- und/oder Flachleitung verteilt. Der Abgriff erfolgt verbrauchernah an beliebiger Stelle �ber die PowerBox mit IDC-Kontakttechnologie (Insulation Displacement Connection). Verzweigungen und Abg�nge zu Motor-Startern und Frequenzumrichtern werden �steckbar� oder �fest� realisiert. Das verringert die zu verlegenden Leitungsl�ngen und reduziert Montagezeiten. FieldPower� senkt die gesamten Projektkosten und erh�ht die Flexibilit�t bei Anlagenerweiterungen oder sp�teren Umplanungen. Das FieldPower� Konzept ist multifunktional ausgelegt. Anwender k�nnen ihre individuellen Entwicklungen integrieren. Neben einer gro�en Anzahl industrieller Anwender wurde mit MSF � Vathauer Antriebstechnik GmbH & Co. KG ein Partner f�r Antriebsl�sungen gewonnen . Der Antriebstechnik-Spezialist entwickelt auf Basis von FieldPower� eine neue Produktfamilie in Schutzart IP 65. Hier der ganze Bericht. Intelligente integrierte Antriebskonzepte mit FieldPower MSF-Vathauer Antriebstechnik GmbH & Co KG entwickelt in Zusammenarbeit mit der Fa. Weidm�ller GmbH & Co KG neuartige dezentrale Energieverteilungen mit integrierten Antriebskonzepten. Auf der diesj�hrigen Hannovermesse 2007 pr�sentiert der technologief�hrer f�r dezentrale Antriebskozepte in der staudrucklosen F�rdertechnik MSF-Vathauer Antriebstechnik GmbH & Co KG sowie der Verbindunsspezialist Weidm�ller GmbH & Co KG neue Konzepte zur Energieverteilung f�r weitr�umig konzipierte Maschinen und Anlagen. Mit Hilfe von FieldPower werden wir in Zukunft flexible, intelligente und integrierte Antriebskonzepte anbieten k�nnen. MSF-Vathauer entwickelt auf Basis von FieldPower neuartige Motor-Starter und Frequenzumrichter f�r die F�rdertechnik und Anlagen, die eine rein elektrisch/ elektrische L�sung bieten. Somit fallen zeitaufwendige Installationszeiten weg, Installationskosten werden eingespart und die Anlagen und Maschinen k�nnen jederzeit individuell und flexible erweitert oder an weitere Produktionsprozesse angepasst werden. Hier der ganze Bericht

Referenzen Wir liefern unsere Produkte in folgende Industriebereiche Automotive-Industrie Automotive-Zulieferindustrie Gebäudetechnik Kosmetikindustrie Maschinenbau Nahrungsmittelindustrie Sondermaschinenbau Umwelttechnik Verpackungsindustrie

Servicebereich Der Rundum-Service Für unsere Produkte vom kleinsten Getriebemotor bis zum Servomotor und der Antriebselektronik bieten wir Ihnen für das gesamte Produktspektrum den maßgeschneiderten Service den Sie sich wünschen. Unser Team sorgt für maximale Verfügbarkeit und Flexibilität an Feiertagen oder Wochenenden an sieben Tagen in der Woche um Ihre Produktion zu gewährleisten. Denn WIR lassen SIE nicht alleine! Service Kundenbeteuung Speziell Sie als Anwender betreuen wir, wenn die Antriebstechnik installiert ist und Ihre Anlagen und Produktionen bereits laufen. Zu Ihrer Unterstützung in allen Fragen und Anforderungen für den Service der installierten Antriebstechnik und Regelelektronik stehe wir Ihnen zu jeder Zeit zur Verfügung. Ob Ersatzteile oder Modernisierung wir unterstützen Sie mit Ihrem persönlichen Ansprechpartner. Rufen Sie uns an. ++49 (0)5231 - 66193 + 63030. Nutzen Sie unseren CALL-BACK-Service Mit unserem CALL-BACK-Service bieten wir Ihnen die Möglichkeit schnell und einfach mit uns in Kontakt zu treten. Wir möchten damit Ihre Planungs-, und Projektierungszeiten verkürzen, in dem Sie uns eine kurze email mit Ihrem Anliegen senden. Wir werden Sie dann schnellstmöglich auf der angegebenen Telefonnummer zurück rufen. Testen Sie uns! -----> zum CALL-BACK-Service

Stellenangebote Zur Zeit haben wir Handelsvertretungen in den Postleitzahlgebieten: PLZ 0 PLZ 1 PLZ 5 PLZ 6 PLZ 9 zu vergeben. Wenn wir Ihr Interesse geweckt haben, nehmen Sie bitte Kontakt mit uns auf. Wir freuen uns Sie pers�nlich kennen zu lernen. Stellenausschreibung f�r Vertriebsinnendienst und - Au�endienst Wir als Technologief�hrer f�r dezentrale Antriebssysteme und der elektronischen und machanischen Antriebstechnik suchen Sie als neues Mitglied in unserem Vertriebsteam. Voraussetzungen: Erfahrung in der Antriebstechnik sowie in der Kundenberatung von Antriebskomponenten. Wirtschaftliche und technische Ausbildung sind von Vorteil. Reisebereitschaft sowie eingenst�ndiges Arbeiten und Durchsetzungsverm�gen werden erwartet. Sie erwartet ein interessantes und vielf�ltiges Aufgabengebiet sowie ein motiviertes Team und Netzwerk in dem Sie sich bewegen k�nnen. Wenn wir Ihr Interesse geweckt haben, nehmen Sie bitte Kontakt mit uns auf. Wir freuen uns Sie pers�nlich kennen zu lernen. Stellenausschreibung f�r einen Fertigungsleiter (m/w) Wir als Technologief�hrer f�r dezentrale Antriebssysteme und der elektronischen und machanischen Antriebstechnik suchen Sie als neues Mitglied in unserem Team. Wir setzen voraus: Techniker- oder Meisterausbildung im Elektronikbereich. Sie sollten langj�hrige Erfahrungen in der Koodinierung einer Elektronikfertigung mitbringen, sowie in der F�hrung von Personal. Sie sollten kommunikativ sein als auch �berzeugend auftreten k�nnen. Als Fertigungsleiter (m/w) sollten Sie selbstst�ndig und zielorientiert Arbeiten sowie bestehende Fertigungsabl�ufe analysieren und bei Bedarf optimieren. Weiterhin sollten Sie langj�hrige Erfahrung in der Materialdisposition sowie in der Lenkung und Weiterentwicklung von Fertigungsprozessen haben. Daf�r bieten wir Ihnen: ein dynamisch wachsendes, mittelst�ndisches und familiengef�hrtes Unternehmen das sich durch innovative Produkte am Markt zum Technologief�hrer entwickelt hat. Wir bieten Ihnen einen zukunftssicheren Arbeitsplatz mit fachlichen und pers�nlichen Entwicklungsm�glichkeiten, sowie einen hochmotivierten Mitarbeiterstamm. Wenn wir Ihr Interesse geweckt haben, senden Sie und bitte Ihre Bewerbungsunterlagen an folgende Adresse zu. MSF-Vathauer Antriebstechnik GmbH & Co KG Personalabteilung Am Hessentuch 6-8 32758 Detmold Stellenausschreibung f�r einen Industrieelektroniker/In Wir als Technologief�hrer f�r dezentrale Antriebssysteme und der elektronischen und machanischen Antriebstechnik suchen Sie als neues Mitglied in unserem Team. Wir setzen voraus: Ausbildung zum Industrieelektroniker/IN Ger�tetechnik, Radio- und Fersehtechniker/IN, oder Kommunikationselektroniker/IN. Weiterf�hrende Ausbildungen zum Meister oder �hnlichem sind w�nschenswert. Sie sollten langj�hrige Erfahrungen in der Inbetriebnahme, Reparatur und Montage von elektronischen Komponenten der Antriebstechnik mitbringen, bzw. �ber Erfahrungen in der Radio- und Fersehtechnik oder in der Kommunikationselektronik haben. Als Facharbeiter sollten Sie selbstst�ndig und zielorientiert Arbeiten. Daf�r bieten wir Ihnen: ein dynamisch wachsendes, mittelst�ndisches und familiengef�hrtes Unternehmen das sich durch innovative Produkte am Markt zum Technologief�hrer entwickelt hat. Wir bieten Ihnen einen zukunftssicheren Arbeitsplatz mit fachlichen und pers�nlichen Entwicklungsm�glichkeiten, sowie einen hochmotivierten Mitarbeiterstamm. Wenn wir Ihr Interesse geweckt haben, senden Sie und bitte Ihre Bewerbungsunterlagen an folgende Adresse zu. MSF-Vathauer Antriebstechnik GmbH & Co KG Personalabteilung Am Hessentuch 6-8 32758 Detmold

Herzlich willkommen bei MSF-Vathauer Antriebstechnik Wir sind seit mehr als 30 Jahren Hersteller von mechanischer, elektrischer und elektronischer Antriebstechnik. Als Ihr kompetenter Partner im Bereich der Antriebstechnik bieten wir Ihnen von Getriebemotoren, über elektronische Motorstarter in Verbindung mit Frequenzumrichtern und Sondermotoren Lösungen aus einer Hand. Unsere Stärke sind Frequenzumrichter mit innovativen Dezentralisierungssystemen für die Energie und Feldbusverteilung sowie für Sie maßgeschneiderte Sonder- Frequenzumrichter. Auf ca. 6.000 m 2 mitten in Europa sind wir zu Hause und betreiben Forschung, Entwicklung und Produktion für die Mess-, Steuerungs und Antriebstechnik. Hierbei legen wir großen Wert auf die enge Zusammenarbeit mit unseren Kunden und Lieferanten und halten kurze Kommunikationswege ein. Nicht nur in Detmold wird produziert, sondern seit 1995 auch in unserem zweiten Werk in Oborniki 30 km westlich von Posen. Hochqualifizierte und motivierte Teams in Entwicklung und Produktion sowie unsere langjährige Erfahrung in der Entwicklung und Fertigung von Antriebssystemen in allen Industriezweigen sind die Garantie für Ihren Erfolg. In eigenen Schulungsräumen finden in regelmäßigen Abständen Schulungen für unsere Mitarbeiter sowie für unsere Kunden statt. Durch eigene EMV Laboratorien sind wir jederzeit in der Lage, nicht nur für die eigene Entwicklung, sondern auch für kundenspezifische Entwicklungen EMV Konforme Messungen durchzuführen. Dieses bietet unserem Kunden ein höchstes Maß an Qualität und Sicherheit. Seit 1997 sind wir nach DIN EN ISO 9000:2000 zertifiziert und lassen in regelmäßigen Abständen Zwischenaudits durchführen. Frequenzumrichter, Motoren, Motorstarter, Wärmerückgewinnung, Fördertechnik, Frequenzumformer, Motorswitch, Drehstrommotoren, Energieeinsparung, Kompaktantriebe, Motorbremsen, Gleichstromantriebe, Dezentrale Antriebstechnik, Intralogistikanlagen, Förderanlagen, Welterweiter Vertrieb, Wechselstrommotoren, Schneckengetriebe, Getriebe, Stirnradgetriebe, Flachgetriebe, Wärmetauscher, Spezial Frequenzumrichter, Weidmüller Field Power, Intelligente Antriebe, Feldbussysteme, Energie sparen, Energie, EVG, Energie sparen, Leuchtstofflampen. Leuchtstoffröhren, Lichtbänder, Energie sparen - Energieeinsparung - rationelle Energieverwendung - Strom sparen- stromsparende Beleuchtung - Beleuchtungssanierung - Sonderleuchtenbau - Lichttechnik - Adapter-EVG - Nachrüst-EVG - Retrofit-Adapter - Vorschaltgerät - Vorschaltgeräte - elektronischer / elektronische Starter - T5-Adapter- Reflektor - Reflektoren - Nachrüstreflektor - Nachrüstreflektoren - Energiesparreflektor - Energiespar-Reflektor - Energiesparreflektoren - Energiespar

Aufsteck- und Erweiterungsmodule f■r den Frequenzumrichter VECTRO 20 Bedienelemente f■r unsere Frequenzumrichter VECTOR sowie MONO und DUO Switch. Netzleitungen f■r unsere Frequenzumrichter VECTOR 54 und FUTURE DRIVE KR IP 54 Bedieninterface f■r VECTOR 20 mit Klartextdisplay und einfacher Programmierung. I/O- Modul f■r VECTOR 20 Positioniermodul f■r VECTOR 20 Kommunikationsmodule f■r VECTOR 20 Externe Bedienelemente und Integrierbare Bedienelemente f■r VECTOR 54 Kabelsðtze f■r VECTOR 54

Herzlich willkommen bei MSF-Vathauer Antriebstechnik Wir sind seit mehr als 30 Jahren Hersteller von mechanischer, elektrischer und elektronischer Antriebstechnik. Als Ihr kompetenter Partner im Bereich der Antriebstechnik bieten wir Ihnen von Getriebemotoren, über elektronische Motorstarter in Verbindung mit Frequenzumrichtern und Sondermotoren Lösungen aus einer Hand. Unsere Stärke sind Frequenzumrichter mit innovativen Dezentralisierungssystemen für die Energie und Feldbusverteilung sowie für Sie maßgeschneiderte Sonder- Frequenzumrichter. Auf ca. 6.000 m 2 mitten in Europa sind wir zu Hause und betreiben Forschung, Entwicklung und Produktion für die Mess-, Steuerungs und Antriebstechnik. Hierbei legen wir großen Wert auf die enge Zusammenarbeit mit unseren Kunden und Lieferanten und halten kurze Kommunikationswege ein. Nicht nur in Detmold wird produziert, sondern seit 1995 auch in unserem zweiten Werk in Oborniki 30 km westlich von Posen. Hochqualifizierte und motivierte Teams in Entwicklung und Produktion sowie unsere langjährige Erfahrung in der Entwicklung und Fertigung von Antriebssystemen in allen Industriezweigen sind die Garantie für Ihren Erfolg. In eigenen Schulungsräumen finden in regelmäßigen Abständen Schulungen für unsere Mitarbeiter sowie für unsere Kunden statt. Durch eigene EMV Laboratorien sind wir jederzeit in der Lage, nicht nur für die eigene Entwicklung, sondern auch für kundenspezifische Entwicklungen EMV Konforme Messungen durchzuführen. Dieses bietet unserem Kunden ein höchstes Maß an Qualität und Sicherheit. Seit 1997 sind wir nach DIN EN ISO 9000:2000 zertifiziert und lassen in regelmäßigen Abständen Zwischenaudits durchführen. Frequenzumrichter, Motoren, Motorstarter, Wärmerückgewinnung, Fördertechnik, Frequenzumformer, Motorswitch, Drehstrommotoren, Energieeinsparung, Kompaktantriebe, Motorbremsen, Gleichstromantriebe, Dezentrale Antriebstechnik, Intralogistikanlagen, Förderanlagen, Welterweiter Vertrieb, Wechselstrommotoren, Schneckengetriebe, Getriebe, Stirnradgetriebe, Flachgetriebe, Wärmetauscher, Spezial Frequenzumrichter, Weidmüller Field Power, Intelligente Antriebe, Feldbussysteme, Energie sparen, Energie, EVG, Energie sparen, Leuchtstofflampen. Leuchtstoffröhren, Lichtbänder, Energie sparen - Energieeinsparung - rationelle Energieverwendung - Strom sparen- stromsparende Beleuchtung - Beleuchtungssanierung - Sonderleuchtenbau - Lichttechnik - Adapter-EVG - Nachrüst-EVG - Retrofit-Adapter - Vorschaltgerät - Vorschaltgeräte - elektronischer / elektronische Starter - T5-Adapter- Reflektor - Reflektoren - Nachrüstreflektor - Nachrüstreflektoren - Energiesparreflektor - Energiespar-Reflektor - Energiesparreflektoren - Energiespar

Welcome at MSF-Vathauer Antriebstechnik Since 30 years we are a manufacturer for mechanical, electrical and electronical drive technology. We provide as an competent partner geared motors, electronical motor starter and frequency converter in combination with innovative decentralisation systems for field- and energy bus systems. Further we provide customised frequency converter and geared motors du to our long experience in drive technology and thus fullfilment. Our modern factory- and office facilities are situated on 6000m 2 . Du to research and development in own modern laboratory we are able to provide our customer a wide range of a product portfolio. We attach importance to a close cooperation with our customer as soon as our supplier and comply a short communication channel. Since 1995 we are manufacturing not only at our plant in Detmold, but also at our factory in Oborniki (Poland). Highly trained employees and motivated teams in our development department and our proiduction lines as well as our long experience in customized drive units in several industries is a guarantee for our success. All employees, customer and sales representatives shall be trained at our own training facilities in regular intervals. Through our own EMC-Laboratory we are able at any time to provide for all developed products, the whole product range and customised devices EMC conform readings. That provides a high quality standard and a guarantee for our clients. Since 1997 we are certificated under DIN EN ISO 9000:2000 and force it yearly.",6102,6102,24,"[""http://www.msf-technik.de/"", ""http://www.msf-technik.de/50-Energie-sparen-mit-T5-Leuc.99.0.html"", ""http://www.msf-technik.de/Aktuelles.22.0.html"", ""http://www.msf-technik.de/Auslandskontakt.2.0.html"", ""http://www.msf-technik.de/Call-Back-Service.92.0.html"", ""http://www.msf-technik.de/Dezentrale-Antriebstechnik.79.0.html"", ""http://www.msf-technik.de/Download.6.0.html"", ""http://www.msf-technik.de/E-Mail.3.0.html"", ""http://www.msf-technik.de/IEC-Normgetriebe.36.0.html"", ""http://www.msf-technik.de/IEC-Normmotoren-Energiesparm.46.0.html"", ""http://www.msf-technik.de/Impressum.25.0.html"", ""http://www.msf-technik.de/Kompaktantriebe.91.0.html"", ""http://www.msf-technik.de/Kontakt.4.0.html"", ""http://www.msf-technik.de/MSF-Technik.1.0.html"", ""http://www.msf-technik.de/Messen-Ausstellungen.55.0.html"", ""http://www.msf-technik.de/Newsletter-aktuell.71.0.html"", ""http://www.msf-technik.de/Pressemitteilungen.57.0.html"", ""http://www.msf-technik.de/Referenzen.56.0.html"", ""http://www.msf-technik.de/Service.7.0.html"", ""http://www.msf-technik.de/Stellenangebote.48.0.html"", ""http://www.msf-technik.de/UEber-uns.antriebstechnikdezentrale.0.html"", ""http://www.msf-technik.de/Zubehoer.60.0.html"", ""http://www.msf-technik.de/index.php?id=9&L=0"", ""http://www.msf-technik.de/index.php?id=9&L=1""]","[""homepage"", ""news_press"", ""news_press"", ""news_press"", ""news_press"", ""news_press"", ""news_press"", ""news_press"", ""news_press"", ""news_press"", ""news_press"", ""news_press"", ""news_press"", ""news_press"", ""news_press"", ""news_press"", ""news_press"", ""news_press"", ""news_press"", ""news_press"", ""news_press"", ""news_press"", ""news_press"", ""news_press""]",True,high
