run_id,firm_id,company,relative_timepoint,observation_recommendation,branding_text,branding_word_count,branding_token_count,source_page_count,source_page_urls_json,source_page_categories_json,n_duplicate_pages_within_observation,duplicate_tokens_removed,duplicate_words_removed,n_unique_branding_pages,deduplication_applied,n_pages_de,n_pages_en,n_pages_other,n_pages_unknown,tokens_de,tokens_en,tokens_other,tokens_unknown,primary_language_by_tokens,german_text_analysis_eligible,german_text_analysis_exclusion_reason,corpus_language_scope,text_analysis_eligible,text_analysis_quality_band,text_analysis_exclusion_reason
c956bd4e-2b8a-4c48-8780-c187587f46b3,1,BLUE MOON COMMUNICATION CONSULTANTS GMBH,pre_pre_event,include,"Werde Teil des Blue Moon-Teams Sende uns Deine aussagekräftige Bewerbung an bewerbung[at]bluemoon.de oder bewirb dich unkompliziert und einfach direkt über unser Blue Moon Bewerbungsformular! Wir suchen Dich – ab sofort: VOLONTÄR*IN PR UND MARKETING W/M/D Kein passender Job für Dich dabei? Kein Problem – sende uns gerne Deine überzeugende Initiativbewerbung und zeige uns, dass wir Dich brauchen. Werbeagentur BLUE MOON Friedrichstraße 8 D-41460 Neuss | Telefon: +49 2131 66156-0 E-Mail: bewerbung@bluemoon.de Fax: +49 2131 66156-66 | Wer sind wir? Erfahre hier mehr über uns! BLUE MOON ZEICHNET SICH DURCH FOLGENDE WERTE AUS: WEITERBILDUNG Bei BLUE MOON finden regelmäßig Seminare, Webinare, Schulungen und Lunch-Sessions statt. Aber auch die individuelle Fortbildung wird großgeschrieben. Durch vielfältige Weiterbildungsmöglichkeiten, sowohl intern als auch extern, bleibst Du immer auf dem neusten Stand und hast die Möglichkeit, Dich fachlich und persönlich weiterzuentwickeln. TEAMARBEIT Wir verstehen uns als Team. Unsere regelmäßigen After-Work-Events sorgen auch nach der Arbeit für beste Unterhaltung – ob bei der Escape-Room-Challenge, dem Essen auf dem Fernsehturm oder bei entspannten After-Work-Drinks. Umso lieber geht man dann auch am nächsten Tag ins Office. Beim wöchentlichen After-Work-Sport motiviert uns unser Fitness-Coach Christoph fit und gesund zu bleiben. UNTERNEHMENSKULTUR Unsere offene Unternehmenskultur mit flachen Hierarchien sorgt für eine reibungslose Kommunikation und einen kontinuierlichen Austausch der Abteilungen. Du übernimmst wie jeder andere der 20 Kolleginnen und Kollegen anspruchsvolle und abwechslungsreiche Projekte. Außerdem kannst Du Deine Ideen bei uns in die Tat umsetzten. SNACKS & DRINKS Bei uns verhungert und verdurstet niemand! Wasser und Softdrinks, Tee und Kaffee sowie die wöchentlichen Obstkiste sorgen für das leibliche Wohl. Ein Sozialraum mit Küche und Mitarbeiterkühlschrank sowie gemütlicher Sitzecke sorgt für Raum zur Entspannung. Bei den regelmäßigen Lunch-Sessions spendiert die Agentur ein leckeres Mittagessen. WORK-LIFE-BALANCE 9 bis 18 Uhr und jeden Tag im Büro sitzen war gestern – wir bieten Dir flexible Arbeitszeiten und die Möglichkeit, bei Bedarf aus dem Home-Office zu arbeiten. Du hast zwar weiterhin Deinen festen Arbeitsplatz im Büro, kannst aber auch von zu Hause aus arbeiten. Wir achten auf eine ausgewogene Work-Life-Balance und machen die optimale Verbindung von Familie und Arbeit individuell möglich. FUNDIERTE AUSBILDUNG Besonders stolz sind wir auf unsere fundierte Ausbildung zum Marketing- und PR- und Social-Media-Beratern. Hochschulabsolventen werden innerhalb von 18 Monaten zu echten Marketing-Experten ausgebildet. Dabei arbeiten sie an eigenen Projekten, durchlaufen alle Abteilungen unseres Unternehmens und erhalten so den 360-Grad-Blick auf das Marketing.

Booste deine Karriere Werde Moonie und erobere die Zukunft Booste deine Karriere: Dein Start in der Agentur für Branding, Online Marketing, PR und Social Media Du bist neugierig. Hungrig. Du begeisterst dich für Kommunikation, für digitale Kanäle und Teamwork. Du steckst voller Ideen und willst dir die neuesten Tools aneignen, um sie Realität werden zu lassen. Dann haben wir eine gute Nachricht für dich: Das Raumschiff für deinen Karriere-Quantensprung steht schon bereit. Die Tanks sind voll, der Kurs ist gecheckt, die Crew ist bereit. Starte mit uns durch – in die endlose Vielfalt der Marketing-Galaxis. Stellenangebote: gehe mit BLUE MOON auf Mission Grafikdesigner (m/w/d) mit Schwerpunkt Video- & Post-Produktion Wir suchen eine/einen Grafikdesigner (m/w/d) mit Schwerpunkt Video- & Post-ProduktionDeine Mission Booste deine Karriere! Als Grafikdesigner (m/w/d) mit Schwerpunkt Video-Produktion & Post-Produktion bei BLUE MOON entwickelst du kreative Content Storytelling... Social Media Junior Consultant (m/w/d) Wir suchen eine/einen Social Media Junior Consultant (M/W/D)Deine Mission Booste deine Karriere: Als Social Media Junior Consultant (m/w/d) bei BLUE MOON verwirklichst du Social Media Kampagnen von B2C- und B2B-Brands in Themenfeldern wie Energiewende, Nachhaltigkeit,... PR Consultant (M/W/D) Wir suchen eine/einen PR CONSULTANT (M/W/D)Deine Mission Booste deine Karriere als PR Consultant (m/w/d) in einer national wie international etablierten Full Service Agentur für PR und Marketing! Zur Verstärkung des Teams suchen wir eine kreative, engagierte und... Inside BLUE MOON: Entdecke unsere Teams Von Trainee bis Senior, von Art Director bis IT Consultant: In unseren Teams kannst du Maßstäbe in allen Marketing-Disziplinen setzen. PR & Marketing Strategische Kommunikation aus einem Guss – national, international, intergalaktisch: Unsere PR- und Marketing-Teams führen Kunden in neue Marketing-Welten. Social Media Wo die Marke zur Influencerin wird: Mit verrückten Ideen, knallharten Zahlen und eigenem Filmstudio sorgen unsere Social Media Profis für interstellare Reichweiten. Grafik Design Wahre Kunst in allen Dimensionen: Ob 3D, 2D, bewegte Bilder oder zeitlose Corporate Designs – unserem Designer-Team geht der Kreativ-Treibstoff nie aus. IT & Webdesign Mit Quantensprüngen durch die Marketing-Galaxis navigieren: Dafür sorgt unser Digital-Team – mit modernsten Lösungen, die technische Raffinesse und perfekten Look verbinden. Weiterbildung: Willkommen in der Moon Fleet Academy Wir sind keine Phrasen-Fans, aber es stimmt halt: „Man lernt nie aus“ – schon gar nicht in unserer Branche, in der ständig neue Trends und Technologien die Entwicklungen bestimmen. Deshalb bilden wir dich bei BLUE MOON konsequent weiter. Von Trainee bis Senior – mit externen Seminaren, Inhouse-Veranstaltungen und vielen weiteren Maßnahmen bleibst du am Puls der Zeit. Entdecke die Moon Fleet Academy – gerne auch als duale*r Student*in! Unsere Mission. Deine Chance. An Herausforderungen mangelt es nicht auf dieser Welt. Zum Glück gibt es unzählige mittelständige Unternehmen die raffinierte Lösungen und brillante Innovationen dafür entwickeln. Hilf uns dabei, diese Unternehmen und ihre Produkte bekannter zu machen – in unserem Team, das auf starken Werten fußt: Hier kennt jede*r jede*n – und alle helfen sich gegenseitig aus: Unser crossmediales Team arbeitet, entwickelt sich und feiert auch gemeinsam. Als unabhängige, inhabergeführte Agentur profitieren wir seit über 20 Jahren von einer nachhaltigen Wachstums- und Erfolgsstrategie. Immer dazulernen und die Chance in jeder Innovation erkennen: So eignen wir uns pausenlos die neuesten Methoden an. Benefits - was wir bieten! Permanente Weiterbildung Raum für Eigeninitiative Kleine, kollegiale Teams Modernstes Arbeitsumfeld Feel Good Management Team Events Flexibles Arbeiten 30 Tage Urlaub Home Office Agenturhunde willkommen der recruiting prozess Deine Bewerbung – komm in unseren Orbit Du willst Weltraumluft schnuppern? Dann schick uns deine Bewerbung. Du kannst dich entweder auf eine ausgeschriebene Stelle oder initiativ bewerben. Nach einem erfolgreichen Check deiner Unterlagen geht es auch schon los in den nächsten Schritt. Erstes Kennenlernen – first contact Die ersten Astronauten triffst du bei einem 30-minütigen (Video) Call. Hier lernen wir dich kennen und du uns. Alles, was du wissen möchtest und dir wichtig ist, kannst du jetzt deinen künftigen Mission Commander (oder auch Teamleiter) und die HR fragen. Probearbeitstag – dein erster moonwalk Nach einem positiven Eindruck im Online Call laden wir dich auf deine erste Mission ein. Dabei machst du dich mit deinen zukünftigen Kollegen und unserer Raumstation hier in Neuss bekannt. Du lernst unsere Branchen, in den wir unterwegs sind, kennen und spannende Aufgaben aus unserem Arbeitsalltag warten auf dich. Am Ende des Tages gibt es eine Feedback-Runde, bei der du uns deine ersten Eindrücke vom Blauen Mond schilderst. Follow Up Im Anschluss an den Probetag lassen wir gemeinsam mit dir, in einem Ground Control Call, den Tag nochmal Revue passieren. Hier können auch letzte Fragen geklärt werden und wir besprechen alles Weitere. Happy Landing auf dem blauen Mond – Mission completed! Willkommen im Team, die Astronauten freuen sich schon auf dich! Beim Onboarding lernst du alles rund um die Agentur und unsere Prozesse kennen und startest nach und nach in deine ersten Projekte.

Unter dem Begriff Leitbild versteht man die komprimierte Formulierung der Unternehmenspolitik und der Corporate Identity. Das Leitbild umschreibt in einfacher, leicht verständlicher Form Unternehmenszweck, -ziele und Verhaltensgrundsätze der Unternehmensführung gegenüber dem internen und externen Umfeld. Es beinhaltet die Unternehmensphilosophie und bildet somit die Grundlage der Management-Denkhaltung und die Werthaltung der Führungskräfte. Zugleich ist es Spiegelbild der Unternehmenskultur und Verhaltenskodex der Unternehmensangehörigen. Leitbilder dienen der Ausrichtung und Motivation aller Mitarbeiter. Entscheidend ist, dass sie nicht nur dokumentiert, sondern von Führungskräften kommuniziert und vorgelebt werden. Leitbilder dienen dem Erreichen der Unternehmensziele und müssen im Unternehmensalltag Tag für Tag mit Leben gefüllt werden. A-C D-F G-I J-L M-O P-R get in touch

BLUE MOON – die Full Service Werbeagentur für den Mittelstand Als Full Service Werbeagentur aus Neuss bei Düsseldorf bringt BLUE MOON mittelständische Unternehmen auf Erfolgskurs – digital, analog und auch international. Die Spezialisten unseres crossfunktionalen Teams bieten crossmediales Marketing für eine zielgerichtete und erfolgreiche 360° Kommunikation. Ob PR und internationale PR, Werbung, Grafik Design, Events, Internet & Apps oder Social Media – mit unseren Full-Service-Leistungen aus einer Hand erzielen wir messbare Ergebnisse – und das zu einem fairen Preis. Ob innovativer Mittelständler oder internationaler Konzern – auf BLUE MOON können Sie sich immer verlassen und gewinnen mehr Zeit für Ihr Tagesgeschäft. BLUE MOON: effizient, inspirierend, servicestark für Ihren Erfolg. Werbung // Werbung // Oerlikon Messekonzept Werbung // Solidpower: Event zum Produktlaunch GRAFIK DESIGN // UNFOREIGN SIGNALS: BLUE MOON AKTUELL. Neue Digital-Förderung für den Mittelstand Für eine erfolgversprechende Zukunfts- und Wettbewerbsfähigkeit eines Unternehmens spielt die Digitalisierung eine beträchtliche Rolle. Wer in Zukunft Prozesse digitalisieren, digitale Software einsetzen oder seine Mitarbeiter im Hinblick auf den digitalen Wandel... Hochwertiger Print Newsletter für Energiedienstleister Immer wieder verfolgt uns in den letzten Jahren die Vorhersage des endgültgen Ablebens von Printpublikationen. Print sei tot, heißt es. Doch ist das wirklich so? Wir glauben nicht. Den Beweis – und ein herausragendes Leseereignis – liefert der halbjährlich... BLUE MOON – Ihre Experten für Werbung Full Service – alles aus einer Hand Um eine Zielgruppe optimal zu erreichen, muss Werbung ganz genau auf diese zugeschnitten sein. Das erfordert Empathie und ein besonderes Fingerspitzengefühl für Produkte, Dienstleistungen und die Bedürfnisse potenzieller Käufer. Werbung ist für unsere BLUE MOON-Experten kein Buch mit sieben Siegeln. Als Werbeagentur aus Neuss in der Nähe von Düsseldorf verfügen wir über langjährige Erfahrungen, die bestmögliche Werbestrategie zu kreieren. Wir produzieren und positionieren für Sie Anzeigen online und offline, stellen Plakatwerbung und produzieren Clips für Radio und TV. Durch ein gut ausgebautes Partnernetzwerk ist es uns möglich, ganz individuell auf die Wünsche und Bedürfnisse unserer Kunden einzugehen und auch ausgefallene Ideen in die Tat umzusetzen. Werbung // Marketing // BLUE MOON – Marketingexperten national und international Vertriebsorientiertes Marketing für mehr Umsatz Von der strategischen Neupositionierung über den systematischen Markenaufbau bis zur operativen Umsetzung einzelner Marketing-Maßnahmen begleiten wir Ihren Marktauftritt und die Marktbearbeitung. Dazu greifen wir auf einen großen Pool ausgewiesener Experten zurück – wenn Sie es wünschen, in allen wichtigen Märkten der Welt. Denn unser Partner-Netzwerk öffnet Ihnen die Tore zu den internationalen Geschäftsplätzen. Online Marketing // BLUE MOON – Konzepte für seriöses Online-Marketing Content ist King – zu viel Content nervt Auch im Bereich Online-Marketing beraten wir unsere Kunden ganzheitlich: Ob Internet, Social Media, Suchmaschinenoptimierung (SEO), google Adwords (SEA), Videos und mehr – als Experten für Online-Marketing sind wir Ihr Partner in diesem Segment. So berücksichtigen wir bei der Webseitengestaltung und Programmierung von Anfang an die Funktionalität der Suchmaschinenoptimierung und des Online-Marketings. Denn mit einer reinen Präsenz ist es nicht getan – Ihr Unternehmen und Ihre Dienstleistungen müssen auch über den richtigen Content gefunden werden. So sorgen wir mit unseren Online-Marketing Maßnahmen für mehr Traffic auf Ihren Seiten, um mehr Umsatz zu erzielen. BLUE MOON – Ihre PR-Agentur für mehr Bekanntheit Public Relations – wir senden Ihre Botschaft in allen Kanälen Wortbalance und Kontinuität zeichnen seriöse PR-Arbeit aus. Nur ein Unternehmen, das fortlaufend von sich reden macht, zeigt, dass es ungeachtet von Konjunkturbarometern zu den Großen seiner Branche gehört. Bei BLUE MOON ist PR in besten Händen. Wir betrachten PR als das, was es wortwörtlich bedeutet: Beziehungen zur Öffentlichkeit. Dabei zählt für uns jeder einzelne und jede spezifische Zielgruppe. Unsere Berater, Texter, Grafiker und Programmierer bauen Kommunikationsbrücken zu denen, die erreicht werden sollen. Damit PR keine Einbahnstraße ist, sondern in erster Linie Beziehungspflege. PR // BLUE MOON – Ihre Experten für Internationale PR Internationale PR für den Mittelstand Internationale PR mit BLUE MOON: Erfolgreich mit Ihrer PR durchstarten – dabei stehen wir professionell an Ihrer Seite. Die Anforderungen an internationale PR sind facettenreich. Unternehmen müssen zu jeder Zeit in der Lage sein, in einer angemessenen Weise zu agieren und zu reagieren. Effizienz und Effektivität der internationalen PR stehen dabei im Fokus. Bei BLUE MOON haben wir die passende Antwort auf diese Anforderungen: Unsere internationale Herangehensweise an die PR weltweit ist interdisziplinär und mit bewährten Qualitätsstandards. BLUE MOON – Ihre Profis für Grafik Design Design ist eine subtile Sprache aus Formen, Farben und Strukturen Ob Printmaterialien, multimediale Produkte oder Messeauftritte – bei Grafik Design legen wir größten Wert auf medienübergreifende Einheitlichkeit als Voraussetzung erfolgreicher Markenführung. Die konkrete Umsetzung einzelner Maßnahmen geschieht dann im Spannungsfeld zwischen den verbindlichen Vorgaben des Corporate Designs auf der einen und dem kreativem Spiel mit der jeweiligen Aufgabenstellung auf der anderen Seite. In diesem Sinne erarbeiten wir mit dem Blick für das große, harmonische Ganze vollständige Corporate Designs mit Logoentwicklung, Festlegung von Gestaltungsrichtlinien, Geschäftspapieren, Beschilderungen, Broschüren, Websites – eben allem, was dazugehört. Grafik Design // Werbeagentur BLUE MOON Friedrichstraße 8 D-41460 Neuss Telefon: +49 2131 66156-0 Fax: +49 2131 66156-66 Hier gelangen Sie zu unseren Datenschutzbestimmungen BLUE MOON – die Full Service Werbeagentur aus Neuss bei Düsseldorf Wer zielgruppengerechte Werbung möchte und dabei eine Werbeagentur in der Nähe von Düsseldorf sucht, landet automatisch bei BLUE MOON. Als Full Service Werbeagentur, bieten wir Ihnen stets intelligente Lösungen für jegliche Herausforderungen in der Werbung und Kommunikation. Dabei vereinen wir das Know-how unserer verschiedenen kreativen Köpfe und bieten Ihnen zahlreiche Leistungen von klassischer Werbung über Online-Marketing bis hin zu Corporate Design. Spezialisten aus unterschiedlichen Bereichen, wie Grafik Design, IT und nationaler und internationaler PR arbeiten hier gemeinsam an kreativen Kampagnen, vertriebsorientierten Marketingmaßnahmen, Imagebroschüren, Websites und PR. Das Team der Neusser Werbeagentur BLUE MOON ist stets über die neuesten Kommunikationstrends informiert und geht gemeinsam mit seinen Kunden individuelle und innovative Wege. Dabei ist es uns als Full Service Werbeagentur besonders wichtig, unseren Kunden beratend zur Seite zu stehen, damit sie im Kommunikations-Universum mit seinen zahlreichen Planeten wie Corporate Wording, Content Marketing, SEO oder SEA nicht den Überblick verlieren. Wir helfen Ihnen dabei, eine starke Marke aufzubauen und Ihre Botschaft auf allen Kanälen zu kommunizieren. BLUE MOON legt Wert auf eine vertrauensvolle und dauerhafte Zusammenarbeit mit seinen Kunden. Tag für Tag sind wir mit Leidenschaft für unsere Kunden nicht nur von unserer Homebase in Neuss bei Düsseldorf, sondern in ganz Deutschland und im Sinne der internationalen PR auch weltweit im Einsatz. Als Full Service Werbeagentur bieten wir unseren Kunden eine individuelle Betreuung durch ein konstantes Team, kreative Lösungen für aufsehenerregende Werbung und ein ansprechendes Grafik Design − alles aus einer Hand: von internationaler PR über Vertriebsmarketing bis zu Online PR. Wir sind Ihr Partner für einen eindrucksvollen Messeauftritt, aber helfen Ihnen auch dabei, über die eigene Website und auf den Social-Media Plattformen wie Facebook, Youtube, Twitter und Co. für Ihr Unternehmen zu werben. Was Sie auch vorhaben: Mit unserer langjährigen Erfahrung und tiefgreifendem Branchen-Know-how finden wir für Sie die die richtige Strategie und das passende Konzept für Ihre Werbung und PR! Unsere Kunden kommen aus den Bereichen SHK, Bauen & Wohnen, der Immobilienwirtschaft, Technik und zahlreichen anderen Branchen, in denen sie von unserer langjährigen Expertise und Erfahrung profitieren können. Lernen Sie uns kennen und folgen uns in die Weiten des Kommunikationsuniversums, denn mit BLUE MOON aus Neuss in der Nähe von Düsseldorf haben Sie eine Full Service Werbeagentur an Ihrer Seite, die Sie bei all Ihren Missionen tatkräftig unterstützt!

In zunehmendem Maße wünschen sich Unternehmen das Ungewöhnliche für eine aussagekräftige Präsentation in der Öffentlichkeit. Event-Kommunikation kann diesem Wunsch gerecht werden. In Zeiten von Dumping-Preisen und immer größerem Konkurrenzdruck hat Kundenbindung oberste Priorität. Ein Event mit Band und köstlichem Catering spricht den Kunden sicherlich an. Doch zu einer gelungenen und öffentlichkeitswirksamen Veranstaltung gehört mehr… Emotionale Ansprache Eine Produkteinführung oder die Profilierung des Unternehmens etwa vor dem Gang an die Börse ist willkommene Gelegenheit für ein Event. Dabei funktioniert eine derartige Veranstaltung nach einem einfachen, aber wirksamen Muster: Event-Kommunikation nutzt als wesentlichen Bestandteil die Emotion. Intelligent verpackte kommunikative Botschaften zielen direkt auf den Bauch und das Herz des Empfängers. Der Kopf ist durch die Vielzahl der rationalen Botschaften, die tagtäglich auf uns einprasseln mit der Selektion des Informations-Überangebotes beschäftigt. Im emotionalen Bereich ist dagegen noch Platz für eine entsprechende Ansprache. Strategisches Vorgehen ist dabei nichts desto trotz von zentraler Bedeutung. Welche Botschaften sollen überliefert werden, was soll sich bei den Gästen langfristig festsetzen und soll Kommunikation oder Information im Mittelpunkt stehen sind Fragen, die im Vorfeld geklärt werden müssen. Im Bereich der Erfolgkontrolle stützen sich Event-Veranstalter auf individuelle Befragungsraster, da die Standard-Tools der Wirkungsmessung nicht geeignet sind für Events. Durch Follow-up-Befragungen nach der Veranstaltung wird analysiert, ob die emotional vermittelte Botschaft zu einer stärkeren Markenbindung, zu einem Einstellungswandel gegenüber einem Unternehmen oder gar zu einem Kaufabschluss geführt hat. Event als Kommunikationsbaustein Ein Event allein dient dem Kunden meist nicht für eine zufrieden stellende Lösung seiner Kommunikationswünsche. Eine übergeordnete PR-Strategie im Bereich der klassischen Pressearbeit ist Grundvoraussetzung für die Wirksamkeit weitergehender Maßnahmen. Durch die Involvierung des Kommunikation-Bausteins „Event“ können Unternehmen dann die gewünschte Wirkung erreichen: einen Langzeitkontakt zu ihren Kunden. A-C D-F G-I J-L M-O P-R get in touch

BLUE MOON: DEINE FULL SERVICE WERBEAGENTUR. Familiär. Zuverlässig. State of the Art. Als unabhängige, familiengeführte Werbeagentur mit Sitz in Neuss bei Düsseldorf navigiert BLUE MOON seit 25 Jahren Kunden zum Marketing-Erfolg. Unsere vier eigenständigen Teams für PR, Social Media, Branding und Online Marketing bilden einen Kompetenz-Hub, der uns zur optimal aufgestellten Full Service Agentur für den Mittelstand macht. Unser Anspruch lautet: Wir MACHEN Weltmarktführer! Oder ganz konkret: Wir entwickeln und verwirklichen die Marketing-Strategie, die perfekt zu deinen Vertriebszielen passt. Da trifft es sich umso besser, dass wir seit mehr als zwei Jahrzehnten einen starken Fokus auf Kunden aus Mittelstand, Industrie und B2B legen. In Branchen wie Sanitär/Heizung/Klima, Bau, Elektrotechnik und Automotive sind wir bestens vernetzt und verfügen über tiefgreifendes technisches Verständnis. Mit unseren Kunden verbinden uns gemeinsame Werte. Seit Anita Gilges BLUE MOON im Jahr 2000 in der Region Neuss/Düsseldorf gegründet hat, agieren wir als unabhängiges Familienunternehmen. Statt auf „Hire & Fire“ setzen wir auf langfristige Mitarbeiterbindung und -entwicklung – unsere Kunden profitieren von festen, erfahrenen Ansprechpartnern. Wir passen uns jederzeit flexibel an Markttrends an und entwickeln unsere Kompetenzen permanent im Sinne unserer Kunden und Zielbranchen weiter. Sie sehen gerade einen Platzhalterinhalt von YouTube. Um auf den eigentlichen Inhalt zuzugreifen, klicken Sie auf die Schaltfläche unten. Bitte beachten Sie, dass dabei Daten an Drittanbieter weitergegeben werden. Mehr Informationen get in touch

BLUE MOON Blogging – freie Sicht auf das gesamte (Kommunikations-) Universum In unserem Blog berichten wir regelmäßig über Neuigkeiten, Praxistipps und Trends aus der Presse- und Öffentlichkeitsarbeit, Public Relations und Online-PR. Wir bloggen, was Sie wissen sollten, denn: wer einen weiten Horizont hat, sieht bis zum Horizont. Wer sich aber auf den Mond begibt, hat freie Sicht auf das gesamte Universum. Hochwertiger Print Newsletter für Energiedienstleister Immer wieder verfolgt uns in den letzten Jahren die Vorhersage des endgültgen Ablebens von Printpublikationen. Print sei tot, heißt es. Doch ist das wirklich so? Wir glauben nicht. Den Beweis – und ein herausragendes Leseereignis – liefert der halbjährlich... Blick hinter die Kulissen Individuelle und aussagekräftige Fotos sind für eine erfolgreiche Unternehmenskommunikation unverzichtbar. Ganz egal, ob es um Bildmaterial für eine Werbekampagne, den eigenen Internetauftritt, eine Broschüre oder den Einsatz in den sozialen Medien geht. Wir werfen... How to Sell Health Online Made in Germany lautet die Devise der drei Gründer*innen von Immunbar. Die drei Jungunternehmer sind mit ihren Produkten – individuell gestaltete Hygienemasken und ausgefallene, gesunde Snacks – genau am Puls der Zeit. Herzstück des Unternehmens ist ein modern... Aus- und Weiterbildung trotz Corona: Eine Investition in die Zukunft Die unmittelbaren wie auch lang- und mittelfristigen Auswirkungen der Corona-Krise stellen ganze Unternehmen, Arbeitgeber und Arbeitnehmer vor nie gekannte Herausforderungen. Doch der Arbeitsmarkt ruht nicht. Employer Branding sowie das Aufrechterhalten von... Kampagnenplanung 360° „Make it yours“ lautete das Motto der bundesweiten Marken- und PR-Kampagne für den amerikanischen Farbenhersteller Rust-Oleum. Für einen Zeitraum von drei Monaten konzipierte, plante und realisierte BLUE MOON ein umfassendes Maßnahmenpaket rund um die Farbprodukte für... AUS DEM AGENTURKOSMOS – BLUE MOON PODCAST Warum heißt Blue Moon eigentlich Blue Moon? Wir gehen der Gründungsgeschichte unserer Agentur auf den Grund und erfahren, was es mit dem Namen aus der Welt der Astronomie auf sich hat.

Immer wieder verfolgt uns in den letzten Jahren die Vorhersage des endgültgen Ablebens von Printpublikationen. Print sei tot, heißt es. Doch ist das wirklich so? Wir glauben nicht. Den Beweis – und ein herausragendes Leseereignis – liefert der halbjährlich erscheinende Print Newsletter rund um die Energieservices mehr|wärme und sonnen|strom der Stadtwerke Neuss. Onlinemedien sind in der heutigen Zeit unverzichtbar, schaffen Reichweite und ermöglichen eine extrem zielgruppenspezifische Ansprache – keine Frage. Doch die klassische Printpublikation bietet auch heute noch – in Zeiten von Social Media und überbordenden Onlinemedien – eine Möglichkeit, nachhaltig und effizient mit seiner Zielgruppe in Kontakt zu treten. Lang lebe das Printmedium Printprodukte – von außergewöhnlich gestalteteten Broschüren und Flyern über seriös aufbereitete Geschäftsberichte bis hin zu aufmerksamkeitsstarken Buch- oder Magazinveröffentlichungen – sind heute mehr denn je Imageträger und Interaktionsvermittler. Der große Vorteil der von vielen längst totgesagten Printpublikationen: die Beteiliung aller Sinne beim Lesen. Die Haptik qualitativ hochwertigen Papiers, der optische Einrdruck eines liebevoll gestalteten Layouts und das Rascheln von Papier – all diese Faktoren sorgen dafür, dass der/die Leser*in sich bewusster mit Inhalten auseinandersetzt und diese besser im Gedächtnis bleiben. Fazit: Das klassische Printprodukt ermöglicht eine effiziente und langfristige Vernetzung mit der Zielgruppe. Energiereiche Neuigkeiten Rund um die Energieservices mehr|wärme und sonnen|strom der Stadtwerke Neuss konzipiert, textet und gestaltet Blue Moon zweimal jährlich einen hochwertigen Print Newsletter. Das halbjährlich erscheindende, vierseitige Magazin informiert, unterhält und hinterlässt – dank herausragender Optik und der haptischen (Lese-) Erfahrung eines hochwertigen Produkts – einen bleibenden Eindruck. Bestandskunden werden über aktuelle Themen aus der Energiebranche, Neuigkeiten aus dem Unternehmen auf dem Laufenden gehalten und bekommen darüber hinaus regelmäßig einen Blick über den Tellerrand serviert. Persönliche Kundengeschichten, Themen rund um den Klimawandel und erneuerbare Energien sowie Expertentipps zum richtigen Umgang mit der Heizung bilden ein inhaltliches Gesamtpaket, das – eingebettet in ein aufmerksamkeitsstarkes Layout und eine sehr persönliche Ansprache – ein außergewöhnliches Leseerlebnis garantiert. Nina Zolper Autorin und Ansprechpartnerin Kontaktieren Sie uns:

LEXIKON RUND UM KOMMUNIKATION Unser Lexikon stellt dir Begriffe aus der BLUE MOON PR-Welt vor. Erfahre in unserem Lexikon, welche Instrumente du für deine Kommunikation benötigst und wie BLUE MOON dich dabei unterstützt. Digitalisierung SEM SEM ist die Abkürzung für Search Engine Marketing und umfasst den Teil des Online-Marketings, der alle Maßnahmen zur Gewinnung von Websitebesuchern über Suchmaschinen umfasst. Zum SEM gehören SEO (Search Engine Optimization) und SEA (Suchmaschinenwerbung). Ziel aller... Shitstorm Der Begriff Shitstorm beschreibt eine flutartig auftretende, große Menge an negativer Kritik auf sozialen Medien (Facebook, Twitter, Instagram, Blogs, öffentliche Plattformen, Kommentarbereiche auf Websites). Die öffentlich ausgeübte Kritik wird durch einen bestimmten... Keyword Keywords sind wichtige Schlüsselwörter oder Kombinationen von solchen innerhalb eines Textes. Die Verwendung dieser Schlüsselwörter ist vor allem für die Suchmaschinenoptimierung (SEO) wichtig, sodass Nutzern, die online nach bestimmten Themen suche, die relevanten... User Experience Die User Experience umfasst die gesamte Erfahrung / das Erlebnis eines Anwenders im Rahmen der Nutzung oder der Interaktion mit einem Dienst, einer Website oder einem Produkt im Bereich digitaler Medien. Die User Experience beschreibt die Qualität gemäß dem... Targeting Targeting, von englisch target (Ziel), bezeichnet die zielgruppenspezifische Ausrichtung von Maßnahmen im Online Marketing. Für eine erfolgreiche Targeting Strategie muss die Zielgruppe für die jeweilige Marketingmaßnahme zuvor so genau wie möglich bestimmt werden. Es... SEO Mit Hilfe von SEO (Search Engine Optimization) kann das Ranking einer Website, das diese bei einer organischen Suchanfrage eines Nutzers erreicht, optimiert werden. Ziel ist es, die Website so zu optimieren, dass sie von Suchmaschinen wie Google bestmöglich ausgelesen... SEA Die Abkürzung SEA steht für Search Engine Advertising und umfasst das Schalten von Anzeigen in Suchmaschinen sowie auf Werbeflächen von Suchmaschinenpartnern. Das bekannteste Beispiel für SEA sind Google Adwords. Die Anzeigen werden bei der Eingabe von zuvor... CPI / CPM Die Abkürzung CPI steht für Cost per Impression und beschreibt ein Bezahlmodell im Internet. Der Auftraggeber muss beim CPI-Bezahlverfahren für jeden Aufruf der Anzeige durch einen Nutzer zahlen. Es ist dabei nicht nachzuverfolgen, ob der Nutzer die Anzeige auch... Real Time Advertising Mit Real Time Advertising ist die Live-Versteigerung von Online-Werbeflächen gemeint. Dabei steht nicht mehr das Umfeld der Webseite, auf der das Werbebanner ausgespielt wird, sondern der individuelle Nutzer im Vordergrund. Mittels RTA wird zu jeder einzelnen... Retargeting Retargeting – auch Remarketing genannt – beschreibt ein Verfahren des Online Marketings, bei dem Websitenutzer markiert werden, um diese im Anschluss mit gezielter Werbung wieder anzusprechen. Ziel beim Retargeting ist es, Websitebesucher, die eine bestimmte Seite... Online Marketing Online Marketing (auch Internet- oder Webmarketing) beschreibt alle Marketing Maßnahmen eines Unternehmens, die online durchgeführt werden. Dazu gehört nicht nur das Schalten von Anzeigen auf Onlineauftritten von Zeitschriften und (Online-) Magazinen. Neben... Native Advertising Native Advertising ist eine Form von Werbung, die so gestaltet ist, dass sie nur schwer von redaktionellen Inhalten zu unterscheiden ist. Durch diese Form der Aufbereitung zieht Native Advertising die Aufmerksamkeit des Nutzers auf sich. Die Inhalte solcher Werbung... Microblogging Microblogging beschreibt eine bestimmte Variante des Bloggens, bei dem es – im Unterschied zu klassischen Blog – nicht darum geht, ein bestimmtes Thema ausführlich zu betrachten, sondern zu verschiedensten Themen in kurzer Zeit komprimierte Nachrichten zu beliebigen... Leads Ein Lead ist ein neuer Kontakt/Neukunde, der durch Online Marketing gewonnen wurde. Dazu gehören E-Mail-Adressen, Telefonnummern, Namen und Unternehmensnamen. Leads generiert man über direkte Kontaktanfragen, Anmeldungen im Newsletter oder durch ausgefüllte... Influencer Marketing Influencer Marketing – auch Multiplikatoren-Marketing genannt – ist ein Bereich des Online-Marketings. Diese Form des Marketings nutzt sogenannte Influencer als Multiplikatoren für unterschiedlichste Werbe- bzw. Unternehmensbotschaften. Influencer sind Akteure aus... Google Ads Google Ads sind via Google oder Google Partner-Seiten geschaltete Anzeigen. Es gibt unterschiedliche Arten von Anzeigen: Suchnetzwerk mit Displayauswahl Nur Suchnetzwerk Nur Displaynetzwerk Shopping-Kampagnen Video Apps Die Position auf der die Anzeige ausgespielt... Digitale Transformation Die digitale Transformation oder Digitalisierung bezeichnet einen fortlaufenden technologischen Veränderungsprozess von Gesellschaft und – vor allem in wirtschaftlicher Hinsicht - Unternehmen. Unternehmensinterne Abläufe werden im Zuge der digitalen Transformation... CPC Die Abkürzung CPC (alternativ PPC = Pay per Click) steht für Cost per Klick und beschreibt ein Bezahlmodell im Online-Marketing. Beim CPC zahlt der Auftraggeber nicht für das reine Ausspielen einer Werbemaßnahme im Internet, sondern erst dann, wenn ein Nutzer die... Cookie Der Begriff Cookies umfasst Daten eines Websitenutzers wie Login-Daten, Einkaufskorbdaten sowie Daten für personalisierte Daten, die lokal und zeitlich begrenzt auf dem Rechner gespeichert werden. So kann der Nutzer bzw. der Rechner immer wieder identifiziert werden.... Conversion Eine Conversion ist die Umwandlung eines interessierten Nutzers in einen handelnden Nutzer. Beispiele für Conversions auf einer Website sind unter anderem Newsletteranmeldungen, Produktkäufe, das Anklicken eines bestimmten Links, Downloads, Registrierungen oder das... Augmented-Reality Der Begriff Augmented Reality beschreibt eine technische Erweiterung der realen Welt. Im Gegensatz zur Virtual Reality taucht man hier nicht in eine vollkommen fremde, virtuelle Welt ein, sondern erhält über einen Bildschirm oder eine Brille zusätzliche Informationen... Social Media Soziale Medien (Social Media) bezeichnet die Gesamtheit digitaler Medien, Anwendungen und Technologien, mit deren Hilfe die Benutzer via Internet interagieren und selbst Inhalte gestalten können. Das Internet wird so zu einer Projektionsfläche miteinander vernetzter... Unternehmen Pitch Pitch heißt übersetzt aus dem Englischen „das Verkaufsgespräch“ und diese Übersetzung trifft den Kern des Vorgangs. Denn der Pitch ist eine Wettbewerbspräsentation, mit der eine Agentur oder eine Unternehmensberatung im Kampf um einen Etat, einen Klienten oder einen... Ordnung Ordnung ist das halbe Leben – aber wie schwierig es ist Ordnung zu schaffen und beizubehalten, erfahren wir täglich an unserem Arbeitsplatz. Die Suche nach Dokumenten und anderen Utensilien nimmt viel Zeit in Anspruch und im Laufe des Tages türmt sich auf dem... Mitarbeiterzeitschrift Die Mitarbeiterzeitschrift unterscheidet sich als Kommunikationsinstrument in Planung, Realisation und Wirkung von den digitalen Medien: In der Regel bildet ein fester Redaktionskreis die Schnittstelle zwischen Mitarbeitern und Management und gibt alle relevanten... Mitarbeitermotivation ""Dienst nach Vorschrift"" war bis vor kurzem ein Begriff, der meist Behörden und öffentlichen Ämtern angelastet wurde. Doch wie jüngst eine Studie des Gallup-Instituts zeigt, scheint sich die sinkende Arbeitsmoral auch zunehmend in Privatunternehmen breitzumachen. Laut... Leitbild Unter dem Begriff Leitbild versteht man die komprimierte Formulierung der Unternehmenspolitik und der Corporate Identity. Das Leitbild umschreibt in einfacher, leicht verständlicher Form Unternehmenszweck, -ziele und Verhaltensgrundsätze der Unternehmensführung... Intranet Ein Intranet ist ein Netz innerhalb eines Unternehmens, das nicht öffentlich zugänglich ist, sondern nur von einer festgelegten Gruppe von Personen genutzt werden kann. Über den Intranet-Server können die Mitarbeiter firmenrelevante Informationen zu jeder Zeit und von... Imagebroschüre Verständliche Unternehmensbotschaft Bevor Inhalt und Gestalt der Broschüre thematisiert werden, ist es wichtig, zunächst die Zielgruppe zu definieren. Stil der Texte, die Auswahl der Themen sowie das Layout sind abhängig davon, wer die Broschüre bekommen soll und wo... Employer Branding Der aus dem anglo-amerikanischen stammende Begriff des Employer Branding bezeichnet eine unternehmensstrategische Maßnahme, deren Wurzeln in Marketingkonzepten der Markenbildung liegen. Das Ziel der in den späten neunziger Jahren entstandenen Arbeitgebermarkenbildung... CRM Teil 1 CRM ist die Abkürzung für Customer Relationship Management und wird als eine alle Unternehmensbereiche übergreifende, IT-unterstützte Geschäftsstrategie verstanden. Mit der Annahme, dass in heutigen Unternehmensphilosophien das Kundenmanagement eine zentrale Bedeutung... Corporate Wording Hinter dem Begriff Corporate Wording verbirgt sich die definierte und bewusst eingesetzte Sprachwelt eines Unternehmens - von der Verwendung oder Vermeidung bestimmter Wörter über eine einheitliche Sprachregelung hin zur Tonalität und zum Stil von Texten, sei es bei... Corporate Identity Die Corporate Identity, wörtlich übersetzt die Unternehmensidentität, setzt sich zusammen aus dem Verhalten, der Kommunikation und dem Erscheinungsbild eines Unternehmens sowie seiner am Markt angebotenen Leistungen und Produkte. Durch die Entwicklung einer Corporate... Online Marketing Social Media Soziale Medien (Social Media) bezeichnet die Gesamtheit digitaler Medien, Anwendungen und Technologien, mit deren Hilfe die Benutzer via Internet interagieren und selbst Inhalte gestalten können. Das Internet wird so zu einer Projektionsfläche miteinander vernetzter... Online-PR Als Online-PR wird alles definiert, das an Öffentlichkeitsarbeit im Internet stattfindet. Das kann ein elektronisches Pressecenter auf der Internetseite des Unternehmens sein, Social Media Aktivitäten auf relevanten Plattformen sowie Einträge in Suchmaschinen oder... Newsletter Der Newsletter ist ein häufig angewandtes Instrument der externen Kommunikation. Unternehmensnachrichten werden redaktionell zusammengefasst und inhaltlich auf die jeweilige Zielgruppe abgestimmt – das können Journalisten, Mitarbeiter oder Kunden sein. Wurden die... Internet-Relaunch Der Begriff Internet-Relaunch bezeichnet die Überarbeitung eines bestehenden Internetauftritts, der einem veränderten Kundengeschmack, rechtlichen Ansprüchen, und unternehmens- und branchenspezifischen Besonderheiten genügen muss. Hierbei werden alle Bereiche der... Internet Seit Jahren ist das Internet aus dem Alltags- und Geschäftsleben nicht mehr wegzudenken, doch was genau ist es eigentlich? Der aus dem Englischen stammende Begriff des Interconnected Networks wird heute weitläufig mit Internet abgekürzt. Gemeint ist damit ein... Barrierefreiheit nach BITV Die Verordnung eines barrierefreien Internetauftritts ist eine Ergänzung des Behindertengleichstellungsgesetztes vom 27. April 2002. In der Barrierefreien Informationstechnik-Verordnung (BITV) heißt es demnach, dass durchgängig alle Inhalte im World Wide Web auch für... Marketing Wortgekringel Wortgekringel – über Floskeln und Füllwörter Goethe bringt es auf den Punkt: „Getretener Quark wird breit, nicht stark!“ Das ist eine der schönsten Regeln für gutes Schreiben. Breit wird ein Text, wenn der Schreiber in umständliche und formelhafte Sprache versinkt,... Marketing Der Begriff Marketing leitet sich aus dem englischen von „to market – Handel treiben“ her. Er bezeichnet eine „marktorientierte Unternehmensführung, die alle relevanten Unternehmensaktivitäten auf die Wünsche und Bedürfnisse von Anspruchsgruppen ausrichtet“ (Deutscher... Marke – Markenstrategie Ursprünglich hervorgegangen ist der Begriff ""Marke"" aus dem mittelhochdeutschen Wort marc, das für Grenze, Grenzland oder -linie steht. Die Definition lässt sich von dieser Übersetzung ableiten: Die Marke dient der Kennzeichnung eines Produktes oder einer... Guerilla-Marketing Guerilla-Marketing hört sich nach rücksichtslosen, aufdringlichen Werbeaktionen an. Tatsächlich war es in den Anfängen um 1965 eine auf Angriff ausgerichtete Strategie gegen Mitbewerber, die hauptsächlich von kleinen und mittelständischen Firmen gegen überlegene... Direktmarketing Gepflegte Adressdatenbank als Basis für den Erfolg Um den potenziellen Kunden neugierig auf das beworbene Produkt und das Unternehmen zu machen, bedarf es einer exakten Planung. Das Direktmarketing bietet viele Instrumente: Mailings, Wurfsendungen, Anzeigen mit Coupon... Crossmedia Crossmedia bezeichnet die Vernetzung verschiedener Medientypen, über die zentrale Inhalte, wie Unternehmens- oder Produktinformationen, kommuniziert werden. So werden den Kunden möglichst viele, unterschiedliche Informationskanäle angeboten, um die Botschaft zu... PR Redaktionsreise Bei einer Redaktionsreise besuchen das Management und der Pressesprecher eines Unternehmens die wichtigsten Journalisten in den jeweiligen Redaktionen. Der Redaktionsbesuch eignet sich, um den Kontakt zu den Fachmedien zu pflegen. Natürlich gilt: Niemals ohne... Pressemappe Die Pressemappe ist eine Zusammenstellung von Pressemeldungen, die Informationen zu Produkten, Personen und Services eines Unternehmens zu einem Paket bündelt. Die Mappe kann an Journalisten versendet oder bei Presseveranstaltungen überreicht werden. Die einzelnen... Pressekonferenz Pressekonferenzen - für viele Unternehmen ein Muss und zugleich eine Qual - für andere dagegen eine gute Gelegenheit zur Kontakt- und Imagepflege. Ist alles perfekt geplant und vorbereitet, stellen wir uns optimal dar, haben wir nichts vergessen? So mancher... Presseinformation Eine Presseinformation (PI) informiert die Medien schriftlich über Wissenswertes aus dem Unternehmen. Sie ist neben der Pressekonferenz das am häufigsten eingesetzte Instrument der Medienarbeit. Sie bietet schnelle Informationen und es gibt weniger Missverständnisse... PR-Konzept Ein gut durchdachtes PR-Konzept ist die wichtigste Grundlage für erfolgreiche Unternehmenskommunikation. Ziel ist die Planung und Durchführung von PR-Maßnahmen, die das Unternehmen am Markt positionieren und es unverwechselbar machen. Nach einer umfassenden Definition... PR-Anzeige Anzeigen, die meist mitten im redaktionellen Teil einer Zeitung oder Zeitschrift stehen und sich in ihren Gestaltungsmerkmalen (Schrift, Aufmachung usw.) kaum vom redaktionellen Umfeld unterscheiden, werden als redaktionelle oder PR-Anzeigen bezeichnet. Sie sind ein... PR vs. Werbung Ist PR die bessere Werbung? In Zeiten von Geiz-Ist-Geil-Kampagnen wird Kundenbindung immer schwieriger. Schnäppchenpreise und Discounts zerstören langsam gewachsene Beziehungen. Welche Maßnahmen sind geeignet, sich auf dem stark konkurrierenden Markt zu behaupten? Die... Politische PR Fakten statt Phrasen - Politische PR auf dem Prüfstand Noch nie bestand ein größeres Medieninteresse am verbissenen Ringen um die Stimmen wie im vergangenen Wahlkampf. Und nie zuvor war die Berichterstattung enger mit dem politischen Geschehen verwoben wie im... Personality PR Laut einer IBM-Studie sollen die Aufstiegschancen im Beruf vor allem von drei Faktoren abhängen: zu zehn Prozent von der Leistung bzw. Qualität der Arbeit, zu 30 Prozent vom hinterlassenen Eindruck und zu 60 Prozent vom Bekanntheitsgrad. Demzufolge bestimmt das Image... Online-PR Als Online-PR wird alles definiert, das an Öffentlichkeitsarbeit im Internet stattfindet. Das kann ein elektronisches Pressecenter auf der Internetseite des Unternehmens sein, Social Media Aktivitäten auf relevanten Plattformen sowie Einträge in Suchmaschinen oder... Medienresonanzanalyse Nachhaltige Erfolge erzielen: Die Medienresonanzanalyse - Eine gewinnbringende Investition in die Zukunft Gerade in Zeiten, in denen der Rotstift regiert, braucht es objektive Messergebnisse, um Erfolg oder Misserfolg der Medienarbeit darzustellen. An sich eine... Medien-Monitoring Die Wahrnehmung der medialen Umwelt sowie die Überprüfung des eigenen Images in der Presse sind wichtige Voraussetzungen für ein strategisches Unternehmensmanagement und eine effiziente Kommunikationsplanung. Medien-Monitoring, die professionelle Medienbeobachtung,... Krisen-PR ""Krise ist ein produktiver Zustand. Man muss ihm nur den Beigeschmack von Katastrophe nehmen."" - Max Frisch Krisen sind in der heutigen Kommunikationsgesellschaft normal und praktisch unvermeidbar. Entscheidend jedoch ist, wie man damit umgeht und dass die positiven... Interview Das Interview – personifizierte Unternehmensdarstellung Wer an der Spitze eines Unternehmens steht, wird früher oder später einmal in die Situation kommen, an einer Pressekonferenz teilzunehmen, einen Vortrag zu halten, oder ein Interview zu führen. Um hier nicht ins... Internationale PR Die fortschreitende Globalisierung sorgt nachhaltig für einen wirtschaftlichen und soziokulturellen Strukturwandel. Neue Märkte öffnen sich und werden nach und nach industriell erschlossen. Unternehmen müssen die Möglichkeit nutzen, auch ihre PR-Aktivitäten parallel... Exklusivbericht Exklusivberichte behandeln branchenspezifische Themen, die in Form von längeren Beiträgen wie Objektreportagen oder Fachartikeln veröffentlicht werden. Der Exklusivbericht erscheint dabei „exklusiv“ in einem speziellen Medium, wie etwa in einer Fachzeitschrift. Damit... Events Die Open Air Saison hat eröffnet. Endlich besteht wieder die Möglichkeit, Veranstaltungen im Freien durchzuführen. Im Folgenden haben wir für Sie die Essentials für ein gelungenes Event aufgeführt! Steigender Wohlstand verändert das Freizeitverhalten der Menschen. Die... Event-Management In zunehmendem Maße wünschen sich Unternehmen das Ungewöhnliche für eine aussagekräftige Präsentation in der Öffentlichkeit. Event-Kommunikation kann diesem Wunsch gerecht werden. In Zeiten von Dumping-Preisen und immer größerem Konkurrenzdruck hat Kundenbindung... Clipping Das Clipping (Ausschnitt) dient der Dokumentation von Medienberichterstattung und wird bei der Evaluation von Medienarbeit berücksichtigt. Eine reine Zusammenstellung mehrerer Clippings begrenzt die Evaluation auf quantitative Kriterien wie erreichte Auflagen bzw.... get in touch

Der Newsletter ist ein häufig angewandtes Instrument der externen Kommunikation. Unternehmensnachrichten werden redaktionell zusammengefasst und inhaltlich auf die jeweilige Zielgruppe abgestimmt – das können Journalisten, Mitarbeiter oder Kunden sein. Wurden die Newsletter früher meist per Post verschickt oder im Unternehmen ausgelegt, gewinnt heute der E-Mail Newsletter immer mehr an Bedeutung. Die Vorteile liegen auf der Hand: Per Internet geht der Versand schneller und ist wesentlich kosteneffizienter. Der Erfolg des E-Mail Newsletters hängt vor allem von der Nutzerfreundlichkeit ab. Hierfür gilt es ein paar „Goldene Regeln“ zu beachten: - Angepasst an die kürzere Aufmerksamkeitsspanne sollte der Text möglichst in übersichtlichen Sätzen verfasst sein. Ausführliche Informationen werden durch Links angeboten. Die Schriftgröße sollte nicht kleiner als Elf-Punkt sein. - Die Gliederung in kurze Abschnitte mit passenden Überschriften strukturiert den Text. - Die Platzierung von Schlüsselwörtern im Betreff, in Über- oder Unterschriften dient der Orientierung und eröffnet dem Leser die Möglichkeit, die für ihn wichtigen Informationen herauszufiltern. - Jeder Empfänger freut sich, wenn er persönlich angesprochen wird. Gibt es keinen Ansprechpartner, landet der Newsletter mit großer Wahrscheinlichkeit im digitalen Müll. - Die Möglichkeit zum Austragen aus der Adressdatenbank bzw. die Kündigung muss immer mit angeboten werden. A-C D-F G-I J-L M-O P-R get in touch

Die Pressemappe ist eine Zusammenstellung von Pressemeldungen, die Informationen zu Produkten, Personen und Services eines Unternehmens zu einem Paket bündelt. Die Mappe kann an Journalisten versendet oder bei Presseveranstaltungen überreicht werden. Die einzelnen Texte sind nicht nur unterschiedlich formuliert, sondern stellen jeweils einen anderen Nachrichtenfaktor in den Vordergrund. So kann die Pressemappe eines Unternehmens beispielsweise einen Hintergrundtext über die Historie, Angaben zu den aktuellen Fakten und Geschäftszahlen, Presseinformationen zu den vom Unternehmen hergestellten Produkten sowie geeignetes Fotomaterial enthalten. Es empfiehlt sich, einmal eine Basispressemappe zu erstellen. Das hat den Vorteil, dass man einfach zur bestehenden Basismappe aktuelle Presseinformationen beilegen kann, wenn man mit Veranstaltungen in die Öffentlichkeit gehen möchte. A-C D-F G-I J-L M-O P-R get in touch

BLUE MOON-News Für alle, die sich über BLUE MOON und interessante Trends aus PR und Werbung informieren möchten, sind hier richtig. Abonnieren Sie unseren Newsletter moontalk und lesen unsere Beiträge im Newsroom. Unsere Ansprechpartnerin für Journalisten ist Sonja Intze. Employer Branding und Recruiting Warum ein Karriereportal essentiell für die Weiterentwicklung eines jeden Unternehmens ist In Zeiten des Fachkräftemangels gewinnt das Employer Branding und Recruiting zunehmend an Bedeutung.Unternehmen müssen sich stärker als je zuvor positionieren und engagieren, um... Neues BLUE MOON Führungsteam Neues BLUE MOON Führungsteam Ein galaktisch starkes Führungsteam Ein neues Kapitel beginnt: Herzlich Willkommen an Philipp - als unseren neuen Geschäftsführer und Leon als neuen Inhaber bei BLUE MOON. Mit galaktischer Freude verkünden wir, dass seit dem 1. Februar... GLOW-UP FÜRS BLUE MOON SPACE Agentur Umgestaltung Kreative Atmosphäre durch zeitloses Corporate Building Ein Glow-up für unsere Agency! Wir haben visuell aufgerüstet und den Wänden unserer Agentur ein neues Design verliehen. Spiegelndes Plexi trifft auf matte Wände – zeitlos und reduziert... PRESSEKONTAKT Pressesprecher Leon Gilges BLUE MOON CC GmbH Friedrichstr. 8 41460 Neuss Tel.: +49 2131.6 61 56 – 56 Fax: +49 2131.6 61 56 – 66 Mail: l.gilges[at]bluemoon.de

Der BLUE MOON-Newsroom – News auf allen Kanälen Was tut sich in unserer Umlaufbahn? Das und viele andere interessante News rund um Werbung und PR bei BLUE MOON finden Sie hier. Lesen Sie unsere Presseinfos, Facebook-Posts und Blog-Beiträge, laden Sie sich unsere Publikationen herunter oder schauen Sie sich unsere Videos an. Pressemiteilungen und Beiträge Quo Vadis Social Media in der SHK-Branche? BLUE MOON befragte 40 Unternehmen – Das neue Whitepaper zur großen Umfrage Hunderte von namhaften Unternehmen aus der SHK-Branche (Sanitär, Heizung, Klima) versammelt an einem Ort – das gab es schon lange nicht mehr. Das ließen sich unsere Expertinnen und Experten vom blauen Mond bei der Fachmesse ifh in Nürnberg nicht entgehen und nutzten die Gelegenheit für eine spannende Umfrage. Showtime für Lichtspektakel in Dormagen Lichterfest: Ein helles Zeichen für die Mieter der Baugenossenschaft Dormagen! Gemeinsam mit dem renommierten Lichtkünstler Stefan Hollenberg haben die Marketingexperten von Blue Moon eine beeindruckende Lichtinstallation gegen die Dunkelheit der Zeit organisiert und... Die Big 8 des Handwerks: Mit SHK-Influencern zum Erfolg Social Media Marketing im Handwerk – wie soll das denn funktionieren? Die Experten vom blauen Mond sagen: Man muss nur wissen, wie und vor allem mit wem! Denn: Influencer-Marketing liegt auch für den SHK-Bereich total im Trend und ist eine hocheffektive Brand Boosting... Dreifach Gold für BLUE MOON: Neusser Brand-Agentur glänzt bei den German Stevie Awards Neuss, März 2021: Die Stevie Awards küren seit 20 Jahren weltweit herausragende Leistungen in der Marketing- und Unternehmenswelt. Bei der diesjährigen deutschen Ausgabe sticht die Full Service-Markenagentur BLUE MOON besonders hervor: Für ihre innovativen Kampagnen... It’s Showtime: Ein Erlebnis auf vier Rädern Starke PS für die stärkste Abwehr Deutschlands: Die Marketingexperten vom blauen Mond haben mal wieder groß aufgefahren. Bei der Darstellung der Expertise und modernsten Sicherheitsdienstleistungen der Protection One GmbH aus Meerbusch hat Blue Moon kurzer Hand... Erfolgsgeschichten in 45 Minuten: Die neuen Brand Booster Webinare Boosting Brands! Pünktlich zur Jahreshälfte zeigt das Markenversprechen der Experten vom blauen Mond geballte Marketingpower in einem neuen Format: Die Webinar Reihe „BRAND BOOSTER“ setzt in Sachen Wissens-Transfer auf echte Erfolgsgeschichten – den Auftakt... Empathisch kommunizieren im New Normal Raus aus dem Büro und rein ins Wohnzimmer – Ein Unternehmen zuverlässig aus dem Home-Office führen: Dazu gehört vor allem Arbeitsprozesse, Meetings sowie die vollständige Kommunikation aus der sozialen Distanz zu organisieren – extern und intern. Wir stehen zur... Gold-Award für digitales Vertriebsportal Besondere Leistungen – besondere Auszeichnungen. BLUE MOON freut sich auch in diesem Jahr wieder über eine erfolgreiche Teilnahme beim renommierten Wirtschaftspreis Stevie Awards. Dieses Mal sogar in gleich drei Kategorien: „Beste Website Energiewirtschaft“, „Beste... Teamgeist, Motivation & Weiterbildung in Krisenzeiten Fortbildungen, Teambuilding-Seminare und Firmenevents in Zeiten von Home-Office und Co.? Geht nicht, gibt’s nicht! Von Online-Webinaren oder digitalen Lunch-Sessions über virtuelle Teambuildingformate bis hin zu coolen App-Events – Auf dem blauen Mond haben Teamgeist,... Die stärkste Abwehr Deutschlands Schutz vor Einbrechern 24/7 – das ist die Kerndienstleistung der Protection One GmbH. Die Sicherheitsexperten sind Vorreiter und Marktführer in der 24h-Fernüberwachung mit Echtzeit-Intervention. Mit einer überzeugenden Erfolgsbilanz und einer Schadenverhinderungsquote... Publikationen Balanced Branding Für starke Marken: einzigartig, authentisch, ausgeglichen. PDF ansehen Corporate Social Responsibility Nachhaltig investieren, sozial überzeugen, wirtschaftlich gewinnen. PDF ansehen Mittelstandskommunikation Wir zeigen Ihnen auf, wie Sie sich Gehör verschaffen auf allen Kanälen und bieten Spitzenkommunikation für Exportweltmeister. PDF ansehen Employer Branding Erfolgreiches Recruitment – so mobilisieren Sie die Besten PDF ansehen Wohnungswirtschaft Das Full-Service-Angebot von BLUE MOON im Bereich der Wohnungswirtschaft gibt’s auf einen Blick in unserer Informationsbroschüre zur Wohnungswirtschaft. PDF ansehen Web & Social Media Strategien für virtuelle Erfolgsgeschichten PDF ansehen Imagebroschüre Wer wir sind und was wir machen – Antworten gibt’s in unserer Imagebroschüre. PDF ansehen Internationale PR Professionelle Pressearbeit über die Deutschen Grenzen hinaus? Mit BLUE MOON kein Problem! PDF ansehen Corporate Building Mit Corporate Building hat BLUE MOON ein Konzept entwickelt, welches das Firmengebäude durch grafische Gestaltung in Einklang mit dem Image Ihres Unternehmens bringt. Mehr dazu finden Sie in unserer Corporate Building-Broschüre. PDF ansehen Blue Moon Filme The Story of BLUE MOON Erleben Sie „The Story of BLUE MOON“: Seit 15 Jahren steht unsere Agentur für innovative Werbe-, PR- und Marketing-Maßnahmen, für ganzheitliche und weltweite Kommunikation. Zum Jubiläum zeigen wir Ihnen wichtige Stationen unseres Werdegangs – und schreiben diese Erfolgsgeschichte fort. Unser neuer Imagefilm ist online! Werfen Sie einen Blick hinter die BLUE MOON-Kulissen und lernen Sie uns noch besser kennen – in unserem neuen Imagefilm! Unser neuer Imagefilm 2015 ist online! Unser neuer Film zum Thema „Internationale PR“ ist online! Internationale Pressearbeit für den Mittelstand – aber wie? Blue Moon zeigt, wie es geht. Mit einem weltweiten Netzwerk Partneragenturen weltweit und einem erfahrenen Beraterteam kommunizieren wir mit Erfolg Ihre PR-Botschaften auch über die Landesgrenzen hinaus! Online PR in der Meerbar Auch BLUE MOON nahm dieses Jahr sportlich und war nicht nur auf vielen Messen und Kongressen präsent, sondern hatte im Oktober zu einer eigenen Veranstaltung zum Thema Online PR geladen. Hier finden Sie nun unser Video des Meerbar-Events. Rundgang durch die Agentur Durchstarten: Blue Moon steht für kreative Punktlandungen bei maximaler Anziehungskraft. Umrunden Sie die Erde auf unseren internationalen Kommunikationskanälen.

Neuss, März 2021: Die Stevie Awards küren seit 20 Jahren weltweit herausragende Leistungen in der Marketing- und Unternehmenswelt. Bei der diesjährigen deutschen Ausgabe sticht die Full Service-Markenagentur BLUE MOON besonders hervor: Für ihre innovativen Kampagnen in Corona-Zeiten erhielt sie gleich drei Stevie Awards in Gold – ausgezeichnet wurde sie für eine Impfkampagne, eine Kreativaktion rund um COVID-19 und ein Roadshow-Konzept, das als Antwort auf ausfallende Messen und Events entwickelt wurde. Dass die Corona-Krise konstruktive Ideen und Lösungen fordert, steht außer Frage – ein Paradebeispiel zur Umsetzung hat BLUE MOON mit einer Impfkampagne für den Neusser Bürger-Schützen-Verein geliefert. Die crossmedialen Maßnahmen umfassten Out-of-Home-, Online- und Social-Media-Werbung, die mit einer Reichweite von fast 50 Millionen Kontakten weit über die Region hinaus Wirkung entfaltete. Diese Leistung wurde nun mit Gold in der Kategorie „Beste Marketingkampagne Non-Profit“ ausgezeichnet. „Wir freuen uns über diese Anerkennung, da wir als Neusser Agentur natürlich ein besonderes Verhältnis zu der Stadt und ihren Menschen haben – die Kampagne war daher ein echtes Highlight für uns und hat gezeigt, was ein Bündnis aus vielfältigen gesellschaftlichen Akteuren auf die Beine stellen kann“, so Geschäftsführer Robert Pichel. Statt Events: Ein Showtruck geht auf Tour Einfallsreich gestaltet sich auch die Maßnahme, die BLUE MOON für Protection One konzipierten – das Sicherheitsunternehmen mit Sitz in Meerbusch ist Marktführer für 24/7-Fernüberwachung mit Echtzeitintervention. Da es aufgrund der andauernden Corona-Maßnahmen für Interessenten kaum möglich war, diese Leistung auf Messen und Events kennenzulernen, brachte ein von BLUE MOON konzipierter Showtruck das Sicherheits-Erlebnis direkt zu ihnen. Begleitet von einem eigens produzierter Teaser-Film und weiteren Werbemitteln ging „Die stärkste Abwehr Deutschlands“ auf Tour und brachte so den potenziellen Kunden ihre Vision näher. BLUE MOON kann sich auch hier über einen Gold-Award in der Kategorie „Beste Marketingkampagne – Heimbedarf und Dienstleistungen“ freuen. Kreativ durch die Pandemie Aller guten Dinge sind drei – nahtlos anknüpfend geht es in kreativer Manier weiter: Den resilienzfördernde Wettbewerb „Kreativ durch Corona“ entwickelte BLUE MOON für die Mieter der Baugenossenschaft Dormagen eG. Gelebte Nachbarschaft und Solidarität sind Grundwerte der Genossenschaft, die aber im Lockdown nicht immer leicht umzusetzen waren. Der Wettbewerb lud die Mieter dazu ein, sich kreativ und reflektiert mit der Pandemie auseinander zu setzen – die eingesendeten Beiträge waren beeindruckend und reichten von Kunstwerken bis zu Gedichten. Ausgezeichnet wurde die Aktion als er Corporate Social Responsibility-Kampagne des Jahres. Ungewöhnliche Lösungen in ungewöhnlichen Zeiten Geschäftsführerin und Gründerin Anita Gilges freut sich über die Anerkennung: „Wir haben viel überlegt, wie wir trotz der herausfordernden Situation unsere Kunden bestmöglich unterstützen. Es gab eine solche Situation zuvor noch nicht und daher mussten schnell neue Lösungen her. Dass wir gleich mehrfach ausgezeichnet wurden, bedeutet für unser Team eine große Wertschätzung und zeigt, dass insbesondere in Krisenzeiten Werte wie Zuversicht, Mut und Zusammenhalt Großes bewirken können.“ Robert Pichel Autor und Ansprechpartner Kontaktieren Sie uns:

Employer Branding und Recruiting Warum ein Karriereportal essentiell für die Weiterentwicklung eines jeden Unternehmens ist In Zeiten des Fachkräftemangels gewinnt das Employer Branding und Recruiting zunehmend an Bedeutung. Unternehmen müssen sich stärker als je zuvor positionieren und engagieren, um qualifizierte Bewerber anzuziehen und zu halten. Ein zentraler Baustein in dieser Strategie ist ein eigenständiges Karriereportal, das potenzielle Bewerber gezielt anspricht und ihnen einen umfassenden Einblick in das Unternehmen bietet. Ein solches Karriereportal ermöglicht es, die Unternehmenskultur, offene Stellen und Entwicklungsmöglichkeiten optimal zu präsentieren. Unsere BLUE MOON Karriereseite macht vor, wie´s geht! Sie zeigt, wie Unternehmen durch eine ansprechende und informative Webseite deine Attraktivität als Arbeitgeber steigern können. Bei BLUE MOON entwickeln wir genau solche maßgeschneiderten Karriereportale für unsere Kunden. Diese Portale sind nicht nur ansprechend gestaltet und technisch auf dem neuesten Stand, sondern gewährleisten auch eine optimale Benutzerführung. Wir helfen Dir, Deine Employer Branding-Strategie zu stärken und die besten Talente für Ihr Unternehmen zu gewinnen. Profitiere von unserer Expertise und lass uns gemeinsam ein Karriereportal entwickeln, das deine Arbeitgebermarke ins beste Licht rückt und Dir hilft, den Fachkräftemangel erfolgreich zu meistern und die passenden Mitarbeiter zu finden und langfristig zu binden. get in touch Contact Leon Gilges Head of New Business

Glow-up fürs BLUE MOON Space Kreative Atmosphäre durch zeitloses Corporate Building Ein Glow-up für unsere Agency! Wir haben visuell aufgerüstet und den Wänden unserer Agentur ein neues Design verliehen. Spiegelndes Plexi trifft auf matte Wände – zeitlos und reduziert überzeugt der neue Look mit schlichten, inspirierenden Botschaften. Unsere Mission: Kreativität auf den ersten Blick, mit der sich unser Team jeden Tag aufs Neue identifiziert und sich unsere Kunden direkt in kreativer Atmosphäre wohlfühlen. Die Welt des Marketings und der Werbung ist im ständigen Wandel. In einer Branche, in der Innovation der Schlüssel zum Erfolg ist, war es an der Zeit, dass auch unsere Werbeagentur ein Makeover bekommt. Heute möchten wir dir einen exklusiven Einblick in unsere neue Agenturgestaltung geben. Wir wollten einen Raum schaffen, der die Kreativität unseres Teams fördert und die Zusammenarbeit im Team unterstützt. Das Design sollte modern, zeitlos und clean sein – mit schlichten aber starken Highlights an den Wänden ist es uns gelungen eine ästhetische Arbeitsatmosphäre zu schaffen, welche ausdrucksstark, gleichzeitig aber nicht zu aufdringlich oder ablenkend wirkt. Die Grundidee der Gestaltung basiert auf dem Zusammenspiel der Oberflächen der Materialien: glattes, spiegelndes weißes Plexi trifft auf raue, matte weiße Wände. >> Come in and boost your brand << Unsere neuen Wand-Highlights, sollen eine Geschichte erzählen und sich wie ein roter Faden durch die Agentur ziehen: So begrüßen wir unsere Kunden am Empfangsbereich mit den Worten „Come in and boost your brand“, in der Social Area des Social Media Teams schmücken Icons der verschiedenen Social Media Plattformen die Wand, in der Creative-Area präsentieren großflächige geometrischen Formen, die an das Design einer geodätischen Kuppel erinnern sollen, „the art of creativity“ unserer Grafik Abteilung und unser Besprechungsraum inspiriert bei Kundenmeetings mit „Visions. Ready for take-off“. Mit unserer neuen Agentur haben wir nicht nur unseren Arbeitsplatz, sondern auch unser kreatives Umfeld neugestaltet. Einen exklusiven und noch detaillierteren Einblick in unsere Agentur erhältst du im folgenden Video. get in touch Contact Juliane Beierle Social Media Team-Lead

Neue Digital-Förderung für den Mittelstand Für eine erfolgversprechende Zukunfts- und Wettbewerbsfähigkeit eines Unternehmens spielt die Digitalisierung eine beträchtliche Rolle. Wer in Zukunft Prozesse digitalisieren, digitale Software einsetzen oder seine Mitarbeiter im Hinblick auf den digitalen Wandel weiterbilden möchte, aber keine goßen Investitionssummen zu Verfügung stehen hat, kann jetzt auf das neue Förderprogramm DIGITAL JETZT des Bundeministeriums für Wirtschaft und Energie zurückgreifen. BLUE MOON unterstützt als kompetenter Partner bei Planung und Umsetzung digitaler Projekte – für einen erfolgreichen Start in die digitale Zukunft. Nach GO DIGITAL – Förderprogramm für mittelständische Unternehmen mit bis zu 100 Mitarbeitern – gibt es mit DIGITAL JETZT jetzt ein neues Förderprogramm des Bundeministeriums für Wirtschaft und Energie für größere mittelständische Unternehmen mit bis zu 499 Mitarbeitern. Ziel des Förderprogramms: Mittelständische Unternehmen auf dem Weg in die Digitalisierung unterstützen sowie Investitionen in digitale Technologien und entsprechende Weiterbildungen ermöglichen. Die maximale Förderungssume beträgt 50.000 Euro – das Programm läuft bis Ende 2023. Großes Plus: Für die Bewilligung der Fördergelder ist kein Mindestumsatz nötig. Die Beantragung erfolgt über ein Online Tool – nach der Antragsprüfung kann es direkt mit der Umsetzung und dem Weg in die digitale Welt losgehen. Die maximale Fördersumme beträgt 50.000 Euro pro Unternehmen – bei Beteiligung an einem Wertschöpfunsgnetzwerk kann die Summe auf bis zu 100.000 Euro erhöht werden. Was kann gefördert werden? Das Förderprogramm des Bundesministeriums enthält zwei verschiedene Module: FÖRDERMODUL 1: INVESTITION IN DIGITALE TECHNOLOGIEN Das Modul „Investition in digitale Technologien“ unterstützt Investitionen in Soft- und Hardware – insbesondere für die interne und externe Vernetzung eines Unternehmens. Dazu gehören unter anderem: - Datengetriebene Geschäftsmodelle - Apps oder Online Shops - Künstliche Intelligenz - Cloud-Anwendungen - Big Data - Sensorik - 3D-Druck - IT-Sicherheit und Datenschutz FÖRDERMODUL 2: INVESTITION IN DIE QUALIFIZIERUNG DER MITARBEITER Das Modul „Investition in die Qualifizierung der Mitarbeiter“ unterstützt Unternehmen dabei, Beschäftigte im Umgang mit digitalen Technologien weiterzubilden. Dazu gehören Weiterbildungen und Schulungen zu den Themen: - Digitale Strategien - IT-Sicherheit und Datenschutz - Digitales Arbeiten und Basiskompetenzen Wer bereits eine Förderung über GO DIGITAL erhalten hat, kann die im Anschluss geplante Investition im Bereich Hard- und Software oder Mitarbeiterqualifizierung über DIGITAL JETZT bezuschussen lassen. Sie möchten mit erweiterten digitalen Kompetenzen wirtschaftlich neue Chancen wahrnehmen und die Digitalisierung Ihres Unternehmens aktiv vorantreiben? Gerne unterstützen wir Sie bei der Beratung, Planung und Durchführung Ihres Digitalprojekts oder unterstützen Sie bei Antragsstellung, Beratungsleistung und Projektumsetzung. get in touch Contact Robert Pichel Online Marketing Team-Lead

Neues BLUE MOON Führungsteam Ein galaktisch starkes Führungsteam Ein neues Kapitel beginnt: Herzlich Willkommen an Philipp – als unseren neuen Geschäftsführer und Leon als neuen Inhaber bei BLUE MOON. Mit galaktischer Freude verkünden wir, dass seit dem 1. Februar Philipp Grabolle als neuer Geschäftsführer der BLUE MOON CC GmbH an Bord ist, er ergänzt unser Geschäftsführer-Team. Seine Ankunft markiert einen kosmischen Wendepunkt für unser Unternehmen und wir heißen ihn in unserem Team herzlich willkommen. Außerdem freuen wir uns vermelden zu können, dass die Agentur auch weiter ein Familienunternehmen bleibt: Mit Leon Gilges übernahm Anfang April eine neue Generation das Zepter und bringt frischen Wind und neue Perspektiven auf den blauen Mond. Philipp bringt einen beeindruckenden Erfahrungsschatz aus seinen vorherigen Positionen bei der Agentur OMG FUSE und dem FC Schalke 04 mit. Sein wertvoller Beitrag hat bereits zu vielen neuen Ideen, verbesserten Arbeitsweisen und optimierten Strukturen geführt. Sein frischer Input hat unseren Workflow nicht nur effizienter gemacht, sondern auch unser Denken erweitert. Wir sind fest davon überzeugt, dass seine Expertise und seine Führungsqualitäten uns dabei helfen werden, noch erfolgreicher zu wachsen und unsere Ziele zu erreichen. Leon, Sohn unserer Gründerin Anita Gilges, bringt durch das Aufbauen seines E-Commmerce Food Start-ups moonbar viel Know How in den Bereichen Social Media und Online Marketing mit ein. Er ist bereits seit mehreren Jahren tatkräftig ein Vollzeit-Moonie und begeistert immer wieder unsere Kunden und Geschäftspartner mit seinem Ideenreichtum und seinem mitreißenden Spirit. Die Energie und Begeisterung, die Philipp und Leon in unser Teambringen, ist bereichernd und ansteckend und wir freuen uns sehr auf die Zusammenarbeit. Das BLUE MOON Führungsteam ist nun komplett: Gemeinsam mit Peter Lütkenhaus und Robert Pichel werden Philipp und Leon die zukünftigen Herausforderungen meistern und BLUE MOON auf neue Missionen führen. Mit so viel neuer Manpower und frischen Impulsen blicken wir als Agentur gespannt und zuversichtlich in die Zukunft – Zusammen mit Ihnen in fortlaufenden oder zukünftigen Projekten. get in touch Contact Leon Gilges Head of New Business",8899,8899,18,"[""https://www.bluemoon.de/agentur/karriere"", ""https://www.bluemoon.de/karriere"", ""https://www.bluemoon.de/lexikon/leitbild"", ""https://www.bluemoon.de/"", ""https://www.bluemoon.de/lexikon/event-management"", ""https://www.bluemoon.de/agentur"", ""https://www.bluemoon.de/blog"", ""https://www.bluemoon.de/blog/hochwertiger-print-newsletter-fuer-energiedienstleister"", ""https://www.bluemoon.de/lexikon"", ""https://www.bluemoon.de/lexikon/newsletter"", ""https://www.bluemoon.de/lexikon/pressemappe"", ""https://www.bluemoon.de/news"", ""https://www.bluemoon.de/news/newsroom"", ""https://www.bluemoon.de/pressemitteilungen/dreifach-gold-fuer-blue-moon-neusser-brand-agentur-glaenzt-bei-den-german-stevie-awards"", ""https://www.bluemoon.de/pressemitteilungen/employer-branding-und-recruiting"", ""https://www.bluemoon.de/pressemitteilungen/glow-up-fuers-blue-moon-space"", ""https://www.bluemoon.de/pressemitteilungen/neue-digital-foerderung-fuer-den-mittelstand"", ""https://www.bluemoon.de/pressemitteilungen/neues-blue-moon-fuehrungsteam""]","[""careers_employer"", ""careers_employer"", ""family_values"", ""homepage"", ""management_leadership"", ""news_press"", ""news_press"", ""news_press"", ""news_press"", ""news_press"", ""news_press"", ""news_press"", ""news_press"", ""news_press"", ""news_press"", ""news_press"", ""news_press"", ""news_press""]",1,96,96,18,True,18,0,0,0,8899,0,0,0,de,True,,de,True,high,
c956bd4e-2b8a-4c48-8780-c187587f46b3,1,BLUE MOON COMMUNICATION CONSULTANTS GMBH,pre_event,include,"Werde Teil des Blue Moon-Teams Sende uns Deine aussagekräftige Bewerbung an bewerbung[at]bluemoon.de oder bewirb dich unkompliziert und einfach direkt über unser Blue Moon Bewerbungsformular! Wir suchen Dich – ab sofort: VOLONTÄR*IN PR UND MARKETING W/M/D Kein passender Job für Dich dabei? Kein Problem – sende uns gerne Deine überzeugende Initiativbewerbung und zeige uns, dass wir Dich brauchen. Werbeagentur BLUE MOON Friedrichstraße 8 D-41460 Neuss | Telefon: +49 2131 66156-0 E-Mail: bewerbung@bluemoon.de Fax: +49 2131 66156-66 | Wer sind wir? Erfahre hier mehr über uns! BLUE MOON ZEICHNET SICH DURCH FOLGENDE WERTE AUS: WEITERBILDUNG Bei BLUE MOON finden regelmäßig Seminare, Webinare, Schulungen und Lunch-Sessions statt. Aber auch die individuelle Fortbildung wird großgeschrieben. Durch vielfältige Weiterbildungsmöglichkeiten, sowohl intern als auch extern, bleibst Du immer auf dem neusten Stand und hast die Möglichkeit, Dich fachlich und persönlich weiterzuentwickeln. TEAMARBEIT Wir verstehen uns als Team. Unsere regelmäßigen After-Work-Events sorgen auch nach der Arbeit für beste Unterhaltung – ob bei der Escape-Room-Challenge, dem Essen auf dem Fernsehturm oder bei entspannten After-Work-Drinks. Umso lieber geht man dann auch am nächsten Tag ins Office. Beim wöchentlichen After-Work-Sport motiviert uns unser Fitness-Coach Christoph fit und gesund zu bleiben. UNTERNEHMENSKULTUR Unsere offene Unternehmenskultur mit flachen Hierarchien sorgt für eine reibungslose Kommunikation und einen kontinuierlichen Austausch der Abteilungen. Du übernimmst wie jeder andere der 20 Kolleginnen und Kollegen anspruchsvolle und abwechslungsreiche Projekte. Außerdem kannst Du Deine Ideen bei uns in die Tat umsetzten. SNACKS & DRINKS Bei uns verhungert und verdurstet niemand! Wasser und Softdrinks, Tee und Kaffee sowie die wöchentlichen Obstkiste sorgen für das leibliche Wohl. Ein Sozialraum mit Küche und Mitarbeiterkühlschrank sowie gemütlicher Sitzecke sorgt für Raum zur Entspannung. Bei den regelmäßigen Lunch-Sessions spendiert die Agentur ein leckeres Mittagessen. WORK-LIFE-BALANCE 9 bis 18 Uhr und jeden Tag im Büro sitzen war gestern – wir bieten Dir flexible Arbeitszeiten und die Möglichkeit, bei Bedarf aus dem Home-Office zu arbeiten. Du hast zwar weiterhin Deinen festen Arbeitsplatz im Büro, kannst aber auch von zu Hause aus arbeiten. Wir achten auf eine ausgewogene Work-Life-Balance und machen die optimale Verbindung von Familie und Arbeit individuell möglich. FUNDIERTE AUSBILDUNG Besonders stolz sind wir auf unsere fundierte Ausbildung zum Marketing- und PR- und Social-Media-Beratern. Hochschulabsolventen werden innerhalb von 18 Monaten zu echten Marketing-Experten ausgebildet. Dabei arbeiten sie an eigenen Projekten, durchlaufen alle Abteilungen unseres Unternehmens und erhalten so den 360-Grad-Blick auf das Marketing.

Booste deine Karriere Werde Moonie und erobere die Zukunft Booste deine Karriere: Dein Start in der Agentur für Branding, Online Marketing, PR und Social Media Du bist neugierig. Hungrig. Du begeisterst dich für Kommunikation, für digitale Kanäle und Teamwork. Du steckst voller Ideen und willst dir die neuesten Tools aneignen, um sie Realität werden zu lassen. Dann haben wir eine gute Nachricht für dich: Das Raumschiff für deinen Karriere-Quantensprung steht schon bereit. Die Tanks sind voll, der Kurs ist gecheckt, die Crew ist bereit. Starte mit uns durch – in die endlose Vielfalt der Marketing-Galaxis. Stellenangebote: gehe mit BLUE MOON auf Mission Grafikdesigner (m/w/d) mit Schwerpunkt Video- & Post-Produktion Wir suchen eine/einen Grafikdesigner (m/w/d) mit Schwerpunkt Video- & Post-ProduktionDeine Mission Booste deine Karriere! Als Grafikdesigner (m/w/d) mit Schwerpunkt Video-Produktion & Post-Produktion bei BLUE MOON entwickelst du kreative Content Storytelling... Social Media Junior Consultant (m/w/d) Wir suchen eine/einen Social Media Junior Consultant (M/W/D)Deine Mission Booste deine Karriere: Als Social Media Junior Consultant (m/w/d) bei BLUE MOON verwirklichst du Social Media Kampagnen von B2C- und B2B-Brands in Themenfeldern wie Energiewende, Nachhaltigkeit,... PR Consultant (M/W/D) Wir suchen eine/einen PR CONSULTANT (M/W/D)Deine Mission Booste deine Karriere als PR Consultant (m/w/d) in einer national wie international etablierten Full Service Agentur für PR und Marketing! Zur Verstärkung des Teams suchen wir eine kreative, engagierte und... Inside BLUE MOON: Entdecke unsere Teams Von Trainee bis Senior, von Art Director bis IT Consultant: In unseren Teams kannst du Maßstäbe in allen Marketing-Disziplinen setzen. PR & Marketing Strategische Kommunikation aus einem Guss – national, international, intergalaktisch: Unsere PR- und Marketing-Teams führen Kunden in neue Marketing-Welten. Social Media Wo die Marke zur Influencerin wird: Mit verrückten Ideen, knallharten Zahlen und eigenem Filmstudio sorgen unsere Social Media Profis für interstellare Reichweiten. Grafik Design Wahre Kunst in allen Dimensionen: Ob 3D, 2D, bewegte Bilder oder zeitlose Corporate Designs – unserem Designer-Team geht der Kreativ-Treibstoff nie aus. IT & Webdesign Mit Quantensprüngen durch die Marketing-Galaxis navigieren: Dafür sorgt unser Digital-Team – mit modernsten Lösungen, die technische Raffinesse und perfekten Look verbinden. Weiterbildung: Willkommen in der Moon Fleet Academy Wir sind keine Phrasen-Fans, aber es stimmt halt: „Man lernt nie aus“ – schon gar nicht in unserer Branche, in der ständig neue Trends und Technologien die Entwicklungen bestimmen. Deshalb bilden wir dich bei BLUE MOON konsequent weiter. Von Trainee bis Senior – mit externen Seminaren, Inhouse-Veranstaltungen und vielen weiteren Maßnahmen bleibst du am Puls der Zeit. Entdecke die Moon Fleet Academy – gerne auch als duale*r Student*in! Unsere Mission. Deine Chance. An Herausforderungen mangelt es nicht auf dieser Welt. Zum Glück gibt es unzählige mittelständige Unternehmen die raffinierte Lösungen und brillante Innovationen dafür entwickeln. Hilf uns dabei, diese Unternehmen und ihre Produkte bekannter zu machen – in unserem Team, das auf starken Werten fußt: Hier kennt jede*r jede*n – und alle helfen sich gegenseitig aus: Unser crossmediales Team arbeitet, entwickelt sich und feiert auch gemeinsam. Als unabhängige, inhabergeführte Agentur profitieren wir seit über 20 Jahren von einer nachhaltigen Wachstums- und Erfolgsstrategie. Immer dazulernen und die Chance in jeder Innovation erkennen: So eignen wir uns pausenlos die neuesten Methoden an. Benefits - was wir bieten! Permanente Weiterbildung Raum für Eigeninitiative Kleine, kollegiale Teams Modernstes Arbeitsumfeld Feel Good Management Team Events Flexibles Arbeiten 30 Tage Urlaub Home Office Agenturhunde willkommen der recruiting prozess Deine Bewerbung – komm in unseren Orbit Du willst Weltraumluft schnuppern? Dann schick uns deine Bewerbung. Du kannst dich entweder auf eine ausgeschriebene Stelle oder initiativ bewerben. Nach einem erfolgreichen Check deiner Unterlagen geht es auch schon los in den nächsten Schritt. Erstes Kennenlernen – first contact Die ersten Astronauten triffst du bei einem 30-minütigen (Video) Call. Hier lernen wir dich kennen und du uns. Alles, was du wissen möchtest und dir wichtig ist, kannst du jetzt deinen künftigen Mission Commander (oder auch Teamleiter) und die HR fragen. Probearbeitstag – dein erster moonwalk Nach einem positiven Eindruck im Online Call laden wir dich auf deine erste Mission ein. Dabei machst du dich mit deinen zukünftigen Kollegen und unserer Raumstation hier in Neuss bekannt. Du lernst unsere Branchen, in den wir unterwegs sind, kennen und spannende Aufgaben aus unserem Arbeitsalltag warten auf dich. Am Ende des Tages gibt es eine Feedback-Runde, bei der du uns deine ersten Eindrücke vom Blauen Mond schilderst. Follow Up Im Anschluss an den Probetag lassen wir gemeinsam mit dir, in einem Ground Control Call, den Tag nochmal Revue passieren. Hier können auch letzte Fragen geklärt werden und wir besprechen alles Weitere. Happy Landing auf dem blauen Mond – Mission completed! Willkommen im Team, die Astronauten freuen sich schon auf dich! Beim Onboarding lernst du alles rund um die Agentur und unsere Prozesse kennen und startest nach und nach in deine ersten Projekte.

Unter dem Begriff Leitbild versteht man die komprimierte Formulierung der Unternehmenspolitik und der Corporate Identity. Das Leitbild umschreibt in einfacher, leicht verständlicher Form Unternehmenszweck, -ziele und Verhaltensgrundsätze der Unternehmensführung gegenüber dem internen und externen Umfeld. Es beinhaltet die Unternehmensphilosophie und bildet somit die Grundlage der Management-Denkhaltung und die Werthaltung der Führungskräfte. Zugleich ist es Spiegelbild der Unternehmenskultur und Verhaltenskodex der Unternehmensangehörigen. Leitbilder dienen der Ausrichtung und Motivation aller Mitarbeiter. Entscheidend ist, dass sie nicht nur dokumentiert, sondern von Führungskräften kommuniziert und vorgelebt werden. Leitbilder dienen dem Erreichen der Unternehmensziele und müssen im Unternehmensalltag Tag für Tag mit Leben gefüllt werden. A-C D-F G-I J-L M-O P-R get in touch

BLUE MOON – die Werbeagentur für Ihren Markenerfolg Zünden Sie mit uns die nächste Stufe! Wir machen Werbung, die fliegt. Als Full Service Werbeagentur in Neuss bei Düsseldorf kümmern wir uns um alles, was Ihre Marke sichtbar macht: digital, analog und international. Wir machen alles und zwar mit Leidenschaft und Kompetenz: Ob internationale PR, Werbung, Grafik Design, Webapplikationen, 3D-Animation, Filmproduktion, Online-Marketing, Events, Kongresse oder Social Media. Sie bekommen einen festen Ansprechpartner mit einem interdisziplinären Team, anschließend messbare Ergebnisse. Wir machen die Arbeit. Sie heben ab. Versprochen! BLUE MOON: effizient, inspirierend, servicestark für Ihren Erfolg. Werbung // EVENTS // International und hybrid: Kongress für die Stadt Essen Werbung // ONLINE // UNFOREIGN SIGNALS: BLUE MOON AKTUELL. Quo Vadis Social Media in der SHK-Branche? BLUE MOON befragte 40 Unternehmen – Das neue Whitepaper zur großen Umfrage Hunderte von namhaften Unternehmen aus der SHK-Branche (Sanitär, Heizung, Klima) versammelt an einem Ort – das gab es schon lange nicht mehr. Das ließen sich unsere Expertinnen und Experten vom blauen Mond bei der Fachmesse ifh in Nürnberg nicht entgehen und nutzten die Gelegenheit für eine spannende Umfrage. Auf die Farben, fertig, bunt! – BLUE MOON organisiert kreatives Blogger-Event in Düsseldorfer Kita DIE ARCHE Je bunter, desto besser! So lautete das Motto beim Kreativ-Event in der Düsseldorfer Kindertagesstätte DIE ARCHE, das die Expert*innen vom blauen Mond für den Farbhersteller Rust-Oleum organisierten. Gemeinsam mit drei kreativen DIY- und Family-Bloggerinnen durften die Kita-Kids einen ganzen Tag lang die Pinsel … BLUE MOON – Ihre Experten für Werbung Full Service – alles aus einer Hand Um eine Zielgruppe optimal zu erreichen, muss Werbung ganz genau auf diese zugeschnitten sein. Das erfordert Empathie und ein besonderes Fingerspitzengefühl für Produkte, Dienstleistungen und die Bedürfnisse potenzieller Käufer. Werbung ist für unsere BLUE MOON-Experten kein Buch mit sieben Siegeln. Als Werbeagentur aus Neuss in der Nähe von Düsseldorf verfügen wir über langjährige Erfahrungen, die bestmögliche Werbestrategie zu kreieren. Wir produzieren und positionieren für Sie Anzeigen online und offline, stellen Plakatwerbung und produzieren Clips für Radio und TV. Durch ein gut ausgebautes Partnernetzwerk ist es uns möglich, ganz individuell auf die Wünsche und Bedürfnisse unserer Kunden einzugehen und auch ausgefallene Ideen in die Tat umzusetzen. Werbung // Marketing // BLUE MOON – Marketingexperten national und international Vertriebsorientiertes Marketing für mehr Umsatz Von der strategischen Neupositionierung über den systematischen Markenaufbau bis zur operativen Umsetzung einzelner Marketing-Maßnahmen begleiten wir Ihren Marktauftritt und die Marktbearbeitung. Dazu greifen wir auf einen großen Pool ausgewiesener Experten zurück – wenn Sie es wünschen, in allen wichtigen Märkten der Welt. Denn unser Partner-Netzwerk öffnet Ihnen die Tore zu den internationalen Geschäftsplätzen. BLUE MOON – Konzepte für seriöses Online-Marketing Content ist King – zu viel Content nervt Auch im Bereich Online-Marketing beraten wir unsere Kunden ganzheitlich: Ob Internet, Social Media, Suchmaschinenoptimierung (SEO), google Adwords (SEA), Videos und mehr – als Experten für Online-Marketing sind wir Ihr Partner in diesem Segment. So berücksichtigen wir bei der Webseitengestaltung und Programmierung von Anfang an die Funktionalität der Suchmaschinenoptimierung und des Online-Marketings. Denn mit einer reinen Präsenz ist es nicht getan – Ihr Unternehmen und Ihre Dienstleistungen müssen auch über den richtigen Content gefunden werden. So sorgen wir mit unseren Online-Marketing Maßnahmen für mehr Traffic auf Ihren Seiten, um mehr Umsatz zu erzielen. Online Marketing // PR // BLUE MOON – Ihre PR-Agentur für mehr Bekanntheit Public Relations – wir senden Ihre Botschaft in allen Kanälen Wortbalance und Kontinuität zeichnen seriöse PR-Arbeit aus. Nur ein Unternehmen, das fortlaufend von sich reden macht, zeigt, dass es ungeachtet von Konjunkturbarometern zu den Großen seiner Branche gehört. Bei BLUE MOON ist PR in besten Händen. Wir betrachten PR als das, was es wortwörtlich bedeutet: Beziehungen zur Öffentlichkeit. Dabei zählt für uns jeder einzelne und jede spezifische Zielgruppe. Unsere Berater, Texter, Grafiker und Programmierer bauen Kommunikationsbrücken zu denen, die erreicht werden sollen. Damit PR keine Einbahnstraße ist, sondern in erster Linie Beziehungspflege. Events – durch das Ohr, unter die Haut, direkt ins Herz Eventorganisation, die Ihre Botschaft feiert Events positionieren Ihr Markenversprechen in Zeit und Raum, füllen es mit Leben. Events sprechen Menschen emotional an, schaffen Verbindungen über ein gemeinschaftliches Erlebnis. Events sind die Sternstunden im Jahreslauf und verdienen Ihre allergrößte Aufmerksamkeit. Wir geben Ihren Impulsen die gewünschte Richtung und Ihren Ideen konkrete Konturen. Ob Team Building oder Sommerfest, Konferenzen, Kongresse, Messen, Seminare und Networking-Veranstaltungen – wir sorgen dafür, dass Ihr Event ein Erlebnis wird, das in guter Erinnerung bleibt. Social Media // Social Media – sichtbar und reichweitenstark auf Instagram, Pinterest & Co. Wir sorgen dafür, dass Ihnen die Herzen zufliegen Jeder sendet – jederzeit und alles, auf allen Kanälen. Filter gibt es nur mit Blick auf die Optik, nicht aber für den inhaltlichen Gehalt. Wahr scheint, was gefällt und wenn nicht: wütendes Emoji. Die Welt der Sozialen Medien ist schrill, schnell und nicht immer rational. Aber: Ihre Kunden sind genau dort – als Menschen, mit ihren Gefühlen und Interessen. Wir führen Sie zusammen – in den exakt den Kanälen, die sich für Ihr Angebot eignen, mit Kampagnen, die Ihre Kunden lieben. Sie setzen die Ziele. Wir steuern sie an. BLUE MOON – Ihre Experten für Internationale PR Internationale PR für den Mittelstand Internationale PR mit BLUE MOON: Erfolgreich mit Ihrer PR durchstarten – dabei stehen wir professionell an Ihrer Seite. Die Anforderungen an internationale PR sind facettenreich. Unternehmen müssen zu jeder Zeit in der Lage sein, in einer angemessenen Weise zu agieren und zu reagieren. Effizienz und Effektivität der internationalen PR stehen dabei im Fokus. Bei BLUE MOON haben wir die passende Antwort auf diese Anforderungen: Unsere internationale Herangehensweise an die PR weltweit ist interdisziplinär und mit bewährten Qualitätsstandards. Grafik Design // BLUE MOON – Ihre Profis für Grafik Design Design ist eine subtile Sprache aus Formen, Farben und Strukturen Ob Printmaterialien, multimediale Produkte oder Messeauftritte – bei Grafik Design legen wir größten Wert auf medienübergreifende Einheitlichkeit als Voraussetzung erfolgreicher Markenführung. Die konkrete Umsetzung einzelner Maßnahmen geschieht dann im Spannungsfeld zwischen den verbindlichen Vorgaben des Corporate Designs auf der einen und dem kreativem Spiel mit der jeweiligen Aufgabenstellung auf der anderen Seite. In diesem Sinne erarbeiten wir mit dem Blick für das große, harmonische Ganze vollständige Corporate Designs mit Logoentwicklung, Festlegung von Gestaltungsrichtlinien, Geschäftspapieren, Beschilderungen, Broschüren, Websites – eben allem, was dazugehört. Werbeagentur BLUE MOON Friedrichstraße 8 D-41460 Neuss Telefon: +49 2131 66156-0 Fax: +49 2131 66156-66 Hier gelangen Sie zu unseren Datenschutzbestimmungen BLUE MOON – die Full Service Werbeagentur aus Neuss bei Düsseldorf Wer zielgruppengerechte Werbung möchte und dabei eine Werbeagentur in der Nähe von Düsseldorf sucht, landet automatisch bei BLUE MOON. Als Full Service Werbeagentur, bieten wir Ihnen stets intelligente Lösungen für jegliche Herausforderungen in der Werbung und Kommunikation. Dabei vereinen wir das Know-how unserer verschiedenen kreativen Köpfe und bieten Ihnen zahlreiche Leistungen von klassischer Werbung über Online-Marketing bis hin zu Corporate Design. Spezialisten aus unterschiedlichen Bereichen, wie Grafik Design, IT und nationaler und internationaler PR arbeiten hier gemeinsam an kreativen Kampagnen, vertriebsorientierten Marketingmaßnahmen, Imagebroschüren, Websites und PR. Das Team der Neusser Werbeagentur BLUE MOON ist stets über die neuesten Kommunikationstrends informiert und geht gemeinsam mit seinen Kunden individuelle und innovative Wege. Dabei ist es uns als Full Service Werbeagentur besonders wichtig, unseren Kunden beratend zur Seite zu stehen, damit sie im Kommunikations-Universum mit seinen zahlreichen Planeten wie Corporate Wording, Content Marketing, SEO oder SEA nicht den Überblick verlieren. Wir helfen Ihnen dabei, eine starke Marke aufzubauen und Ihre Botschaft auf allen Kanälen zu kommunizieren. BLUE MOON legt Wert auf eine vertrauensvolle und dauerhafte Zusammenarbeit mit seinen Kunden. Tag für Tag sind wir mit Leidenschaft für unsere Kunden nicht nur von unserer Homebase in Neuss bei Düsseldorf, sondern in ganz Deutschland und im Sinne der internationalen PR auch weltweit im Einsatz. Als Full Service Werbeagentur bieten wir unseren Kunden eine individuelle Betreuung durch ein konstantes Team, kreative Lösungen für aufsehenerregende Werbung und ein ansprechendes Grafik Design − alles aus einer Hand: von internationaler PR über Vertriebsmarketing bis zu Online PR. Wir sind Ihr Partner für einen eindrucksvollen Messeauftritt, aber helfen Ihnen auch dabei, über die eigene Website und auf den Social-Media Plattformen wie Facebook, Youtube, Twitter und Co. für Ihr Unternehmen zu werben. Was Sie auch vorhaben: Mit unserer langjährigen Erfahrung und tiefgreifendem Branchen-Know-how finden wir für Sie die die richtige Strategie und das passende Konzept für Ihre Werbung und PR! Unsere Kunden kommen aus den Bereichen SHK, Bauen & Wohnen, der Immobilienwirtschaft, Technik und zahlreichen anderen Branchen, in denen sie von unserer langjährigen Expertise und Erfahrung profitieren können. Lernen Sie uns kennen und folgen uns in die Weiten des Kommunikationsuniversums, denn mit BLUE MOON aus Neuss in der Nähe von Düsseldorf haben Sie eine Full Service Werbeagentur an Ihrer Seite, die Sie bei all Ihren Missionen tatkräftig unterstützt!

In zunehmendem Maße wünschen sich Unternehmen das Ungewöhnliche für eine aussagekräftige Präsentation in der Öffentlichkeit. Event-Kommunikation kann diesem Wunsch gerecht werden. In Zeiten von Dumping-Preisen und immer größerem Konkurrenzdruck hat Kundenbindung oberste Priorität. Ein Event mit Band und köstlichem Catering spricht den Kunden sicherlich an. Doch zu einer gelungenen und öffentlichkeitswirksamen Veranstaltung gehört mehr… Emotionale Ansprache Eine Produkteinführung oder die Profilierung des Unternehmens etwa vor dem Gang an die Börse ist willkommene Gelegenheit für ein Event. Dabei funktioniert eine derartige Veranstaltung nach einem einfachen, aber wirksamen Muster: Event-Kommunikation nutzt als wesentlichen Bestandteil die Emotion. Intelligent verpackte kommunikative Botschaften zielen direkt auf den Bauch und das Herz des Empfängers. Der Kopf ist durch die Vielzahl der rationalen Botschaften, die tagtäglich auf uns einprasseln mit der Selektion des Informations-Überangebotes beschäftigt. Im emotionalen Bereich ist dagegen noch Platz für eine entsprechende Ansprache. Strategisches Vorgehen ist dabei nichts desto trotz von zentraler Bedeutung. Welche Botschaften sollen überliefert werden, was soll sich bei den Gästen langfristig festsetzen und soll Kommunikation oder Information im Mittelpunkt stehen sind Fragen, die im Vorfeld geklärt werden müssen. Im Bereich der Erfolgkontrolle stützen sich Event-Veranstalter auf individuelle Befragungsraster, da die Standard-Tools der Wirkungsmessung nicht geeignet sind für Events. Durch Follow-up-Befragungen nach der Veranstaltung wird analysiert, ob die emotional vermittelte Botschaft zu einer stärkeren Markenbindung, zu einem Einstellungswandel gegenüber einem Unternehmen oder gar zu einem Kaufabschluss geführt hat. Event als Kommunikationsbaustein Ein Event allein dient dem Kunden meist nicht für eine zufrieden stellende Lösung seiner Kommunikationswünsche. Eine übergeordnete PR-Strategie im Bereich der klassischen Pressearbeit ist Grundvoraussetzung für die Wirksamkeit weitergehender Maßnahmen. Durch die Involvierung des Kommunikation-Bausteins „Event“ können Unternehmen dann die gewünschte Wirkung erreichen: einen Langzeitkontakt zu ihren Kunden. A-C D-F G-I J-L M-O P-R get in touch

BLUE MOON: DEINE FULL SERVICE WERBEAGENTUR. Familiär. Zuverlässig. State of the Art. Als unabhängige, familiengeführte Werbeagentur mit Sitz in Neuss bei Düsseldorf navigiert BLUE MOON seit 25 Jahren Kunden zum Marketing-Erfolg. Unsere vier eigenständigen Teams für PR, Social Media, Branding und Online Marketing bilden einen Kompetenz-Hub, der uns zur optimal aufgestellten Full Service Agentur für den Mittelstand macht. Unser Anspruch lautet: Wir MACHEN Weltmarktführer! Oder ganz konkret: Wir entwickeln und verwirklichen die Marketing-Strategie, die perfekt zu deinen Vertriebszielen passt. Da trifft es sich umso besser, dass wir seit mehr als zwei Jahrzehnten einen starken Fokus auf Kunden aus Mittelstand, Industrie und B2B legen. In Branchen wie Sanitär/Heizung/Klima, Bau, Elektrotechnik und Automotive sind wir bestens vernetzt und verfügen über tiefgreifendes technisches Verständnis. Mit unseren Kunden verbinden uns gemeinsame Werte. Seit Anita Gilges BLUE MOON im Jahr 2000 in der Region Neuss/Düsseldorf gegründet hat, agieren wir als unabhängiges Familienunternehmen. Statt auf „Hire & Fire“ setzen wir auf langfristige Mitarbeiterbindung und -entwicklung – unsere Kunden profitieren von festen, erfahrenen Ansprechpartnern. Wir passen uns jederzeit flexibel an Markttrends an und entwickeln unsere Kompetenzen permanent im Sinne unserer Kunden und Zielbranchen weiter. Sie sehen gerade einen Platzhalterinhalt von YouTube. Um auf den eigentlichen Inhalt zuzugreifen, klicken Sie auf die Schaltfläche unten. Bitte beachten Sie, dass dabei Daten an Drittanbieter weitergegeben werden. Mehr Informationen get in touch

BLUE MOON Blogging – freie Sicht auf das gesamte (Kommunikations-) Universum In unserem Blog berichten wir regelmäßig über Neuigkeiten, Praxistipps und Trends aus der Presse- und Öffentlichkeitsarbeit, Public Relations und Online-PR. Wir bloggen, was Sie wissen sollten, denn: wer einen weiten Horizont hat, sieht bis zum Horizont. Wer sich aber auf den Mond begibt, hat freie Sicht auf das gesamte Universum. Hochwertiger Print Newsletter für Energiedienstleister Immer wieder verfolgt uns in den letzten Jahren die Vorhersage des endgültgen Ablebens von Printpublikationen. Print sei tot, heißt es. Doch ist das wirklich so? Wir glauben nicht. Den Beweis – und ein herausragendes Leseereignis – liefert der halbjährlich... Blick hinter die Kulissen Individuelle und aussagekräftige Fotos sind für eine erfolgreiche Unternehmenskommunikation unverzichtbar. Ganz egal, ob es um Bildmaterial für eine Werbekampagne, den eigenen Internetauftritt, eine Broschüre oder den Einsatz in den sozialen Medien geht. Wir werfen... How to Sell Health Online Made in Germany lautet die Devise der drei Gründer*innen von Immunbar. Die drei Jungunternehmer sind mit ihren Produkten – individuell gestaltete Hygienemasken und ausgefallene, gesunde Snacks – genau am Puls der Zeit. Herzstück des Unternehmens ist ein modern... Aus- und Weiterbildung trotz Corona: Eine Investition in die Zukunft Die unmittelbaren wie auch lang- und mittelfristigen Auswirkungen der Corona-Krise stellen ganze Unternehmen, Arbeitgeber und Arbeitnehmer vor nie gekannte Herausforderungen. Doch der Arbeitsmarkt ruht nicht. Employer Branding sowie das Aufrechterhalten von... Kampagnenplanung 360° „Make it yours“ lautete das Motto der bundesweiten Marken- und PR-Kampagne für den amerikanischen Farbenhersteller Rust-Oleum. Für einen Zeitraum von drei Monaten konzipierte, plante und realisierte BLUE MOON ein umfassendes Maßnahmenpaket rund um die Farbprodukte für... AUS DEM AGENTURKOSMOS – BLUE MOON PODCAST Warum heißt Blue Moon eigentlich Blue Moon? Wir gehen der Gründungsgeschichte unserer Agentur auf den Grund und erfahren, was es mit dem Namen aus der Welt der Astronomie auf sich hat.

Immer wieder verfolgt uns in den letzten Jahren die Vorhersage des endgültgen Ablebens von Printpublikationen. Print sei tot, heißt es. Doch ist das wirklich so? Wir glauben nicht. Den Beweis – und ein herausragendes Leseereignis – liefert der halbjährlich erscheinende Print Newsletter rund um die Energieservices mehr|wärme und sonnen|strom der Stadtwerke Neuss. Onlinemedien sind in der heutigen Zeit unverzichtbar, schaffen Reichweite und ermöglichen eine extrem zielgruppenspezifische Ansprache – keine Frage. Doch die klassische Printpublikation bietet auch heute noch – in Zeiten von Social Media und überbordenden Onlinemedien – eine Möglichkeit, nachhaltig und effizient mit seiner Zielgruppe in Kontakt zu treten. Lang lebe das Printmedium Printprodukte – von außergewöhnlich gestalteteten Broschüren und Flyern über seriös aufbereitete Geschäftsberichte bis hin zu aufmerksamkeitsstarken Buch- oder Magazinveröffentlichungen – sind heute mehr denn je Imageträger und Interaktionsvermittler. Der große Vorteil der von vielen längst totgesagten Printpublikationen: die Beteiliung aller Sinne beim Lesen. Die Haptik qualitativ hochwertigen Papiers, der optische Einrdruck eines liebevoll gestalteten Layouts und das Rascheln von Papier – all diese Faktoren sorgen dafür, dass der/die Leser*in sich bewusster mit Inhalten auseinandersetzt und diese besser im Gedächtnis bleiben. Fazit: Das klassische Printprodukt ermöglicht eine effiziente und langfristige Vernetzung mit der Zielgruppe. Energiereiche Neuigkeiten Rund um die Energieservices mehr|wärme und sonnen|strom der Stadtwerke Neuss konzipiert, textet und gestaltet Blue Moon zweimal jährlich einen hochwertigen Print Newsletter. Das halbjährlich erscheindende, vierseitige Magazin informiert, unterhält und hinterlässt – dank herausragender Optik und der haptischen (Lese-) Erfahrung eines hochwertigen Produkts – einen bleibenden Eindruck. Bestandskunden werden über aktuelle Themen aus der Energiebranche, Neuigkeiten aus dem Unternehmen auf dem Laufenden gehalten und bekommen darüber hinaus regelmäßig einen Blick über den Tellerrand serviert. Persönliche Kundengeschichten, Themen rund um den Klimawandel und erneuerbare Energien sowie Expertentipps zum richtigen Umgang mit der Heizung bilden ein inhaltliches Gesamtpaket, das – eingebettet in ein aufmerksamkeitsstarkes Layout und eine sehr persönliche Ansprache – ein außergewöhnliches Leseerlebnis garantiert. Nina Zolper Autorin und Ansprechpartnerin Kontaktieren Sie uns:

LEXIKON RUND UM KOMMUNIKATION Unser Lexikon stellt dir Begriffe aus der BLUE MOON PR-Welt vor. Erfahre in unserem Lexikon, welche Instrumente du für deine Kommunikation benötigst und wie BLUE MOON dich dabei unterstützt. Digitalisierung SEM SEM ist die Abkürzung für Search Engine Marketing und umfasst den Teil des Online-Marketings, der alle Maßnahmen zur Gewinnung von Websitebesuchern über Suchmaschinen umfasst. Zum SEM gehören SEO (Search Engine Optimization) und SEA (Suchmaschinenwerbung). Ziel aller... Shitstorm Der Begriff Shitstorm beschreibt eine flutartig auftretende, große Menge an negativer Kritik auf sozialen Medien (Facebook, Twitter, Instagram, Blogs, öffentliche Plattformen, Kommentarbereiche auf Websites). Die öffentlich ausgeübte Kritik wird durch einen bestimmten... Keyword Keywords sind wichtige Schlüsselwörter oder Kombinationen von solchen innerhalb eines Textes. Die Verwendung dieser Schlüsselwörter ist vor allem für die Suchmaschinenoptimierung (SEO) wichtig, sodass Nutzern, die online nach bestimmten Themen suche, die relevanten... User Experience Die User Experience umfasst die gesamte Erfahrung / das Erlebnis eines Anwenders im Rahmen der Nutzung oder der Interaktion mit einem Dienst, einer Website oder einem Produkt im Bereich digitaler Medien. Die User Experience beschreibt die Qualität gemäß dem... Targeting Targeting, von englisch target (Ziel), bezeichnet die zielgruppenspezifische Ausrichtung von Maßnahmen im Online Marketing. Für eine erfolgreiche Targeting Strategie muss die Zielgruppe für die jeweilige Marketingmaßnahme zuvor so genau wie möglich bestimmt werden. Es... SEO Mit Hilfe von SEO (Search Engine Optimization) kann das Ranking einer Website, das diese bei einer organischen Suchanfrage eines Nutzers erreicht, optimiert werden. Ziel ist es, die Website so zu optimieren, dass sie von Suchmaschinen wie Google bestmöglich ausgelesen... SEA Die Abkürzung SEA steht für Search Engine Advertising und umfasst das Schalten von Anzeigen in Suchmaschinen sowie auf Werbeflächen von Suchmaschinenpartnern. Das bekannteste Beispiel für SEA sind Google Adwords. Die Anzeigen werden bei der Eingabe von zuvor... CPI / CPM Die Abkürzung CPI steht für Cost per Impression und beschreibt ein Bezahlmodell im Internet. Der Auftraggeber muss beim CPI-Bezahlverfahren für jeden Aufruf der Anzeige durch einen Nutzer zahlen. Es ist dabei nicht nachzuverfolgen, ob der Nutzer die Anzeige auch... Real Time Advertising Mit Real Time Advertising ist die Live-Versteigerung von Online-Werbeflächen gemeint. Dabei steht nicht mehr das Umfeld der Webseite, auf der das Werbebanner ausgespielt wird, sondern der individuelle Nutzer im Vordergrund. Mittels RTA wird zu jeder einzelnen... Retargeting Retargeting – auch Remarketing genannt – beschreibt ein Verfahren des Online Marketings, bei dem Websitenutzer markiert werden, um diese im Anschluss mit gezielter Werbung wieder anzusprechen. Ziel beim Retargeting ist es, Websitebesucher, die eine bestimmte Seite... Online Marketing Online Marketing (auch Internet- oder Webmarketing) beschreibt alle Marketing Maßnahmen eines Unternehmens, die online durchgeführt werden. Dazu gehört nicht nur das Schalten von Anzeigen auf Onlineauftritten von Zeitschriften und (Online-) Magazinen. Neben... Native Advertising Native Advertising ist eine Form von Werbung, die so gestaltet ist, dass sie nur schwer von redaktionellen Inhalten zu unterscheiden ist. Durch diese Form der Aufbereitung zieht Native Advertising die Aufmerksamkeit des Nutzers auf sich. Die Inhalte solcher Werbung... Microblogging Microblogging beschreibt eine bestimmte Variante des Bloggens, bei dem es – im Unterschied zu klassischen Blog – nicht darum geht, ein bestimmtes Thema ausführlich zu betrachten, sondern zu verschiedensten Themen in kurzer Zeit komprimierte Nachrichten zu beliebigen... Leads Ein Lead ist ein neuer Kontakt/Neukunde, der durch Online Marketing gewonnen wurde. Dazu gehören E-Mail-Adressen, Telefonnummern, Namen und Unternehmensnamen. Leads generiert man über direkte Kontaktanfragen, Anmeldungen im Newsletter oder durch ausgefüllte... Influencer Marketing Influencer Marketing – auch Multiplikatoren-Marketing genannt – ist ein Bereich des Online-Marketings. Diese Form des Marketings nutzt sogenannte Influencer als Multiplikatoren für unterschiedlichste Werbe- bzw. Unternehmensbotschaften. Influencer sind Akteure aus... Google Ads Google Ads sind via Google oder Google Partner-Seiten geschaltete Anzeigen. Es gibt unterschiedliche Arten von Anzeigen: Suchnetzwerk mit Displayauswahl Nur Suchnetzwerk Nur Displaynetzwerk Shopping-Kampagnen Video Apps Die Position auf der die Anzeige ausgespielt... Digitale Transformation Die digitale Transformation oder Digitalisierung bezeichnet einen fortlaufenden technologischen Veränderungsprozess von Gesellschaft und – vor allem in wirtschaftlicher Hinsicht - Unternehmen. Unternehmensinterne Abläufe werden im Zuge der digitalen Transformation... CPC Die Abkürzung CPC (alternativ PPC = Pay per Click) steht für Cost per Klick und beschreibt ein Bezahlmodell im Online-Marketing. Beim CPC zahlt der Auftraggeber nicht für das reine Ausspielen einer Werbemaßnahme im Internet, sondern erst dann, wenn ein Nutzer die... Cookie Der Begriff Cookies umfasst Daten eines Websitenutzers wie Login-Daten, Einkaufskorbdaten sowie Daten für personalisierte Daten, die lokal und zeitlich begrenzt auf dem Rechner gespeichert werden. So kann der Nutzer bzw. der Rechner immer wieder identifiziert werden.... Conversion Eine Conversion ist die Umwandlung eines interessierten Nutzers in einen handelnden Nutzer. Beispiele für Conversions auf einer Website sind unter anderem Newsletteranmeldungen, Produktkäufe, das Anklicken eines bestimmten Links, Downloads, Registrierungen oder das... Augmented-Reality Der Begriff Augmented Reality beschreibt eine technische Erweiterung der realen Welt. Im Gegensatz zur Virtual Reality taucht man hier nicht in eine vollkommen fremde, virtuelle Welt ein, sondern erhält über einen Bildschirm oder eine Brille zusätzliche Informationen... Social Media Soziale Medien (Social Media) bezeichnet die Gesamtheit digitaler Medien, Anwendungen und Technologien, mit deren Hilfe die Benutzer via Internet interagieren und selbst Inhalte gestalten können. Das Internet wird so zu einer Projektionsfläche miteinander vernetzter... Unternehmen Pitch Pitch heißt übersetzt aus dem Englischen „das Verkaufsgespräch“ und diese Übersetzung trifft den Kern des Vorgangs. Denn der Pitch ist eine Wettbewerbspräsentation, mit der eine Agentur oder eine Unternehmensberatung im Kampf um einen Etat, einen Klienten oder einen... Ordnung Ordnung ist das halbe Leben – aber wie schwierig es ist Ordnung zu schaffen und beizubehalten, erfahren wir täglich an unserem Arbeitsplatz. Die Suche nach Dokumenten und anderen Utensilien nimmt viel Zeit in Anspruch und im Laufe des Tages türmt sich auf dem... Mitarbeiterzeitschrift Die Mitarbeiterzeitschrift unterscheidet sich als Kommunikationsinstrument in Planung, Realisation und Wirkung von den digitalen Medien: In der Regel bildet ein fester Redaktionskreis die Schnittstelle zwischen Mitarbeitern und Management und gibt alle relevanten... Mitarbeitermotivation ""Dienst nach Vorschrift"" war bis vor kurzem ein Begriff, der meist Behörden und öffentlichen Ämtern angelastet wurde. Doch wie jüngst eine Studie des Gallup-Instituts zeigt, scheint sich die sinkende Arbeitsmoral auch zunehmend in Privatunternehmen breitzumachen. Laut... Leitbild Unter dem Begriff Leitbild versteht man die komprimierte Formulierung der Unternehmenspolitik und der Corporate Identity. Das Leitbild umschreibt in einfacher, leicht verständlicher Form Unternehmenszweck, -ziele und Verhaltensgrundsätze der Unternehmensführung... Intranet Ein Intranet ist ein Netz innerhalb eines Unternehmens, das nicht öffentlich zugänglich ist, sondern nur von einer festgelegten Gruppe von Personen genutzt werden kann. Über den Intranet-Server können die Mitarbeiter firmenrelevante Informationen zu jeder Zeit und von... Imagebroschüre Verständliche Unternehmensbotschaft Bevor Inhalt und Gestalt der Broschüre thematisiert werden, ist es wichtig, zunächst die Zielgruppe zu definieren. Stil der Texte, die Auswahl der Themen sowie das Layout sind abhängig davon, wer die Broschüre bekommen soll und wo... Employer Branding Der aus dem anglo-amerikanischen stammende Begriff des Employer Branding bezeichnet eine unternehmensstrategische Maßnahme, deren Wurzeln in Marketingkonzepten der Markenbildung liegen. Das Ziel der in den späten neunziger Jahren entstandenen Arbeitgebermarkenbildung... CRM Teil 1 CRM ist die Abkürzung für Customer Relationship Management und wird als eine alle Unternehmensbereiche übergreifende, IT-unterstützte Geschäftsstrategie verstanden. Mit der Annahme, dass in heutigen Unternehmensphilosophien das Kundenmanagement eine zentrale Bedeutung... Corporate Wording Hinter dem Begriff Corporate Wording verbirgt sich die definierte und bewusst eingesetzte Sprachwelt eines Unternehmens - von der Verwendung oder Vermeidung bestimmter Wörter über eine einheitliche Sprachregelung hin zur Tonalität und zum Stil von Texten, sei es bei... Corporate Identity Die Corporate Identity, wörtlich übersetzt die Unternehmensidentität, setzt sich zusammen aus dem Verhalten, der Kommunikation und dem Erscheinungsbild eines Unternehmens sowie seiner am Markt angebotenen Leistungen und Produkte. Durch die Entwicklung einer Corporate... Online Marketing Social Media Soziale Medien (Social Media) bezeichnet die Gesamtheit digitaler Medien, Anwendungen und Technologien, mit deren Hilfe die Benutzer via Internet interagieren und selbst Inhalte gestalten können. Das Internet wird so zu einer Projektionsfläche miteinander vernetzter... Online-PR Als Online-PR wird alles definiert, das an Öffentlichkeitsarbeit im Internet stattfindet. Das kann ein elektronisches Pressecenter auf der Internetseite des Unternehmens sein, Social Media Aktivitäten auf relevanten Plattformen sowie Einträge in Suchmaschinen oder... Newsletter Der Newsletter ist ein häufig angewandtes Instrument der externen Kommunikation. Unternehmensnachrichten werden redaktionell zusammengefasst und inhaltlich auf die jeweilige Zielgruppe abgestimmt – das können Journalisten, Mitarbeiter oder Kunden sein. Wurden die... Internet-Relaunch Der Begriff Internet-Relaunch bezeichnet die Überarbeitung eines bestehenden Internetauftritts, der einem veränderten Kundengeschmack, rechtlichen Ansprüchen, und unternehmens- und branchenspezifischen Besonderheiten genügen muss. Hierbei werden alle Bereiche der... Internet Seit Jahren ist das Internet aus dem Alltags- und Geschäftsleben nicht mehr wegzudenken, doch was genau ist es eigentlich? Der aus dem Englischen stammende Begriff des Interconnected Networks wird heute weitläufig mit Internet abgekürzt. Gemeint ist damit ein... Barrierefreiheit nach BITV Die Verordnung eines barrierefreien Internetauftritts ist eine Ergänzung des Behindertengleichstellungsgesetztes vom 27. April 2002. In der Barrierefreien Informationstechnik-Verordnung (BITV) heißt es demnach, dass durchgängig alle Inhalte im World Wide Web auch für... Marketing Wortgekringel Wortgekringel – über Floskeln und Füllwörter Goethe bringt es auf den Punkt: „Getretener Quark wird breit, nicht stark!“ Das ist eine der schönsten Regeln für gutes Schreiben. Breit wird ein Text, wenn der Schreiber in umständliche und formelhafte Sprache versinkt,... Marketing Der Begriff Marketing leitet sich aus dem englischen von „to market – Handel treiben“ her. Er bezeichnet eine „marktorientierte Unternehmensführung, die alle relevanten Unternehmensaktivitäten auf die Wünsche und Bedürfnisse von Anspruchsgruppen ausrichtet“ (Deutscher... Marke – Markenstrategie Ursprünglich hervorgegangen ist der Begriff ""Marke"" aus dem mittelhochdeutschen Wort marc, das für Grenze, Grenzland oder -linie steht. Die Definition lässt sich von dieser Übersetzung ableiten: Die Marke dient der Kennzeichnung eines Produktes oder einer... Guerilla-Marketing Guerilla-Marketing hört sich nach rücksichtslosen, aufdringlichen Werbeaktionen an. Tatsächlich war es in den Anfängen um 1965 eine auf Angriff ausgerichtete Strategie gegen Mitbewerber, die hauptsächlich von kleinen und mittelständischen Firmen gegen überlegene... Direktmarketing Gepflegte Adressdatenbank als Basis für den Erfolg Um den potenziellen Kunden neugierig auf das beworbene Produkt und das Unternehmen zu machen, bedarf es einer exakten Planung. Das Direktmarketing bietet viele Instrumente: Mailings, Wurfsendungen, Anzeigen mit Coupon... Crossmedia Crossmedia bezeichnet die Vernetzung verschiedener Medientypen, über die zentrale Inhalte, wie Unternehmens- oder Produktinformationen, kommuniziert werden. So werden den Kunden möglichst viele, unterschiedliche Informationskanäle angeboten, um die Botschaft zu... PR Redaktionsreise Bei einer Redaktionsreise besuchen das Management und der Pressesprecher eines Unternehmens die wichtigsten Journalisten in den jeweiligen Redaktionen. Der Redaktionsbesuch eignet sich, um den Kontakt zu den Fachmedien zu pflegen. Natürlich gilt: Niemals ohne... Pressemappe Die Pressemappe ist eine Zusammenstellung von Pressemeldungen, die Informationen zu Produkten, Personen und Services eines Unternehmens zu einem Paket bündelt. Die Mappe kann an Journalisten versendet oder bei Presseveranstaltungen überreicht werden. Die einzelnen... Pressekonferenz Pressekonferenzen - für viele Unternehmen ein Muss und zugleich eine Qual - für andere dagegen eine gute Gelegenheit zur Kontakt- und Imagepflege. Ist alles perfekt geplant und vorbereitet, stellen wir uns optimal dar, haben wir nichts vergessen? So mancher... Presseinformation Eine Presseinformation (PI) informiert die Medien schriftlich über Wissenswertes aus dem Unternehmen. Sie ist neben der Pressekonferenz das am häufigsten eingesetzte Instrument der Medienarbeit. Sie bietet schnelle Informationen und es gibt weniger Missverständnisse... PR-Konzept Ein gut durchdachtes PR-Konzept ist die wichtigste Grundlage für erfolgreiche Unternehmenskommunikation. Ziel ist die Planung und Durchführung von PR-Maßnahmen, die das Unternehmen am Markt positionieren und es unverwechselbar machen. Nach einer umfassenden Definition... PR-Anzeige Anzeigen, die meist mitten im redaktionellen Teil einer Zeitung oder Zeitschrift stehen und sich in ihren Gestaltungsmerkmalen (Schrift, Aufmachung usw.) kaum vom redaktionellen Umfeld unterscheiden, werden als redaktionelle oder PR-Anzeigen bezeichnet. Sie sind ein... PR vs. Werbung Ist PR die bessere Werbung? In Zeiten von Geiz-Ist-Geil-Kampagnen wird Kundenbindung immer schwieriger. Schnäppchenpreise und Discounts zerstören langsam gewachsene Beziehungen. Welche Maßnahmen sind geeignet, sich auf dem stark konkurrierenden Markt zu behaupten? Die... Politische PR Fakten statt Phrasen - Politische PR auf dem Prüfstand Noch nie bestand ein größeres Medieninteresse am verbissenen Ringen um die Stimmen wie im vergangenen Wahlkampf. Und nie zuvor war die Berichterstattung enger mit dem politischen Geschehen verwoben wie im... Personality PR Laut einer IBM-Studie sollen die Aufstiegschancen im Beruf vor allem von drei Faktoren abhängen: zu zehn Prozent von der Leistung bzw. Qualität der Arbeit, zu 30 Prozent vom hinterlassenen Eindruck und zu 60 Prozent vom Bekanntheitsgrad. Demzufolge bestimmt das Image... Online-PR Als Online-PR wird alles definiert, das an Öffentlichkeitsarbeit im Internet stattfindet. Das kann ein elektronisches Pressecenter auf der Internetseite des Unternehmens sein, Social Media Aktivitäten auf relevanten Plattformen sowie Einträge in Suchmaschinen oder... Medienresonanzanalyse Nachhaltige Erfolge erzielen: Die Medienresonanzanalyse - Eine gewinnbringende Investition in die Zukunft Gerade in Zeiten, in denen der Rotstift regiert, braucht es objektive Messergebnisse, um Erfolg oder Misserfolg der Medienarbeit darzustellen. An sich eine... Medien-Monitoring Die Wahrnehmung der medialen Umwelt sowie die Überprüfung des eigenen Images in der Presse sind wichtige Voraussetzungen für ein strategisches Unternehmensmanagement und eine effiziente Kommunikationsplanung. Medien-Monitoring, die professionelle Medienbeobachtung,... Krisen-PR ""Krise ist ein produktiver Zustand. Man muss ihm nur den Beigeschmack von Katastrophe nehmen."" - Max Frisch Krisen sind in der heutigen Kommunikationsgesellschaft normal und praktisch unvermeidbar. Entscheidend jedoch ist, wie man damit umgeht und dass die positiven... Interview Das Interview – personifizierte Unternehmensdarstellung Wer an der Spitze eines Unternehmens steht, wird früher oder später einmal in die Situation kommen, an einer Pressekonferenz teilzunehmen, einen Vortrag zu halten, oder ein Interview zu führen. Um hier nicht ins... Internationale PR Die fortschreitende Globalisierung sorgt nachhaltig für einen wirtschaftlichen und soziokulturellen Strukturwandel. Neue Märkte öffnen sich und werden nach und nach industriell erschlossen. Unternehmen müssen die Möglichkeit nutzen, auch ihre PR-Aktivitäten parallel... Exklusivbericht Exklusivberichte behandeln branchenspezifische Themen, die in Form von längeren Beiträgen wie Objektreportagen oder Fachartikeln veröffentlicht werden. Der Exklusivbericht erscheint dabei „exklusiv“ in einem speziellen Medium, wie etwa in einer Fachzeitschrift. Damit... Events Die Open Air Saison hat eröffnet. Endlich besteht wieder die Möglichkeit, Veranstaltungen im Freien durchzuführen. Im Folgenden haben wir für Sie die Essentials für ein gelungenes Event aufgeführt! Steigender Wohlstand verändert das Freizeitverhalten der Menschen. Die... Event-Management In zunehmendem Maße wünschen sich Unternehmen das Ungewöhnliche für eine aussagekräftige Präsentation in der Öffentlichkeit. Event-Kommunikation kann diesem Wunsch gerecht werden. In Zeiten von Dumping-Preisen und immer größerem Konkurrenzdruck hat Kundenbindung... Clipping Das Clipping (Ausschnitt) dient der Dokumentation von Medienberichterstattung und wird bei der Evaluation von Medienarbeit berücksichtigt. Eine reine Zusammenstellung mehrerer Clippings begrenzt die Evaluation auf quantitative Kriterien wie erreichte Auflagen bzw.... get in touch

BLUE MOON-News Für alle, die sich über BLUE MOON und interessante Trends aus PR und Werbung informieren möchten, sind hier richtig. Abonnieren Sie unseren Newsletter moontalk und lesen unsere Beiträge im Newsroom. Unsere Ansprechpartnerin für Journalisten ist Sonja Intze. Employer Branding und Recruiting Warum ein Karriereportal essentiell für die Weiterentwicklung eines jeden Unternehmens ist In Zeiten des Fachkräftemangels gewinnt das Employer Branding und Recruiting zunehmend an Bedeutung.Unternehmen müssen sich stärker als je zuvor positionieren und engagieren, um... Neues BLUE MOON Führungsteam Neues BLUE MOON Führungsteam Ein galaktisch starkes Führungsteam Ein neues Kapitel beginnt: Herzlich Willkommen an Philipp - als unseren neuen Geschäftsführer und Leon als neuen Inhaber bei BLUE MOON. Mit galaktischer Freude verkünden wir, dass seit dem 1. Februar... GLOW-UP FÜRS BLUE MOON SPACE Agentur Umgestaltung Kreative Atmosphäre durch zeitloses Corporate Building Ein Glow-up für unsere Agency! Wir haben visuell aufgerüstet und den Wänden unserer Agentur ein neues Design verliehen. Spiegelndes Plexi trifft auf matte Wände – zeitlos und reduziert... PRESSEKONTAKT Pressesprecher Leon Gilges BLUE MOON CC GmbH Friedrichstr. 8 41460 Neuss Tel.: +49 2131.6 61 56 – 56 Fax: +49 2131.6 61 56 – 66 Mail: l.gilges[at]bluemoon.de

Der BLUE MOON-Newsroom – News auf allen Kanälen Was tut sich in unserer Umlaufbahn? Das und viele andere interessante News rund um Werbung und PR bei BLUE MOON finden Sie hier. Lesen Sie unsere Presseinfos, Facebook-Posts und Blog-Beiträge, laden Sie sich unsere Publikationen herunter oder schauen Sie sich unsere Videos an. Pressemiteilungen und Beiträge Quo Vadis Social Media in der SHK-Branche? BLUE MOON befragte 40 Unternehmen – Das neue Whitepaper zur großen Umfrage Hunderte von namhaften Unternehmen aus der SHK-Branche (Sanitär, Heizung, Klima) versammelt an einem Ort – das gab es schon lange nicht mehr. Das ließen sich unsere Expertinnen und Experten vom blauen Mond bei der Fachmesse ifh in Nürnberg nicht entgehen und nutzten die Gelegenheit für eine spannende Umfrage. Showtime für Lichtspektakel in Dormagen Lichterfest: Ein helles Zeichen für die Mieter der Baugenossenschaft Dormagen! Gemeinsam mit dem renommierten Lichtkünstler Stefan Hollenberg haben die Marketingexperten von Blue Moon eine beeindruckende Lichtinstallation gegen die Dunkelheit der Zeit organisiert und... Die Big 8 des Handwerks: Mit SHK-Influencern zum Erfolg Social Media Marketing im Handwerk – wie soll das denn funktionieren? Die Experten vom blauen Mond sagen: Man muss nur wissen, wie und vor allem mit wem! Denn: Influencer-Marketing liegt auch für den SHK-Bereich total im Trend und ist eine hocheffektive Brand Boosting... Dreifach Gold für BLUE MOON: Neusser Brand-Agentur glänzt bei den German Stevie Awards Neuss, März 2021: Die Stevie Awards küren seit 20 Jahren weltweit herausragende Leistungen in der Marketing- und Unternehmenswelt. Bei der diesjährigen deutschen Ausgabe sticht die Full Service-Markenagentur BLUE MOON besonders hervor: Für ihre innovativen Kampagnen... It’s Showtime: Ein Erlebnis auf vier Rädern Starke PS für die stärkste Abwehr Deutschlands: Die Marketingexperten vom blauen Mond haben mal wieder groß aufgefahren. Bei der Darstellung der Expertise und modernsten Sicherheitsdienstleistungen der Protection One GmbH aus Meerbusch hat Blue Moon kurzer Hand... Erfolgsgeschichten in 45 Minuten: Die neuen Brand Booster Webinare Boosting Brands! Pünktlich zur Jahreshälfte zeigt das Markenversprechen der Experten vom blauen Mond geballte Marketingpower in einem neuen Format: Die Webinar Reihe „BRAND BOOSTER“ setzt in Sachen Wissens-Transfer auf echte Erfolgsgeschichten – den Auftakt... Empathisch kommunizieren im New Normal Raus aus dem Büro und rein ins Wohnzimmer – Ein Unternehmen zuverlässig aus dem Home-Office führen: Dazu gehört vor allem Arbeitsprozesse, Meetings sowie die vollständige Kommunikation aus der sozialen Distanz zu organisieren – extern und intern. Wir stehen zur... Gold-Award für digitales Vertriebsportal Besondere Leistungen – besondere Auszeichnungen. BLUE MOON freut sich auch in diesem Jahr wieder über eine erfolgreiche Teilnahme beim renommierten Wirtschaftspreis Stevie Awards. Dieses Mal sogar in gleich drei Kategorien: „Beste Website Energiewirtschaft“, „Beste... Teamgeist, Motivation & Weiterbildung in Krisenzeiten Fortbildungen, Teambuilding-Seminare und Firmenevents in Zeiten von Home-Office und Co.? Geht nicht, gibt’s nicht! Von Online-Webinaren oder digitalen Lunch-Sessions über virtuelle Teambuildingformate bis hin zu coolen App-Events – Auf dem blauen Mond haben Teamgeist,... Die stärkste Abwehr Deutschlands Schutz vor Einbrechern 24/7 – das ist die Kerndienstleistung der Protection One GmbH. Die Sicherheitsexperten sind Vorreiter und Marktführer in der 24h-Fernüberwachung mit Echtzeit-Intervention. Mit einer überzeugenden Erfolgsbilanz und einer Schadenverhinderungsquote... Publikationen Balanced Branding Für starke Marken: einzigartig, authentisch, ausgeglichen. PDF ansehen Corporate Social Responsibility Nachhaltig investieren, sozial überzeugen, wirtschaftlich gewinnen. PDF ansehen Mittelstandskommunikation Wir zeigen Ihnen auf, wie Sie sich Gehör verschaffen auf allen Kanälen und bieten Spitzenkommunikation für Exportweltmeister. PDF ansehen Employer Branding Erfolgreiches Recruitment – so mobilisieren Sie die Besten PDF ansehen Wohnungswirtschaft Das Full-Service-Angebot von BLUE MOON im Bereich der Wohnungswirtschaft gibt’s auf einen Blick in unserer Informationsbroschüre zur Wohnungswirtschaft. PDF ansehen Web & Social Media Strategien für virtuelle Erfolgsgeschichten PDF ansehen Imagebroschüre Wer wir sind und was wir machen – Antworten gibt’s in unserer Imagebroschüre. PDF ansehen Internationale PR Professionelle Pressearbeit über die Deutschen Grenzen hinaus? Mit BLUE MOON kein Problem! PDF ansehen Corporate Building Mit Corporate Building hat BLUE MOON ein Konzept entwickelt, welches das Firmengebäude durch grafische Gestaltung in Einklang mit dem Image Ihres Unternehmens bringt. Mehr dazu finden Sie in unserer Corporate Building-Broschüre. PDF ansehen Blue Moon Filme The Story of BLUE MOON Erleben Sie „The Story of BLUE MOON“: Seit 15 Jahren steht unsere Agentur für innovative Werbe-, PR- und Marketing-Maßnahmen, für ganzheitliche und weltweite Kommunikation. Zum Jubiläum zeigen wir Ihnen wichtige Stationen unseres Werdegangs – und schreiben diese Erfolgsgeschichte fort. Unser neuer Imagefilm ist online! Werfen Sie einen Blick hinter die BLUE MOON-Kulissen und lernen Sie uns noch besser kennen – in unserem neuen Imagefilm! Unser neuer Imagefilm 2015 ist online! Unser neuer Film zum Thema „Internationale PR“ ist online! Internationale Pressearbeit für den Mittelstand – aber wie? Blue Moon zeigt, wie es geht. Mit einem weltweiten Netzwerk Partneragenturen weltweit und einem erfahrenen Beraterteam kommunizieren wir mit Erfolg Ihre PR-Botschaften auch über die Landesgrenzen hinaus! Online PR in der Meerbar Auch BLUE MOON nahm dieses Jahr sportlich und war nicht nur auf vielen Messen und Kongressen präsent, sondern hatte im Oktober zu einer eigenen Veranstaltung zum Thema Online PR geladen. Hier finden Sie nun unser Video des Meerbar-Events. Rundgang durch die Agentur Durchstarten: Blue Moon steht für kreative Punktlandungen bei maximaler Anziehungskraft. Umrunden Sie die Erde auf unseren internationalen Kommunikationskanälen.

Die stärkste Abwehr Deutschlands Schutz vor Einbrechern 24/7 – das ist die Kerndienstleistung der Protection One GmbH. Die Sicherheitsexperten sind Vorreiter und Marktführer in der 24h-Fernüberwachung mit Echtzeit-Intervention. Mit einer überzeugenden Erfolgsbilanz und einer Schadenverhinderungsquote von 97,3% . Unter dem Slogan Die stärkste Abwehr Deutschlands ist jetzt eine Markenkampagne entstanden, die das Unternehmen und seine Dienstleistungen – vom Einbruchschutz bis hin zu Brandschutzsystemen – im Raum Düsseldorf nach ganz vorne bringt. Protection One – in Top-Form gegen Einbrecher. Für alle Düsseldorfer:innen und Anwohner:innen aus dem Umkreis dürfte das Sicherheitsunternehmen aus Meerbusch keine unbekannte Größe mehr sein. Eine multimediale Kampagne mit Motiven aus der Welt des American Football vermittelt die Kernbotschaft der Sicherheitsexperten: Mit Protection One schützen Unternehmer ihr Business zuverlässig und effektiv vor Einbruch und Diebstahl. Bleibt im Kopf: Videomarketing Vom Storyboard bis hin zum fertigen Videoclip – im Rahmen der Kampagne sind beeindruckende Videoclips entstanden, welche die Services der Sicherheitsexperten auf den Punkt bringen. Out of Home: Einprägsame Key Visuals Die Plakatierung im Raum Düsseldorf bringt die Sicherheitsexperten von Protection One groß raus. Im gesamten Stadtgebiet sorgen die großformatigen Plakatmotive für Aufmerksamkeit. Protection One „on Air“ Ein eingängiger Radiospot begleitet die Düsseldorfer Hörer:innen ebenso wie ein Verkehrspatronat beim Radiosender Antenne Düsseldorf und geht so garantiert ins Ohr. Sowohl die Entwicklung des Spots als auch die Organisation der Aufnahme in Zusammenarbeit mit dem Sender übernahmen die Marketingexperten von Blue Moon. Den Spot in ganzer Länge gibt es hier: Autor und Ansprechpartner Kontaktieren Sie uns:

Neuss, März 2021: Die Stevie Awards küren seit 20 Jahren weltweit herausragende Leistungen in der Marketing- und Unternehmenswelt. Bei der diesjährigen deutschen Ausgabe sticht die Full Service-Markenagentur BLUE MOON besonders hervor: Für ihre innovativen Kampagnen in Corona-Zeiten erhielt sie gleich drei Stevie Awards in Gold – ausgezeichnet wurde sie für eine Impfkampagne, eine Kreativaktion rund um COVID-19 und ein Roadshow-Konzept, das als Antwort auf ausfallende Messen und Events entwickelt wurde. Dass die Corona-Krise konstruktive Ideen und Lösungen fordert, steht außer Frage – ein Paradebeispiel zur Umsetzung hat BLUE MOON mit einer Impfkampagne für den Neusser Bürger-Schützen-Verein geliefert. Die crossmedialen Maßnahmen umfassten Out-of-Home-, Online- und Social-Media-Werbung, die mit einer Reichweite von fast 50 Millionen Kontakten weit über die Region hinaus Wirkung entfaltete. Diese Leistung wurde nun mit Gold in der Kategorie „Beste Marketingkampagne Non-Profit“ ausgezeichnet. „Wir freuen uns über diese Anerkennung, da wir als Neusser Agentur natürlich ein besonderes Verhältnis zu der Stadt und ihren Menschen haben – die Kampagne war daher ein echtes Highlight für uns und hat gezeigt, was ein Bündnis aus vielfältigen gesellschaftlichen Akteuren auf die Beine stellen kann“, so Geschäftsführer Robert Pichel. Statt Events: Ein Showtruck geht auf Tour Einfallsreich gestaltet sich auch die Maßnahme, die BLUE MOON für Protection One konzipierten – das Sicherheitsunternehmen mit Sitz in Meerbusch ist Marktführer für 24/7-Fernüberwachung mit Echtzeitintervention. Da es aufgrund der andauernden Corona-Maßnahmen für Interessenten kaum möglich war, diese Leistung auf Messen und Events kennenzulernen, brachte ein von BLUE MOON konzipierter Showtruck das Sicherheits-Erlebnis direkt zu ihnen. Begleitet von einem eigens produzierter Teaser-Film und weiteren Werbemitteln ging „Die stärkste Abwehr Deutschlands“ auf Tour und brachte so den potenziellen Kunden ihre Vision näher. BLUE MOON kann sich auch hier über einen Gold-Award in der Kategorie „Beste Marketingkampagne – Heimbedarf und Dienstleistungen“ freuen. Kreativ durch die Pandemie Aller guten Dinge sind drei – nahtlos anknüpfend geht es in kreativer Manier weiter: Den resilienzfördernde Wettbewerb „Kreativ durch Corona“ entwickelte BLUE MOON für die Mieter der Baugenossenschaft Dormagen eG. Gelebte Nachbarschaft und Solidarität sind Grundwerte der Genossenschaft, die aber im Lockdown nicht immer leicht umzusetzen waren. Der Wettbewerb lud die Mieter dazu ein, sich kreativ und reflektiert mit der Pandemie auseinander zu setzen – die eingesendeten Beiträge waren beeindruckend und reichten von Kunstwerken bis zu Gedichten. Ausgezeichnet wurde die Aktion als er Corporate Social Responsibility-Kampagne des Jahres. Ungewöhnliche Lösungen in ungewöhnlichen Zeiten Geschäftsführerin und Gründerin Anita Gilges freut sich über die Anerkennung: „Wir haben viel überlegt, wie wir trotz der herausfordernden Situation unsere Kunden bestmöglich unterstützen. Es gab eine solche Situation zuvor noch nicht und daher mussten schnell neue Lösungen her. Dass wir gleich mehrfach ausgezeichnet wurden, bedeutet für unser Team eine große Wertschätzung und zeigt, dass insbesondere in Krisenzeiten Werte wie Zuversicht, Mut und Zusammenhalt Großes bewirken können.“ Robert Pichel Autor und Ansprechpartner Kontaktieren Sie uns:

Employer Branding und Recruiting Warum ein Karriereportal essentiell für die Weiterentwicklung eines jeden Unternehmens ist In Zeiten des Fachkräftemangels gewinnt das Employer Branding und Recruiting zunehmend an Bedeutung. Unternehmen müssen sich stärker als je zuvor positionieren und engagieren, um qualifizierte Bewerber anzuziehen und zu halten. Ein zentraler Baustein in dieser Strategie ist ein eigenständiges Karriereportal, das potenzielle Bewerber gezielt anspricht und ihnen einen umfassenden Einblick in das Unternehmen bietet. Ein solches Karriereportal ermöglicht es, die Unternehmenskultur, offene Stellen und Entwicklungsmöglichkeiten optimal zu präsentieren. Unsere BLUE MOON Karriereseite macht vor, wie´s geht! Sie zeigt, wie Unternehmen durch eine ansprechende und informative Webseite deine Attraktivität als Arbeitgeber steigern können. Bei BLUE MOON entwickeln wir genau solche maßgeschneiderten Karriereportale für unsere Kunden. Diese Portale sind nicht nur ansprechend gestaltet und technisch auf dem neuesten Stand, sondern gewährleisten auch eine optimale Benutzerführung. Wir helfen Dir, Deine Employer Branding-Strategie zu stärken und die besten Talente für Ihr Unternehmen zu gewinnen. Profitiere von unserer Expertise und lass uns gemeinsam ein Karriereportal entwickeln, das deine Arbeitgebermarke ins beste Licht rückt und Dir hilft, den Fachkräftemangel erfolgreich zu meistern und die passenden Mitarbeiter zu finden und langfristig zu binden. get in touch Contact Leon Gilges Head of New Business

Glow-up fürs BLUE MOON Space Kreative Atmosphäre durch zeitloses Corporate Building Ein Glow-up für unsere Agency! Wir haben visuell aufgerüstet und den Wänden unserer Agentur ein neues Design verliehen. Spiegelndes Plexi trifft auf matte Wände – zeitlos und reduziert überzeugt der neue Look mit schlichten, inspirierenden Botschaften. Unsere Mission: Kreativität auf den ersten Blick, mit der sich unser Team jeden Tag aufs Neue identifiziert und sich unsere Kunden direkt in kreativer Atmosphäre wohlfühlen. Die Welt des Marketings und der Werbung ist im ständigen Wandel. In einer Branche, in der Innovation der Schlüssel zum Erfolg ist, war es an der Zeit, dass auch unsere Werbeagentur ein Makeover bekommt. Heute möchten wir dir einen exklusiven Einblick in unsere neue Agenturgestaltung geben. Wir wollten einen Raum schaffen, der die Kreativität unseres Teams fördert und die Zusammenarbeit im Team unterstützt. Das Design sollte modern, zeitlos und clean sein – mit schlichten aber starken Highlights an den Wänden ist es uns gelungen eine ästhetische Arbeitsatmosphäre zu schaffen, welche ausdrucksstark, gleichzeitig aber nicht zu aufdringlich oder ablenkend wirkt. Die Grundidee der Gestaltung basiert auf dem Zusammenspiel der Oberflächen der Materialien: glattes, spiegelndes weißes Plexi trifft auf raue, matte weiße Wände. >> Come in and boost your brand << Unsere neuen Wand-Highlights, sollen eine Geschichte erzählen und sich wie ein roter Faden durch die Agentur ziehen: So begrüßen wir unsere Kunden am Empfangsbereich mit den Worten „Come in and boost your brand“, in der Social Area des Social Media Teams schmücken Icons der verschiedenen Social Media Plattformen die Wand, in der Creative-Area präsentieren großflächige geometrischen Formen, die an das Design einer geodätischen Kuppel erinnern sollen, „the art of creativity“ unserer Grafik Abteilung und unser Besprechungsraum inspiriert bei Kundenmeetings mit „Visions. Ready for take-off“. Mit unserer neuen Agentur haben wir nicht nur unseren Arbeitsplatz, sondern auch unser kreatives Umfeld neugestaltet. Einen exklusiven und noch detaillierteren Einblick in unsere Agentur erhältst du im folgenden Video. get in touch Contact Juliane Beierle Social Media Team-Lead

Quo Vadis Social Media in der SHK-Branche? BLUE MOON befragte 40 Unternehmen – Das neue Whitepaper zur großen Umfrage Hunderte von namhaften Unternehmen aus der SHK-Branche (Sanitär, Heizung, Klima) versammelt an einem Ort – das gab es schon lange nicht mehr. Das ließen sich unsere Expertinnen und Experten vom blauen Mond bei der Fachmesse ifh in Nürnberg nicht entgehen und nutzten die Gelegenheit für eine spannende Umfrage. In 18 Fragen gehen wir dem Thema „Social Media im SHK-Bereich“ genaustens auf den Grund – alle Ergebnisse unserer Studie gibt es im neuen kostenlosen Whitepaper oder in der Süddeutsche Zeitung. Social Media Marketing im Handwerk? Dass das sehr wohl funktioniert, beweisen Influencer*innen wie Sandra Hunke und Bruno Frie. Doch wie steht es um die allgemeine Social-Media-Affinität der SHK-Unternehmen? Gehören Plattformen wie Instagram, Facebook und YouTube schon zum festen Bestandteil im Marketing-Mix, oder besteht hier noch Nachholbedarf? Um diese Fragestellung zu beantworten, führte BLUE MOON auf der Fachmesse ifh Nürnberg Ende April vor Ort und online eine große Umfrage durch. Dabei wurden die Antworten von rund 40 namhaften SHK-Unternehmen ausgewertet, die wertvolle Erkenntnisse über den Stellenwert der Sozialen Medien bei Herstellern von Heizungsanlagen, Bädern, Sanitärarmaturen und Co. liefern. So viel sei schon verraten: Noch sind die Budgets, die in Social Media investiert werden, überschaubar – doch es tut sich was! Fragen über Fragen – Wir haben die Antworten! Was ist das wichtigste Ziel der Unternehmensaktivitäten im Bereich Social Media? Welche Kanäle sind aktuell die relevantesten? Welche Themen werden auf Social Media kommuniziert? Welche Rolle spielen Brancheninfluencer*innen? Und wie verhält es sich wirklich um das Marketingbudget für die Sozialen Netzwerke? Diese und weitere spannende Fragen beantworten wir im neuen kostenlosen Whitepaper „Social Media in der SHK-Branche“. Ansprechend illustriert, unterstützen plakative Grafiken die Ergebnisse unserer Umfrage verständlich auf einen Blick. Eine klare Erkenntnis der großen ifh-Befragung: Die Professionalität im Umgang mit Social Media ist noch ausbaufähig – ein idealer Zeitpunkt also, um mit einer guten Social Media Strategie aus der SHK-Masse herauszustechen und alle relevanten Kanäle erfolgreich nach vorne zu fahren. Das gelingt am besten mit der Hilfe von ausgewiesenen Social Media Expert*innen. Sie möchten Social Media erfolgreich in Ihre Marketingstrategie einbinden? Unsere Marketingspezialist*innen vom blauen Mond beraten Sie gerne und bieten vollumfängliches Social Media Management auf galaktischem Niveau – sprechen Sie uns an! Die große Blue Moon SHK-Umfrage wurde als Mehrteiler ebenso in der Süddeutschen Zeitung veröffentlich. Mehr dazu hier: get in touch Contact Juliane Beierle Social Media Team-Lead",8747,8747,16,"[""https://www.bluemoon.de/agentur/karriere"", ""https://www.bluemoon.de/karriere"", ""https://www.bluemoon.de/lexikon/leitbild"", ""https://www.bluemoon.de/"", ""https://www.bluemoon.de/lexikon/event-management"", ""https://www.bluemoon.de/agentur"", ""https://www.bluemoon.de/blog"", ""https://www.bluemoon.de/blog/hochwertiger-print-newsletter-fuer-energiedienstleister"", ""https://www.bluemoon.de/lexikon"", ""https://www.bluemoon.de/news"", ""https://www.bluemoon.de/news/newsroom"", ""https://www.bluemoon.de/pressemitteilungen/die-staerkste-abwehr-deutschlands"", ""https://www.bluemoon.de/pressemitteilungen/dreifach-gold-fuer-blue-moon-neusser-brand-agentur-glaenzt-bei-den-german-stevie-awards"", ""https://www.bluemoon.de/pressemitteilungen/employer-branding-und-recruiting"", ""https://www.bluemoon.de/pressemitteilungen/glow-up-fuers-blue-moon-space"", ""https://www.bluemoon.de/pressemitteilungen/quo-vadis-social-media-in-der-shk-branche-blue-moon-befragte-40-unternehmen-das-neue-whitepaper-zur-grossen-umfrage""]","[""careers_employer"", ""careers_employer"", ""family_values"", ""homepage"", ""management_leadership"", ""news_press"", ""news_press"", ""news_press"", ""news_press"", ""news_press"", ""news_press"", ""news_press"", ""news_press"", ""news_press"", ""news_press"", ""news_press""]",3,288,288,16,True,16,0,0,0,8747,0,0,0,de,True,,de,True,high,
c956bd4e-2b8a-4c48-8780-c187587f46b3,1,BLUE MOON COMMUNICATION CONSULTANTS GMBH,event,include,"Wir suchen eine/einen Grafikdesigner (m/w/d) mit Schwerpunkt Video- & Post-Produktion Deine Mission Booste deine Karriere! Als Grafikdesigner (m/w/d) mit Schwerpunkt Video-Produktion & Post-Produktion bei BLUE MOON entwickelst du kreative Content Storytelling Konzepte für B2C- und B2B-Brands in Themenfeldern wie Energiewende, Nachhaltigkeit, Bau, Technologie und Fashion. Dabei drehst du zusammen mit unserem Social Media Team beim Kunden oder in unserem eigenen Filmstudio viralen Content und führst diesen in der Post-Produktion zum fertigen Clip. In einer der führenden Social Media & Branding Agenturen des Rheinlands arbeitest du mit einem jungen Team für Weltmarktführer ebenso wie für innovative Start Ups. Werde Moonie und verstärke unsere Crew! - Eine unbefristete Festanstellung - Ein begeistertes Team mit flachen Hierarchien und viel Teamspirit - Homeoffice und flexible Arbeitszeiten - 30 Tage Urlaub im Jahr - Modernste Ausstattung (Mac oder PC möglich) - Firmeneigenes Social Media Filmstudio - Vielfältige Team-Events, Weiterbildungs-Programme, Feelgood-Management und gute Work-Life-Balance - Eigenverantwortliche Mitarbeit bei abwechslungsreichen und herausfordernden Kundenprojekten - Abgeschlossene Ausbildung als Mediengestalter (m/w/d) oder Studium im Bereich - Grafikdesign/Mediengestaltung - Erfahrung in der Videoproduktion und im Videoschnitt - Lust auf die Interaktion mit Menschen, die vor Deiner Kamera agieren - Sicherer Umgang mit den Tools der Adobe Creative Cloud (Premiere Pro, After Effects, Photoshop, InDesign) - Kreativität, ein gutes Auge für Design und Trends - Strukturierte und eigenverantwortliche Arbeitsweise - Teamfähigkeit und eine offene, kommunikative Art Deine Aufgaben - Konzeption, Produktion und Post-Produktion von Social Media Videos für Instagram, TikTok und LinkedIn - Erstellung und Bearbeitung von statischen Layouts für Social Media, Print & Online - Entwicklung kreativer Content Storytelling Konzepte für verschiedene Marken - Sicherstellung eines einheitlichen Markenauftritts gemäß Gestaltungsrichtlinien - Motion Design und Animation für digitale Kampagnen - Enge Zusammenarbeit mit dem Branding und Social Media Team Bereit durchzustarten? Oder nutz einfach das Formular. Benefits - was wir bieten! Permanente Weiterbildung Raum für Eigeninitiative Kleine, kollegiale Teams Modernstes Arbeitsumfeld Feel Good Management Team Events Flexibles Arbeiten 30 Tage Urlaub Home Office Agenturhunde willkommen Inside BLUE MOON: Entdecke unsere Teams Von Trainee bis Senior, von Art Director bis IT Consultant: In unseren Teams kannst du Maßstäbe in allen Marketing-Disziplinen setzen. PR & Marketing Strategische Kommunikation aus einem Guss – national, international, intergalaktisch: Unsere PR- und Marketing-Teams führen Kunden in neue Marketing-Welten. Social Media Wo die Marke zur Influencerin wird: Mit verrückten Ideen, knallharten Zahlen und eigenem Filmstudio sorgen unsere Social Media Profis für interstellare Reichweiten. Grafik Design Wahre Kunst in allen Dimensionen: Ob 3D, 2D, bewegte Bilder oder zeitlose Corporate Designs – unserem Designer-Team geht der Kreativ-Treibstoff nie aus. IT & Webdesign Mit Quantensprüngen durch die Marketing-Galaxis navigieren: Dafür sorgt unser Digital-Team – mit modernsten Lösungen, die technische Raffinesse und perfekten Look verbinden.

Wir suchen eine/einen PR CONSULTANT (M/W/D) Deine Mission Booste deine Karriere als PR Consultant (m/w/d) in einer national wie international etablierten Full Service Agentur für PR und Marketing! Zur Verstärkung des Teams suchen wir eine kreative, engagierte und präsentationsstarke Persönlichkeit, die sich mit Selbstvertrauen und Eigeninitiative einbringt. Lust auf Eigenverantwortung, Mut zur Kreativität und volle Einsatzbereitschaft für den Kunden in einem kollegialen und respektvollen Miteinander vereinen unsere Erwartungshaltung und Deinen Anspruch an eine erfüllende und zukunftsorientierte Beschäftigung. Werde Moonie und verstärke unsere Crew! Deine Benefits - Unbefristete Festanstellung - Homeoffice und flexible Arbeitszeiten - 30 Tage Urlaub - Spannende, vielseitige Projekte mit viel Raum für Eigenverantwortung und Kreativität - Flache Hierarchien in einem kreativen, kompetenten Team - Qualifizierte, kontinuierliche Weiterbildung mit individueller Schwerpunktsetzung - Modernste, crossmediale Marketing-Tools, z. B. in der Medienresonanzanalyse Dein Profil - Ein abgeschlossenes Studium der Kommunikations-, Geistes-, Medien- oder Wirtschaftswissenschaften, gerne auch Quereinsteiger aus anderen Studienrichtungen mit PR-Praxis - Sehr gute redaktionelle Kenntnisse und ansprechender Schreibstil - Beratermentalität - Erfahrung im Umgang mit Kunden und Journalisten - Gute Englischkenntnisse - Schnelle Auffassungsgabe, ideenreiche Begeisterungsfähigkeit und eine Can-Do-Mentalität - Souveränes Auftreten und mitdenkende Herangehensweise - Teamorientierung mit Spaß und Freude an der Kommunikation - Kreative Zusammenarbeit mit PR-, Social Media-, Grafik- und IT-Expert*innen Deine Aufgaben - Strategische Kundenberatung und -betreuung - Konzeption, Steuerung und Evaluation von PR- und Marketing-Kampagnen - Entwicklung, Präsentation und Umsetzung von Kommunikations- und Marketing-Konzepten - Verfassen und Lancieren von redaktionellen Texten wie Presseinformationen, Fachartikel, Web- und Social Media-Content - Steuerung crossmedialer Projekte in Zusammenarbeit mit Grafikern, Web-Designern, Social Media-Managern und Videografen - Zeit-, Kapazitäts- und Kostenplanung Bereit durchzustarten? Oder nutz einfach das Formular. Benefits - was wir bieten! Permanente Weiterbildung Raum für Eigeninitiative Kleine, kollegiale Teams Modernstes Arbeitsumfeld Feel Good Management Team Events Flexibles Arbeiten 30 Tage Urlaub Home Office Agenturhunde willkommen Inside BLUE MOON: Entdecke unsere Teams Von Trainee bis Senior, von Art Director bis IT Consultant: In unseren Teams kannst du Maßstäbe in allen Marketing-Disziplinen setzen. PR & Marketing Strategische Kommunikation aus einem Guss – national, international, intergalaktisch: Unsere PR- und Marketing-Teams führen Kunden in neue Marketing-Welten. Social Media Wo die Marke zur Influencerin wird: Mit verrückten Ideen, knallharten Zahlen und eigenem Filmstudio sorgen unsere Social Media Profis für interstellare Reichweiten. Grafik Design Wahre Kunst in allen Dimensionen: Ob 3D, 2D, bewegte Bilder oder zeitlose Corporate Designs – unserem Designer-Team geht der Kreativ-Treibstoff nie aus. IT & Webdesign Mit Quantensprüngen durch die Marketing-Galaxis navigieren: Dafür sorgt unser Digital-Team – mit modernsten Lösungen, die technische Raffinesse und perfekten Look verbinden.

Wir suchen eine/einen Social Media Junior Consultant (M/W/D) Deine Mission Booste deine Karriere: Als Social Media Junior Consultant (m/w/d) bei BLUE MOON verwirklichst du Social Media Kampagnen von B2C- und B2B-Brands in Themenfeldern wie Energiewende, Nachhaltigkeit, Technologie, Fashion und Food. In einer der führenden Social Media Agenturen des Rheinlands führst du dabei Weltmarktführer ebenso wie innovative Start Ups zum Social Media Erfolg und steigerst dabei Engagement, Reichweite und Leads angesagter Marken – eigenverantwortlich, aber immer unterstützt von unserem starken Team aus Social Media Expert*innen. Werde Moonie und verstärke unsere Crew! Deine Benefits - Eine unbefristete Festanstellung - Ein begeistertes Team aus Social Media- und Marketing-Expert*innen mit flachen Hierarchien und viel Teamspirit - Homeoffice und flexible Arbeitszeiten - 30 Tage Urlaub im Jahr - Modernste Ausstattung inkl. firmeneigenem Social Media Filmstudio - Vielfältige Team-Events, Weiterbildungs-Programme, Feelgood-Management und gute Work-Life-Balance - Eigenverantwortliche Mitarbeit in abwechslungsreichen und herausfordernden Kundenprojekten - Du verfügst über mindestens 2 Jahre Berufserfahrung im Bereich Social Media Marketing. - Du hast bereits erste Projekte eigenständig umgesetzt und Kunden hauptverantwortlich beraten. - Du begeisterst dich für Social Media und bewegst dich sicher auf allen gängigen Plattformen von TikTok bis LinkedIn. - Du kennst dich mit den neuesten Social Media Trends aus und begeisterst dich für spannende Contentformate. - Du denkst analytisch und möchtest die Performance deiner Projekte stets optimieren. - Du bist kreativ, neugierig und eignest dir stets die neusten Methoden und Tools an. - Du bist kommunikativ, ein*e Teamplayer*in und liebst den direkten Kundenkontakt. - Du bist engagiert und initiativ, verfügst über einen selbstständigen Arbeitsstil und eine ausgeprägte Hands-on Mentalität. Deine Aufgaben - Social Media Marketing: Du konzipierst, planst, steuerst, evaluierst und optimierst Social Media Kampagnen. - Du berätst Kunden direkt im Bereich Social Media Marketing und unterstützt bei der Entwicklung und Umsetzung von Social Media Strategien. - Du wirkst kreativ und strategisch im Bereich der Content Kreation mit, planst und erstellst Content (Texte, Grafiken, Videos) und setzt Drehs von Short Content in Zusammenarbeit mit unserem Brandingteam strukturiert um. - Du unterstützt crossmediale Kampagnen der Agentur mit deiner Expertise im Bereich Content Kreation und Social Media Marketing. Bereit durchzustarten? Oder nutz einfach das Formular. Benefits - was wir bieten! Permanente Weiterbildung Raum für Eigeninitiative Kleine, kollegiale Teams Modernstes Arbeitsumfeld Feel Good Management Team Events Flexibles Arbeiten 30 Tage Urlaub Home Office Agenturhunde willkommen Inside BLUE MOON: Entdecke unsere Teams Von Trainee bis Senior, von Art Director bis IT Consultant: In unseren Teams kannst du Maßstäbe in allen Marketing-Disziplinen setzen. PR & Marketing Strategische Kommunikation aus einem Guss – national, international, intergalaktisch: Unsere PR- und Marketing-Teams führen Kunden in neue Marketing-Welten. Social Media Wo die Marke zur Influencerin wird: Mit verrückten Ideen, knallharten Zahlen und eigenem Filmstudio sorgen unsere Social Media Profis für interstellare Reichweiten. Grafik Design Wahre Kunst in allen Dimensionen: Ob 3D, 2D, bewegte Bilder oder zeitlose Corporate Designs – unserem Designer-Team geht der Kreativ-Treibstoff nie aus. IT & Webdesign Mit Quantensprüngen durch die Marketing-Galaxis navigieren: Dafür sorgt unser Digital-Team – mit modernsten Lösungen, die technische Raffinesse und perfekten Look verbinden.

Booste deine Karriere Werde Moonie und erobere die Zukunft Booste deine Karriere: Dein Start in der Agentur für Branding, Online Marketing, PR und Social Media Du bist neugierig. Hungrig. Du begeisterst dich für Kommunikation, für digitale Kanäle und Teamwork. Du steckst voller Ideen und willst dir die neuesten Tools aneignen, um sie Realität werden zu lassen. Dann haben wir eine gute Nachricht für dich: Das Raumschiff für deinen Karriere-Quantensprung steht schon bereit. Die Tanks sind voll, der Kurs ist gecheckt, die Crew ist bereit. Starte mit uns durch – in die endlose Vielfalt der Marketing-Galaxis. Stellenangebote: gehe mit BLUE MOON auf Mission Grafikdesigner (m/w/d) mit Schwerpunkt Video- & Post-Produktion Wir suchen eine/einen Grafikdesigner (m/w/d) mit Schwerpunkt Video- & Post-ProduktionDeine Mission Booste deine Karriere! Als Grafikdesigner (m/w/d) mit Schwerpunkt Video-Produktion & Post-Produktion bei BLUE MOON entwickelst du kreative Content Storytelling... Social Media Junior Consultant (m/w/d) Wir suchen eine/einen Social Media Junior Consultant (M/W/D)Deine Mission Booste deine Karriere: Als Social Media Junior Consultant (m/w/d) bei BLUE MOON verwirklichst du Social Media Kampagnen von B2C- und B2B-Brands in Themenfeldern wie Energiewende, Nachhaltigkeit,... PR Consultant (M/W/D) Wir suchen eine/einen PR CONSULTANT (M/W/D)Deine Mission Booste deine Karriere als PR Consultant (m/w/d) in einer national wie international etablierten Full Service Agentur für PR und Marketing! Zur Verstärkung des Teams suchen wir eine kreative, engagierte und... Inside BLUE MOON: Entdecke unsere Teams Von Trainee bis Senior, von Art Director bis IT Consultant: In unseren Teams kannst du Maßstäbe in allen Marketing-Disziplinen setzen. PR & Marketing Strategische Kommunikation aus einem Guss – national, international, intergalaktisch: Unsere PR- und Marketing-Teams führen Kunden in neue Marketing-Welten. Social Media Wo die Marke zur Influencerin wird: Mit verrückten Ideen, knallharten Zahlen und eigenem Filmstudio sorgen unsere Social Media Profis für interstellare Reichweiten. Grafik Design Wahre Kunst in allen Dimensionen: Ob 3D, 2D, bewegte Bilder oder zeitlose Corporate Designs – unserem Designer-Team geht der Kreativ-Treibstoff nie aus. IT & Webdesign Mit Quantensprüngen durch die Marketing-Galaxis navigieren: Dafür sorgt unser Digital-Team – mit modernsten Lösungen, die technische Raffinesse und perfekten Look verbinden. Weiterbildung: Willkommen in der Moon Fleet Academy Wir sind keine Phrasen-Fans, aber es stimmt halt: „Man lernt nie aus“ – schon gar nicht in unserer Branche, in der ständig neue Trends und Technologien die Entwicklungen bestimmen. Deshalb bilden wir dich bei BLUE MOON konsequent weiter. Von Trainee bis Senior – mit externen Seminaren, Inhouse-Veranstaltungen und vielen weiteren Maßnahmen bleibst du am Puls der Zeit. Entdecke die Moon Fleet Academy – gerne auch als duale*r Student*in! Unsere Mission. Deine Chance. An Herausforderungen mangelt es nicht auf dieser Welt. Zum Glück gibt es unzählige mittelständige Unternehmen die raffinierte Lösungen und brillante Innovationen dafür entwickeln. Hilf uns dabei, diese Unternehmen und ihre Produkte bekannter zu machen – in unserem Team, das auf starken Werten fußt: Hier kennt jede*r jede*n – und alle helfen sich gegenseitig aus: Unser crossmediales Team arbeitet, entwickelt sich und feiert auch gemeinsam. Als unabhängige, inhabergeführte Agentur profitieren wir seit über 20 Jahren von einer nachhaltigen Wachstums- und Erfolgsstrategie. Immer dazulernen und die Chance in jeder Innovation erkennen: So eignen wir uns pausenlos die neuesten Methoden an. Benefits - was wir bieten! Permanente Weiterbildung Raum für Eigeninitiative Kleine, kollegiale Teams Modernstes Arbeitsumfeld Feel Good Management Team Events Flexibles Arbeiten 30 Tage Urlaub Home Office Agenturhunde willkommen der recruiting prozess Deine Bewerbung – komm in unseren Orbit Du willst Weltraumluft schnuppern? Dann schick uns deine Bewerbung. Du kannst dich entweder auf eine ausgeschriebene Stelle oder initiativ bewerben. Nach einem erfolgreichen Check deiner Unterlagen geht es auch schon los in den nächsten Schritt. Erstes Kennenlernen – first contact Die ersten Astronauten triffst du bei einem 30-minütigen (Video) Call. Hier lernen wir dich kennen und du uns. Alles, was du wissen möchtest und dir wichtig ist, kannst du jetzt deinen künftigen Mission Commander (oder auch Teamleiter) und die HR fragen. Probearbeitstag – dein erster moonwalk Nach einem positiven Eindruck im Online Call laden wir dich auf deine erste Mission ein. Dabei machst du dich mit deinen zukünftigen Kollegen und unserer Raumstation hier in Neuss bekannt. Du lernst unsere Branchen, in den wir unterwegs sind, kennen und spannende Aufgaben aus unserem Arbeitsalltag warten auf dich. Am Ende des Tages gibt es eine Feedback-Runde, bei der du uns deine ersten Eindrücke vom Blauen Mond schilderst. Follow Up Im Anschluss an den Probetag lassen wir gemeinsam mit dir, in einem Ground Control Call, den Tag nochmal Revue passieren. Hier können auch letzte Fragen geklärt werden und wir besprechen alles Weitere. Happy Landing auf dem blauen Mond – Mission completed! Willkommen im Team, die Astronauten freuen sich schon auf dich! Beim Onboarding lernst du alles rund um die Agentur und unsere Prozesse kennen und startest nach und nach in deine ersten Projekte.

Das Grafik Design Team: Virtuos in allen Dimensionen Das Kreativ-Labor für einzigartige Augenblicke Manchmal wird es grell und bunt – und manchmal bleibt es schlicht schwarz-weiß. In unserem Kreativ-Labor entstehen Flat Designs und 3D-Animationen. Hier bewegen sich Bilder und zeitlose Logos prägen Marken für Jahre. Unser Team aus Grafik Designern mischt Kreativität, Stilbewusstsein und modernste digitale Technik zu einzigartigen Augen-Blicken. So erhalten unsere Kunden eine starke visuelle Identität. In enger Zusammenarbeit mit unseren PR-, IT- und Social Media Teams gilt es, immer wieder neue Visionen für crossmediale Anwendungen zu entwickeln. Grafikdesigner (m/w/d) mit Schwerpunkt Video- & Post-Produktion Wir suchen eine/einen Grafikdesigner (m/w/d) mit Schwerpunkt Video- & Post-ProduktionDeine Mission Booste deine Karriere! Als Grafikdesigner (m/w/d) mit Schwerpunkt Video-Produktion & Post-Produktion bei BLUE MOON entwickelst du kreative Content Storytelling... Kompetenzfelder BLUE MOON Grafik Design: - Corporate Design-Entwicklung - 3D- und 2D-Animation - Videoproduktion - Corporate Publishing - UX-Design - Bildbearbeitung - Corporate Building - Enwicklung von Werbekampagnen - Kundenberatung - Und vieles mehr …

Unser IT-Team: Navigatoren durch digitale Sphären Willkommen am Startpunkt für digitale Quantensprünge Willkommen am Startpunkt für digitale Quantensprünge. Nie war die Zukunft so schnell Vergangenheit wie heute. Der nächste Mega-Trend klopft schon an die Tür und eine noch größere technische Revolution wird gerade irgendwo auf der Welt entwickelt. Oder anders ausgedrückt: Es wird nie langweilig. Jedenfalls nicht im digitalen Marketing und schon gar nicht in unserem Team für IT und Webdesign. Hier setzen wir uns mit allen technischen Facetten an die Spitze der Entwicklung – sei es UX-Design, Performance Marketing, SEO und SEA oder App-Entwicklung. Die Voraussetzungen dafür: Fachkompetenz, Neugierde und strategisches Denken. Keine Ergebnisse gefunden Die angefragte Seite konnte nicht gefunden werden. Verfeinern Sie Ihre Suche oder verwenden Sie die Navigation oben, um den Beitrag zu finden. Kompetenzfelder BLUE MOON IT & Webdesign - Website Relaunches - Webentwicklung - Performance Marketing - Suchmaschinenoptimierung (SEO) - Suchmaschinenwerbung (SEA) - E-Mail-Marketing - Entwicklung von Webshops - Entwicklung von Apps - System-Administration - Kundenberatung - Und vieles mehr …

Unser PR-Team: international und intergalaktisch Die Basis-Station für Text- und Strategie-Entwicklung Unser PR-Team weiß nicht nur, was ankommt, sondern auch, wo es ankommt: Wir kommunizieren gezielt in Märkte rund um den Globus und tracken die PR-Erfolge in jedem erdenklichen Land. Als Berater*innen entwickeln wir zudem Konzepte und Strategien im direkten Kundenkontakt. Mit den anderen BLUE MOON-Teams arbeiten wir crossmedial zusammen – mit individuellen Schwerpunkten und Kompetenzen. Du willst für’s Web texten, für Videos oder für Fachmedien? Du willst Werbekampagnen steuern oder Profi für Krisen-PR werden? Wir bieten dir alle Möglichkeiten. PR Consultant (M/W/D) Wir suchen eine/einen PR CONSULTANT (M/W/D)Deine Mission Booste deine Karriere als PR Consultant (m/w/d) in einer national wie international etablierten Full Service Agentur für PR und Marketing! Zur Verstärkung des Teams suchen wir eine kreative, engagierte und... Kompetenzfelder BLUE MOON PR: - Kreatives & redaktionelles Schreiben - Crossmediales Storytelling - Internationale PR - Entwicklung von Marken-Strategien - Entwicklung von Werbekampagnen - Kreative Konzeption - Texten für SEO, Web und Videos - Medienresonanzanalyse - Mediaplanung - Krisen-PR - Kundenberatung - Und vieles mehr …

Unser Social Media Team: Durchstarten auf allen Kanälen Die Crew, die aus Marken echte Stars macht Mithilfe von Influencern zum Influencer werden? Durch einzigartigen Videocontent ganz neue Zielgruppen erreichen? Und diese mit Community Management an die eigene Marke binden? Unsere Social Media Profis sorgen dafür, dass unsere Kunden unter all den Sternen am digitalen Firmament besonders hell leuchten. Damit das klappt, stehen alle Tools bereit: Vom hauseigenen Filmstudio bis hin zu den modernsten Online-Anwendungen. Die wichtigsten Tools bringen unsere Profis aber selbst mit: die perfekte Mischung aus Kreativität, Verrücktheit und analytischer Genauigkeit. Social Media Junior Consultant (m/w/d) Wir suchen eine/einen Social Media Junior Consultant (M/W/D)Deine Mission Booste deine Karriere: Als Social Media Junior Consultant (m/w/d) bei BLUE MOON verwirklichst du Social Media Kampagnen von B2C- und B2B-Brands in Themenfeldern wie Energiewende, Nachhaltigkeit,... Kompetenzfelder BLUE MOON Social Media: - Content Creation - Influencer Marketing - Social Ads Management - Videoproduktion - Community Management - Redaktionsplanung - Auswertung & Analyse - Strategie-Entwicklung - Kundenberatung - Und vieles mehr …

Der aus dem anglo-amerikanischen stammende Begriff des Employer Branding bezeichnet eine unternehmensstrategische Maßnahme, deren Wurzeln in Marketingkonzepten der Markenbildung liegen. Das Ziel der in den späten neunziger Jahren entstandenen Arbeitgebermarkenbildung ist es, ein Unternehmen als guten und attraktiven Arbeitgeber darzustellen sowie die Unterschiede zu den Wettbewerbern deutlich hervorzuheben. Von zentraler Bedeutung ist also, wie ein Unternehmen im Arbeitsmarkt von potenziellen Interessenten wahrgenommen wird. So wie Marken Vertrauen schaffen und dadurch eine Bindung beim Konsumenten erzeugen, wünschen sich ebenfalls viele Personalabteilungen eine starke Arbeitgebermarke, damit engagierte und qualifizierte Mitarbeiter im Unternehmen langfristig tätig sind bzw. sich talentierte Fach- und Führungskräfte für das jeweilige Unternehmen als Arbeitgeber interessieren und sich dann auch auf vakante Stellen bewerben. Doch Employer Branding ist nicht nur ein Mittel zur Personalgewinnung, wie Studien aus Großbritannien und den USA zeigen. Vielmehr existiert laut diesen Ergebnissen ein Zusammenhang zwischen einer strategisch entwickelten Arbeitgebermarke und einer gesteigerten Identifikation sowie Leistungsbereitschaft. Zusätzlich wurde auch deutlich, dass der Krankenstand und Bürodiebstähle zurückgingen, wenn sich die Mitarbeiter der positiven Arbeitgebermarke bewusst waren. Somit ist Employer Branding ein vielfältiges und praktisches Instrument für ein Unternehmen, seine Kultur und sein Image zu festigen und auszubauen sowie seine Mitarbeiter zu motivieren. A-C D-F G-I J-L M-O P-R get in touch

Unter dem Begriff Leitbild versteht man die komprimierte Formulierung der Unternehmenspolitik und der Corporate Identity. Das Leitbild umschreibt in einfacher, leicht verständlicher Form Unternehmenszweck, -ziele und Verhaltensgrundsätze der Unternehmensführung gegenüber dem internen und externen Umfeld. Es beinhaltet die Unternehmensphilosophie und bildet somit die Grundlage der Management-Denkhaltung und die Werthaltung der Führungskräfte. Zugleich ist es Spiegelbild der Unternehmenskultur und Verhaltenskodex der Unternehmensangehörigen. Leitbilder dienen der Ausrichtung und Motivation aller Mitarbeiter. Entscheidend ist, dass sie nicht nur dokumentiert, sondern von Führungskräften kommuniziert und vorgelebt werden. Leitbilder dienen dem Erreichen der Unternehmensziele und müssen im Unternehmensalltag Tag für Tag mit Leben gefüllt werden. A-C D-F G-I J-L M-O P-R get in touch

Weltmarktführer. Statement. deiner Fanbase. Vertrieb. Marke. Boosting Brands. Seit 25 Jahren. BLUE MOON – deine Werbeagentur. Weil der Mittelstand besonders ist. Willkommen in der Agentur, die dich versteht: Wir von BLUE MOON ticken wie du. Als familiengeführtes Unternehmen, als Experten für technische Themen – wir lieben den Mittelstand. Wir lieben Weltmarktführer, ob bereits prominent, ob „Hidden Champion“ oder in den Startlöchern. Und wir verwandeln diese Begeisterung in Kampagnen und Marketing-Maßnahmen, die State of the Art sind und deinen Vertrieb nach vorne bringen. get in touch Kontakt Cases Unsere Kunden und Projekte Agentur DIE CREW FÜR DEINEN MARKENERFOLG Familiär. Zuverlässig. State of the Art. Dies ist das Versprechen, das wir unseren Kunden geben: Wir fühlen uns den Werten des Mittelstandes besonders verbunden – langfristige, vertrauensvolle Geschäftspartnerschaften zeichnen uns ebenso aus wie unsere soziale Verantwortung gegenüber unserem Team. Wir lieben komplexe technische Themen – etwa aus den Branchen SHK, Bau, Elektro und Maschinenbau. Und wir verfügen stets über die neuesten Skills, damit unsere Kunden ihrer Konkurrenz auch in Sachen Marketing den entscheidenden Schritt voraus sind. Denn: Wir. Machen. Weltmarktführer. Booste deine Karriere Werde Moonie und erobere die Zukunft BLUE MOON BLOG TRENDS. INSIGHTS. INSPIRATION. Qualität, die verbindet – und das seit Generationen Du bist in der SHK-Branche tätig? Dann kennst du sicher schon die Marke GEBO und ihre Klemmverbinder aus Temperguss. Die GEBO Armaturen GmbH schafft es seit mehr als 80 Jahren mit ihren qualitativ hochwertigen Produkten einzigartige und individuelle... Employer Branding und Recruiting Warum ein Karriereportal essentiell für die Weiterentwicklung eines jeden Unternehmens ist In Zeiten des Fachkräftemangels gewinnt das Employer Branding und Recruiting zunehmend an Bedeutung.Unternehmen müssen sich stärker als je zuvor positionieren und... LÖSUNGEN FÜR DEINEN VERTRIEBSERFOLG BLUE MOON: DIE FULL SERVICE WERBEAGENTUR aus Neuss bei Düsseldorf Wer zielgruppengerechte Werbung möchte und dabei eine Werbeagentur in der Nähe von Düsseldorf sucht, landet automatisch bei BLUE MOON. Als Full Service Werbeagentur, bieten wir Ihnen stets intelligente Lösungen für jegliche Herausforderungen in der Werbung und Kommunikation. Dabei vereinen wir das Know-how unserer verschiedenen kreativen Köpfe und bieten Ihnen zahlreiche Leistungen von klassischer Werbung über Online-Marketing bis hin zu Corporate Design und Social Media. Spezialisten aus unterschiedlichen Bereichen, wie Grafik Design, Webdesign sowie nationaler und internationaler PR arbeiten hier gemeinsam an kreativen Kampagnen, vertriebsorientierten Marketingmaßnahmen, Imagebroschüren, Websites und klassischen Pressetexten. Das Team der Neusser Werbeagentur BLUE MOON ist stets über die neuesten Kommunikationstrends informiert und geht gemeinsam mit seinen Kunden individuelle und innovative Wege. Dabei ist es uns als Full Service Werbeagentur besonders wichtig, unseren Kunden beratend zur Seite zu stehen, damit sie im Kommunikations-Universum mit seinen zahlreichen Planeten wie Corporate Wording, Content Marketing, SEO oder SEA nicht den Überblick verlieren. Wir helfen Ihnen dabei, eine starke Marke aufzubauen und Ihre Botschaft auf allen Kanälen zu kommunizieren. BLUE MOON legt Wert auf eine vertrauensvolle und dauerhafte Zusammenarbeit mit seinen Kunden. Tag für Tag sind wir mit Leidenschaft für unsere Kunden nicht nur von unserer Homebase in Neuss bei Düsseldorf, sondern in ganz Deutschland und im Sinne der internationalen PR auch weltweit im Einsatz.

In zunehmendem Maße wünschen sich Unternehmen das Ungewöhnliche für eine aussagekräftige Präsentation in der Öffentlichkeit. Event-Kommunikation kann diesem Wunsch gerecht werden. In Zeiten von Dumping-Preisen und immer größerem Konkurrenzdruck hat Kundenbindung oberste Priorität. Ein Event mit Band und köstlichem Catering spricht den Kunden sicherlich an. Doch zu einer gelungenen und öffentlichkeitswirksamen Veranstaltung gehört mehr… Emotionale Ansprache Eine Produkteinführung oder die Profilierung des Unternehmens etwa vor dem Gang an die Börse ist willkommene Gelegenheit für ein Event. Dabei funktioniert eine derartige Veranstaltung nach einem einfachen, aber wirksamen Muster: Event-Kommunikation nutzt als wesentlichen Bestandteil die Emotion. Intelligent verpackte kommunikative Botschaften zielen direkt auf den Bauch und das Herz des Empfängers. Der Kopf ist durch die Vielzahl der rationalen Botschaften, die tagtäglich auf uns einprasseln mit der Selektion des Informations-Überangebotes beschäftigt. Im emotionalen Bereich ist dagegen noch Platz für eine entsprechende Ansprache. Strategisches Vorgehen ist dabei nichts desto trotz von zentraler Bedeutung. Welche Botschaften sollen überliefert werden, was soll sich bei den Gästen langfristig festsetzen und soll Kommunikation oder Information im Mittelpunkt stehen sind Fragen, die im Vorfeld geklärt werden müssen. Im Bereich der Erfolgkontrolle stützen sich Event-Veranstalter auf individuelle Befragungsraster, da die Standard-Tools der Wirkungsmessung nicht geeignet sind für Events. Durch Follow-up-Befragungen nach der Veranstaltung wird analysiert, ob die emotional vermittelte Botschaft zu einer stärkeren Markenbindung, zu einem Einstellungswandel gegenüber einem Unternehmen oder gar zu einem Kaufabschluss geführt hat. Event als Kommunikationsbaustein Ein Event allein dient dem Kunden meist nicht für eine zufrieden stellende Lösung seiner Kommunikationswünsche. Eine übergeordnete PR-Strategie im Bereich der klassischen Pressearbeit ist Grundvoraussetzung für die Wirksamkeit weitergehender Maßnahmen. Durch die Involvierung des Kommunikation-Bausteins „Event“ können Unternehmen dann die gewünschte Wirkung erreichen: einen Langzeitkontakt zu ihren Kunden. A-C D-F G-I J-L M-O P-R get in touch

BLUE MOON: DEINE FULL SERVICE WERBEAGENTUR. Familiär. Zuverlässig. State of the Art. Als unabhängige, familiengeführte Werbeagentur mit Sitz in Neuss bei Düsseldorf navigiert BLUE MOON seit 25 Jahren Kunden zum Marketing-Erfolg. Unsere vier eigenständigen Teams für PR, Social Media, Branding und Online Marketing bilden einen Kompetenz-Hub, der uns zur optimal aufgestellten Full Service Agentur für den Mittelstand macht. Unser Anspruch lautet: Wir MACHEN Weltmarktführer! Oder ganz konkret: Wir entwickeln und verwirklichen die Marketing-Strategie, die perfekt zu deinen Vertriebszielen passt. Da trifft es sich umso besser, dass wir seit mehr als zwei Jahrzehnten einen starken Fokus auf Kunden aus Mittelstand, Industrie und B2B legen. In Branchen wie Sanitär/Heizung/Klima, Bau, Elektrotechnik und Automotive sind wir bestens vernetzt und verfügen über tiefgreifendes technisches Verständnis. Mit unseren Kunden verbinden uns gemeinsame Werte. Seit Anita Gilges BLUE MOON im Jahr 2000 in der Region Neuss/Düsseldorf gegründet hat, agieren wir als unabhängiges Familienunternehmen. Statt auf „Hire & Fire“ setzen wir auf langfristige Mitarbeiterbindung und -entwicklung – unsere Kunden profitieren von festen, erfahrenen Ansprechpartnern. Wir passen uns jederzeit flexibel an Markttrends an und entwickeln unsere Kompetenzen permanent im Sinne unserer Kunden und Zielbranchen weiter. Sie sehen gerade einen Platzhalterinhalt von YouTube. Um auf den eigentlichen Inhalt zuzugreifen, klicken Sie auf die Schaltfläche unten. Bitte beachten Sie, dass dabei Daten an Drittanbieter weitergegeben werden. Mehr Informationen get in touch

Alle Marketing-Trends auf dem Radar Hol dir deine Inspiration – beim Stöbern im BLUE MOON Blog. Hier findest du alles auf einem Blick: Faszinierende Cases aus der Praxis, neue Entwicklungen in der BLUE MOON Crew und Wissenswertes rund um Social Media, Branding, Online Marketing und PR. SOCIAL MEDIA TRENDS 2025: DAS MUSS MAN WISSEN! ZWISCHEN VIRAL GEHEN, KI-CONTENT UND AUTHENTIZITÄT Faszination Labubu, KI-generierte Personen als Superheldenfiguren und Hype à la Dubai-Schokolade sind für euch keine Fremdwörter? Dann seid ihr schon mitten drin in der bunten Welt der Social Media Trends.... Die Energiewende boosten – via LinkedIn Case: Markenbotschafter für German Contract Unterwegs in Heizzentralen, auf Messen und bei Projektpartnern: Wer Roland Gilges auf LinkedIn folgt, lernt die Energiewende in all ihren Facetten kennen. Über 3.150 Follower informieren sich wöchentlich auf dem... Neue Moonies sind gelandet Verstärkung auf dem blauen Mond Der Sommer hat Bewegung in das Universum von BLUE MOON gebracht. Zwei neue und ein bekanntes Gesicht sind auf dem blauen Mond gelandet und unterstützen mit ihren unterschiedlichen Stärken unsere Teams in den Bereichen PR, IT... Makro-Influencer: Der direkte Weg zur neuen Zielgruppe BOELS RENTAL BEGEISTERT DIY-COMMUNITIES Ein bekannter Baumarkt-Slogan besagt: Es gibt immer etwas zu tun – im Haus, im Garten, in der Wohnung. Allzu oft starten die Heimwerker mit großem Elan, um dann festzustellen, dass ihnen ein entscheidendes Werkzeug... BLUE MOON feiert 25. Firmenjubiläum auf Mallorca Teamgeist, Trauminsel und Tattoos Was bedeuten 25 Jahre BLUE MOON, 25 Moonies und 1 schöne Insel? Eine unvergessliche Jubiläumsreise! Letzten Monat ging es für das gesamte Team auf eine 5-tägige Reise in den Süden Europas. Bei knackigen 30 Grad haben wir an... ON TOUR: KAMERA LÄUFT…UND ACTION! SO GELINGT HOCHWERTIGER VIDEO-CONTENT UNTERWEGS Ob Messen, Baustellen oder Kundenbesuche: Wenn wir unterwegs sind, läuft die Kamera mit. Denn genau dort entsteht authentischer Content: im realen Arbeitsumfeld, dort wo sich echte Geschichten abspielen. Genau... Kampagnen, die elektrifizieren: B2B-Marketing für MBS-HODDE Crossmediale Power für die Elektrifizierung 2.0 Ob erneuerbare Energien, E-Mobilität oder smarte Antriebstechnik – die Anzahl von Komponenten in unseren Stromnetzen steigt. Die Folge: Der elektrische Verschmutzungsgrad steigt ebenfalls und immer mehr Energie... Auf zu neuen Welten: Das Social Media Team hebt ab BLUE MOON erweitert seine Räumlichkeiten um eine zusätzliche Etage Unser Social Media Team hebt ab – und zwar im wahrsten Sinne des Wortes! Nachdem das Team in den vergangenen Jahren rasant gewachsen ist war schnell klar: Wir brauchen mehr Platz für spannende... SYNERGIEN ZWISCHEN PR UND SOCIAL MEDIA Case Study mit Airflow Sätze, wie „Social Media frisst Zeit, die wir eigentlich nicht haben“ oder „Wir schaffen es nicht, regelmäßig relevanten Content zu produzieren“, hören wir oft. Viele Unternehmen stehen vor der Herausforderung, ihren... BLUE MOON MACHT WELTMARKTFÜHRER – SEIT 25 JAHREN Jubiläum einer Agentur auf Wachstumskurs Vor genau 25 Jahren startete in Neuss-Rosellen eine ganz besondere Mission. Damals gründete Anita Gilges in ihrem privaten Büro die BLUE MOON Communications Consultants GmbH. Aus dem Einzelunternehmen mit... Qualität, die verbindet – und das seit Generationen Du bist in der SHK-Branche tätig? Dann kennst du sicher schon die Marke GEBO und ihre Klemmverbinder aus Temperguss. Die GEBO Armaturen GmbH schafft es seit mehr als 80 Jahren mit ihren qualitativ hochwertigen Produkten einzigartige und individuelle... B2B-Content? Darf richtig knallen! Social Media Kreationen für die Farbmarke setta Knalliges Türkis ist nicht jedermanns Wahl, wenn es um die Farbe der eigenen vier Wände geht. Zum Glück bietet die Marke setta ein riesiges Sortiment an Farbtönen und darüber hinaus an Belägen, Klebern,... Eiskalt erwischt: Zwei neue Kunden bei BLUE MOON Social Media Power für Walter Gott Ice Factory und AS-Arbeitsschutz Wir freuen uns galaktisch, zwei neue Kunden auf dem blauen Mond begrüßen zu dürfen. Mit der Walter Gott Ice Factory betreuen wir ab sofort den größten Eiswürfel Produzenten... Kommunikation, die nichts dem Zufall überlässt PR-Events: Wie wir SCHELL in die österreichische Fachpresse gebracht haben Stell dir vor, dein Unternehmen expandiert – doch die Medien berichten nicht! Es gibt kaum etwas ärgerlicheres, als wenn man sich einzigartige Gelegenheiten für Reichweite und... Employer Branding und Recruiting Warum ein Karriereportal essentiell für die Weiterentwicklung eines jeden Unternehmens ist In Zeiten des Fachkräftemangels gewinnt das Employer Branding und Recruiting zunehmend an Bedeutung.Unternehmen müssen sich stärker als je zuvor positionieren und... Neues BLUE MOON Führungsteam Ein galaktisch starkes Führungsteam Ein neues Kapitel beginnt: Herzlich Willkommen an Philipp - als unseren neuen Geschäftsführer und Leon als neuen Inhaber bei BLUE MOON. Mit galaktischer Freude verkünden wir, dass seit dem 1. Februar Philipp Grabolle als... get in touch

Ihre Marke, unser Universum: Einzigartig. Einprägsam. Authentisch. Die Welt der Marken, unendliche Weiten – und Ihre Marke als leuchtender Stern mittendrin. Mit Vision und Leidenschaft schaffen wir authentische Markenerlebnisse, die auffallen und nachhaltig wirken. Ready for Take-off? Lassen Sie uns gemeinsam das Potenzial Ihrer Marke entfalten und in neue Sphären heben. American Football meets effektiven Einbruchsschutz Mit kreativem Slogan und einprägsamem Visual zum Wiedererkennungswert. Image der Stadtwerke Neuss – unsere Kampagne Die Angebotsvielfalt der Stadtwerke Neuss in einer Kampagne – alltäglicher Nutzen in Szene gesetzt. Neue Materialen brauchen moderne Visuals Einen unverwechselbarer Messeauftritt für Oerlikon erstellen? Das ist in unserer DNA. get in touch Kontakt NEWS Neue Moonies sind gelandet Verstärkung auf dem blauen Mond Der Sommer hat Bewegung in das Universum von BLUE MOON gebracht. Zwei neue und ein bekanntes Gesicht sind auf dem blauen Mond gelandet und unterstützen mit ihren unterschiedlichen Stärken unsere Teams in den Bereichen PR, IT... Kampagnen, die elektrifizieren: B2B-Marketing für MBS-HODDE Crossmediale Power für die Elektrifizierung 2.0 Ob erneuerbare Energien, E-Mobilität oder smarte Antriebstechnik – die Anzahl von Komponenten in unseren Stromnetzen steigt. Die Folge: Der elektrische Verschmutzungsgrad steigt ebenfalls und immer mehr Energie... Erlebe eine neue Dimension des Brandings mit BLUE MOON. Gemeinsam katapultieren wir deine Marke in den grenzenlosen Orbit kreativer Möglichkeiten!

BLUE MOON at work – unsere Cases Erfolgreich für Champions Wir laden dich ein – auf eine kurze Reise durch ein gewaltiges Universum! Erlebe eine Auswahl unserer Erfolge, die wir für Kunden in den Disziplinen Social Media, Public Relations, Online Marketing und Branding erzielt haben. Komm mit und lerne unsere Arbeit kennen. Werde auch du Teil unserer „Wall of Fame“! Social Media Case Studies Online Marketing Case Studies PR Case Studies Branding Case Studies Unsere Kunden get in touch

LEXIKON RUND UM KOMMUNIKATION Unser Lexikon stellt dir Begriffe aus der BLUE MOON PR-Welt vor. Erfahre in unserem Lexikon, welche Instrumente du für deine Kommunikation benötigst und wie BLUE MOON dich dabei unterstützt. Digitalisierung SEM SEM ist die Abkürzung für Search Engine Marketing und umfasst den Teil des Online-Marketings, der alle Maßnahmen zur Gewinnung von Websitebesuchern über Suchmaschinen umfasst. Zum SEM gehören SEO (Search Engine Optimization) und SEA (Suchmaschinenwerbung). Ziel aller... Shitstorm Der Begriff Shitstorm beschreibt eine flutartig auftretende, große Menge an negativer Kritik auf sozialen Medien (Facebook, Twitter, Instagram, Blogs, öffentliche Plattformen, Kommentarbereiche auf Websites). Die öffentlich ausgeübte Kritik wird durch einen bestimmten... Keyword Keywords sind wichtige Schlüsselwörter oder Kombinationen von solchen innerhalb eines Textes. Die Verwendung dieser Schlüsselwörter ist vor allem für die Suchmaschinenoptimierung (SEO) wichtig, sodass Nutzern, die online nach bestimmten Themen suche, die relevanten... User Experience Die User Experience umfasst die gesamte Erfahrung / das Erlebnis eines Anwenders im Rahmen der Nutzung oder der Interaktion mit einem Dienst, einer Website oder einem Produkt im Bereich digitaler Medien. Die User Experience beschreibt die Qualität gemäß dem... Targeting Targeting, von englisch target (Ziel), bezeichnet die zielgruppenspezifische Ausrichtung von Maßnahmen im Online Marketing. Für eine erfolgreiche Targeting Strategie muss die Zielgruppe für die jeweilige Marketingmaßnahme zuvor so genau wie möglich bestimmt werden. Es... SEO Mit Hilfe von SEO (Search Engine Optimization) kann das Ranking einer Website, das diese bei einer organischen Suchanfrage eines Nutzers erreicht, optimiert werden. Ziel ist es, die Website so zu optimieren, dass sie von Suchmaschinen wie Google bestmöglich ausgelesen... SEA Die Abkürzung SEA steht für Search Engine Advertising und umfasst das Schalten von Anzeigen in Suchmaschinen sowie auf Werbeflächen von Suchmaschinenpartnern. Das bekannteste Beispiel für SEA sind Google Adwords. Die Anzeigen werden bei der Eingabe von zuvor... CPI / CPM Die Abkürzung CPI steht für Cost per Impression und beschreibt ein Bezahlmodell im Internet. Der Auftraggeber muss beim CPI-Bezahlverfahren für jeden Aufruf der Anzeige durch einen Nutzer zahlen. Es ist dabei nicht nachzuverfolgen, ob der Nutzer die Anzeige auch... Real Time Advertising Mit Real Time Advertising ist die Live-Versteigerung von Online-Werbeflächen gemeint. Dabei steht nicht mehr das Umfeld der Webseite, auf der das Werbebanner ausgespielt wird, sondern der individuelle Nutzer im Vordergrund. Mittels RTA wird zu jeder einzelnen... Retargeting Retargeting – auch Remarketing genannt – beschreibt ein Verfahren des Online Marketings, bei dem Websitenutzer markiert werden, um diese im Anschluss mit gezielter Werbung wieder anzusprechen. Ziel beim Retargeting ist es, Websitebesucher, die eine bestimmte Seite... Online Marketing Online Marketing (auch Internet- oder Webmarketing) beschreibt alle Marketing Maßnahmen eines Unternehmens, die online durchgeführt werden. Dazu gehört nicht nur das Schalten von Anzeigen auf Onlineauftritten von Zeitschriften und (Online-) Magazinen. Neben... Native Advertising Native Advertising ist eine Form von Werbung, die so gestaltet ist, dass sie nur schwer von redaktionellen Inhalten zu unterscheiden ist. Durch diese Form der Aufbereitung zieht Native Advertising die Aufmerksamkeit des Nutzers auf sich. Die Inhalte solcher Werbung... Microblogging Microblogging beschreibt eine bestimmte Variante des Bloggens, bei dem es – im Unterschied zu klassischen Blog – nicht darum geht, ein bestimmtes Thema ausführlich zu betrachten, sondern zu verschiedensten Themen in kurzer Zeit komprimierte Nachrichten zu beliebigen... Leads Ein Lead ist ein neuer Kontakt/Neukunde, der durch Online Marketing gewonnen wurde. Dazu gehören E-Mail-Adressen, Telefonnummern, Namen und Unternehmensnamen. Leads generiert man über direkte Kontaktanfragen, Anmeldungen im Newsletter oder durch ausgefüllte... Influencer Marketing Influencer Marketing – auch Multiplikatoren-Marketing genannt – ist ein Bereich des Online-Marketings. Diese Form des Marketings nutzt sogenannte Influencer als Multiplikatoren für unterschiedlichste Werbe- bzw. Unternehmensbotschaften. Influencer sind Akteure aus... Google Ads Google Ads sind via Google oder Google Partner-Seiten geschaltete Anzeigen. Es gibt unterschiedliche Arten von Anzeigen: Suchnetzwerk mit Displayauswahl Nur Suchnetzwerk Nur Displaynetzwerk Shopping-Kampagnen Video Apps Die Position auf der die Anzeige ausgespielt... Digitale Transformation Die digitale Transformation oder Digitalisierung bezeichnet einen fortlaufenden technologischen Veränderungsprozess von Gesellschaft und – vor allem in wirtschaftlicher Hinsicht - Unternehmen. Unternehmensinterne Abläufe werden im Zuge der digitalen Transformation... CPC Die Abkürzung CPC (alternativ PPC = Pay per Click) steht für Cost per Klick und beschreibt ein Bezahlmodell im Online-Marketing. Beim CPC zahlt der Auftraggeber nicht für das reine Ausspielen einer Werbemaßnahme im Internet, sondern erst dann, wenn ein Nutzer die... Cookie Der Begriff Cookies umfasst Daten eines Websitenutzers wie Login-Daten, Einkaufskorbdaten sowie Daten für personalisierte Daten, die lokal und zeitlich begrenzt auf dem Rechner gespeichert werden. So kann der Nutzer bzw. der Rechner immer wieder identifiziert werden.... Conversion Eine Conversion ist die Umwandlung eines interessierten Nutzers in einen handelnden Nutzer. Beispiele für Conversions auf einer Website sind unter anderem Newsletteranmeldungen, Produktkäufe, das Anklicken eines bestimmten Links, Downloads, Registrierungen oder das... Augmented-Reality Der Begriff Augmented Reality beschreibt eine technische Erweiterung der realen Welt. Im Gegensatz zur Virtual Reality taucht man hier nicht in eine vollkommen fremde, virtuelle Welt ein, sondern erhält über einen Bildschirm oder eine Brille zusätzliche Informationen... Social Media Soziale Medien (Social Media) bezeichnet die Gesamtheit digitaler Medien, Anwendungen und Technologien, mit deren Hilfe die Benutzer via Internet interagieren und selbst Inhalte gestalten können. Das Internet wird so zu einer Projektionsfläche miteinander vernetzter... Unternehmen Pitch Pitch heißt übersetzt aus dem Englischen „das Verkaufsgespräch“ und diese Übersetzung trifft den Kern des Vorgangs. Denn der Pitch ist eine Wettbewerbspräsentation, mit der eine Agentur oder eine Unternehmensberatung im Kampf um einen Etat, einen Klienten oder einen... Ordnung Ordnung ist das halbe Leben – aber wie schwierig es ist Ordnung zu schaffen und beizubehalten, erfahren wir täglich an unserem Arbeitsplatz. Die Suche nach Dokumenten und anderen Utensilien nimmt viel Zeit in Anspruch und im Laufe des Tages türmt sich auf dem... Mitarbeiterzeitschrift Die Mitarbeiterzeitschrift unterscheidet sich als Kommunikationsinstrument in Planung, Realisation und Wirkung von den digitalen Medien: In der Regel bildet ein fester Redaktionskreis die Schnittstelle zwischen Mitarbeitern und Management und gibt alle relevanten... Mitarbeitermotivation ""Dienst nach Vorschrift"" war bis vor kurzem ein Begriff, der meist Behörden und öffentlichen Ämtern angelastet wurde. Doch wie jüngst eine Studie des Gallup-Instituts zeigt, scheint sich die sinkende Arbeitsmoral auch zunehmend in Privatunternehmen breitzumachen. Laut... Leitbild Unter dem Begriff Leitbild versteht man die komprimierte Formulierung der Unternehmenspolitik und der Corporate Identity. Das Leitbild umschreibt in einfacher, leicht verständlicher Form Unternehmenszweck, -ziele und Verhaltensgrundsätze der Unternehmensführung... Intranet Ein Intranet ist ein Netz innerhalb eines Unternehmens, das nicht öffentlich zugänglich ist, sondern nur von einer festgelegten Gruppe von Personen genutzt werden kann. Über den Intranet-Server können die Mitarbeiter firmenrelevante Informationen zu jeder Zeit und von... Imagebroschüre Verständliche Unternehmensbotschaft Bevor Inhalt und Gestalt der Broschüre thematisiert werden, ist es wichtig, zunächst die Zielgruppe zu definieren. Stil der Texte, die Auswahl der Themen sowie das Layout sind abhängig davon, wer die Broschüre bekommen soll und wo... Employer Branding Der aus dem anglo-amerikanischen stammende Begriff des Employer Branding bezeichnet eine unternehmensstrategische Maßnahme, deren Wurzeln in Marketingkonzepten der Markenbildung liegen. Das Ziel der in den späten neunziger Jahren entstandenen Arbeitgebermarkenbildung... CRM Teil 1 CRM ist die Abkürzung für Customer Relationship Management und wird als eine alle Unternehmensbereiche übergreifende, IT-unterstützte Geschäftsstrategie verstanden. Mit der Annahme, dass in heutigen Unternehmensphilosophien das Kundenmanagement eine zentrale Bedeutung... Corporate Wording Hinter dem Begriff Corporate Wording verbirgt sich die definierte und bewusst eingesetzte Sprachwelt eines Unternehmens - von der Verwendung oder Vermeidung bestimmter Wörter über eine einheitliche Sprachregelung hin zur Tonalität und zum Stil von Texten, sei es bei... Corporate Identity Die Corporate Identity, wörtlich übersetzt die Unternehmensidentität, setzt sich zusammen aus dem Verhalten, der Kommunikation und dem Erscheinungsbild eines Unternehmens sowie seiner am Markt angebotenen Leistungen und Produkte. Durch die Entwicklung einer Corporate... Online Marketing Social Media Soziale Medien (Social Media) bezeichnet die Gesamtheit digitaler Medien, Anwendungen und Technologien, mit deren Hilfe die Benutzer via Internet interagieren und selbst Inhalte gestalten können. Das Internet wird so zu einer Projektionsfläche miteinander vernetzter... Online-PR Als Online-PR wird alles definiert, das an Öffentlichkeitsarbeit im Internet stattfindet. Das kann ein elektronisches Pressecenter auf der Internetseite des Unternehmens sein, Social Media Aktivitäten auf relevanten Plattformen sowie Einträge in Suchmaschinen oder... Newsletter Der Newsletter ist ein häufig angewandtes Instrument der externen Kommunikation. Unternehmensnachrichten werden redaktionell zusammengefasst und inhaltlich auf die jeweilige Zielgruppe abgestimmt – das können Journalisten, Mitarbeiter oder Kunden sein. Wurden die... Internet-Relaunch Der Begriff Internet-Relaunch bezeichnet die Überarbeitung eines bestehenden Internetauftritts, der einem veränderten Kundengeschmack, rechtlichen Ansprüchen, und unternehmens- und branchenspezifischen Besonderheiten genügen muss. Hierbei werden alle Bereiche der... Internet Seit Jahren ist das Internet aus dem Alltags- und Geschäftsleben nicht mehr wegzudenken, doch was genau ist es eigentlich? Der aus dem Englischen stammende Begriff des Interconnected Networks wird heute weitläufig mit Internet abgekürzt. Gemeint ist damit ein... Barrierefreiheit nach BITV Die Verordnung eines barrierefreien Internetauftritts ist eine Ergänzung des Behindertengleichstellungsgesetztes vom 27. April 2002. In der Barrierefreien Informationstechnik-Verordnung (BITV) heißt es demnach, dass durchgängig alle Inhalte im World Wide Web auch für... Marketing Wortgekringel Wortgekringel – über Floskeln und Füllwörter Goethe bringt es auf den Punkt: „Getretener Quark wird breit, nicht stark!“ Das ist eine der schönsten Regeln für gutes Schreiben. Breit wird ein Text, wenn der Schreiber in umständliche und formelhafte Sprache versinkt,... Marketing Der Begriff Marketing leitet sich aus dem englischen von „to market – Handel treiben“ her. Er bezeichnet eine „marktorientierte Unternehmensführung, die alle relevanten Unternehmensaktivitäten auf die Wünsche und Bedürfnisse von Anspruchsgruppen ausrichtet“ (Deutscher... Marke – Markenstrategie Ursprünglich hervorgegangen ist der Begriff ""Marke"" aus dem mittelhochdeutschen Wort marc, das für Grenze, Grenzland oder -linie steht. Die Definition lässt sich von dieser Übersetzung ableiten: Die Marke dient der Kennzeichnung eines Produktes oder einer... Guerilla-Marketing Guerilla-Marketing hört sich nach rücksichtslosen, aufdringlichen Werbeaktionen an. Tatsächlich war es in den Anfängen um 1965 eine auf Angriff ausgerichtete Strategie gegen Mitbewerber, die hauptsächlich von kleinen und mittelständischen Firmen gegen überlegene... Direktmarketing Gepflegte Adressdatenbank als Basis für den Erfolg Um den potenziellen Kunden neugierig auf das beworbene Produkt und das Unternehmen zu machen, bedarf es einer exakten Planung. Das Direktmarketing bietet viele Instrumente: Mailings, Wurfsendungen, Anzeigen mit Coupon... Crossmedia Crossmedia bezeichnet die Vernetzung verschiedener Medientypen, über die zentrale Inhalte, wie Unternehmens- oder Produktinformationen, kommuniziert werden. So werden den Kunden möglichst viele, unterschiedliche Informationskanäle angeboten, um die Botschaft zu... PR Redaktionsreise Bei einer Redaktionsreise besuchen das Management und der Pressesprecher eines Unternehmens die wichtigsten Journalisten in den jeweiligen Redaktionen. Der Redaktionsbesuch eignet sich, um den Kontakt zu den Fachmedien zu pflegen. Natürlich gilt: Niemals ohne... Pressemappe Die Pressemappe ist eine Zusammenstellung von Pressemeldungen, die Informationen zu Produkten, Personen und Services eines Unternehmens zu einem Paket bündelt. Die Mappe kann an Journalisten versendet oder bei Presseveranstaltungen überreicht werden. Die einzelnen... Pressekonferenz Pressekonferenzen - für viele Unternehmen ein Muss und zugleich eine Qual - für andere dagegen eine gute Gelegenheit zur Kontakt- und Imagepflege. Ist alles perfekt geplant und vorbereitet, stellen wir uns optimal dar, haben wir nichts vergessen? So mancher... Presseinformation Eine Presseinformation (PI) informiert die Medien schriftlich über Wissenswertes aus dem Unternehmen. Sie ist neben der Pressekonferenz das am häufigsten eingesetzte Instrument der Medienarbeit. Sie bietet schnelle Informationen und es gibt weniger Missverständnisse... PR-Konzept Ein gut durchdachtes PR-Konzept ist die wichtigste Grundlage für erfolgreiche Unternehmenskommunikation. Ziel ist die Planung und Durchführung von PR-Maßnahmen, die das Unternehmen am Markt positionieren und es unverwechselbar machen. Nach einer umfassenden Definition... PR-Anzeige Anzeigen, die meist mitten im redaktionellen Teil einer Zeitung oder Zeitschrift stehen und sich in ihren Gestaltungsmerkmalen (Schrift, Aufmachung usw.) kaum vom redaktionellen Umfeld unterscheiden, werden als redaktionelle oder PR-Anzeigen bezeichnet. Sie sind ein... PR vs. Werbung Ist PR die bessere Werbung? In Zeiten von Geiz-Ist-Geil-Kampagnen wird Kundenbindung immer schwieriger. Schnäppchenpreise und Discounts zerstören langsam gewachsene Beziehungen. Welche Maßnahmen sind geeignet, sich auf dem stark konkurrierenden Markt zu behaupten? Die... Politische PR Fakten statt Phrasen - Politische PR auf dem Prüfstand Noch nie bestand ein größeres Medieninteresse am verbissenen Ringen um die Stimmen wie im vergangenen Wahlkampf. Und nie zuvor war die Berichterstattung enger mit dem politischen Geschehen verwoben wie im... Personality PR Laut einer IBM-Studie sollen die Aufstiegschancen im Beruf vor allem von drei Faktoren abhängen: zu zehn Prozent von der Leistung bzw. Qualität der Arbeit, zu 30 Prozent vom hinterlassenen Eindruck und zu 60 Prozent vom Bekanntheitsgrad. Demzufolge bestimmt das Image... Online-PR Als Online-PR wird alles definiert, das an Öffentlichkeitsarbeit im Internet stattfindet. Das kann ein elektronisches Pressecenter auf der Internetseite des Unternehmens sein, Social Media Aktivitäten auf relevanten Plattformen sowie Einträge in Suchmaschinen oder... Medienresonanzanalyse Nachhaltige Erfolge erzielen: Die Medienresonanzanalyse - Eine gewinnbringende Investition in die Zukunft Gerade in Zeiten, in denen der Rotstift regiert, braucht es objektive Messergebnisse, um Erfolg oder Misserfolg der Medienarbeit darzustellen. An sich eine... Medien-Monitoring Die Wahrnehmung der medialen Umwelt sowie die Überprüfung des eigenen Images in der Presse sind wichtige Voraussetzungen für ein strategisches Unternehmensmanagement und eine effiziente Kommunikationsplanung. Medien-Monitoring, die professionelle Medienbeobachtung,... Krisen-PR ""Krise ist ein produktiver Zustand. Man muss ihm nur den Beigeschmack von Katastrophe nehmen."" - Max Frisch Krisen sind in der heutigen Kommunikationsgesellschaft normal und praktisch unvermeidbar. Entscheidend jedoch ist, wie man damit umgeht und dass die positiven... Interview Das Interview – personifizierte Unternehmensdarstellung Wer an der Spitze eines Unternehmens steht, wird früher oder später einmal in die Situation kommen, an einer Pressekonferenz teilzunehmen, einen Vortrag zu halten, oder ein Interview zu führen. Um hier nicht ins... Internationale PR Die fortschreitende Globalisierung sorgt nachhaltig für einen wirtschaftlichen und soziokulturellen Strukturwandel. Neue Märkte öffnen sich und werden nach und nach industriell erschlossen. Unternehmen müssen die Möglichkeit nutzen, auch ihre PR-Aktivitäten parallel... Exklusivbericht Exklusivberichte behandeln branchenspezifische Themen, die in Form von längeren Beiträgen wie Objektreportagen oder Fachartikeln veröffentlicht werden. Der Exklusivbericht erscheint dabei „exklusiv“ in einem speziellen Medium, wie etwa in einer Fachzeitschrift. Damit... Events Die Open Air Saison hat eröffnet. Endlich besteht wieder die Möglichkeit, Veranstaltungen im Freien durchzuführen. Im Folgenden haben wir für Sie die Essentials für ein gelungenes Event aufgeführt! Steigender Wohlstand verändert das Freizeitverhalten der Menschen. Die... Event-Management In zunehmendem Maße wünschen sich Unternehmen das Ungewöhnliche für eine aussagekräftige Präsentation in der Öffentlichkeit. Event-Kommunikation kann diesem Wunsch gerecht werden. In Zeiten von Dumping-Preisen und immer größerem Konkurrenzdruck hat Kundenbindung... Clipping Das Clipping (Ausschnitt) dient der Dokumentation von Medienberichterstattung und wird bei der Evaluation von Medienarbeit berücksichtigt. Eine reine Zusammenstellung mehrerer Clippings begrenzt die Evaluation auf quantitative Kriterien wie erreichte Auflagen bzw.... get in touch

Der Newsletter ist ein häufig angewandtes Instrument der externen Kommunikation. Unternehmensnachrichten werden redaktionell zusammengefasst und inhaltlich auf die jeweilige Zielgruppe abgestimmt – das können Journalisten, Mitarbeiter oder Kunden sein. Wurden die Newsletter früher meist per Post verschickt oder im Unternehmen ausgelegt, gewinnt heute der E-Mail Newsletter immer mehr an Bedeutung. Die Vorteile liegen auf der Hand: Per Internet geht der Versand schneller und ist wesentlich kosteneffizienter. Der Erfolg des E-Mail Newsletters hängt vor allem von der Nutzerfreundlichkeit ab. Hierfür gilt es ein paar „Goldene Regeln“ zu beachten: - Angepasst an die kürzere Aufmerksamkeitsspanne sollte der Text möglichst in übersichtlichen Sätzen verfasst sein. Ausführliche Informationen werden durch Links angeboten. Die Schriftgröße sollte nicht kleiner als Elf-Punkt sein. - Die Gliederung in kurze Abschnitte mit passenden Überschriften strukturiert den Text. - Die Platzierung von Schlüsselwörtern im Betreff, in Über- oder Unterschriften dient der Orientierung und eröffnet dem Leser die Möglichkeit, die für ihn wichtigen Informationen herauszufiltern. - Jeder Empfänger freut sich, wenn er persönlich angesprochen wird. Gibt es keinen Ansprechpartner, landet der Newsletter mit großer Wahrscheinlichkeit im digitalen Müll. - Die Möglichkeit zum Austragen aus der Adressdatenbank bzw. die Kündigung muss immer mit angeboten werden. A-C D-F G-I J-L M-O P-R get in touch

Eine Presseinformation (PI) informiert die Medien schriftlich über Wissenswertes aus dem Unternehmen. Sie ist neben der Pressekonferenz das am häufigsten eingesetzte Instrument der Medienarbeit. Sie bietet schnelle Informationen und es gibt weniger Missverständnisse über das gesprochene Wort, wie z.B. bei einer Pressekonferenz. Es gibt natürlich keine Garantie für eine Veröffentlichung, doch eine PI sollte auch nur wirklich dann raus gegeben werden, wenn ein Unternehmen Neuigkeiten oder Interessantes, was für die Branche/Bezugsgruppen von Bedeutung ist, zu berichten hat. Der Nachrichtenwert für die Bezugsgruppe ist demnach ausschlaggebend für die Veröffentlichung. Dieser Nachrichtenwert lässt sich an folgenden Parametern bemessen: Aktualität, Neuigkeit, Bedeutung und Originalität. Anlässe, die eine Presseinformation rechtfertigen sind z. B.: Sonderaktionen, Einmaliges, Produktneuheiten, neue Forschungsergebnisse, wirtschaftliche Entwicklung, Messen und Ausstellungen. Hat man sich für ein Thema der Presseinformation entschieden, muss nun festgelegt werden, über welche Medien die Bezugsgruppen erreichbar sind. Als Adressaten von Presseinformationen werden in der Regel unterschieden: Tagespresse, Publikumspresse, Fachpresse, Anzeigenblätter, Rundfunk, Fernsehen, Agenturen und natürlich last but not least das world wide web. Erscheinungsbild einer Presseinformation Die Presseinfo ist die Visitenkarte eines Unternehmens, sie entscheidet, welches Vorstellungsbild die Journalisten vom Unternehmen gewinnen. Die Vorlage sollte ein professioneller Grafiker gestalten. Das Deckblatt informiert auf den ersten Blick über den Absender. Das Unternehmenslogo sollte erscheinen und ein aufmerksamkeitsstarker Titel entscheidet mit darüber, ob die PI Beachtung findet oder nicht. Doch ein Aufsehen erregender Titel ist nicht alles. Ein Einstieg geleitet in den Text und längere PI werden durch Zwischenüberschriften strukturiert. Ein gut und übersichtlich formulierter Text erhöht die Chancen eines Abdrucks. Fotos, Bilder und Grafiken Ein Bild sagt mehr als 1000 Worte. Es ist üblich und ratsam, vor allen Dingen, wenn ein Problem veranschaulicht werden soll, die PI durch Fotos, Bilder und Grafiken zu ergänzen. Illustrationen lockern die Presseinformation auf. A-C D-F G-I J-L M-O P-R get in touch

Pressekonferenzen – für viele Unternehmen ein Muss und zugleich eine Qual – für andere dagegen eine gute Gelegenheit zur Kontakt- und Imagepflege. Ist alles perfekt geplant und vorbereitet, stellen wir uns optimal dar, haben wir nichts vergessen? So mancher Presseverantwortliche gerät bei der Planung und Durchführung einer Pressekonferenz gehörig ins Schwitzen. Damit die Vorbereitung nicht zu einer lästigen „Einladerei“ wird, haben wir für Sie einige Tipps für eine gelungene Pressekonferenz, die auch die gewünschte Medienwirkung erzielt, zusammengestellt. Nur wirkliche Themen brauchen eine Pressekonferenz Veranstalten sollte man eine Pressekonferenz nur dann, wenn das Thema mehr hergibt als eine fünfzeilige Nachricht. Oberster Grundsatz einer Pressekonferenz ist die Effizienz. Sie soll nicht in eine Mammutveranstaltung mit Chichi und Gesang ausarten, sondern hier sollen in kürzester Zeit so viele Informationen wie möglich gegeben werden. Warum, wo und wann? Definieren Sie ein klares Ziel für Ihre Veranstaltung! Journalisten nehmen es übel, wenn sie ihre kostbare Zeit für einen nichtigen Anlass opfern. Wählen Sie den Ort der Pressekonferenz unter dem Gesichtspunkt der Zweckmäßigkeit und der räumlichen Lage aus. Zu gegebenem Anlass können Sie sich einen besonders originellen Ort für Ihre Veranstaltung aussuchen. Für eventuelle Einzelinterviews nach der Pressekonferenz sollte ein ruhiger Nebenraum vorhanden sein. Berücksichtigen Sie beim Festlegen des Termins, welche Veranstaltungen parallel laufen, um mögliche Überschneidungen zu vermeiden. Es ist sinnvoll, eine Pressekonferenz am späten Vormittag anzusetzen, denn dann haben die meisten Journalisten noch etwas Luft. Sie sollte nicht länger als eine Stunde dauern; zwei Referate à 20 Minuten sind vollkommen ausreichend. Rechtzeitig einladen und nachfassen Einladungen zu einer Pressekonferenz sind kurz und knapp gehalten und sollen Appetit auf die Veranstaltung machen. Laden Sie drei bis vier Wochen vor der Veranstaltung schriftlich ein. Die Einladung umfasst Anlass, Programm, Ort, Zeit , Anfahrtsskizze, Parkhinweise und ein vorformuliertes Antwortfax. Nicht zurückgesandte Antwortschreiben bieten dem Veranstalter eine optimale Gelegenheit, noch einmal „nachzufassen“. Dieser Anruf ist ein nicht zu unterschätzender Bestandteil der Vorbereitung. Neben dem Überprüfen des Verteilers, erleichtert er die Planung und bietet eine gute Möglichkeit, Interesse zu wecken. Nehmen Sie auch nach der Konferenz Kontakt zu Journalisten auf und lassen Sie sich deren Eindrücke schildern. Woran ist zu denken? Zu den unverzichtbaren Bestandteilen gehören neben der Herstellung von Namensschildern für die einzelnen Podiumsgäste die Vorbereitung der zugehörigen Pressemappe. Sie enthält sowohl eine Pressemitteilung über Aussagen und Anliegen der Pressekonferenz als auch Informationen zu den einzelnen Gästen. Darüber hinaus beinhaltet sie die Statements der Gäste, eine Kurzvorstellung des Veranstalters sowie gegebenenfalls eine Info-Broschüre zu Produkten (keine Werbeprospekte!). Es empfiehlt sich, die Pressemappe erst nach der Veranstaltung auszuhändigen. Sollte die Pressemappe im Vorfeld der Konferenz herausgegeben werden, ist es ratsam, mit dem Journalisten eine Sperrfrist zu vereinbaren. So darf er seinen Artikel erst anschließend veröffentlichen. Die Bewirtung der Teilnehmer ist nicht zwingend erforderlich, trägt jedoch zu einer angenehmen Atmosphäre bei. Ebenfalls gehören kleine, nicht überteuerte Gastgeschenke in die Kategorie „Nettigkeiten“. A-C D-F G-I J-L M-O P-R get in touch

Die Pressemappe ist eine Zusammenstellung von Pressemeldungen, die Informationen zu Produkten, Personen und Services eines Unternehmens zu einem Paket bündelt. Die Mappe kann an Journalisten versendet oder bei Presseveranstaltungen überreicht werden. Die einzelnen Texte sind nicht nur unterschiedlich formuliert, sondern stellen jeweils einen anderen Nachrichtenfaktor in den Vordergrund. So kann die Pressemappe eines Unternehmens beispielsweise einen Hintergrundtext über die Historie, Angaben zu den aktuellen Fakten und Geschäftszahlen, Presseinformationen zu den vom Unternehmen hergestellten Produkten sowie geeignetes Fotomaterial enthalten. Es empfiehlt sich, einmal eine Basispressemappe zu erstellen. Das hat den Vorteil, dass man einfach zur bestehenden Basismappe aktuelle Presseinformationen beilegen kann, wenn man mit Veranstaltungen in die Öffentlichkeit gehen möchte. A-C D-F G-I J-L M-O P-R get in touch

MOONTALK: Bleibe State of the Art Mithalten mit den Trends einer Branche, die nicht stillsteht? Das ist nicht nur möglich, sondern macht richtig Spaß – und Lust auf mehr! Mit unserem Newsletter MOONTALK bleibst du auf dem aktuellen Stand. Behalte Innovationen auf dem Radar, erlebe spannende Brand Stories und werfe einen Blick hinter die Kulissen der BLUE MOON Familie – einfach anmelden! Sie sehen gerade einen Platzhalterinhalt von Standard. Um auf den eigentlichen Inhalt zuzugreifen, klicken Sie auf den Button unten. Bitte beachten Sie, dass dabei Daten an Drittanbieter weitergegeben werden. Weitere InformationenJa, ich möchte kostenlos den moontalk-E-Mail-Newsletter abonnieren und auf Basis meiner hier angegebenen Anmeldedaten weitere – auf mich abgestimmte – Informationen, an die angegebene E-Mail-Adresse erhalten. Ich bin damit einverstanden, dass der Absender, zwecks Dokumentation meiner interessen, ein Tracking-System verwendet. Ich kann diesen Service jederzeit wieder abbestellen. Alle Felder müssen ausgefüllt werden. Wichtig: Bestätige deine Anmeldung. Nach deiner Anmeldung senden wir eine Nachricht an die von dir angegebene E-Mail-Adresse. Bitte bestätige diese, damit du in unserem Verteiler aufgenommen wirst. Falls du die Bestätigungsmail nicht beantwortest, wird deine Anmeldung automatisch wieder gelöscht. Du möchtest dich wieder abmelden? Wenn Du Dich später entschließen solltest, den Newsletter wieder abzubestellen, verwenden bitte den Abmeldelink in deinem moontalk E-Mail-Newsletter.

Employer Branding und Recruiting Warum ein Karriereportal essentiell für die Weiterentwicklung eines jeden Unternehmens ist In Zeiten des Fachkräftemangels gewinnt das Employer Branding und Recruiting zunehmend an Bedeutung. Unternehmen müssen sich stärker als je zuvor positionieren und engagieren, um qualifizierte Bewerber anzuziehen und zu halten. Ein zentraler Baustein in dieser Strategie ist ein eigenständiges Karriereportal, das potenzielle Bewerber gezielt anspricht und ihnen einen umfassenden Einblick in das Unternehmen bietet. Ein solches Karriereportal ermöglicht es, die Unternehmenskultur, offene Stellen und Entwicklungsmöglichkeiten optimal zu präsentieren. Unsere BLUE MOON Karriereseite macht vor, wie´s geht! Sie zeigt, wie Unternehmen durch eine ansprechende und informative Webseite deine Attraktivität als Arbeitgeber steigern können. Bei BLUE MOON entwickeln wir genau solche maßgeschneiderten Karriereportale für unsere Kunden. Diese Portale sind nicht nur ansprechend gestaltet und technisch auf dem neuesten Stand, sondern gewährleisten auch eine optimale Benutzerführung. Wir helfen Dir, Deine Employer Branding-Strategie zu stärken und die besten Talente für Ihr Unternehmen zu gewinnen. Profitiere von unserer Expertise und lass uns gemeinsam ein Karriereportal entwickeln, das deine Arbeitgebermarke ins beste Licht rückt und Dir hilft, den Fachkräftemangel erfolgreich zu meistern und die passenden Mitarbeiter zu finden und langfristig zu binden. get in touch Contact Leon Gilges Head of New Business

Neues BLUE MOON Führungsteam Ein galaktisch starkes Führungsteam Ein neues Kapitel beginnt: Herzlich Willkommen an Philipp – als unseren neuen Geschäftsführer und Leon als neuen Inhaber bei BLUE MOON. Mit galaktischer Freude verkünden wir, dass seit dem 1. Februar Philipp Grabolle als neuer Geschäftsführer der BLUE MOON CC GmbH an Bord ist, er ergänzt unser Geschäftsführer-Team. Seine Ankunft markiert einen kosmischen Wendepunkt für unser Unternehmen und wir heißen ihn in unserem Team herzlich willkommen. Außerdem freuen wir uns vermelden zu können, dass die Agentur auch weiter ein Familienunternehmen bleibt: Mit Leon Gilges übernahm Anfang April eine neue Generation das Zepter und bringt frischen Wind und neue Perspektiven auf den blauen Mond. Philipp bringt einen beeindruckenden Erfahrungsschatz aus seinen vorherigen Positionen bei der Agentur OMG FUSE und dem FC Schalke 04 mit. Sein wertvoller Beitrag hat bereits zu vielen neuen Ideen, verbesserten Arbeitsweisen und optimierten Strukturen geführt. Sein frischer Input hat unseren Workflow nicht nur effizienter gemacht, sondern auch unser Denken erweitert. Wir sind fest davon überzeugt, dass seine Expertise und seine Führungsqualitäten uns dabei helfen werden, noch erfolgreicher zu wachsen und unsere Ziele zu erreichen. Leon, Sohn unserer Gründerin Anita Gilges, bringt durch das Aufbauen seines E-Commmerce Food Start-ups moonbar viel Know How in den Bereichen Social Media und Online Marketing mit ein. Er ist bereits seit mehreren Jahren tatkräftig ein Vollzeit-Moonie und begeistert immer wieder unsere Kunden und Geschäftspartner mit seinem Ideenreichtum und seinem mitreißenden Spirit. Die Energie und Begeisterung, die Philipp und Leon in unser Teambringen, ist bereichernd und ansteckend und wir freuen uns sehr auf die Zusammenarbeit. Das BLUE MOON Führungsteam ist nun komplett: Gemeinsam mit Peter Lütkenhaus und Robert Pichel werden Philipp und Leon die zukünftigen Herausforderungen meistern und BLUE MOON auf neue Missionen führen. Mit so viel neuer Manpower und frischen Impulsen blicken wir als Agentur gespannt und zuversichtlich in die Zukunft – Zusammen mit Ihnen in fortlaufenden oder zukünftigen Projekten. get in touch Contact Leon Gilges Head of New Business",9144,9144,24,"[""https://www.bluemoon.de/jobs/grafikdesigner-m-w-d"", ""https://www.bluemoon.de/jobs/pr-consultant"", ""https://www.bluemoon.de/jobs/social-media-junior-consultant-m-w-d"", ""https://www.bluemoon.de/karriere"", ""https://www.bluemoon.de/karriere/grafik-team"", ""https://www.bluemoon.de/karriere/it-team"", ""https://www.bluemoon.de/karriere/pr-team"", ""https://www.bluemoon.de/karriere/social-media-team"", ""https://www.bluemoon.de/lexikon/employer-branding"", ""https://www.bluemoon.de/lexikon/leitbild"", ""https://www.bluemoon.de/"", ""https://www.bluemoon.de/lexikon/event-management"", ""https://www.bluemoon.de/agentur"", ""https://www.bluemoon.de/blog"", ""https://www.bluemoon.de/branding"", ""https://www.bluemoon.de/cases"", ""https://www.bluemoon.de/lexikon"", ""https://www.bluemoon.de/lexikon/newsletter"", ""https://www.bluemoon.de/lexikon/presseinformation"", ""https://www.bluemoon.de/lexikon/pressekonferenz"", ""https://www.bluemoon.de/lexikon/pressemappe"", ""https://www.bluemoon.de/newsletter"", ""https://www.bluemoon.de/pressemitteilungen/employer-branding-und-recruiting"", ""https://www.bluemoon.de/pressemitteilungen/neues-blue-moon-fuehrungsteam""]","[""careers_employer"", ""careers_employer"", ""careers_employer"", ""careers_employer"", ""careers_employer"", ""careers_employer"", ""careers_employer"", ""careers_employer"", ""careers_employer"", ""family_values"", ""homepage"", ""management_leadership"", ""news_press"", ""news_press"", ""news_press"", ""news_press"", ""news_press"", ""news_press"", ""news_press"", ""news_press"", ""news_press"", ""news_press"", ""news_press"", ""news_press""]",0,0,0,24,True,24,0,0,0,9144,0,0,0,de,True,,de,True,high,
c956bd4e-2b8a-4c48-8780-c187587f46b3,1,BLUE MOON COMMUNICATION CONSULTANTS GMBH,post_event,include,"Wir suchen eine/einen Online Marketing Consultant (m/w/d) Booste Deine Karriere! Du liebst es, SEO-Strategien zu entwickeln, datengetriebene Entscheidungen zu treffen und digitale Kampagnen zu steuern? Dann bist du bei uns genau richtig! Wir sind eine wachsende Marketing-Agentur mit starkem Fokus auf Performance, Kreativität und Teamgeist – und suchen dich als Online Marketing Manager (m/w/d) mit Schwerpunkt SEO & GEO. Werde Moonie und verstärke unsere Crew! Was wir bieten: - Abwechslungsreiche Projekte mit spannenden Kunden. - Viel Gestaltungsspielraum und kurze Entscheidungswege. - Ein motiviertes, offenes Team, das gemeinsam Ziele erreicht. - Weiterentwicklungsmöglichkeiten durch Workshops, Lunch-Sessions, Konferenzen & eigene BLUE MOON Akademie. - Home Office, flexible Arbeitszeiten, 30 Tage Urlaub, eine gute Work-Life-Balance und eine faire Vergütung Deine Hauptaufgaben: - Du entwickelst und steuerst kanalübergreifende Online-Marketing-Strategien – mit besonderem Fokus auf SEO, GEO und Content-Marketing. - Du identifizierst Potenziale, analysierst KPIs und leitest daraus Optimierungen ab. - Du arbeitest eng mit unserem kreativen Team zusammen, um unsere Kunden digital sichtbar zu machen und nachhaltig zu skalieren. - Du bleibst am Puls der Zeit und bringst neue Trends, Tools und Ideen aktiv ins Team ein. Dein Profil: - Mindestens 3 Jahre Erfahrung im Online Marketing – idealerweise aus einer Agentur mit vielseitigen Projekten. - Fundierte Kenntnisse in SEO (Onpage, Offpage, Technical SEO) und gerne auch GEO-Marketing. - Sicherer Umgang mit Tools wie Matomo, Google Analytics, Search Console, SEMrush oder SISTRIX. - Ein gutes Gespür für Daten, Content und Zielgruppen. - Teamgeist, Eigeninitiative und die Fähigkeit, Verantwortung zu übernehmen. Bereit durchzustarten? Oder nutz einfach das Formular. Benefits - was wir bieten! Permanente Weiterbildung Raum für Eigeninitiative Kleine, kollegiale Teams Modernstes Arbeitsumfeld Feel Good Management Team Events Flexibles Arbeiten 30 Tage Urlaub Home Office Agenturhunde willkommen Inside BLUE MOON: Entdecke unsere Teams Von Trainee bis Senior, von Art Director bis IT Consultant: In unseren Teams kannst du Maßstäbe in allen Marketing-Disziplinen setzen. PR & Marketing Strategische Kommunikation aus einem Guss – national, international, intergalaktisch: Unsere PR- und Marketing-Teams führen Kunden in neue Marketing-Welten. Social Media Wo die Marke zur Influencerin wird: Mit verrückten Ideen, knallharten Zahlen und eigenem Filmstudio sorgen unsere Social Media Profis für interstellare Reichweiten. Grafik Design Wahre Kunst in allen Dimensionen: Ob 3D, 2D, bewegte Bilder oder zeitlose Corporate Designs – unserem Designer-Team geht der Kreativ-Treibstoff nie aus. IT & Webdesign Mit Quantensprüngen durch die Marketing-Galaxis navigieren: Dafür sorgt unser Digital-Team – mit modernsten Lösungen, die technische Raffinesse und perfekten Look verbinden.

Wir suchen eine/einen PR CONSULTANT (M/W/D) Deine Mission Booste deine Karriere als PR Consultant (m/w/d) in einer national wie international etablierten Full Service Agentur für PR und Marketing! Zur Verstärkung des Teams suchen wir eine kreative, engagierte und präsentationsstarke Persönlichkeit, die sich mit Selbstvertrauen und Eigeninitiative einbringt. Lust auf Eigenverantwortung, Mut zur Kreativität und volle Einsatzbereitschaft für den Kunden in einem kollegialen und respektvollen Miteinander vereinen unsere Erwartungshaltung und Deinen Anspruch an eine erfüllende und zukunftsorientierte Beschäftigung. Werde Moonie und verstärke unsere Crew! Deine Benefits - Unbefristete Festanstellung - Homeoffice und flexible Arbeitszeiten - 30 Tage Urlaub - Spannende, vielseitige Projekte mit viel Raum für Eigenverantwortung und Kreativität - Flache Hierarchien in einem kreativen, kompetenten Team - Qualifizierte, kontinuierliche Weiterbildung mit individueller Schwerpunktsetzung - Modernste, crossmediale Marketing-Tools, z. B. in der Medienresonanzanalyse Dein Profil - Ein abgeschlossenes Studium der Kommunikations-, Geistes-, Medien- oder Wirtschaftswissenschaften, gerne auch Quereinsteiger aus anderen Studienrichtungen mit PR-Praxis - Sehr gute redaktionelle Kenntnisse und ansprechender Schreibstil - Beratermentalität - Erfahrung im Umgang mit Kunden und Journalisten - Gute Englischkenntnisse - Schnelle Auffassungsgabe, ideenreiche Begeisterungsfähigkeit und eine Can-Do-Mentalität - Souveränes Auftreten und mitdenkende Herangehensweise - Teamorientierung mit Spaß und Freude an der Kommunikation - Kreative Zusammenarbeit mit PR-, Social Media-, Grafik- und IT-Expert*innen Deine Aufgaben - Strategische Kundenberatung und -betreuung - Konzeption, Steuerung und Evaluation von PR- und Marketing-Kampagnen - Entwicklung, Präsentation und Umsetzung von Kommunikations- und Marketing-Konzepten - Verfassen und Lancieren von redaktionellen Texten wie Presseinformationen, Fachartikel, Web- und Social Media-Content - Steuerung crossmedialer Projekte in Zusammenarbeit mit Grafikern, Web-Designern, Social Media-Managern und Videografen - Zeit-, Kapazitäts- und Kostenplanung Bereit durchzustarten? Oder nutz einfach das Formular. Benefits - was wir bieten! Permanente Weiterbildung Raum für Eigeninitiative Kleine, kollegiale Teams Modernstes Arbeitsumfeld Feel Good Management Team Events Flexibles Arbeiten 30 Tage Urlaub Home Office Agenturhunde willkommen Inside BLUE MOON: Entdecke unsere Teams Von Trainee bis Senior, von Art Director bis IT Consultant: In unseren Teams kannst du Maßstäbe in allen Marketing-Disziplinen setzen. PR & Marketing Strategische Kommunikation aus einem Guss – national, international, intergalaktisch: Unsere PR- und Marketing-Teams führen Kunden in neue Marketing-Welten. Social Media Wo die Marke zur Influencerin wird: Mit verrückten Ideen, knallharten Zahlen und eigenem Filmstudio sorgen unsere Social Media Profis für interstellare Reichweiten. Grafik Design Wahre Kunst in allen Dimensionen: Ob 3D, 2D, bewegte Bilder oder zeitlose Corporate Designs – unserem Designer-Team geht der Kreativ-Treibstoff nie aus. IT & Webdesign Mit Quantensprüngen durch die Marketing-Galaxis navigieren: Dafür sorgt unser Digital-Team – mit modernsten Lösungen, die technische Raffinesse und perfekten Look verbinden.

Wir suchen eine/einen Praktikant:in Social Media (M/W/D) Deine Mission Starte Deine Karriere als Praktikant:in Social Media (m/w/d): Du liebst alles rund ums Social Media, hast ein gutes Gespür für Trends und möchtest lernen, wie professionelle Markenkommunikation funktioniert? Dann bist du bei uns genau richtig! Wir sind eine Marketing-Agentur mit den Schwerpunkten Social Media, Online Marketing, PR und Grafikdesign – und haben richtig Lust auf kreative Projekte. Dafür suchen wir dich als Praktikant:in für unser Social Media Team! Werde Moonie und verstärke unsere Crew! Was du bei uns machst 💡 - Social Media-Content mitgestalten (Posts, Reels, Stories & mehr) - Kampagnen planen und umsetzen - Trends recherchieren und die Community managen - In Online Marketing- & PR-Projekte reinschnuppern - Lernen, wie Agenturarbeit funktioniert Das bringst du mit ✨ - Leidenschaft für Social Media & digitale Kommunikation - Kreativität, Eigeninitiative und Motivation - Nice to have: erste Erfahrungen mit Instagram, TikTok und YouTube - Du studierst oder suchst ein Gap-Year-Praktikum Was wir dir bieten 🎉 - Abwechslungsreiche Projekte mit echten Kunden - Viel Raum für eigene Ideen und Lernmöglichkeiten - Ein Team, das dich ernst nimmt und dich aktiv ins Agenturleben einbindet - Flexible Zeiten, modernes Setup & coole Afterwork Events - Skills, die du wirklich brauchst Bereit durchzustarten? Oder nutz einfach das Formular. Benefits - was wir bieten! Permanente Weiterbildung Raum für Eigeninitiative Kleine, kollegiale Teams Modernstes Arbeitsumfeld Feel Good Management Team Events Flexibles Arbeiten 30 Tage Urlaub Home Office Agenturhunde willkommen Inside BLUE MOON: Entdecke unsere Teams Von Trainee bis Senior, von Art Director bis IT Consultant: In unseren Teams kannst du Maßstäbe in allen Marketing-Disziplinen setzen. PR & Marketing Strategische Kommunikation aus einem Guss – national, international, intergalaktisch: Unsere PR- und Marketing-Teams führen Kunden in neue Marketing-Welten. Social Media Wo die Marke zur Influencerin wird: Mit verrückten Ideen, knallharten Zahlen und eigenem Filmstudio sorgen unsere Social Media Profis für interstellare Reichweiten. Grafik Design Wahre Kunst in allen Dimensionen: Ob 3D, 2D, bewegte Bilder oder zeitlose Corporate Designs – unserem Designer-Team geht der Kreativ-Treibstoff nie aus. IT & Webdesign Mit Quantensprüngen durch die Marketing-Galaxis navigieren: Dafür sorgt unser Digital-Team – mit modernsten Lösungen, die technische Raffinesse und perfekten Look verbinden.

Wir suchen eine/einen Social Media Junior Consultant (M/W/D) Deine Mission Booste deine Karriere: Als Social Media Junior Consultant (m/w/d) bei BLUE MOON verwirklichst du Social Media Kampagnen von B2C- und B2B-Brands in Themenfeldern wie Energiewende, Nachhaltigkeit, Technologie, Fashion und Food. In einer der führenden Social Media Agenturen des Rheinlands führst du dabei Weltmarktführer ebenso wie innovative Start Ups zum Social Media Erfolg und steigerst dabei Engagement, Reichweite und Leads angesagter Marken – eigenverantwortlich, aber immer unterstützt von unserem starken Team aus Social Media Expert*innen. Werde Moonie und verstärke unsere Crew! Deine Benefits - Eine unbefristete Festanstellung - Ein begeistertes Team aus Social Media- und Marketing-Expert*innen mit flachen Hierarchien und viel Teamspirit - Homeoffice und flexible Arbeitszeiten - 30 Tage Urlaub im Jahr - Modernste Ausstattung inkl. firmeneigenem Social Media Filmstudio - Vielfältige Team-Events, Weiterbildungs-Programme, Feelgood-Management und gute Work-Life-Balance - Eigenverantwortliche Mitarbeit in abwechslungsreichen und herausfordernden Kundenprojekten - Du verfügst über mindestens 2 Jahre Berufserfahrung im Bereich Social Media Marketing. - Du hast bereits erste Projekte eigenständig umgesetzt und Kunden hauptverantwortlich beraten. - Du begeisterst dich für Social Media und bewegst dich sicher auf allen gängigen Plattformen von TikTok bis LinkedIn. - Du kennst dich mit den neuesten Social Media Trends aus und begeisterst dich für spannende Contentformate. - Du denkst analytisch und möchtest die Performance deiner Projekte stets optimieren. - Du bist kreativ, neugierig und eignest dir stets die neusten Methoden und Tools an. - Du bist kommunikativ, ein*e Teamplayer*in und liebst den direkten Kundenkontakt. - Du bist engagiert und initiativ, verfügst über einen selbstständigen Arbeitsstil und eine ausgeprägte Hands-on Mentalität. Deine Aufgaben - Social Media Marketing: Du konzipierst, planst, steuerst, evaluierst und optimierst Social Media Kampagnen. - Du berätst Kunden direkt im Bereich Social Media Marketing und unterstützt bei der Entwicklung und Umsetzung von Social Media Strategien. - Du wirkst kreativ und strategisch im Bereich der Content Kreation mit, planst und erstellst Content (Texte, Grafiken, Videos) und setzt Drehs von Short Content in Zusammenarbeit mit unserem Brandingteam strukturiert um. - Du unterstützt crossmediale Kampagnen der Agentur mit deiner Expertise im Bereich Content Kreation und Social Media Marketing. Bereit durchzustarten? Oder nutz einfach das Formular. Benefits - was wir bieten! Permanente Weiterbildung Raum für Eigeninitiative Kleine, kollegiale Teams Modernstes Arbeitsumfeld Feel Good Management Team Events Flexibles Arbeiten 30 Tage Urlaub Home Office Agenturhunde willkommen Inside BLUE MOON: Entdecke unsere Teams Von Trainee bis Senior, von Art Director bis IT Consultant: In unseren Teams kannst du Maßstäbe in allen Marketing-Disziplinen setzen. PR & Marketing Strategische Kommunikation aus einem Guss – national, international, intergalaktisch: Unsere PR- und Marketing-Teams führen Kunden in neue Marketing-Welten. Social Media Wo die Marke zur Influencerin wird: Mit verrückten Ideen, knallharten Zahlen und eigenem Filmstudio sorgen unsere Social Media Profis für interstellare Reichweiten. Grafik Design Wahre Kunst in allen Dimensionen: Ob 3D, 2D, bewegte Bilder oder zeitlose Corporate Designs – unserem Designer-Team geht der Kreativ-Treibstoff nie aus. IT & Webdesign Mit Quantensprüngen durch die Marketing-Galaxis navigieren: Dafür sorgt unser Digital-Team – mit modernsten Lösungen, die technische Raffinesse und perfekten Look verbinden.

Wir suchen eine/einen Trainee Social Media & PR (m/w/d) Deine Mission Booste Deine Karriere als Trainee Social Media & PR (m/w/d): In unserem fundierten Trainee-Programm erlernst Du alles, was in einer modernen Werbeagentur zählt. Von TikTok bis LinkedIn, von PR-Text bis Videoproduktion, vom Online-Marketing bis zur Zusammenarbeit mit internationalen Partneragenturen: Erlebe die spannenden Tätigkeitsfelder von BLUE MOON in der Praxis und profitiere von unserem qualifizierten Ausbildungsplan. Werde Moonie und verstärke unsere Crew! Was wir bieten: - Ein fundiertes Trainee-Programm - 18-monatige Anstellung mit Chance zur anschließenden Festanstellung als Junior Consultant - Eine umfassende, qualifizierte Ausbildung mit Schulungen, Trainings und Seminaren - Eigenverantwortliche Mitarbeit im Social Media- und PR-Team - Home Office, flexible Arbeitszeiten, 30 Tage Urlaub, eine gute Work-Life-Balance und ein sympathisches, motiviertes Team Deine Hauptaufgaben: - Social Media Management von Kundenprofilen auf allen gängigen Plattformen - Redaktion von PR- und Marketingtexten - Entwicklung von Marketingkonzepten - Evaluation und Reporting von PR- und Marketingerfolgen - Kreative Zusammenarbeit mit PR-, Social Media-, Grafik- und IT-Expert*innen Dein Profil: - Du hast Abitur und begeisterst dich für Themen Kommunikation, Marketing und Social Media. - Du studierst oder hast bereits ein abgeschlossenes Studium, z.B. im Bereich Geistes-/Medienwissenschaft oder BWL (mit Schwerpunkt Marketing/Kommunikation) – auch in diesem Fall ist unser Trainee-Programm optimal für Dich geeignet. - Du liebst das kreative Arbeiten und den Umgang mit Sprache, begeisterst Dich für Social Media und neueste Kommunikations-Trends. - Erste Berufserfahrungen in den Bereichen Marketing, Social Media, PR oder Journalismus sind von Vorteil. Bereit durchzustarten? Oder nutz einfach das Formular. Benefits - was wir bieten! Permanente Weiterbildung Raum für Eigeninitiative Kleine, kollegiale Teams Modernstes Arbeitsumfeld Feel Good Management Team Events Flexibles Arbeiten 30 Tage Urlaub Home Office Agenturhunde willkommen Inside BLUE MOON: Entdecke unsere Teams Von Trainee bis Senior, von Art Director bis IT Consultant: In unseren Teams kannst du Maßstäbe in allen Marketing-Disziplinen setzen. PR & Marketing Strategische Kommunikation aus einem Guss – national, international, intergalaktisch: Unsere PR- und Marketing-Teams führen Kunden in neue Marketing-Welten. Social Media Wo die Marke zur Influencerin wird: Mit verrückten Ideen, knallharten Zahlen und eigenem Filmstudio sorgen unsere Social Media Profis für interstellare Reichweiten. Grafik Design Wahre Kunst in allen Dimensionen: Ob 3D, 2D, bewegte Bilder oder zeitlose Corporate Designs – unserem Designer-Team geht der Kreativ-Treibstoff nie aus. IT & Webdesign Mit Quantensprüngen durch die Marketing-Galaxis navigieren: Dafür sorgt unser Digital-Team – mit modernsten Lösungen, die technische Raffinesse und perfekten Look verbinden.

Booste deine Karriere Werde Moonie und erobere die Zukunft Booste deine Karriere: Dein Start in der Agentur für Branding, Online Marketing, PR und Social Media Du bist neugierig. Hungrig. Du begeisterst dich für Kommunikation, für digitale Kanäle und Teamwork. Du steckst voller Ideen und willst dir die neuesten Tools aneignen, um sie Realität werden zu lassen. Dann haben wir eine gute Nachricht für dich: Das Raumschiff für deinen Karriere-Quantensprung steht schon bereit. Die Tanks sind voll, der Kurs ist gecheckt, die Crew ist bereit. Starte mit uns durch – in die endlose Vielfalt der Marketing-Galaxis. Stellenangebote: gehe mit BLUE MOON auf Mission Online Marketing Consultant (m/w/d) Wir suchen eine/einen Online Marketing Consultant (m/w/d)Booste Deine Karriere! Du liebst es, SEO-Strategien zu entwickeln, datengetriebene Entscheidungen zu treffen und digitale Kampagnen zu steuern? Dann bist du bei uns genau richtig! Wir sind eine wachsende... Trainee Social Media & PR (m/w/d) Wir suchen eine/einen Trainee Social Media & PR (m/w/d)Deine Mission Booste Deine Karriere als Trainee Social Media & PR (m/w/d): In unserem fundierten Trainee-Programm erlernst Du alles, was in einer modernen Werbeagentur zählt. Von TikTok bis LinkedIn, von... Praktikant:in Social Media (m/w/d) Wir suchen eine/einen Praktikant:in Social Media (M/W/D)Deine Mission Starte Deine Karriere als Praktikant:in Social Media (m/w/d): Du liebst alles rund ums Social Media, hast ein gutes Gespür für Trends und möchtest lernen, wie professionelle Markenkommunikation... Social Media Junior Consultant (m/w/d) Wir suchen eine/einen Social Media Junior Consultant (M/W/D)Deine Mission Booste deine Karriere: Als Social Media Junior Consultant (m/w/d) bei BLUE MOON verwirklichst du Social Media Kampagnen von B2C- und B2B-Brands in Themenfeldern wie Energiewende, Nachhaltigkeit,... PR Consultant (m/w/d) Wir suchen eine/einen PR CONSULTANT (M/W/D)Deine Mission Booste deine Karriere als PR Consultant (m/w/d) in einer national wie international etablierten Full Service Agentur für PR und Marketing! Zur Verstärkung des Teams suchen wir eine kreative, engagierte und... Inside BLUE MOON: Entdecke unsere Teams Von Trainee bis Senior, von Art Director bis IT Consultant: In unseren Teams kannst du Maßstäbe in allen Marketing-Disziplinen setzen. PR & Marketing Strategische Kommunikation aus einem Guss – national, international, intergalaktisch: Unsere PR- und Marketing-Teams führen Kunden in neue Marketing-Welten. Social Media Wo die Marke zur Influencerin wird: Mit verrückten Ideen, knallharten Zahlen und eigenem Filmstudio sorgen unsere Social Media Profis für interstellare Reichweiten. Grafik Design Wahre Kunst in allen Dimensionen: Ob 3D, 2D, bewegte Bilder oder zeitlose Corporate Designs – unserem Designer-Team geht der Kreativ-Treibstoff nie aus. IT & Webdesign Mit Quantensprüngen durch die Marketing-Galaxis navigieren: Dafür sorgt unser Digital-Team – mit modernsten Lösungen, die technische Raffinesse und perfekten Look verbinden. Weiterbildung: Willkommen in der Moon Fleet Academy Wir sind keine Phrasen-Fans, aber es stimmt halt: „Man lernt nie aus“ – schon gar nicht in unserer Branche, in der ständig neue Trends und Technologien die Entwicklungen bestimmen. Deshalb bilden wir dich bei BLUE MOON konsequent weiter. Von Trainee bis Senior – mit externen Seminaren, Inhouse-Veranstaltungen und vielen weiteren Maßnahmen bleibst du am Puls der Zeit. Entdecke die Moon Fleet Academy – gerne auch als duale*r Student*in! Unsere Mission. Deine Chance. An Herausforderungen mangelt es nicht auf dieser Welt. Zum Glück gibt es unzählige mittelständige Unternehmen die raffinierte Lösungen und brillante Innovationen dafür entwickeln. Hilf uns dabei, diese Unternehmen und ihre Produkte bekannter zu machen – in unserem Team, das auf starken Werten fußt: Hier kennt jede*r jede*n – und alle helfen sich gegenseitig aus: Unser crossmediales Team arbeitet, entwickelt sich und feiert auch gemeinsam. Als unabhängige, inhabergeführte Agentur profitieren wir seit über 20 Jahren von einer nachhaltigen Wachstums- und Erfolgsstrategie. Immer dazulernen und die Chance in jeder Innovation erkennen: So eignen wir uns pausenlos die neuesten Methoden an. Benefits - was wir bieten! Permanente Weiterbildung Raum für Eigeninitiative Kleine, kollegiale Teams Modernstes Arbeitsumfeld Feel Good Management Team Events Flexibles Arbeiten 30 Tage Urlaub Home Office Agenturhunde willkommen der recruiting prozess Deine Bewerbung – komm in unseren Orbit Du willst Weltraumluft schnuppern? Dann schick uns deine Bewerbung. Du kannst dich entweder auf eine ausgeschriebene Stelle oder initiativ bewerben. Nach einem erfolgreichen Check deiner Unterlagen geht es auch schon los in den nächsten Schritt. Erstes Kennenlernen – first contact Die ersten Astronauten triffst du bei einem 30-minütigen (Video) Call. Hier lernen wir dich kennen und du uns. Alles, was du wissen möchtest und dir wichtig ist, kannst du jetzt deinen künftigen Mission Commander (oder auch Teamleiter) und die HR fragen. Probearbeitstag – dein erster moonwalk Nach einem positiven Eindruck im Online Call laden wir dich auf deine erste Mission ein. Dabei machst du dich mit deinen zukünftigen Kollegen und unserer Raumstation hier in Neuss bekannt. Du lernst unsere Branchen, in den wir unterwegs sind, kennen und spannende Aufgaben aus unserem Arbeitsalltag warten auf dich. Am Ende des Tages gibt es eine Feedback-Runde, bei der du uns deine ersten Eindrücke vom Blauen Mond schilderst. Follow Up Im Anschluss an den Probetag lassen wir gemeinsam mit dir, in einem Ground Control Call, den Tag nochmal Revue passieren. Hier können auch letzte Fragen geklärt werden und wir besprechen alles Weitere. Happy Landing auf dem blauen Mond – Mission completed! Willkommen im Team, die Astronauten freuen sich schon auf dich! Beim Onboarding lernst du alles rund um die Agentur und unsere Prozesse kennen und startest nach und nach in deine ersten Projekte.

Das Grafik Design Team: Virtuos in allen Dimensionen Das Kreativ-Labor für einzigartige Augenblicke Manchmal wird es grell und bunt – und manchmal bleibt es schlicht schwarz-weiß. In unserem Kreativ-Labor entstehen Flat Designs und 3D-Animationen. Hier bewegen sich Bilder und zeitlose Logos prägen Marken für Jahre. Unser Team aus Grafik Designern mischt Kreativität, Stilbewusstsein und modernste digitale Technik zu einzigartigen Augen-Blicken. So erhalten unsere Kunden eine starke visuelle Identität. In enger Zusammenarbeit mit unseren PR-, IT- und Social Media Teams gilt es, immer wieder neue Visionen für crossmediale Anwendungen zu entwickeln. Keine Ergebnisse gefunden Die angefragte Seite konnte nicht gefunden werden. Verfeinern Sie Ihre Suche oder verwenden Sie die Navigation oben, um den Beitrag zu finden. Kompetenzfelder BLUE MOON Grafik Design: - Corporate Design-Entwicklung - 3D- und 2D-Animation - Videoproduktion - Corporate Publishing - UX-Design - Bildbearbeitung - Corporate Building - Enwicklung von Werbekampagnen - Kundenberatung - Und vieles mehr …

Unser IT-Team: Navigatoren durch digitale Sphären Willkommen am Startpunkt für digitale Quantensprünge Willkommen am Startpunkt für digitale Quantensprünge. Nie war die Zukunft so schnell Vergangenheit wie heute. Der nächste Mega-Trend klopft schon an die Tür und eine noch größere technische Revolution wird gerade irgendwo auf der Welt entwickelt. Oder anders ausgedrückt: Es wird nie langweilig. Jedenfalls nicht im digitalen Marketing und schon gar nicht in unserem Team für IT und Webdesign. Hier setzen wir uns mit allen technischen Facetten an die Spitze der Entwicklung – sei es UX-Design, Performance Marketing, SEO und SEA oder App-Entwicklung. Die Voraussetzungen dafür: Fachkompetenz, Neugierde und strategisches Denken. Keine Ergebnisse gefunden Die angefragte Seite konnte nicht gefunden werden. Verfeinern Sie Ihre Suche oder verwenden Sie die Navigation oben, um den Beitrag zu finden. Kompetenzfelder BLUE MOON IT & Webdesign - Website Relaunches - Webentwicklung - Performance Marketing - Suchmaschinenoptimierung (SEO) - Suchmaschinenwerbung (SEA) - E-Mail-Marketing - Entwicklung von Webshops - Entwicklung von Apps - System-Administration - Kundenberatung - Und vieles mehr …

Unser PR-Team: international und intergalaktisch Die Basis-Station für Text- und Strategie-Entwicklung Unser PR-Team weiß nicht nur, was ankommt, sondern auch, wo es ankommt: Wir kommunizieren gezielt in Märkte rund um den Globus und tracken die PR-Erfolge in jedem erdenklichen Land. Als Berater*innen entwickeln wir zudem Konzepte und Strategien im direkten Kundenkontakt. Mit den anderen BLUE MOON-Teams arbeiten wir crossmedial zusammen – mit individuellen Schwerpunkten und Kompetenzen. Du willst für’s Web texten, für Videos oder für Fachmedien? Du willst Werbekampagnen steuern oder Profi für Krisen-PR werden? Wir bieten dir alle Möglichkeiten. Online Marketing Consultant (m/w/d) Wir suchen eine/einen Online Marketing Consultant (m/w/d)Booste Deine Karriere! Du liebst es, SEO-Strategien zu entwickeln, datengetriebene Entscheidungen zu treffen und digitale Kampagnen zu steuern? Dann bist du bei uns genau richtig! Wir sind eine wachsende... Trainee Social Media & PR (m/w/d) Wir suchen eine/einen Trainee Social Media & PR (m/w/d)Deine Mission Booste Deine Karriere als Trainee Social Media & PR (m/w/d): In unserem fundierten Trainee-Programm erlernst Du alles, was in einer modernen Werbeagentur zählt. Von TikTok bis LinkedIn, von... PR Consultant (m/w/d) Wir suchen eine/einen PR CONSULTANT (M/W/D)Deine Mission Booste deine Karriere als PR Consultant (m/w/d) in einer national wie international etablierten Full Service Agentur für PR und Marketing! Zur Verstärkung des Teams suchen wir eine kreative, engagierte und... Kompetenzfelder BLUE MOON PR: - Kreatives & redaktionelles Schreiben - Crossmediales Storytelling - Internationale PR - Entwicklung von Marken-Strategien - Entwicklung von Werbekampagnen - Kreative Konzeption - Texten für SEO, Web und Videos - Medienresonanzanalyse - Mediaplanung - Krisen-PR - Kundenberatung - Und vieles mehr …

Unser Social Media Team: Durchstarten auf allen Kanälen Die Crew, die aus Marken echte Stars macht Mithilfe von Influencern zum Influencer werden? Durch einzigartigen Videocontent ganz neue Zielgruppen erreichen? Und diese mit Community Management an die eigene Marke binden? Unsere Social Media Profis sorgen dafür, dass unsere Kunden unter all den Sternen am digitalen Firmament besonders hell leuchten. Damit das klappt, stehen alle Tools bereit: Vom hauseigenen Filmstudio bis hin zu den modernsten Online-Anwendungen. Die wichtigsten Tools bringen unsere Profis aber selbst mit: die perfekte Mischung aus Kreativität, Verrücktheit und analytischer Genauigkeit. Trainee Social Media & PR (m/w/d) Wir suchen eine/einen Trainee Social Media & PR (m/w/d)Deine Mission Booste Deine Karriere als Trainee Social Media & PR (m/w/d): In unserem fundierten Trainee-Programm erlernst Du alles, was in einer modernen Werbeagentur zählt. Von TikTok bis LinkedIn, von... Praktikant:in Social Media (m/w/d) Wir suchen eine/einen Praktikant:in Social Media (M/W/D)Deine Mission Starte Deine Karriere als Praktikant:in Social Media (m/w/d): Du liebst alles rund ums Social Media, hast ein gutes Gespür für Trends und möchtest lernen, wie professionelle Markenkommunikation... Social Media Junior Consultant (m/w/d) Wir suchen eine/einen Social Media Junior Consultant (M/W/D)Deine Mission Booste deine Karriere: Als Social Media Junior Consultant (m/w/d) bei BLUE MOON verwirklichst du Social Media Kampagnen von B2C- und B2B-Brands in Themenfeldern wie Energiewende, Nachhaltigkeit,... Kompetenzfelder BLUE MOON Social Media: - Content Creation - Influencer Marketing - Social Ads Management - Videoproduktion - Community Management - Redaktionsplanung - Auswertung & Analyse - Strategie-Entwicklung - Kundenberatung - Und vieles mehr …

Der aus dem anglo-amerikanischen stammende Begriff des Employer Branding bezeichnet eine unternehmensstrategische Maßnahme, deren Wurzeln in Marketingkonzepten der Markenbildung liegen. Das Ziel der in den späten neunziger Jahren entstandenen Arbeitgebermarkenbildung ist es, ein Unternehmen als guten und attraktiven Arbeitgeber darzustellen sowie die Unterschiede zu den Wettbewerbern deutlich hervorzuheben. Von zentraler Bedeutung ist also, wie ein Unternehmen im Arbeitsmarkt von potenziellen Interessenten wahrgenommen wird. So wie Marken Vertrauen schaffen und dadurch eine Bindung beim Konsumenten erzeugen, wünschen sich ebenfalls viele Personalabteilungen eine starke Arbeitgebermarke, damit engagierte und qualifizierte Mitarbeiter im Unternehmen langfristig tätig sind bzw. sich talentierte Fach- und Führungskräfte für das jeweilige Unternehmen als Arbeitgeber interessieren und sich dann auch auf vakante Stellen bewerben. Doch Employer Branding ist nicht nur ein Mittel zur Personalgewinnung, wie Studien aus Großbritannien und den USA zeigen. Vielmehr existiert laut diesen Ergebnissen ein Zusammenhang zwischen einer strategisch entwickelten Arbeitgebermarke und einer gesteigerten Identifikation sowie Leistungsbereitschaft. Zusätzlich wurde auch deutlich, dass der Krankenstand und Bürodiebstähle zurückgingen, wenn sich die Mitarbeiter der positiven Arbeitgebermarke bewusst waren. Somit ist Employer Branding ein vielfältiges und praktisches Instrument für ein Unternehmen, seine Kultur und sein Image zu festigen und auszubauen sowie seine Mitarbeiter zu motivieren. A-C D-F G-I J-L M-O P-R get in touch

Unter dem Begriff Leitbild versteht man die komprimierte Formulierung der Unternehmenspolitik und der Corporate Identity. Das Leitbild umschreibt in einfacher, leicht verständlicher Form Unternehmenszweck, -ziele und Verhaltensgrundsätze der Unternehmensführung gegenüber dem internen und externen Umfeld. Es beinhaltet die Unternehmensphilosophie und bildet somit die Grundlage der Management-Denkhaltung und die Werthaltung der Führungskräfte. Zugleich ist es Spiegelbild der Unternehmenskultur und Verhaltenskodex der Unternehmensangehörigen. Leitbilder dienen der Ausrichtung und Motivation aller Mitarbeiter. Entscheidend ist, dass sie nicht nur dokumentiert, sondern von Führungskräften kommuniziert und vorgelebt werden. Leitbilder dienen dem Erreichen der Unternehmensziele und müssen im Unternehmensalltag Tag für Tag mit Leben gefüllt werden. A-C D-F G-I J-L M-O P-R get in touch

Weltmarktführer. Statement. deiner Fanbase. Vertrieb. Marke. Boosting Brands. Seit 25 Jahren. BLUE MOON – deine Werbeagentur. Weil der Mittelstand einzigartig ist. Willkommen bei der Agentur, die dich versteht: Wir von BLUE MOON ticken wie Du. Als Familienunternehmen, als Experten für technische Themen – wir brennen für den Mittelstand. Wir MACHEN Weltmarktführer, ob bereits bekannt, als „Hidden Champion“ oder noch in den Startlöchern. Diese Begeisterung verwandeln wir in Kampagnen und Marketingmaßnahmen, die dich und dein Unternehmen nach vorne bringen. get in touch Kontakt Cases Unsere Kunden und Projekte Agentur DIE CREW FÜR DEINEN MARKENERFOLG Seit einem Viertel Jahrhundert sind wir der Erfolgsgarant für den Mittelstand: BLUE MOON wurde im Jahr 2000 von Anita Gilges gegründet und agiert seitdem als unabhängige, familiengeführte Werbeagentur mit Sitz in Neuss bei Düsseldorf. Unsere Crew ist perfekt aufgestellt, um dein Unternehmen in jeder Marketing-Disziplin auf die Pole Position zu bringen: Erfahrene PR- und Marketing-Consultants, die teilweise seit 25 Jahren an Bord sind, arbeiten Hand in Hand mit TikTok-Profis aus der Gen Z, mit SEO-Spezialisten, Videografen, Web-Entwicklern, Art Directors und PR-Redakteuren – alles inhouse. Familiär. Zuverlässig. State of the Art. Dies ist das Versprechen, das wir unseren Kunden geben: Wir fühlen uns den Werten des Mittelstandes besonders verbunden – langfristige, vertrauensvolle Geschäftspartnerschaften zeichnen uns ebenso aus wie unsere soziale Verantwortung gegenüber unserem Team. Wir brennen für komplexe technische Themen – etwa aus den Branchen SHK, Bau, Elektro und Automotive. Und wir verfügen stets über die neuesten Skills, damit unsere Kunden ihrer Konkurrenz auch in Sachen Marketing den entscheidenden Schritt voraus sind. Denn: Wir MACHEN Weltmarktführer. Booste deine Karriere Werde Moonie und erobere die Zukunft BLUE MOON BLOG TRENDS. INSIGHTS. INSPIRATION. Aus Alt mach neu: Weinkeller bekommt Upgrade PAUSENRAUMSTATION BEI BLUE MOON STRAHLT IN NEUEM LOOK Unser historischer Weinkeller in der Neusser Raumstation hat schon viele Missionen begleitet: Mittagspausen mit Crew-Charakter, spontane Brainstormings mit Raketenantrieb und den ein oder anderen... Social Media in der Arbeitsschutzbranche – Top oder Flop? DIGITALE KANÄLE GEWINNEN ZUNEHMEND AN RELEVANZ Social Media ist längst kein reines Marketing-Tool für Marken aus den Bereichen Beauty, Fashion und Lifestyle. Auch die Arbeitsschutz- und Sicherheitsbranche entdeckt die digitalen Kanäle zunehmend für sich. Wir... LÖSUNGEN FÜR DEINEN VERTRIEBSERFOLG BLUE MOON: DIE FULL SERVICE WERBEAGENTUR aus Neuss bei Düsseldorf Wer zielgruppengerechte Werbung möchte und dabei eine Werbeagentur in der Nähe von Düsseldorf sucht, landet automatisch bei BLUE MOON. Als Full Service Werbeagentur, bieten wir dem Mittelstand stets intelligente Lösungen für jegliche Herausforderungen in der Werbung und Kommunikation. Dabei vereinen wir das Know-how unserer verschiedenen kreativen Köpfe und bieten zahlreiche Leistungen von klassischer Werbung über Online-Marketing bis hin zu Corporate Design und Social Media. Spezialisten aus unterschiedlichen Bereichen, wie Branding, Online Marketing sowie nationaler und internationaler PR und Social Media arbeiten hier gemeinsam an kreativen Kampagnen, vertriebsorientierten Marketingmaßnahmen, Websites, klassischen Pressetexten und vielem mehr. Das Team der Neusser Werbeagentur BLUE MOON ist stets über die neuesten Kommunikationstrends informiert und geht gemeinsam mit seinen Kunden individuelle und innovative Wege. Dabei ist es uns als Full Service Werbeagentur besonders wichtig, unseren Kunden beratend zur Seite zu stehen, damit du im Kommunikations-Universum mit seinen zahlreichen Planeten wie Corporate Wording, Content Marketing, SEO oder SEA nicht den Überblick verlierst. Wir helfen dir dabei, eine starke Marke aufzubauen und deine Botschaft auf allen Kanälen zu kommunizieren. BLUE MOON legt Wert auf eine vertrauensvolle und dauerhafte Zusammenarbeit mit seinen Kunden. Tag für Tag sind wir mit Leidenschaft für unsere Kunden nicht nur von unserer Homebase in Neuss bei Düsseldorf, sondern in ganz Deutschland und im Sinne der internationalen PR auch weltweit im Einsatz. Als Full Service Werbeagentur bieten wir unseren Kunden eine individuelle Betreuung durch ein konstantes Team, kreative Lösungen für aufsehenerregende Werbung und ein ansprechendes Grafik Design − alles aus einer Hand: von internationaler PR über Vertriebsmarketing bis zu Online PR. Wir sind Ihr Partner für einen eindrucksvollen Messeauftritt, aber helfen Ihnen auch dabei, über die eigene Website und auf den Social-Media Plattformen wie Instagram, TikTok, Facebook, YouTube, LinkedIn, X und Co. für Ihr Unternehmen zu werben. Was du auch vorhast: Mit unserer langjährigen Erfahrung und tiefgreifendem Branchen-Know-how finden wir für dich die die richtige Strategie und das passende Konzept für deine Werbung und PR! Unsere Kunden kommen unter anderem aus den Branchen SHK, Bau, Elektro und Automotive, in denen diese von unserer langjährigen Expertise und Erfahrung profitieren. Lerne uns kennen und folgen uns in die Weiten des Kommunikationsuniversums, denn mit BLUE MOON aus Neuss in der Nähe von Düsseldorf haben Sie eine Full Service Werbeagentur an Ihrer Seite, die Sie bei all Ihren Missionen tatkräftig unterstützt!

In zunehmendem Maße wünschen sich Unternehmen das Ungewöhnliche für eine aussagekräftige Präsentation in der Öffentlichkeit. Event-Kommunikation kann diesem Wunsch gerecht werden. In Zeiten von Dumping-Preisen und immer größerem Konkurrenzdruck hat Kundenbindung oberste Priorität. Ein Event mit Band und köstlichem Catering spricht den Kunden sicherlich an. Doch zu einer gelungenen und öffentlichkeitswirksamen Veranstaltung gehört mehr… Emotionale Ansprache Eine Produkteinführung oder die Profilierung des Unternehmens etwa vor dem Gang an die Börse ist willkommene Gelegenheit für ein Event. Dabei funktioniert eine derartige Veranstaltung nach einem einfachen, aber wirksamen Muster: Event-Kommunikation nutzt als wesentlichen Bestandteil die Emotion. Intelligent verpackte kommunikative Botschaften zielen direkt auf den Bauch und das Herz des Empfängers. Der Kopf ist durch die Vielzahl der rationalen Botschaften, die tagtäglich auf uns einprasseln mit der Selektion des Informations-Überangebotes beschäftigt. Im emotionalen Bereich ist dagegen noch Platz für eine entsprechende Ansprache. Strategisches Vorgehen ist dabei nichts desto trotz von zentraler Bedeutung. Welche Botschaften sollen überliefert werden, was soll sich bei den Gästen langfristig festsetzen und soll Kommunikation oder Information im Mittelpunkt stehen sind Fragen, die im Vorfeld geklärt werden müssen. Im Bereich der Erfolgkontrolle stützen sich Event-Veranstalter auf individuelle Befragungsraster, da die Standard-Tools der Wirkungsmessung nicht geeignet sind für Events. Durch Follow-up-Befragungen nach der Veranstaltung wird analysiert, ob die emotional vermittelte Botschaft zu einer stärkeren Markenbindung, zu einem Einstellungswandel gegenüber einem Unternehmen oder gar zu einem Kaufabschluss geführt hat. Event als Kommunikationsbaustein Ein Event allein dient dem Kunden meist nicht für eine zufrieden stellende Lösung seiner Kommunikationswünsche. Eine übergeordnete PR-Strategie im Bereich der klassischen Pressearbeit ist Grundvoraussetzung für die Wirksamkeit weitergehender Maßnahmen. Durch die Involvierung des Kommunikation-Bausteins „Event“ können Unternehmen dann die gewünschte Wirkung erreichen: einen Langzeitkontakt zu ihren Kunden. A-C D-F G-I J-L M-O P-R get in touch

BLUE MOON: DEINE FULL SERVICE WERBEAGENTUR. Familiär. Zuverlässig. State of the Art. Als unabhängige, familiengeführte Werbeagentur mit Sitz in Neuss bei Düsseldorf navigiert BLUE MOON seit 25 Jahren Kunden zum Marketing-Erfolg. Unsere vier eigenständigen Teams für PR, Social Media, Branding und Online Marketing bilden einen Kompetenz-Hub, der uns zur optimal aufgestellten Full Service Agentur für den Mittelstand macht. Unser Anspruch lautet: Wir MACHEN Weltmarktführer! Oder ganz konkret: Wir entwickeln und verwirklichen die Marketing-Strategie, die perfekt zu deinen Vertriebszielen passt. Da trifft es sich umso besser, dass wir seit mehr als zwei Jahrzehnten einen starken Fokus auf Kunden aus Mittelstand, Industrie und B2B legen. In Branchen wie Sanitär/Heizung/Klima, Bau, Elektrotechnik und Automotive sind wir bestens vernetzt und verfügen über tiefgreifendes technisches Verständnis. Mit unseren Kunden verbinden uns gemeinsame Werte. Seit Anita Gilges BLUE MOON im Jahr 2000 in der Region Neuss/Düsseldorf gegründet hat, agieren wir als unabhängiges Familienunternehmen. Statt auf „Hire & Fire“ setzen wir auf langfristige Mitarbeiterbindung und -entwicklung – unsere Kunden profitieren von festen, erfahrenen Ansprechpartnern. Wir passen uns jederzeit flexibel an Markttrends an und entwickeln unsere Kompetenzen permanent im Sinne unserer Kunden und Zielbranchen weiter. Sie sehen gerade einen Platzhalterinhalt von YouTube. Um auf den eigentlichen Inhalt zuzugreifen, klicken Sie auf die Schaltfläche unten. Bitte beachten Sie, dass dabei Daten an Drittanbieter weitergegeben werden. Mehr Informationen get in touch

Alle Marketing-Trends auf dem Radar Hol dir deine Inspiration – beim Stöbern im BLUE MOON Blog. Hier findest du alles auf einem Blick: Faszinierende Cases aus der Praxis, neue Entwicklungen in der BLUE MOON Crew und Wissenswertes rund um Social Media, Branding, Online Marketing und PR. Aus Alt mach neu: Weinkeller bekommt Upgrade PAUSENRAUMSTATION BEI BLUE MOON STRAHLT IN NEUEM LOOK Unser historischer Weinkeller in der Neusser Raumstation hat schon viele Missionen begleitet: Mittagspausen mit Crew-Charakter, spontane Brainstormings mit Raketenantrieb und den ein oder anderen... Social Media in der Arbeitsschutzbranche – Top oder Flop? DIGITALE KANÄLE GEWINNEN ZUNEHMEND AN RELEVANZ Social Media ist längst kein reines Marketing-Tool für Marken aus den Bereichen Beauty, Fashion und Lifestyle. Auch die Arbeitsschutz- und Sicherheitsbranche entdeckt die digitalen Kanäle zunehmend für sich. Wir... Eine Crew, vier spezialisierte Etagen GALAKTISCHES BRANDING IM TREPPENHAUS UNSERER AGENTUR In unserer Agentur gelangt man auf jeder Etage buchstäblich in eine andere Umlaufbahn unserer Services. Im Rahmen unseres Brandings haben wir im Treppenhaus jeder Etage unserer Agentur einen prägnanten... Wie GRÖMO mit YouTube Shorts seine Zielgruppen erreicht DER PERFEKTE MIX AUS SICHTBARKEIT UND AUTHENTIZITÄT Kurze Videos dominieren die digitale Kommunikation. Kurzvideo-Feeds wie TikTok, Instagram Reels und YouTube Shorts verändern, wie Menschen Inhalte konsumieren möchten – schnell, authentisch und auf den... BRANDNEU: DER HIDDEN CHAMPIONS TREND REPORT IST ONLINE DAS EXKLUSIVE MAGAZIN FÜR ENTSCHEIDER IM MITTELSTAND Fundiert. Vorausschauend. Unabhängig. Das sind die drei Säulen, auf denen der Hidden Champions Trend Report aufbaut. Diese drei Säulen sind nicht nur ein Fundament, sondern ein klares Versprechen! In der... SOCIAL MEDIA TRENDS 2025: DAS MUSS MAN WISSEN! ZWISCHEN VIRAL GEHEN, KI-CONTENT UND AUTHENTIZITÄT Faszination Labubu, KI-generierte Personen als Superheldenfiguren und Hype à la Dubai-Schokolade sind für euch keine Fremdwörter? Dann seid ihr schon mitten drin in der bunten Welt der Social Media Trends.... Die Energiewende boosten – via LinkedIn Case: Markenbotschafter für German Contract Unterwegs in Heizzentralen, auf Messen und bei Projektpartnern: Wer Roland Gilges auf LinkedIn folgt, lernt die Energiewende in all ihren Facetten kennen. Über 3.150 Follower informieren sich wöchentlich auf dem... Neue Moonies sind gelandet Verstärkung auf dem blauen Mond Der Sommer hat Bewegung in das Universum von BLUE MOON gebracht. Zwei neue und ein bekanntes Gesicht sind auf dem blauen Mond gelandet und unterstützen mit ihren unterschiedlichen Stärken unsere Teams in den Bereichen PR, IT... Makro-Influencer: Der direkte Weg zur neuen Zielgruppe BOELS RENTAL BEGEISTERT DIY-COMMUNITIES Ein bekannter Baumarkt-Slogan besagt: Es gibt immer etwas zu tun – im Haus, im Garten, in der Wohnung. Allzu oft starten die Heimwerker mit großem Elan, um dann festzustellen, dass ihnen ein entscheidendes Werkzeug... BLUE MOON feiert 25. Firmenjubiläum auf Mallorca Teamgeist, Trauminsel und Tattoos Was bedeuten 25 Jahre BLUE MOON, 25 Moonies und 1 schöne Insel? Eine unvergessliche Jubiläumsreise! Letzten Monat ging es für das gesamte Team auf eine 5-tägige Reise in den Süden Europas. Bei knackigen 30 Grad haben wir an... Auf zu neuen Welten: Das Social Media Team hebt ab BLUE MOON erweitert seine Räumlichkeiten um eine zusätzliche Etage Unser Social Media Team hebt ab – und zwar im wahrsten Sinne des Wortes! Nachdem das Team in den vergangenen Jahren rasant gewachsen ist war schnell klar: Wir brauchen mehr Platz für spannende... Kampagnen, die elektrifizieren: B2B-Marketing für MBS-HODDE Crossmediale Power für die Elektrifizierung 2.0 Ob erneuerbare Energien, E-Mobilität oder smarte Antriebstechnik – die Anzahl von Komponenten in unseren Stromnetzen steigt. Die Folge: Der elektrische Verschmutzungsgrad steigt ebenfalls und immer mehr Energie... ON TOUR: KAMERA LÄUFT…UND ACTION! SO GELINGT HOCHWERTIGER VIDEO-CONTENT UNTERWEGS Ob Messen, Baustellen oder Kundenbesuche: Wenn wir unterwegs sind, läuft die Kamera mit. Denn genau dort entsteht authentischer Content: im realen Arbeitsumfeld, dort wo sich echte Geschichten abspielen. Genau... SYNERGIEN ZWISCHEN PR UND SOCIAL MEDIA Case Study mit Airflow Sätze, wie „Social Media frisst Zeit, die wir eigentlich nicht haben“ oder „Wir schaffen es nicht, regelmäßig relevanten Content zu produzieren“, hören wir oft. Viele Unternehmen stehen vor der Herausforderung, ihren... BLUE MOON MACHT WELTMARKTFÜHRER – SEIT 25 JAHREN Jubiläum einer Agentur auf Wachstumskurs Vor genau 25 Jahren startete in Neuss-Rosellen eine ganz besondere Mission. Damals gründete Anita Gilges in ihrem privaten Büro die BLUE MOON Communications Consultants GmbH. Aus dem Einzelunternehmen mit... Qualität, die verbindet – und das seit Generationen Du bist in der SHK-Branche tätig? Dann kennst du sicher schon die Marke GEBO und ihre Klemmverbinder aus Temperguss. Die GEBO Armaturen GmbH schafft es seit mehr als 80 Jahren mit ihren qualitativ hochwertigen Produkten einzigartige und individuelle... get in touch

Ihre Marke, unser Universum: Einzigartig. Einprägsam. Authentisch. Die Welt der Marken, unendliche Weiten – und Ihre Marke als leuchtender Stern mittendrin. Mit Vision und Leidenschaft schaffen wir authentische Markenerlebnisse, die auffallen und nachhaltig wirken. Ready for Take-off? Lassen Sie uns gemeinsam das Potenzial Ihrer Marke entfalten und in neue Sphären heben. American Football meets effektiven Einbruchsschutz Mit kreativem Slogan und einprägsamem Visual zum Wiedererkennungswert. Image der Stadtwerke Neuss – unsere Kampagne Die Angebotsvielfalt der Stadtwerke Neuss in einer Kampagne – alltäglicher Nutzen in Szene gesetzt. Neue Materialen brauchen moderne Visuals Einen unverwechselbarer Messeauftritt für Oerlikon erstellen? Das ist in unserer DNA. get in touch Kontakt NEWS Aus Alt mach neu: Weinkeller bekommt Upgrade PAUSENRAUMSTATION BEI BLUE MOON STRAHLT IN NEUEM LOOK Unser historischer Weinkeller in der Neusser Raumstation hat schon viele Missionen begleitet: Mittagspausen mit Crew-Charakter, spontane Brainstormings mit Raketenantrieb und den ein oder anderen... Eine Crew, vier spezialisierte Etagen GALAKTISCHES BRANDING IM TREPPENHAUS UNSERER AGENTUR In unserer Agentur gelangt man auf jeder Etage buchstäblich in eine andere Umlaufbahn unserer Services. Im Rahmen unseres Brandings haben wir im Treppenhaus jeder Etage unserer Agentur einen prägnanten... Erlebe eine neue Dimension des Brandings mit BLUE MOON. Gemeinsam katapultieren wir deine Marke in den grenzenlosen Orbit kreativer Möglichkeiten!

BLUE MOON at work – unsere Cases Erfolgreich für Champions Wir laden dich ein – auf eine kurze Reise durch ein gewaltiges Universum! Erlebe eine Auswahl unserer Erfolge, die wir für Kunden in den Disziplinen Social Media, Public Relations, Online Marketing und Branding erzielt haben. Komm mit und lerne unsere Arbeit kennen. Werde auch du Teil unserer „Wall of Fame“! Social Media Case Studies Online Marketing Case Studies PR Case Studies Branding Case Studies Unsere Kunden get in touch

LEXIKON RUND UM KOMMUNIKATION Unser Lexikon stellt dir Begriffe aus der BLUE MOON PR-Welt vor. Erfahre in unserem Lexikon, welche Instrumente du für deine Kommunikation benötigst und wie BLUE MOON dich dabei unterstützt. Digitalisierung SEM SEM ist die Abkürzung für Search Engine Marketing und umfasst den Teil des Online-Marketings, der alle Maßnahmen zur Gewinnung von Websitebesuchern über Suchmaschinen umfasst. Zum SEM gehören SEO (Search Engine Optimization) und SEA (Suchmaschinenwerbung). Ziel aller... Shitstorm Der Begriff Shitstorm beschreibt eine flutartig auftretende, große Menge an negativer Kritik auf sozialen Medien (Facebook, Twitter, Instagram, Blogs, öffentliche Plattformen, Kommentarbereiche auf Websites). Die öffentlich ausgeübte Kritik wird durch einen bestimmten... Keyword Keywords sind wichtige Schlüsselwörter oder Kombinationen von solchen innerhalb eines Textes. Die Verwendung dieser Schlüsselwörter ist vor allem für die Suchmaschinenoptimierung (SEO) wichtig, sodass Nutzern, die online nach bestimmten Themen suche, die relevanten... User Experience Die User Experience umfasst die gesamte Erfahrung / das Erlebnis eines Anwenders im Rahmen der Nutzung oder der Interaktion mit einem Dienst, einer Website oder einem Produkt im Bereich digitaler Medien. Die User Experience beschreibt die Qualität gemäß dem... Targeting Targeting, von englisch target (Ziel), bezeichnet die zielgruppenspezifische Ausrichtung von Maßnahmen im Online Marketing. Für eine erfolgreiche Targeting Strategie muss die Zielgruppe für die jeweilige Marketingmaßnahme zuvor so genau wie möglich bestimmt werden. Es... SEO Mit Hilfe von SEO (Search Engine Optimization) kann das Ranking einer Website, das diese bei einer organischen Suchanfrage eines Nutzers erreicht, optimiert werden. Ziel ist es, die Website so zu optimieren, dass sie von Suchmaschinen wie Google bestmöglich ausgelesen... SEA Die Abkürzung SEA steht für Search Engine Advertising und umfasst das Schalten von Anzeigen in Suchmaschinen sowie auf Werbeflächen von Suchmaschinenpartnern. Das bekannteste Beispiel für SEA sind Google Adwords. Die Anzeigen werden bei der Eingabe von zuvor... CPI / CPM Die Abkürzung CPI steht für Cost per Impression und beschreibt ein Bezahlmodell im Internet. Der Auftraggeber muss beim CPI-Bezahlverfahren für jeden Aufruf der Anzeige durch einen Nutzer zahlen. Es ist dabei nicht nachzuverfolgen, ob der Nutzer die Anzeige auch... Real Time Advertising Mit Real Time Advertising ist die Live-Versteigerung von Online-Werbeflächen gemeint. Dabei steht nicht mehr das Umfeld der Webseite, auf der das Werbebanner ausgespielt wird, sondern der individuelle Nutzer im Vordergrund. Mittels RTA wird zu jeder einzelnen... Retargeting Retargeting – auch Remarketing genannt – beschreibt ein Verfahren des Online Marketings, bei dem Websitenutzer markiert werden, um diese im Anschluss mit gezielter Werbung wieder anzusprechen. Ziel beim Retargeting ist es, Websitebesucher, die eine bestimmte Seite... Online Marketing Online Marketing (auch Internet- oder Webmarketing) beschreibt alle Marketing Maßnahmen eines Unternehmens, die online durchgeführt werden. Dazu gehört nicht nur das Schalten von Anzeigen auf Onlineauftritten von Zeitschriften und (Online-) Magazinen. Neben... Native Advertising Native Advertising ist eine Form von Werbung, die so gestaltet ist, dass sie nur schwer von redaktionellen Inhalten zu unterscheiden ist. Durch diese Form der Aufbereitung zieht Native Advertising die Aufmerksamkeit des Nutzers auf sich. Die Inhalte solcher Werbung... Microblogging Microblogging beschreibt eine bestimmte Variante des Bloggens, bei dem es – im Unterschied zu klassischen Blog – nicht darum geht, ein bestimmtes Thema ausführlich zu betrachten, sondern zu verschiedensten Themen in kurzer Zeit komprimierte Nachrichten zu beliebigen... Leads Ein Lead ist ein neuer Kontakt/Neukunde, der durch Online Marketing gewonnen wurde. Dazu gehören E-Mail-Adressen, Telefonnummern, Namen und Unternehmensnamen. Leads generiert man über direkte Kontaktanfragen, Anmeldungen im Newsletter oder durch ausgefüllte... Influencer Marketing Influencer Marketing – auch Multiplikatoren-Marketing genannt – ist ein Bereich des Online-Marketings. Diese Form des Marketings nutzt sogenannte Influencer als Multiplikatoren für unterschiedlichste Werbe- bzw. Unternehmensbotschaften. Influencer sind Akteure aus... Google Ads Google Ads sind via Google oder Google Partner-Seiten geschaltete Anzeigen. Es gibt unterschiedliche Arten von Anzeigen: Suchnetzwerk mit Displayauswahl Nur Suchnetzwerk Nur Displaynetzwerk Shopping-Kampagnen Video Apps Die Position auf der die Anzeige ausgespielt... Digitale Transformation Die digitale Transformation oder Digitalisierung bezeichnet einen fortlaufenden technologischen Veränderungsprozess von Gesellschaft und – vor allem in wirtschaftlicher Hinsicht - Unternehmen. Unternehmensinterne Abläufe werden im Zuge der digitalen Transformation... CPC Die Abkürzung CPC (alternativ PPC = Pay per Click) steht für Cost per Klick und beschreibt ein Bezahlmodell im Online-Marketing. Beim CPC zahlt der Auftraggeber nicht für das reine Ausspielen einer Werbemaßnahme im Internet, sondern erst dann, wenn ein Nutzer die... Cookie Der Begriff Cookies umfasst Daten eines Websitenutzers wie Login-Daten, Einkaufskorbdaten sowie Daten für personalisierte Daten, die lokal und zeitlich begrenzt auf dem Rechner gespeichert werden. So kann der Nutzer bzw. der Rechner immer wieder identifiziert werden.... Conversion Eine Conversion ist die Umwandlung eines interessierten Nutzers in einen handelnden Nutzer. Beispiele für Conversions auf einer Website sind unter anderem Newsletteranmeldungen, Produktkäufe, das Anklicken eines bestimmten Links, Downloads, Registrierungen oder das... Augmented-Reality Der Begriff Augmented Reality beschreibt eine technische Erweiterung der realen Welt. Im Gegensatz zur Virtual Reality taucht man hier nicht in eine vollkommen fremde, virtuelle Welt ein, sondern erhält über einen Bildschirm oder eine Brille zusätzliche Informationen... Social Media Soziale Medien (Social Media) bezeichnet die Gesamtheit digitaler Medien, Anwendungen und Technologien, mit deren Hilfe die Benutzer via Internet interagieren und selbst Inhalte gestalten können. Das Internet wird so zu einer Projektionsfläche miteinander vernetzter... Unternehmen Pitch Pitch heißt übersetzt aus dem Englischen „das Verkaufsgespräch“ und diese Übersetzung trifft den Kern des Vorgangs. Denn der Pitch ist eine Wettbewerbspräsentation, mit der eine Agentur oder eine Unternehmensberatung im Kampf um einen Etat, einen Klienten oder einen... Ordnung Ordnung ist das halbe Leben – aber wie schwierig es ist Ordnung zu schaffen und beizubehalten, erfahren wir täglich an unserem Arbeitsplatz. Die Suche nach Dokumenten und anderen Utensilien nimmt viel Zeit in Anspruch und im Laufe des Tages türmt sich auf dem... Mitarbeiterzeitschrift Die Mitarbeiterzeitschrift unterscheidet sich als Kommunikationsinstrument in Planung, Realisation und Wirkung von den digitalen Medien: In der Regel bildet ein fester Redaktionskreis die Schnittstelle zwischen Mitarbeitern und Management und gibt alle relevanten... Mitarbeitermotivation ""Dienst nach Vorschrift"" war bis vor kurzem ein Begriff, der meist Behörden und öffentlichen Ämtern angelastet wurde. Doch wie jüngst eine Studie des Gallup-Instituts zeigt, scheint sich die sinkende Arbeitsmoral auch zunehmend in Privatunternehmen breitzumachen. Laut... Leitbild Unter dem Begriff Leitbild versteht man die komprimierte Formulierung der Unternehmenspolitik und der Corporate Identity. Das Leitbild umschreibt in einfacher, leicht verständlicher Form Unternehmenszweck, -ziele und Verhaltensgrundsätze der Unternehmensführung... Intranet Ein Intranet ist ein Netz innerhalb eines Unternehmens, das nicht öffentlich zugänglich ist, sondern nur von einer festgelegten Gruppe von Personen genutzt werden kann. Über den Intranet-Server können die Mitarbeiter firmenrelevante Informationen zu jeder Zeit und von... Imagebroschüre Verständliche Unternehmensbotschaft Bevor Inhalt und Gestalt der Broschüre thematisiert werden, ist es wichtig, zunächst die Zielgruppe zu definieren. Stil der Texte, die Auswahl der Themen sowie das Layout sind abhängig davon, wer die Broschüre bekommen soll und wo... Employer Branding Der aus dem anglo-amerikanischen stammende Begriff des Employer Branding bezeichnet eine unternehmensstrategische Maßnahme, deren Wurzeln in Marketingkonzepten der Markenbildung liegen. Das Ziel der in den späten neunziger Jahren entstandenen Arbeitgebermarkenbildung... CRM Teil 1 CRM ist die Abkürzung für Customer Relationship Management und wird als eine alle Unternehmensbereiche übergreifende, IT-unterstützte Geschäftsstrategie verstanden. Mit der Annahme, dass in heutigen Unternehmensphilosophien das Kundenmanagement eine zentrale Bedeutung... Corporate Wording Hinter dem Begriff Corporate Wording verbirgt sich die definierte und bewusst eingesetzte Sprachwelt eines Unternehmens - von der Verwendung oder Vermeidung bestimmter Wörter über eine einheitliche Sprachregelung hin zur Tonalität und zum Stil von Texten, sei es bei... Corporate Identity Die Corporate Identity, wörtlich übersetzt die Unternehmensidentität, setzt sich zusammen aus dem Verhalten, der Kommunikation und dem Erscheinungsbild eines Unternehmens sowie seiner am Markt angebotenen Leistungen und Produkte. Durch die Entwicklung einer Corporate... Online Marketing Social Media Soziale Medien (Social Media) bezeichnet die Gesamtheit digitaler Medien, Anwendungen und Technologien, mit deren Hilfe die Benutzer via Internet interagieren und selbst Inhalte gestalten können. Das Internet wird so zu einer Projektionsfläche miteinander vernetzter... Online-PR Als Online-PR wird alles definiert, das an Öffentlichkeitsarbeit im Internet stattfindet. Das kann ein elektronisches Pressecenter auf der Internetseite des Unternehmens sein, Social Media Aktivitäten auf relevanten Plattformen sowie Einträge in Suchmaschinen oder... Newsletter Der Newsletter ist ein häufig angewandtes Instrument der externen Kommunikation. Unternehmensnachrichten werden redaktionell zusammengefasst und inhaltlich auf die jeweilige Zielgruppe abgestimmt – das können Journalisten, Mitarbeiter oder Kunden sein. Wurden die... Internet-Relaunch Der Begriff Internet-Relaunch bezeichnet die Überarbeitung eines bestehenden Internetauftritts, der einem veränderten Kundengeschmack, rechtlichen Ansprüchen, und unternehmens- und branchenspezifischen Besonderheiten genügen muss. Hierbei werden alle Bereiche der... Internet Seit Jahren ist das Internet aus dem Alltags- und Geschäftsleben nicht mehr wegzudenken, doch was genau ist es eigentlich? Der aus dem Englischen stammende Begriff des Interconnected Networks wird heute weitläufig mit Internet abgekürzt. Gemeint ist damit ein... Barrierefreiheit nach BITV Die Verordnung eines barrierefreien Internetauftritts ist eine Ergänzung des Behindertengleichstellungsgesetztes vom 27. April 2002. In der Barrierefreien Informationstechnik-Verordnung (BITV) heißt es demnach, dass durchgängig alle Inhalte im World Wide Web auch für... Marketing Wortgekringel Wortgekringel – über Floskeln und Füllwörter Goethe bringt es auf den Punkt: „Getretener Quark wird breit, nicht stark!“ Das ist eine der schönsten Regeln für gutes Schreiben. Breit wird ein Text, wenn der Schreiber in umständliche und formelhafte Sprache versinkt,... Marketing Der Begriff Marketing leitet sich aus dem englischen von „to market – Handel treiben“ her. Er bezeichnet eine „marktorientierte Unternehmensführung, die alle relevanten Unternehmensaktivitäten auf die Wünsche und Bedürfnisse von Anspruchsgruppen ausrichtet“ (Deutscher... Marke – Markenstrategie Ursprünglich hervorgegangen ist der Begriff ""Marke"" aus dem mittelhochdeutschen Wort marc, das für Grenze, Grenzland oder -linie steht. Die Definition lässt sich von dieser Übersetzung ableiten: Die Marke dient der Kennzeichnung eines Produktes oder einer... Guerilla-Marketing Guerilla-Marketing hört sich nach rücksichtslosen, aufdringlichen Werbeaktionen an. Tatsächlich war es in den Anfängen um 1965 eine auf Angriff ausgerichtete Strategie gegen Mitbewerber, die hauptsächlich von kleinen und mittelständischen Firmen gegen überlegene... Direktmarketing Gepflegte Adressdatenbank als Basis für den Erfolg Um den potenziellen Kunden neugierig auf das beworbene Produkt und das Unternehmen zu machen, bedarf es einer exakten Planung. Das Direktmarketing bietet viele Instrumente: Mailings, Wurfsendungen, Anzeigen mit Coupon... Crossmedia Crossmedia bezeichnet die Vernetzung verschiedener Medientypen, über die zentrale Inhalte, wie Unternehmens- oder Produktinformationen, kommuniziert werden. So werden den Kunden möglichst viele, unterschiedliche Informationskanäle angeboten, um die Botschaft zu... PR Redaktionsreise Bei einer Redaktionsreise besuchen das Management und der Pressesprecher eines Unternehmens die wichtigsten Journalisten in den jeweiligen Redaktionen. Der Redaktionsbesuch eignet sich, um den Kontakt zu den Fachmedien zu pflegen. Natürlich gilt: Niemals ohne... Pressemappe Die Pressemappe ist eine Zusammenstellung von Pressemeldungen, die Informationen zu Produkten, Personen und Services eines Unternehmens zu einem Paket bündelt. Die Mappe kann an Journalisten versendet oder bei Presseveranstaltungen überreicht werden. Die einzelnen... Pressekonferenz Pressekonferenzen - für viele Unternehmen ein Muss und zugleich eine Qual - für andere dagegen eine gute Gelegenheit zur Kontakt- und Imagepflege. Ist alles perfekt geplant und vorbereitet, stellen wir uns optimal dar, haben wir nichts vergessen? So mancher... Presseinformation Eine Presseinformation (PI) informiert die Medien schriftlich über Wissenswertes aus dem Unternehmen. Sie ist neben der Pressekonferenz das am häufigsten eingesetzte Instrument der Medienarbeit. Sie bietet schnelle Informationen und es gibt weniger Missverständnisse... PR-Konzept Ein gut durchdachtes PR-Konzept ist die wichtigste Grundlage für erfolgreiche Unternehmenskommunikation. Ziel ist die Planung und Durchführung von PR-Maßnahmen, die das Unternehmen am Markt positionieren und es unverwechselbar machen. Nach einer umfassenden Definition... PR-Anzeige Anzeigen, die meist mitten im redaktionellen Teil einer Zeitung oder Zeitschrift stehen und sich in ihren Gestaltungsmerkmalen (Schrift, Aufmachung usw.) kaum vom redaktionellen Umfeld unterscheiden, werden als redaktionelle oder PR-Anzeigen bezeichnet. Sie sind ein... PR vs. Werbung Ist PR die bessere Werbung? In Zeiten von Geiz-Ist-Geil-Kampagnen wird Kundenbindung immer schwieriger. Schnäppchenpreise und Discounts zerstören langsam gewachsene Beziehungen. Welche Maßnahmen sind geeignet, sich auf dem stark konkurrierenden Markt zu behaupten? Die... Politische PR Fakten statt Phrasen - Politische PR auf dem Prüfstand Noch nie bestand ein größeres Medieninteresse am verbissenen Ringen um die Stimmen wie im vergangenen Wahlkampf. Und nie zuvor war die Berichterstattung enger mit dem politischen Geschehen verwoben wie im... Personality PR Laut einer IBM-Studie sollen die Aufstiegschancen im Beruf vor allem von drei Faktoren abhängen: zu zehn Prozent von der Leistung bzw. Qualität der Arbeit, zu 30 Prozent vom hinterlassenen Eindruck und zu 60 Prozent vom Bekanntheitsgrad. Demzufolge bestimmt das Image... Online-PR Als Online-PR wird alles definiert, das an Öffentlichkeitsarbeit im Internet stattfindet. Das kann ein elektronisches Pressecenter auf der Internetseite des Unternehmens sein, Social Media Aktivitäten auf relevanten Plattformen sowie Einträge in Suchmaschinen oder... Medienresonanzanalyse Nachhaltige Erfolge erzielen: Die Medienresonanzanalyse - Eine gewinnbringende Investition in die Zukunft Gerade in Zeiten, in denen der Rotstift regiert, braucht es objektive Messergebnisse, um Erfolg oder Misserfolg der Medienarbeit darzustellen. An sich eine... Medien-Monitoring Die Wahrnehmung der medialen Umwelt sowie die Überprüfung des eigenen Images in der Presse sind wichtige Voraussetzungen für ein strategisches Unternehmensmanagement und eine effiziente Kommunikationsplanung. Medien-Monitoring, die professionelle Medienbeobachtung,... Krisen-PR ""Krise ist ein produktiver Zustand. Man muss ihm nur den Beigeschmack von Katastrophe nehmen."" - Max Frisch Krisen sind in der heutigen Kommunikationsgesellschaft normal und praktisch unvermeidbar. Entscheidend jedoch ist, wie man damit umgeht und dass die positiven... Interview Das Interview – personifizierte Unternehmensdarstellung Wer an der Spitze eines Unternehmens steht, wird früher oder später einmal in die Situation kommen, an einer Pressekonferenz teilzunehmen, einen Vortrag zu halten, oder ein Interview zu führen. Um hier nicht ins... Internationale PR Die fortschreitende Globalisierung sorgt nachhaltig für einen wirtschaftlichen und soziokulturellen Strukturwandel. Neue Märkte öffnen sich und werden nach und nach industriell erschlossen. Unternehmen müssen die Möglichkeit nutzen, auch ihre PR-Aktivitäten parallel... Exklusivbericht Exklusivberichte behandeln branchenspezifische Themen, die in Form von längeren Beiträgen wie Objektreportagen oder Fachartikeln veröffentlicht werden. Der Exklusivbericht erscheint dabei „exklusiv“ in einem speziellen Medium, wie etwa in einer Fachzeitschrift. Damit... Events Die Open Air Saison hat eröffnet. Endlich besteht wieder die Möglichkeit, Veranstaltungen im Freien durchzuführen. Im Folgenden haben wir für Sie die Essentials für ein gelungenes Event aufgeführt! Steigender Wohlstand verändert das Freizeitverhalten der Menschen. Die... Event-Management In zunehmendem Maße wünschen sich Unternehmen das Ungewöhnliche für eine aussagekräftige Präsentation in der Öffentlichkeit. Event-Kommunikation kann diesem Wunsch gerecht werden. In Zeiten von Dumping-Preisen und immer größerem Konkurrenzdruck hat Kundenbindung... Clipping Das Clipping (Ausschnitt) dient der Dokumentation von Medienberichterstattung und wird bei der Evaluation von Medienarbeit berücksichtigt. Eine reine Zusammenstellung mehrerer Clippings begrenzt die Evaluation auf quantitative Kriterien wie erreichte Auflagen bzw.... get in touch

Der Newsletter ist ein häufig angewandtes Instrument der externen Kommunikation. Unternehmensnachrichten werden redaktionell zusammengefasst und inhaltlich auf die jeweilige Zielgruppe abgestimmt – das können Journalisten, Mitarbeiter oder Kunden sein. Wurden die Newsletter früher meist per Post verschickt oder im Unternehmen ausgelegt, gewinnt heute der E-Mail Newsletter immer mehr an Bedeutung. Die Vorteile liegen auf der Hand: Per Internet geht der Versand schneller und ist wesentlich kosteneffizienter. Der Erfolg des E-Mail Newsletters hängt vor allem von der Nutzerfreundlichkeit ab. Hierfür gilt es ein paar „Goldene Regeln“ zu beachten: - Angepasst an die kürzere Aufmerksamkeitsspanne sollte der Text möglichst in übersichtlichen Sätzen verfasst sein. Ausführliche Informationen werden durch Links angeboten. Die Schriftgröße sollte nicht kleiner als Elf-Punkt sein. - Die Gliederung in kurze Abschnitte mit passenden Überschriften strukturiert den Text. - Die Platzierung von Schlüsselwörtern im Betreff, in Über- oder Unterschriften dient der Orientierung und eröffnet dem Leser die Möglichkeit, die für ihn wichtigen Informationen herauszufiltern. - Jeder Empfänger freut sich, wenn er persönlich angesprochen wird. Gibt es keinen Ansprechpartner, landet der Newsletter mit großer Wahrscheinlichkeit im digitalen Müll. - Die Möglichkeit zum Austragen aus der Adressdatenbank bzw. die Kündigung muss immer mit angeboten werden. A-C D-F G-I J-L M-O P-R get in touch

Eine Presseinformation (PI) informiert die Medien schriftlich über Wissenswertes aus dem Unternehmen. Sie ist neben der Pressekonferenz das am häufigsten eingesetzte Instrument der Medienarbeit. Sie bietet schnelle Informationen und es gibt weniger Missverständnisse über das gesprochene Wort, wie z.B. bei einer Pressekonferenz. Es gibt natürlich keine Garantie für eine Veröffentlichung, doch eine PI sollte auch nur wirklich dann raus gegeben werden, wenn ein Unternehmen Neuigkeiten oder Interessantes, was für die Branche/Bezugsgruppen von Bedeutung ist, zu berichten hat. Der Nachrichtenwert für die Bezugsgruppe ist demnach ausschlaggebend für die Veröffentlichung. Dieser Nachrichtenwert lässt sich an folgenden Parametern bemessen: Aktualität, Neuigkeit, Bedeutung und Originalität. Anlässe, die eine Presseinformation rechtfertigen sind z. B.: Sonderaktionen, Einmaliges, Produktneuheiten, neue Forschungsergebnisse, wirtschaftliche Entwicklung, Messen und Ausstellungen. Hat man sich für ein Thema der Presseinformation entschieden, muss nun festgelegt werden, über welche Medien die Bezugsgruppen erreichbar sind. Als Adressaten von Presseinformationen werden in der Regel unterschieden: Tagespresse, Publikumspresse, Fachpresse, Anzeigenblätter, Rundfunk, Fernsehen, Agenturen und natürlich last but not least das world wide web. Erscheinungsbild einer Presseinformation Die Presseinfo ist die Visitenkarte eines Unternehmens, sie entscheidet, welches Vorstellungsbild die Journalisten vom Unternehmen gewinnen. Die Vorlage sollte ein professioneller Grafiker gestalten. Das Deckblatt informiert auf den ersten Blick über den Absender. Das Unternehmenslogo sollte erscheinen und ein aufmerksamkeitsstarker Titel entscheidet mit darüber, ob die PI Beachtung findet oder nicht. Doch ein Aufsehen erregender Titel ist nicht alles. Ein Einstieg geleitet in den Text und längere PI werden durch Zwischenüberschriften strukturiert. Ein gut und übersichtlich formulierter Text erhöht die Chancen eines Abdrucks. Fotos, Bilder und Grafiken Ein Bild sagt mehr als 1000 Worte. Es ist üblich und ratsam, vor allen Dingen, wenn ein Problem veranschaulicht werden soll, die PI durch Fotos, Bilder und Grafiken zu ergänzen. Illustrationen lockern die Presseinformation auf. A-C D-F G-I J-L M-O P-R get in touch

Pressekonferenzen – für viele Unternehmen ein Muss und zugleich eine Qual – für andere dagegen eine gute Gelegenheit zur Kontakt- und Imagepflege. Ist alles perfekt geplant und vorbereitet, stellen wir uns optimal dar, haben wir nichts vergessen? So mancher Presseverantwortliche gerät bei der Planung und Durchführung einer Pressekonferenz gehörig ins Schwitzen. Damit die Vorbereitung nicht zu einer lästigen „Einladerei“ wird, haben wir für Sie einige Tipps für eine gelungene Pressekonferenz, die auch die gewünschte Medienwirkung erzielt, zusammengestellt. Nur wirkliche Themen brauchen eine Pressekonferenz Veranstalten sollte man eine Pressekonferenz nur dann, wenn das Thema mehr hergibt als eine fünfzeilige Nachricht. Oberster Grundsatz einer Pressekonferenz ist die Effizienz. Sie soll nicht in eine Mammutveranstaltung mit Chichi und Gesang ausarten, sondern hier sollen in kürzester Zeit so viele Informationen wie möglich gegeben werden. Warum, wo und wann? Definieren Sie ein klares Ziel für Ihre Veranstaltung! Journalisten nehmen es übel, wenn sie ihre kostbare Zeit für einen nichtigen Anlass opfern. Wählen Sie den Ort der Pressekonferenz unter dem Gesichtspunkt der Zweckmäßigkeit und der räumlichen Lage aus. Zu gegebenem Anlass können Sie sich einen besonders originellen Ort für Ihre Veranstaltung aussuchen. Für eventuelle Einzelinterviews nach der Pressekonferenz sollte ein ruhiger Nebenraum vorhanden sein. Berücksichtigen Sie beim Festlegen des Termins, welche Veranstaltungen parallel laufen, um mögliche Überschneidungen zu vermeiden. Es ist sinnvoll, eine Pressekonferenz am späten Vormittag anzusetzen, denn dann haben die meisten Journalisten noch etwas Luft. Sie sollte nicht länger als eine Stunde dauern; zwei Referate à 20 Minuten sind vollkommen ausreichend. Rechtzeitig einladen und nachfassen Einladungen zu einer Pressekonferenz sind kurz und knapp gehalten und sollen Appetit auf die Veranstaltung machen. Laden Sie drei bis vier Wochen vor der Veranstaltung schriftlich ein. Die Einladung umfasst Anlass, Programm, Ort, Zeit , Anfahrtsskizze, Parkhinweise und ein vorformuliertes Antwortfax. Nicht zurückgesandte Antwortschreiben bieten dem Veranstalter eine optimale Gelegenheit, noch einmal „nachzufassen“. Dieser Anruf ist ein nicht zu unterschätzender Bestandteil der Vorbereitung. Neben dem Überprüfen des Verteilers, erleichtert er die Planung und bietet eine gute Möglichkeit, Interesse zu wecken. Nehmen Sie auch nach der Konferenz Kontakt zu Journalisten auf und lassen Sie sich deren Eindrücke schildern. Woran ist zu denken? Zu den unverzichtbaren Bestandteilen gehören neben der Herstellung von Namensschildern für die einzelnen Podiumsgäste die Vorbereitung der zugehörigen Pressemappe. Sie enthält sowohl eine Pressemitteilung über Aussagen und Anliegen der Pressekonferenz als auch Informationen zu den einzelnen Gästen. Darüber hinaus beinhaltet sie die Statements der Gäste, eine Kurzvorstellung des Veranstalters sowie gegebenenfalls eine Info-Broschüre zu Produkten (keine Werbeprospekte!). Es empfiehlt sich, die Pressemappe erst nach der Veranstaltung auszuhändigen. Sollte die Pressemappe im Vorfeld der Konferenz herausgegeben werden, ist es ratsam, mit dem Journalisten eine Sperrfrist zu vereinbaren. So darf er seinen Artikel erst anschließend veröffentlichen. Die Bewirtung der Teilnehmer ist nicht zwingend erforderlich, trägt jedoch zu einer angenehmen Atmosphäre bei. Ebenfalls gehören kleine, nicht überteuerte Gastgeschenke in die Kategorie „Nettigkeiten“. A-C D-F G-I J-L M-O P-R get in touch

Die Pressemappe ist eine Zusammenstellung von Pressemeldungen, die Informationen zu Produkten, Personen und Services eines Unternehmens zu einem Paket bündelt. Die Mappe kann an Journalisten versendet oder bei Presseveranstaltungen überreicht werden. Die einzelnen Texte sind nicht nur unterschiedlich formuliert, sondern stellen jeweils einen anderen Nachrichtenfaktor in den Vordergrund. So kann die Pressemappe eines Unternehmens beispielsweise einen Hintergrundtext über die Historie, Angaben zu den aktuellen Fakten und Geschäftszahlen, Presseinformationen zu den vom Unternehmen hergestellten Produkten sowie geeignetes Fotomaterial enthalten. Es empfiehlt sich, einmal eine Basispressemappe zu erstellen. Das hat den Vorteil, dass man einfach zur bestehenden Basismappe aktuelle Presseinformationen beilegen kann, wenn man mit Veranstaltungen in die Öffentlichkeit gehen möchte. A-C D-F G-I J-L M-O P-R get in touch

MOONTALK: Bleibe State of the Art Mithalten mit den Trends einer Branche, die nicht stillsteht? Das ist nicht nur möglich, sondern macht richtig Spaß – und Lust auf mehr! Mit unserem Newsletter MOONTALK bleibst du auf dem aktuellen Stand. Behalte Innovationen auf dem Radar, erlebe spannende Brand Stories und werfe einen Blick hinter die Kulissen der BLUE MOON Familie – einfach anmelden! Sie sehen gerade einen Platzhalterinhalt von Standard. Um auf den eigentlichen Inhalt zuzugreifen, klicken Sie auf den Button unten. Bitte beachten Sie, dass dabei Daten an Drittanbieter weitergegeben werden. Weitere InformationenJa, ich möchte kostenlos den moontalk-E-Mail-Newsletter abonnieren und auf Basis meiner hier angegebenen Anmeldedaten weitere – auf mich abgestimmte – Informationen, an die angegebene E-Mail-Adresse erhalten. Ich bin damit einverstanden, dass der Absender, zwecks Dokumentation meiner interessen, ein Tracking-System verwendet. Ich kann diesen Service jederzeit wieder abbestellen. Alle Felder müssen ausgefüllt werden. Wichtig: Bestätige deine Anmeldung. Nach deiner Anmeldung senden wir eine Nachricht an die von dir angegebene E-Mail-Adresse. Bitte bestätige diese, damit du in unserem Verteiler aufgenommen wirst. Falls du die Bestätigungsmail nicht beantwortest, wird deine Anmeldung automatisch wieder gelöscht. Du möchtest dich wieder abmelden? Wenn Du Dich später entschließen solltest, den Newsletter wieder abzubestellen, verwenden bitte den Abmeldelink in deinem moontalk E-Mail-Newsletter.",9786,9786,24,"[""https://www.bluemoon.de/jobs/online-marketing-consultant"", ""https://www.bluemoon.de/jobs/pr-consultant"", ""https://www.bluemoon.de/jobs/praktikantin-social-media"", ""https://www.bluemoon.de/jobs/social-media-junior-consultant"", ""https://www.bluemoon.de/jobs/trainee-social-media-pr"", ""https://www.bluemoon.de/karriere"", ""https://www.bluemoon.de/karriere/grafik-team"", ""https://www.bluemoon.de/karriere/it-team"", ""https://www.bluemoon.de/karriere/pr-team"", ""https://www.bluemoon.de/karriere/social-media-team"", ""https://www.bluemoon.de/lexikon/employer-branding"", ""https://www.bluemoon.de/lexikon/leitbild"", ""https://www.bluemoon.de/"", ""https://www.bluemoon.de/lexikon/event-management"", ""https://www.bluemoon.de/agentur"", ""https://www.bluemoon.de/blog"", ""https://www.bluemoon.de/branding"", ""https://www.bluemoon.de/cases"", ""https://www.bluemoon.de/lexikon"", ""https://www.bluemoon.de/lexikon/newsletter"", ""https://www.bluemoon.de/lexikon/presseinformation"", ""https://www.bluemoon.de/lexikon/pressekonferenz"", ""https://www.bluemoon.de/lexikon/pressemappe"", ""https://www.bluemoon.de/newsletter""]","[""careers_employer"", ""careers_employer"", ""careers_employer"", ""careers_employer"", ""careers_employer"", ""careers_employer"", ""careers_employer"", ""careers_employer"", ""careers_employer"", ""careers_employer"", ""careers_employer"", ""family_values"", ""homepage"", ""management_leadership"", ""news_press"", ""news_press"", ""news_press"", ""news_press"", ""news_press"", ""news_press"", ""news_press"", ""news_press"", ""news_press"", ""news_press""]",0,0,0,24,True,24,0,0,0,9786,0,0,0,de,True,,de,True,high,
c956bd4e-2b8a-4c48-8780-c187587f46b3,2,PETER-LACKE HOLDING GMBH,pre_pre_event,include,"Karriere - Gesucht: Menschen mit farbigen Ideen und Leidenschaft Als mittelständisches Unternehmen mit internationaler Ausrichtung stellen wir uns mit 260 Teammitgliedern jeden Tag der Herausforderung des Marktes. Wir entwickeln, produzieren und vermarkten Lacksysteme für spannende und innovative Anwendungsgebiete. Ihre Färbung fehlt uns noch! Erfahren Sie mehr über uns... weiterlesen Ihre Bewerbung Auf Ihre aussagestarke Bewerbung sind wir gespannt. Damit wir uns ein farbiges Bild Ihrer Persönlichkeit machen können, bitten wir um folgende Inhalte: tabellarischer Lebenslauf mit Lichtbild aktuelle Ausbildungs- und Arbeitszeugnisse frühestmöglicher Eintrittstermin Gehaltsvorstellung Senden Sie Ihre Unterlagen bitte an folgende Adresse: PETER-LACKE GmbH - Personalleitung - Herforder Straße 80 D-32120 Hiddenhausen Gerne erwarten wir Ihre Bewerbung per E-Mail. Dokumente bitten wir als PDF-Dateien anzuhängen. E-Mail: KXF bewerbung FSE [-a_t-] BFQ peter-lacke.com Festanstellung Bezeichnung Standort Beginn Lacklaborant/In / Chemielaborant/In Hiddenhausen 01.06.2011

Unternehmen - Service & Design Service... – alle Mitarbeiter, die mit Ihnen in Kontakt stehen und an Ihrer Lösung arbeiten, sind Spezialisten ihres Fachgebietes. Von der Betreuung des Außendienstes bis zur endgültigen Definition des Produktes. Wir kommunizieren immer direkt und offen. …& Design – Firmen wie Volkswagen, Gillette-BRAUN, Miele, Melitta, Bosch Siemens und andere vertrauen auf unsere Effektlacke für zahlreiche Trendprodukte. Wir arbeiten eng mit Designern zusammen, sprechen dieselbe Sprache und können Ihre persönlichen Vorstellungen zielgenau umsetzen. Professionalität Unsere hochwertigen Effektlacke finden Sie in der Automobilindustrie (Exterieur und Interieur), auf Hausgeräten, Elektronikgeräten, Glas, Kunststoffen und auf Möbeln und Dekoren aus Holz. Tochtergesellschaften und Produktionsstandorte an allen wirtschaftlichen Brennpunkten weltweit sind Voraussetzung für unsere globale Professionalität und den uneingeschränkten Kundenservice. Peter-Lacke Trend Box Für Entwickler und Designer die Inspirationsquelle und Auswahlhilfe schlechthin. Wir präsentieren Ihnen auf Wunsch die Trends der verschiedenen Branchen und zeigen unsere Möglichkeiten in den unterschiedlichsten Anwendungsbereichen auf. PETER-Lacke-Musterkarten Die von uns entwickelten Musterkarten konzentrieren sich auf die Markttrends und geben Ihnen wichtige Informationen in kompakter Form. Auf den jeweiligen Einzelkarten werden Produktkombinationen mit vergleichbaren Parametern präsentiert. Die Auswahl der idealen Lösung wird dadurch erleichtert. Die Musterkarten können gegen eine Schutzgebühr bei uns angefordert werden. Lust auf Farbe & mehr? Wir werden Ihnen unsere Möglichkeiten anschaulich präsentieren. Für Sie ein gute Gelegenheit die Vielfalt und die Menschen hinter Peter-Lacke kennenzulernen. Vereinbaren Sie einen Termin mit uns! Kontakt weiterlesen

Unternehmen - Umwelt & Qualität Umwelt… - bei der Planung von Lackieranlagen stehen unsere Experten beratend zur Seite. Ebenso unterstützen wir Sie in den Bereichen Wirtschaftlichkeit und den immer komplexer werdenden Rahmenbedingungen zum Thema Umweltschutz. Auch sind wir Ihre Ansprechpartner für die gemäß VOC-Bestimmungen zu erstellende Lösemittelbilanz. …& Qualität – neben den unten aufgeführten Zertifikaten zu unserer Produktqualität, zählt für uns die Qualität insgesamt. Als wesentlichen Bestandteil unseres Qualitätsanspruches pflegen wir die offene und sachbezogene Kommunikation intern wie extern. ISO/TS 16949 Mit der Zertifizierung nach ISO/TS 16949 erfüllen wir die Qualitätsanforderungen an einen international tätigen Automobilzulieferer. Darüber hinaus ist diese Bestätigung auch gültig für die Zusammenarbeit mit allen weiteren Branchen. Certificate SONY Green Partner Bei der Entwicklung konzentrieren wir uns auf umweltfreundliche Lacksysteme, die frei von Schwermetallen und anderen kritischen Inhaltstoffen sind. Dies ist eine wichtige Voraussetzung für die Industrie, speziell für die Absatzmärkte Consumer-Electronics und Hausgeräte. In dem Green-Partner-Certificate legt die Firma Sony Umweltkriterien fest, an die sich Lieferanten halten müssen. Wir erfüllen diese Kriterien und haben uns erneut als Green-Partner qualifiziert.

Unternehmen - Unser Programm Farbe... - wir entwickeln und produzieren modernste Lacksysteme für die Trägermaterialien Kunststoff, Glas, Holz und Metall. Hierbei greifen wir auf bewährte Standards zurück oder entwickeln kundenspezifische Lacksysteme auf Basis von Lösemittel und/oder Wasser. Unser Angebot umfasst 2K-Lacksysteme, 1K-Lacke, Einbrennsysteme und UV-Lacke für die Industrie. Unser umfangreiches Standardsortiment ist zudem für das Handwerk interessant. Besuchen Sie doch unser PEHAPOL-Lacksystem unter www.pehapol.de und erfahren Sie mehr über unsere Handelspartner. …& mehr – von Ihrer ersten Idee bis zur Marktreife begleiten wir Sie. Praxisnah, fachlich kompetent und vertrauensvoll. Die Nähe zu Ihrer Aufgabenstellung und die rasche Umsetzung machen uns im Wettbewerb mit Großkonzernen zu einem sehr interessanten Partner. Das beweisen wir tagtäglich. Einzelheiten hierzu finden Sie unter 'Service & Design' und 'Umwelt & Qualität'. Service & Design weiterlesen Komplettprogramm für Lackfarben, Struktur- und Effektlacke, Grundierungen und Füller Einsatzgebiete und Branchen Kunststoff insbesondere in den Bereichen Automobil, Unterhaltungselektronik und Haushaltsgeräte, Sportartikel, Deko, Spielzeug - und vieles mehr Holz im Bereich Möbel, Innenausbau, Möbel im Außenbereich, Sargproduktion Metall insbesondere Einbrennbasecoats für die Fahrradindustrie Glas im Bereich Innenmöblierung, Kosmetik oder Haushalt und Dekoration Unsere Produktpalette 1K- 2K- und UV-Lacke Einbrenn-Basecoats wasser- und lösemittelbasierend Grundierungen / Dickschicht-Füller auch für schwierige Anwendungen und Untergründe Individuelle Lösungen PETER-LACKE bietet praxisgerechte Lösungen auf Basis eines vielfältigen Angebotes. Für die Oberflächenveredelung von: Metallic-Effekte Galvano-Effekte Perlglanz-Effekte Besondere Haptiken wie Soft Feel-Lacke Lackfarben für nahezu alle Trägermaterialien und Anwendungen Strukturlacke Hochflexible Lacke für weiche Materialien wie Schaum Imitation mechanischer Bearbeitung Schutzlacke Lasuren, Patina, Beizen Für den Fachhandel: EDV-gestütztes Mischsystem für Lackfarben und Effektzusätze Lack-Kompetenz

PR Bereich - Downloads In unserem Download-Bereich stehen Ihnen sämtliche Informationen, sowie Bildmaterial über unser Unternehmen zur Verfügung. Einige Dateien liegen im pdf-Format vor. Um diese anzeigen zu lassen, benötigen Sie den aktuellen Acrobat Reader, den Sie hier kostenlos herunterladen können. kostenloser Adobe Reader weiterlesen Downloadbereich Allgemeine Hinweise: Die Nutzung der Grafik- und Textdateien ist für Redaktionen bzw. Medien kostenlos, jedoch nur bei vollständiger Copyright-Angabe gestattet. Bitte senden Sie uns zwei Belegexemplare bzw. einen Link zur Online-Publikation. Vielen Dank! Edles Pianoblack für exklusives Interieur 92_Anzeige_deutsch_178x62.pdf PDF - 379,11 Kb Download 95_Anzeige_deutsch_175x56.pdf PDF - 358,71 Kb Logo PETER-LACKE Logo deutsch transparent, Logo International white Transparentes Logo deutsch EPS - 62,50 Kb Weißes Logo International JPEG - 43,31 Kb 100 Jahre PETER-LACKE - Firmenjubiläum 100 Jahre PETER-LACKE - Festschrift PDF - 2,31 Mb 100 Jahre PETER-LACKE - Zukunft PDF - 25,60 Kb Besser lackieren Beitrag ""Besser Lackieren"", Praxis 02/05 PDF - 118,61 Kb PEHAPOL Broschüre PEHAPOL Broschüre deutsch PDF - 3,28 Mb Anzeige Farbe 60 x 60mm Deutschland PDF - 431,80 Kb China PDF - 442,64 Kb Hungary PDF - 441,40 Kb Malaysia PDF - 442,76 Kb Poland PDF - 461,05 Kb Russia PDF - 440,29 Kb Anzeige Glanz PDF - 550,43 Kb PDF - 567,60 Kb PDF - 566,45 Kb PDF - 567,83 Kb PDF - 586,12 Kb PDF - 565,30 Kb Anzeige Flächen PDF - 462,13 Kb PDF - 476,07 Kb PDF - 474,95 Kb PDF - 476,31 Kb PDF - 494,65 Kb PDF - 473,79 Kb

PR Bereich - Innovationen Aufgabenspezifische Lösungen zu entwickeln ist nur mit Innovationskraft möglich. Darin liegt unsere Stärke, die uns gerade im Vergleich mit Großkonzernen äußerst interessant macht. Neuer UV-Lack mit tief schwarzer Brillanz 07.03.2009 Brillantes Schwarz, UV-Trocknung, Eignung für alle Freiformflächen und Beständigkeiten gegen chemische und mechanische Beanspruchungen. Diese Formulierung haben wir zur Serienreife entwickelt... Informationen zum Herunterladen JOTspecial Pressemitteilung - deutsch PDF - 116,15 Kb Download JOT International Surface Technology - englisch PDF - 115,02 Kb Zurück

PR Bereich - Innovationen Aufgabenspezifische Lösungen zu entwickeln ist nur mit Innovationskraft möglich. Darin liegt unsere Stärke, die uns gerade im Vergleich mit Großkonzernen äußerst interessant macht. PETER-LACKE ist ab sofort als „Sony Green Partner“ zertifiziert 08.02.2006 Nicht ohne Stolz kann PETER-LACKE seine Zertifizierung als „Sony Green Partner"" bekanntgeben. Im abschließenden Audit wurde bestätigt, dass PETER-LACKE hinsichtlich Einsatz und Anfall umweltschädigender Stoffe in Produktion und Vertrieb die äußerst strengen Standards der Sony Corporation erfüllt. Sony bezieht Materialien und Bauteile ausschließlich von zertifizierten Unternehmen. Die Einhaltung der Vorgaben muss darüberhinaus jederzeit nachgewiesen werden können. Weitere Informationen: http://www.sony.net/SonyInfo/procurementinfo/green.html Zurück

PR Bereich - Innovationen Aufgabenspezifische Lösungen zu entwickeln ist nur mit Innovationskraft möglich. Darin liegt unsere Stärke, die uns gerade im Vergleich mit Großkonzernen äußerst interessant macht. Peter Lacke bringt Trends auf den Punkt 08.01.2006 PETER-LACKE ist ein mittelständischer Hersteller von hochwertigen Industrielacken für Kunststoff-Oberflächen, speziell für Hausgeräte. Sie finden unsere Effektlacke z.B. auf Rasierern von Gillette Braun, auf Staubsaugern von Miele und Electrolux, an Kaffeemaschinen von Melitta oder auf Blenden von weißer Ware bei Bosch Siemens oder Whirlpool. Mit Tochtergesellschaften und Produktions-Standorten in China und mehreren anderen Ländern bietet PETER-LACKE über die Zentrale in Deutschland hinaus weltweiten Service rund um die Lack-Oberfläche. Dabei können Sie wählen zwischen bewährten Lösemittelsystemen und modernen Wasserlacken. Das komplette Lieferprogramm ist frei von Schwermetallen und entspricht den aktuellen EU-Normen. Wir bieten farbliche Trendberatung zur Unterstützung Ihres Marketings in Form von Musterkarten. Haben wir Ihr Interesse geweckt? Dann bestellen Sie sofort Ihre persönliche Musterkarte unter SAI info QHS [-a_t-] RZL peter-lacke.com . Informationen zum Herunterladen Informationsblatt PDF - 121,54 Kb Download Zurück

PR Bereich - Innovationen Aufgabenspezifische Lösungen zu entwickeln ist nur mit Innovationskraft möglich. Darin liegt unsere Stärke, die uns gerade im Vergleich mit Großkonzernen äußerst interessant macht. Besser lackieren - Innovative Lacksysteme für ABS-Untergründe und Glas 04.04.2005 Herforder Lack- und Farbenhersteller PETER-LACKE bietet jetzt zwei neue Nasslack-Lösungen für spezielle Anwendungen an. ""Mit einem speziell für ABS- Untergründe geeigneten Lack werden bereits Haartrockner lackiert. Und im Bereich Glaslack hat das Team um den technischen Leiter Jens Kröger gerade ein Entwicklungsprojekt erfolgreich abgeschlossen. Das System, das demnächst zum Einsatz kommt, weist besonders hohe Beständigkeiten gegenüber aggressiven Parfumölen auf. Diese zwei innovativen Lösungen im Nasslackbereich bietet jetzt der ostwestfälische Lackhersteller Peter-Lacke an."" Der gesamte Artikel steht hier als Download im PDF-Format zur Verfügung. Informationen zum Herunterladen PRAXIS - besser lackieren PDF - 118,61 Kb Download Zurück

Direkt zum Hauptmenü, zum Inhalt. Sie sind interessiert und wünschen aktuelle Informationen?Kein Problem. Nutzen Sie unseren Newsletterservice! Derzeit befindet sich der Kundenbereich noch im Aufbau. Bei Interesse sprechen Sie uns bitte an. Servicebereich für registrierte Kunden und Handelspartner mit persönlichen Informationen. Mit unserem Newsletter bleiben Sie immer auf dem Laufenden. Das Lieferprogramm von PETER-LACKE mal ganz anders! ""Ein Tag im Leben mit PETER-LACKE"". Kein geeigneter Flash-Player installiert Bitte installieren Sie einen aktuellen Flash-Player um das Video abzuspielen! Sie erhalten einen aktuellen Player auf www.adobe.com © 2011 PETER-LACKE

PR Bereich - Innovationen Aufgabenspezifische Lösungen zu entwickeln ist nur mit Innovationskraft möglich. Darin liegt unsere Stärke, die uns gerade im Vergleich mit Großkonzernen äußerst interessant macht. Innovationen Meldungen 07.03.2009 Neuer UV-Lack mit tief schwarzer Brillanz [JOTspecial - Coating Materials] Schnell trocknender UV-Klavier- lack für 3-D Geometrien. Das Journal für Oberflächentechnik berichtet in der aktuellen Spezialausgabe über unsere neueste Entwicklung. weiterlesen 29.01.2009 OWL-Transferpreis für Schmutz abweisenden Lack Einen Lack mit Lotuseffekt zu erforschen und zur Marktreife zu entwickeln, war unser erklärtes Ziel. Die erfolgreiche Kooperation mit der Uni-Paderborn führte zum Ziel und zum OWL-Transferpreis, den IHK Geschäftsführer Thomas Niehoff überreichte. 24.04.2008 Ein Lack für alle Flaschen - PETER-LACKE gewinnt Wettbewerb. 08.02.2006 PETER-LACKE ist ab sofort als „Sony Green Partner“ zertifiziert 08.01.2006 Peter Lacke bringt Trends auf den Punkt 02.11.2005 Zertifizierung als Partner der internationalen Automobilbranche 04.04.2005 Besser lackieren - Innovative Lacksysteme für ABS-Untergründe und Glas 11.03.2005 PETER-LACKE - Position und Perspektiven

Unternehmen - Peter-Lacke Wir sind ein operativ ausgerichtetes Mittelstandsunternehmen mit eigener Entwicklung und Produktion von Lacksystemen. Der Erfolg basiert auf der direkten und fachlichen Kommunikation mit unseren Kunden. Die damit verbundene Reaktionsschnelligkeit erlaubt uns zeitnahe Lösungen zu präsentieren und uns vor dem Wettbewerb zu positionieren. Wir begleiten Ihr Produkt auf dem gesamten Weg von der Idee bis zur Marktreife. Die globale Vernetzung mit eigenen Niederlassungen und Systempartnern gewährleistet gleichbleibende Qualitätsstandards und Versorgungssicherheit. Erst die Aufgabenstellung aus der Praxis macht uns zum Technologieführer an der Basis des Geschehens. Peter-Lacke - weltweit verbunden und praxisorientiert Ziel & Weg Unsere Schnelligkeit und Treffsicherheit sind verlässliche Faktoren, weil wir den Fokus auf Ihre Zielvorstellung richten. Der Weg dorthin kann unterschiedlich sein – entscheidend ist einzig Ihr Ziel. Wir erreichen diese Alleinstellung, weil wir die Kernaufgaben Beratung, Entwicklung, Labortests und Dokumentation hausintern leisten Mensch & Team Wir arbeiten interdisziplinär zusammen. Vom Fachberater im Außendienst, über die Forschung, Disposition bis hin zur Produktion schaut jeder auch außerhalb seines Tellerrandes. So verringern wir interne Fehler und erhalten unsere Schnelligkeit aufrecht. Fast die Hälfte unseres Teams ist in der Forschung und Entwicklung beschäftigt. Dieser Bereich teilt sich auf in Grundlagenforschung und kundenspezifische Entwicklung. Eine schlagkräftige Kombination! Qualität & Zertifikat Das lückenlose und zertifizierte Qualitätsmanagement leben wir jeden Tag. Besonderen Wert legen wir auf die unmissverständliche Kommunikation mit Ihnen. Deshalb beginnt unser Qualitätsanspruch bei der fachlichen Beratung durch unsere Anwendungstechniker. Tradition & Innovation Wer mit Ausdauer und Beharrlichkeit innovativ und marktnah agiert, wird irgendwann auf eine Tradition zurückblicken dürfen. Für Peter-Lacke gilt das seit über 100 Jahren.

Kontakt - Menschen erreichen Persönliche Erreichbarkeit ist uns wichtig. Die Art der Kontaktaufnahme entscheiden Sie. Rufen Sie uns an, senden Sie uns Ihr Anliegen per Fax oder per E-Mail. Bis gleich! Adresse & Kontakt PETER-LACKE GmbH Herforder Straße 80 D-32120 Hiddenhausen Telefon: (0 52 21) 96 25 - 0 Telefax: (0 52 21) 96 25 - 99 E-Mail: HIP info DYA [-a_t-] MHF peter-lacke.com Internet: www.peter-lacke.com Standorte weiterlesen Anfahrtskarte Anfahrt berechnen Ansicht vergrößern Kontaktformular Firma Abteilung Name * Straße / Nr PLZ / Ort Telefon Telefax E-Mail Mitteilung Sicherheitscode Geben Sie die Zeichen aus dem angezeigten Bild ein. Absenden Mit * gekennzeichnete Felder müssen ausgefüllt werden.

Innovative und praxisgerechte Lösungen mit Lack - Kompetenz Automotive Exterieur Interieur Special mehr Hausgeräte/Elektronik Haushaltsgeräte Verbrauchsgüter Sonderteile Glas Flachglas Hohlglas Dekoration Kunststoff allgemein Innenbereich Außenbereich PETER-LACKE Beschichtungssysteme sind für alle Herstellverfahren von Rotorblättern einsetzbar.

PR Bereich - Presse Unsere Serviceseite für Journalisten. Nachfolgend finden Sie Pressemitteilungen und Fachpublikationen nach Aktualität geordnet. Weitere Texte, Fotos und unser Firmenlogo erhalten Sie unter 'Downloads'. Für weitere Fragen nehmen Sie bitte Kontakt zu uns auf. Kontakt weiterlesen Robust, high-gloss interior finish 05.11.2010 Das Piano Lack Finish des Intereurs im neuen Audi A8 konnte erst durch eine neue Generation der Beschichtungstechnologie realisiert werden. Die neue Beschichtung besteht aus einem 2 Komponenten PUR Primer und eine UV-Lack. Informationen zum Herunterladen 96_IST_010_0030_6_PeterLacke.pdf PDF - 103,43 Kb Download Zurück

PR Bereich - Presse Unsere Serviceseite für Journalisten. Nachfolgend finden Sie Pressemitteilungen und Fachpublikationen nach Aktualität geordnet. Weitere Texte, Fotos und unser Firmenlogo erhalten Sie unter 'Downloads'. Für weitere Fragen nehmen Sie bitte Kontakt zu uns auf. Kontakt weiterlesen Vitrinen voller Wirtschaft 27.10.2010 Unternehmen, Vereine und Initiativen aus dem Kreis Herford aber auch aus angrenzenden Kommunen sollen sich künftig Besuchern im neu gestalteten Foyer des Herforder Kreishauses präsentieren. Informationen zum Herunterladen 98_Vitrinen_Kreishausfoyer_NW_HF_27102010.pdf PDF - 341,64 Kb Download Zurück

PR Bereich - Presse Unsere Serviceseite für Journalisten. Nachfolgend finden Sie Pressemitteilungen und Fachpublikationen nach Aktualität geordnet. Weitere Texte, Fotos und unser Firmenlogo erhalten Sie unter 'Downloads'. Für weitere Fragen nehmen Sie bitte Kontakt zu uns auf. Kontakt weiterlesen Farbe und Lack - Peter-Lacke China offiziell eröffnet 05.08.2010 Informationen zum Herunterladen 91_FuL_2010_08_Lackmarkt.pdf PDF - 82,78 Kb Download Zurück

PR Bereich - Presse Unsere Serviceseite für Journalisten. Nachfolgend finden Sie Pressemitteilungen und Fachpublikationen nach Aktualität geordnet. Weitere Texte, Fotos und unser Firmenlogo erhalten Sie unter 'Downloads'. Für weitere Fragen nehmen Sie bitte Kontakt zu uns auf. Kontakt weiterlesen Insight asis pacific 03.01.2011 Insight asis pacific - ''Um weltweit erfolgreich zu sein, müssen wir in China sein!'' Informationen zum Herunterladen 99_Insight_Asia_Pacific.pdf PDF - 1,69 Mb Download Zurück",2453,2453,18,"[""http://www.peter-lacke.de/deu/peter-lacke/unternehmen/karriere/karriere.html"", ""http://www.peter-lacke.de/deu/peter-lacke/unternehmen/peter-lacke/service-und-design/service-und-design.html"", ""http://www.peter-lacke.de/deu/peter-lacke/unternehmen/peter-lacke/umwelt-und-qualitaet/umwelt-und-qualitaet.html"", ""http://www.peter-lacke.de/deu/peter-lacke/unternehmen/peter-lacke/unser-programm/unser-programm.html"", ""http://www.peter-lacke.de/deu/peter-lacke/unternehmen/pr-bereich/downloads/downloads.html"", ""http://www.peter-lacke.de/deu/peter-lacke/unternehmen/pr-bereich/innovationen/59bac54/innovationen.html"", ""http://www.peter-lacke.de/deu/peter-lacke/unternehmen/pr-bereich/innovationen/6018195/innovationen.html"", ""http://www.peter-lacke.de/deu/peter-lacke/unternehmen/pr-bereich/innovationen/601c015/innovationen.html"", ""http://www.peter-lacke.de/deu/peter-lacke/unternehmen/pr-bereich/innovationen/6023d16/innovationen.html"", ""http://www.peter-lacke.de/deu/peter-lacke/unternehmen/pr-bereich/newsletter/newsletter.html"", ""http://www.peter-lacke.de/deu/peter-lacke/unternehmen/pr-bereich/pr-bereich.html"", ""http://www.peter-lacke.de/deu/peter-lacke/unternehmen/unternehmen.html"", ""http://www.peter-lacke.de/deu/peter-lacke/unternehmen/kontakt/kontakt.html"", ""http://www.peter-lacke.de/"", ""http://www.peter-lacke.de/deu/peter-lacke/unternehmen/pr-bereich/presse/28ed552/presse.html"", ""http://www.peter-lacke.de/deu/peter-lacke/unternehmen/pr-bereich/presse/9ab8bb2/presse.html"", ""http://www.peter-lacke.de/deu/peter-lacke/unternehmen/pr-bereich/presse/a439274/presse.html"", ""http://www.peter-lacke.de/deu/peter-lacke/unternehmen/pr-bereich/presse/c8de691/presse.html""]","[""company_about"", ""company_about"", ""company_about"", ""company_about"", ""company_about"", ""company_about"", ""company_about"", ""company_about"", ""company_about"", ""company_about"", ""company_about"", ""company_about"", ""contact"", ""homepage"", ""news_press"", ""news_press"", ""news_press"", ""news_press""]",4,603,603,18,True,18,0,0,0,2453,0,0,0,de,True,,de,True,high,
c956bd4e-2b8a-4c48-8780-c187587f46b3,2,PETER-LACKE HOLDING GMBH,pre_event,include,"Karriere - Gesucht: Menschen mit farbigen Ideen und Leidenschaft Als mittelständisches Unternehmen mit internationaler Ausrichtung stellen wir uns mit 260 Teammitgliedern jeden Tag der Herausforderung des Marktes. Wir entwickeln, produzieren und vermarkten Lacksysteme für spannende und innovative Anwendungsgebiete. Ihre Färbung fehlt uns noch! Erfahren Sie mehr über uns... weiterlesen Ihre Bewerbung Auf Ihre aussagestarke Bewerbung sind wir gespannt. Damit wir uns ein farbiges Bild Ihrer Persönlichkeit machen können, bitten wir um folgende Inhalte: tabellarischer Lebenslauf mit Lichtbild aktuelle Ausbildungs- und Arbeitszeugnisse frühestmöglicher Eintrittstermin Gehaltsvorstellung Senden Sie Ihre Unterlagen bitte an folgende Adresse: PETER-LACKE GmbH - Personalleitung - Herforder Straße 80 D-32120 Hiddenhausen Gerne erwarten wir Ihre Bewerbung per E-Mail. Dokumente bitten wir als PDF-Dateien anzuhängen. E-Mail: WJE bewerbung XEZ [-a_t-] MHB peter-lacke.com Momentan liegen keine Stellenangebote vor. Zurück

Unternehmen - Service & Design Service... – alle Mitarbeiter, die mit Ihnen in Kontakt stehen und an Ihrer Lösung arbeiten, sind Spezialisten ihres Fachgebietes. Von der Betreuung des Außendienstes bis zur endgültigen Definition des Produktes. Wir kommunizieren immer direkt und offen. …& Design – Firmen wie Volkswagen, Gillette-BRAUN, Miele, Melitta, Bosch Siemens und andere vertrauen auf unsere Effektlacke für zahlreiche Trendprodukte. Wir arbeiten eng mit Designern zusammen, sprechen dieselbe Sprache und können Ihre persönlichen Vorstellungen zielgenau umsetzen. Professionalität Unsere hochwertigen Effektlacke finden Sie in der Automobilindustrie (Exterieur und Interieur), auf Hausgeräten, Elektronikgeräten, Glas, Kunststoffen und auf Möbeln und Dekoren aus Holz. Tochtergesellschaften und Produktionsstandorte an allen wirtschaftlichen Brennpunkten weltweit sind Voraussetzung für unsere globale Professionalität und den uneingeschränkten Kundenservice. Peter-Lacke Trend Box Für Entwickler und Designer die Inspirationsquelle und Auswahlhilfe schlechthin. Wir präsentieren Ihnen auf Wunsch die Trends der verschiedenen Branchen und zeigen unsere Möglichkeiten in den unterschiedlichsten Anwendungsbereichen auf. PETER-Lacke-Musterkarten Die von uns entwickelten Musterkarten konzentrieren sich auf die Markttrends und geben Ihnen wichtige Informationen in kompakter Form. Auf den jeweiligen Einzelkarten werden Produktkombinationen mit vergleichbaren Parametern präsentiert. Die Auswahl der idealen Lösung wird dadurch erleichtert. Die Musterkarten können gegen eine Schutzgebühr bei uns angefordert werden. Lust auf Farbe & mehr? Wir werden Ihnen unsere Möglichkeiten anschaulich präsentieren. Für Sie ein gute Gelegenheit die Vielfalt und die Menschen hinter Peter-Lacke kennenzulernen. Vereinbaren Sie einen Termin mit uns! Kontakt weiterlesen

Unternehmen - Umwelt & Qualität Umwelt… - bei der Planung von Lackieranlagen stehen unsere Experten beratend zur Seite. Ebenso unterstützen wir Sie in den Bereichen Wirtschaftlichkeit und den immer komplexer werdenden Rahmenbedingungen zum Thema Umweltschutz. Auch sind wir Ihre Ansprechpartner für die gemäß VOC-Bestimmungen zu erstellende Lösemittelbilanz. …& Qualität – neben den unten aufgeführten Zertifikaten zu unserer Produktqualität, zählt für uns die Qualität insgesamt. Als wesentlichen Bestandteil unseres Qualitätsanspruches pflegen wir die offene und sachbezogene Kommunikation intern wie extern. ISO/TS 16949 Mit der Zertifizierung nach ISO/TS 16949 erfüllen wir die Qualitätsanforderungen an einen international tätigen Automobilzulieferer. Darüber hinaus ist diese Bestätigung auch gültig für die Zusammenarbeit mit allen weiteren Branchen. Certificate SONY Green Partner Bei der Entwicklung konzentrieren wir uns auf umweltfreundliche Lacksysteme, die frei von Schwermetallen und anderen kritischen Inhaltstoffen sind. Dies ist eine wichtige Voraussetzung für die Industrie, speziell für die Absatzmärkte Consumer-Electronics und Hausgeräte. In dem Green-Partner-Certificate legt die Firma Sony Umweltkriterien fest, an die sich Lieferanten halten müssen. Wir erfüllen diese Kriterien und haben uns erneut als Green-Partner qualifiziert.

Unternehmen - Unser Programm Farbe... - wir entwickeln und produzieren modernste Lacksysteme für die Trägermaterialien Kunststoff, Glas, Holz und Metall. Hierbei greifen wir auf bewährte Standards zurück oder entwickeln kundenspezifische Lacksysteme auf Basis von Lösemittel und/oder Wasser. Unser Angebot umfasst 2K-Lacksysteme, 1K-Lacke, Einbrennsysteme und UV-Lacke für die Industrie. Unser umfangreiches Standardsortiment ist zudem für das Handwerk interessant. Besuchen Sie doch unser PEHAPOL-Lacksystem unter www.pehapol.de und erfahren Sie mehr über unsere Handelspartner. …& mehr – von Ihrer ersten Idee bis zur Marktreife begleiten wir Sie. Praxisnah, fachlich kompetent und vertrauensvoll. Die Nähe zu Ihrer Aufgabenstellung und die rasche Umsetzung machen uns im Wettbewerb mit Großkonzernen zu einem sehr interessanten Partner. Das beweisen wir tagtäglich. Einzelheiten hierzu finden Sie unter 'Service & Design' und 'Umwelt & Qualität'. Service & Design weiterlesen Komplettprogramm für Lackfarben, Struktur- und Effektlacke, Grundierungen und Füller Einsatzgebiete und Branchen Kunststoff insbesondere in den Bereichen Automobil, Unterhaltungselektronik und Haushaltsgeräte, Sportartikel, Deko, Spielzeug - und vieles mehr Holz im Bereich Möbel, Innenausbau, Möbel im Außenbereich, Sargproduktion Metall insbesondere Einbrennbasecoats für die Fahrradindustrie Glas im Bereich Innenmöblierung, Kosmetik oder Haushalt und Dekoration Unsere Produktpalette 1K- 2K- und UV-Lacke Einbrenn-Basecoats wasser- und lösemittelbasierend Grundierungen / Dickschicht-Füller auch für schwierige Anwendungen und Untergründe Individuelle Lösungen PETER-LACKE bietet praxisgerechte Lösungen auf Basis eines vielfältigen Angebotes. Für die Oberflächenveredelung von: Metallic-Effekte Galvano-Effekte Perlglanz-Effekte Besondere Haptiken wie Soft Feel-Lacke Lackfarben für nahezu alle Trägermaterialien und Anwendungen Strukturlacke Hochflexible Lacke für weiche Materialien wie Schaum Imitation mechanischer Bearbeitung Schutzlacke Lasuren, Patina, Beizen Für den Fachhandel: EDV-gestütztes Mischsystem für Lackfarben und Effektzusätze Lack-Kompetenz

PR Bereich - Downloads In unserem Download-Bereich stehen Ihnen sämtliche Informationen, sowie Bildmaterial über unser Unternehmen zur Verfügung. Einige Dateien liegen im pdf-Format vor. Um diese anzeigen zu lassen, benötigen Sie den aktuellen Acrobat Reader, den Sie hier kostenlos herunterladen können. kostenloser Adobe Reader weiterlesen Downloadbereich Allgemeine Hinweise: Die Nutzung der Grafik- und Textdateien ist für Redaktionen bzw. Medien kostenlos, jedoch nur bei vollständiger Copyright-Angabe gestattet. Bitte senden Sie uns zwei Belegexemplare bzw. einen Link zur Online-Publikation. Vielen Dank! Edles Pianoblack für exklusives Interieur 92_Anzeige_deutsch_178x62.pdf PDF - 379,11 Kb Download 95_Anzeige_deutsch_175x56.pdf PDF - 358,71 Kb Logo PETER-LACKE Logo deutsch transparent, Logo International white Transparentes Logo deutsch EPS - 62,50 Kb Weißes Logo International BMP - 1,07 Mb 100 Jahre PETER-LACKE - Firmenjubiläum 100 Jahre PETER-LACKE - Festschrift PDF - 2,31 Mb 100 Jahre PETER-LACKE - Zukunft PDF - 25,60 Kb PEHAPOL Broschüre PEHAPOL Broschüre deutsch PDF - 3,28 Mb Lack Kompetenz PDF - 567,77 Kb LACKE, ZUSÄTZE UND FARBSTOFFE PDF - 1,73 Mb Anzeige Farbe 60 x 60mm Deutschland PDF - 431,80 Kb China PDF - 442,64 Kb Hungary PDF - 441,40 Kb Malaysia PDF - 442,76 Kb Poland PDF - 461,05 Kb Russia PDF - 440,29 Kb Anzeige Glanz PDF - 550,43 Kb PDF - 567,60 Kb PDF - 566,45 Kb PDF - 567,83 Kb PDF - 586,12 Kb PDF - 565,30 Kb Anzeige Flächen PDF - 462,13 Kb PDF - 476,07 Kb PDF - 474,95 Kb PDF - 476,31 Kb PDF - 494,65 Kb PDF - 473,79 Kb

PR Bereich - Innovationen Aufgabenspezifische Lösungen zu entwickeln ist nur mit Innovationskraft möglich. Darin liegt unsere Stärke, die uns gerade im Vergleich mit Großkonzernen äußerst interessant macht. Neuer UV-Lack mit tief schwarzer Brillanz 07.03.2009 Brillantes Schwarz, UV-Trocknung, Eignung für alle Freiformflächen und Beständigkeiten gegen chemische und mechanische Beanspruchungen. Diese Formulierung haben wir zur Serienreife entwickelt... Informationen zum Herunterladen JOTspecial Pressemitteilung - deutsch PDF - 116,15 Kb Download JOT International Surface Technology - englisch PDF - 115,02 Kb Zurück

PR Bereich - Innovationen Aufgabenspezifische Lösungen zu entwickeln ist nur mit Innovationskraft möglich. Darin liegt unsere Stärke, die uns gerade im Vergleich mit Großkonzernen äußerst interessant macht. OWL-Transferpreis für Schmutz abweisenden Lack 29.01.2009 Stolz präsentiert Jens Kröger, technischer Leiter und Prokurist, den innovativen Lack, der in enger Zusammenarbeit mit Björn Weber, Uni Paderborn, entstand Mit der Idee, einen Lack nach dem Vorbild der Natur zu entwickeln, ging der Lackspezialist Peter-Lacke auf die Uni-Paderborn zu. Das Unternehmen ist bekannt dafür, dass es Marktbedürfnisse ernst nimmt und zielstrebig nach Lösungen forscht. Die Vision bestand für Jens Kröger (technischer Leiter der Peter-Lacke GmbH) darin, einen Lack mit Lotusblüteneffekt für Automobilfelgen und Radblenden zu entwickeln. „Dafür muss tief in die Naturwissenschaft geblickt, getestet und geforscht werden“, lässt Kröger wissen. Operativer Wissenschaftler für diese Herausforderung war der Lackexperte Björn Weber von der Uni-Paderborn. Der erst 31 jährige Chemiker nutzte die erworbenen Kenntnisse übrigens auch für seine Abschlussarbeit zum „Bachelor of Science“. Die Partnerschaft aus Forschung und Wirtschaft funktionierte nach Meinung der Jury hier in idealer Weise, zumal der Lack mit Lotuseffekt inzwischen serienreif ist. Kein geringerer Konzern als die VW AG in Wolfsburg hat den Lack getestet und befürwortet. Die Uni-Paderborn und die Peter-Lacke GmbH setzten sich gegen 33 Mitbewerber durch und gewannen den OWL-Transferpreis, der vom IHK-Geschäftsführer Thomas Niehoff überreicht wurde. Der OWL-Transferpreis wurde zum dritten Mal vergeben und wird organisiert von der IHK Ostwestfalen zu Bielefeld, der IHK Lippe zu Detmold, der Handwerkskammer Ostwestfalen-Lippe zu Bielefeld, der Initiative für Beschäftigung OWL und der Stiftung Standortsicherung Kreis Lippe. Informationen zum Herunterladen Meldung NW-Hiddenhausen PDF - 292,68 Kb Download Meldung Westfalen-Blatt PDF - 237,40 Kb Zurück

PR Bereich - Messen Wir sind auf nationalen und internationalen Ausstellungen und Messen vertreten. Nachfolgend finden Sie die Bereiche Messevorberichterstattung und Messenachlese. Messen Meldungen 26.03.2009 Zuversichtliche Bilanz nach Interlakokraska Moskau - die 13. Interlakokraska hinterlässt einen angenehmen Nachgeschmack weiterlesen 04.03.2009 Russlands INTERLAKOKRASKA'2009 im Expozentrum-Moskau vom 10. - 13. März Die INTERLAKOKRASKA als internationale Ausstellung für Farben, Lacke und Klarlacksysteme öffnet zum 13ten Mal ihre Pforten. (10. - 13. März 2009) 21.10.2008 glasstec in Düsseldorf PETER-LACKE Präsdentation auf der glasstec 2008 war sehr erfolgreich. 09.06.2008 SURFEX 2008 PETER-LACKE auf der Fachmesse für Technologien der Oberflächenbearbeitung SURFEX vom 09.-12. Juni 2008 in Poznan. 11.04.2008 PaintExpo

Direkt zum Hauptmenü, zum Inhalt. Sie sind interessiert und wünschen aktuelle Informationen?Kein Problem. Nutzen Sie unseren Newsletterservice! Derzeit befindet sich der Kundenbereich noch im Aufbau. Bei Interesse sprechen Sie uns bitte an. Servicebereich für registrierte Kunden und Handelspartner mit persönlichen Informationen. Mit unserem Newsletter bleiben Sie immer auf dem Laufenden. Das Lieferprogramm von PETER-LACKE mal ganz anders! ""Ein Tag im Leben mit PETER-LACKE"". Kein geeigneter Flash-Player installiert Bitte installieren Sie einen aktuellen Flash-Player um das Video abzuspielen! Sie erhalten einen aktuellen Player auf www.adobe.com © 2013 PETER-LACKE

PR Bereich - Innovationen Aufgabenspezifische Lösungen zu entwickeln ist nur mit Innovationskraft möglich. Darin liegt unsere Stärke, die uns gerade im Vergleich mit Großkonzernen äußerst interessant macht. Innovationen Meldungen 07.03.2009 Neuer UV-Lack mit tief schwarzer Brillanz [JOTspecial - Coating Materials] Schnell trocknender UV-Klavier- lack für 3-D Geometrien. Das Journal für Oberflächentechnik berichtet in der aktuellen Spezialausgabe über unsere neueste Entwicklung. weiterlesen 29.01.2009 OWL-Transferpreis für Schmutz abweisenden Lack Einen Lack mit Lotuseffekt zu erforschen und zur Marktreife zu entwickeln, war unser erklärtes Ziel. Die erfolgreiche Kooperation mit der Uni-Paderborn führte zum Ziel und zum OWL-Transferpreis, den IHK Geschäftsführer Thomas Niehoff überreichte.

Unternehmen - Peter-Lacke Wir sind ein operativ ausgerichtetes Mittelstandsunternehmen mit eigener Entwicklung und Produktion von Lacksystemen. Der Erfolg basiert auf der direkten und fachlichen Kommunikation mit unseren Kunden. Die damit verbundene Reaktionsschnelligkeit erlaubt uns zeitnahe Lösungen zu präsentieren und uns vor dem Wettbewerb zu positionieren. Wir begleiten Ihr Produkt auf dem gesamten Weg von der Idee bis zur Marktreife. Die globale Vernetzung mit eigenen Niederlassungen und Systempartnern gewährleistet gleichbleibende Qualitätsstandards und Versorgungssicherheit. Erst die Aufgabenstellung aus der Praxis macht uns zum Technologieführer an der Basis des Geschehens. Peter-Lacke - weltweit verbunden und praxisorientiert Informationen zum Herunterladen Ratingzertifikat von D&B; Deutschland JPEG - 2,79 Mb Download Ziel & Weg Unsere Schnelligkeit und Treffsicherheit sind verlässliche Faktoren, weil wir den Fokus auf Ihre Zielvorstellung richten. Der Weg dorthin kann unterschiedlich sein – entscheidend ist einzig Ihr Ziel. Wir erreichen diese Alleinstellung, weil wir die Kernaufgaben Beratung, Entwicklung, Labortests und Dokumentation hausintern leisten Mensch & Team Wir arbeiten interdisziplinär zusammen. Vom Fachberater im Außendienst, über die Forschung, Disposition bis hin zur Produktion schaut jeder auch außerhalb seines Tellerrandes. So verringern wir interne Fehler und erhalten unsere Schnelligkeit aufrecht. Fast die Hälfte unseres Teams ist in der Forschung und Entwicklung beschäftigt. Dieser Bereich teilt sich auf in Grundlagenforschung und kundenspezifische Entwicklung. Eine schlagkräftige Kombination! Qualität & Zertifikat Das lückenlose und zertifizierte Qualitätsmanagement leben wir jeden Tag. Besonderen Wert legen wir auf die unmissverständliche Kommunikation mit Ihnen. Deshalb beginnt unser Qualitätsanspruch bei der fachlichen Beratung durch unsere Anwendungstechniker. Tradition & Innovation Wer mit Ausdauer und Beharrlichkeit innovativ und marktnah agiert, wird irgendwann auf eine Tradition zurückblicken dürfen. Für Peter-Lacke gilt das seit über 100 Jahren.

Kontakt - Menschen erreichen Persönliche Erreichbarkeit ist uns wichtig. Die Art der Kontaktaufnahme entscheiden Sie. Rufen Sie uns an, senden Sie uns Ihr Anliegen per Fax oder per E-Mail. Bis gleich! Adresse & Kontakt PETER-LACKE GmbH Herforder Straße 80 D-32120 Hiddenhausen Telefon: (0 52 21) 96 25 - 0 Telefax: (0 52 21) 96 25 - 99 E-Mail: GXC info HPA [-a_t-] TXI peter-lacke.com Internet: www.peter-lacke.com Standorte weiterlesen Anfahrtskarte Anfahrt berechnen Ansicht vergrößern Kontaktformular Firma Abteilung Name * Straße / Nr PLZ / Ort Telefon Telefax E-Mail Mitteilung Sicherheitscode Geben Sie die Zeichen aus dem angezeigten Bild ein. Absenden Mit * gekennzeichnete Felder müssen ausgefüllt werden.

Innovative und praxisgerechte Lösungen mit Lack - Kompetenz Automotive Exterieur Interieur Special mehr Hausgeräte/Elektronik Haushaltsgeräte Verbrauchsgüter Sonderteile Glas Flachglas Hohlglas Dekoration Kunststoff allgemein Innenbereich Außenbereich PETER-LACKE Beschichtungssysteme sind für alle Herstellverfahren von Rotorblättern einsetzbar.

PR Bereich - Presse Unsere Serviceseite für Journalisten. Nachfolgend finden Sie Pressemitteilungen und Fachpublikationen nach Aktualität geordnet. Weitere Texte, Fotos und unser Firmenlogo erhalten Sie unter 'Downloads'. Für weitere Fragen nehmen Sie bitte Kontakt zu uns auf. Kontakt weiterlesen JOT - Kratzfeste Hochglanzoptik 21.03.2012 Oberflächen in Auto-Innenraum in edler Klavieroptik sind bei Autokäufern sehr gefragt. Ein Hersteller von solchen Lacken hat nun die Widerstandsfähigkei seines Dual-Cure-Lacksystems gegen Mikrokratzer signifikant steigern können. Informationen zum Herunterladen Deutsch PDF - 881,17 Kb Download Englisch PDF - 118,26 Kb Zurück

PR Bereich - Presse Unsere Serviceseite für Journalisten. Nachfolgend finden Sie Pressemitteilungen und Fachpublikationen nach Aktualität geordnet. Weitere Texte, Fotos und unser Firmenlogo erhalten Sie unter 'Downloads'. Für weitere Fragen nehmen Sie bitte Kontakt zu uns auf. Kontakt weiterlesen Strukturell und personell gut für die Zukunft aufgestellt 01.10.2012 Informationen zum Herunterladen 126_Strukturell_und_personell_gut_fuer_die_Zukunft_aufgestellt.pdf PDF - 115,46 Kb Download 127_Structurally_and_personnelwise_well_prepared.pdf PDF - 759,79 Kb Zurück

PR Bereich - Presse Unsere Serviceseite für Journalisten. Nachfolgend finden Sie Pressemitteilungen und Fachpublikationen nach Aktualität geordnet. Weitere Texte, Fotos und unser Firmenlogo erhalten Sie unter 'Downloads'. Für weitere Fragen nehmen Sie bitte Kontakt zu uns auf. Kontakt weiterlesen Presse Meldungen 03.01.2011 Insight asis pacific Insight asis pacific - ''Um weltweit erfolgreich zu sein, müssen wir in China sein!'' 05.11.2010 Robust, high-gloss interior finish JOT International Surface Technology - Robust, high-gloss interior finish 27.10.2010 Vitrinen voller Wirtschaft Vitrinen voller Wirtschaft - Neue Westfälische - Kreishausfoyer neu gestaltet 05.08.2010 Farbe und Lack - Peter-Lacke China offiziell eröffnet 02.08.2010 Neue Westfälische - Boomende Baustelle China Seit 2009 ist China mit mehr als 8 Millionen verkauften Fahrzeugen der größte Automarkt der Welt. Eine Entwicklung, von der zumBeispiel auch das Unternehmen Peter-Lacke profitiert, ... 12.07.2010 JOT - Peter-Lacke eröffnet Werk in China JOT - Robuste Hochglanz-Optik im Cockpit 02.07.2010 Fachzeitschrift ''besser lackieren'' 11/ 2010 hat über PETER-LACKE berichtet 29.06.2010 PETER-LACKE China offiziell eröffnet PETER-LACKE China offiziell eröffnet. 11.06.2010 China: Goldgräberzeit ist vorbei

PR Bereich - Presse Unsere Serviceseite für Journalisten. Nachfolgend finden Sie Pressemitteilungen und Fachpublikationen nach Aktualität geordnet. Weitere Texte, Fotos und unser Firmenlogo erhalten Sie unter 'Downloads'. Für weitere Fragen nehmen Sie bitte Kontakt zu uns auf. Kontakt weiterlesen Insight asis pacific 03.01.2011 Insight asis pacific - ''Um weltweit erfolgreich zu sein, müssen wir in China sein!'' Informationen zum Herunterladen 99_Insight_Asia_Pacific.pdf PDF - 1,69 Mb Download Zurück",2483,2483,17,"[""http://www.peter-lacke.de/deu/peter-lacke/unternehmen/karriere/karriere.html"", ""http://www.peter-lacke.de/deu/peter-lacke/unternehmen/peter-lacke/service-und-design/service-und-design.html"", ""http://www.peter-lacke.de/deu/peter-lacke/unternehmen/peter-lacke/umwelt-und-qualitaet/umwelt-und-qualitaet.html"", ""http://www.peter-lacke.de/deu/peter-lacke/unternehmen/peter-lacke/unser-programm/unser-programm.html"", ""http://www.peter-lacke.de/deu/peter-lacke/unternehmen/pr-bereich/downloads/downloads.html"", ""http://www.peter-lacke.de/deu/peter-lacke/unternehmen/pr-bereich/innovationen/59bac54/innovationen.html"", ""http://www.peter-lacke.de/deu/peter-lacke/unternehmen/pr-bereich/innovationen/innovationen.html"", ""http://www.peter-lacke.de/deu/peter-lacke/unternehmen/pr-bereich/messen/messen.html"", ""http://www.peter-lacke.de/deu/peter-lacke/unternehmen/pr-bereich/newsletter/newsletter.html"", ""http://www.peter-lacke.de/deu/peter-lacke/unternehmen/pr-bereich/pr-bereich.html"", ""http://www.peter-lacke.de/deu/peter-lacke/unternehmen/unternehmen.html"", ""http://www.peter-lacke.de/deu/peter-lacke/unternehmen/kontakt/kontakt.html"", ""http://www.peter-lacke.de/"", ""http://www.peter-lacke.de/deu/peter-lacke/unternehmen/pr-bereich/presse/382a7b1/presse.html"", ""http://www.peter-lacke.de/deu/peter-lacke/unternehmen/pr-bereich/presse/446b8b3/presse.html"", ""http://www.peter-lacke.de/deu/peter-lacke/unternehmen/pr-bereich/presse/600f4f5/presse.html"", ""http://www.peter-lacke.de/deu/peter-lacke/unternehmen/pr-bereich/presse/c8de691/presse.html""]","[""company_about"", ""company_about"", ""company_about"", ""company_about"", ""company_about"", ""company_about"", ""company_about"", ""company_about"", ""company_about"", ""company_about"", ""company_about"", ""contact"", ""homepage"", ""news_press"", ""news_press"", ""news_press"", ""news_press""]",2,366,366,20,True,17,0,0,0,2483,0,0,0,de,True,,de,True,high,
c956bd4e-2b8a-4c48-8780-c187587f46b3,2,PETER-LACKE HOLDING GMBH,event,sensitivity_analysis,"Gesucht: Menschen mit farbigen Ideen und Leidenschaft. Als mittelständisches Unternehmen mit internationaler Ausrichtung stellen wir uns mit 260 Teammitgliedern jeden Tag der Heraus- forderung des Marktes. Wir entwickeln, produzieren und vermarkten Lacksysteme für spannende und innovative Anwendungsgebiete. Ihre Färbung fehlt uns noch! Vertriebssachbearbeiter/-in (Innendienst) weiterlesen... Ihre Bewerbung Auf Ihre aussagestarke Bewerbung sind wir gespannt. Damit wir uns ein farbiges Bild Ihrer Persönlichkeit machen können, bitten wir um folgende Inhalte: tabellarischer Lebenslauf mit Lichtbild aktuelle Ausbildungs- und Arbeitszeugnisse frühestmöglicher Eintrittstermin Gehaltsvorstellung Senden Sie Ihre Unterlagen bitte an folgende Adresse: PETER-LACKE GmbH - Personalleitung - Herforder Straße 80 D-32120 Hiddenhausen Gerne erwarten wir Ihre Bewerbung per E-Mail. Dokumente bitten wir als PDF-Dateien anzuhängen. bewerbung(at)peter-lacke.com

- Unternehmen - Branchen - Vertrieb + Service - Kontakt Die PETER-LACKE Gruppe wird in der vierten Generation von Geschäftsführer Andreas Peter geführt. Der Sohn David wird seine Nachfolge übernehmen. PETER-LACKE ist eine operativ ausgerichtete, mittelständische Unternehmensgruppe mit mehr als 100 Jahren Erfahrung in der Entwicklung und Produktion hochwertiger Lacksysteme. Ihr Erfolg basiert auf der direkten und fachlichen Kommunikation mit dem Anwender und der globalen Vernetzung mit eigenen Niederlassungen und Partnern in vielen Ländern. PETER-LACKE garantiert geprüfte, gleichbleibende Qualitätsstandards und Versorgungssicherheit – weltweit!

- Unternehmen - Branchen - Vertrieb + Service - Kontakt Nahezu die Hälfte unserer Belegschaft ist in der Forschung und Entwicklung engagiert. Dieser Unternehmensbereich teilt sich auf in die Grundlagenforschung und die kundenspezifische Ent- wicklung. Eine schlagkräftige Kombination, die bei Kunden in der ganzen Welt punktet! Qualität: Wir garantieren geprüfte und gleichbleibende Qualitätsstandards weltweit, z.B. TS 16949. Kundennähe: Kundennähe durch globale Aufstellung und Anwendungspartnerschaften. Innovation: In der Abteilung „Forschung und Entwicklung“ arbeiten 50% des Personals sowohl an firmeneigenen als auch an kundenspezifischen Aufgabenstellungen. Zuverlässigkeit: Über 100 Jahre Familienunternehmen.

Mit über 400 Mitarbeitern weltweit, sorgen wir für Ihren Erfolg. Bitte wählen Sie ein Land aus: Brasilien Deutschland China England Frankreich Indien Italien Malaysia Mexiko Polen Portugal Russland Schweden Schweiz Tschechien Türkei Ungarn Vereinigte Staaten von Amerika PETER-LACKE GmbH Herforder Straße 80 D-32120 Hiddenhausen Fon +49 5221 96250 Fax +49 5221 962599 info(at)peter-lacke.com www.peter-lacke.com Ernst Peter & Sohn GmbH & Co. KG Engerstraße 3-5 D-32051 Herford Fon +49 5221 929 17-0 Fax +49 5221 929 17-29 eps(at)peter-lacke.com Tochtergesellschaften – PETER-LACKE (Shanghai) Co. Ltd. No. 369 Chuhua Branch Road Fengxian Sub-Zone Shanghai Chemical Industry Park Shanghai 201417 Gründung: 29. August 2003 Kontakt Fon: +86 21 681 834 68 Fax: +86 21 681 831 china(at)peter-lacke.com Firmensitz ist im Industriegebiet Fengxian im Süden von Pudong. In Shenzhen wird ein Rep. Office mit Labor und Lager betrieben. Weitere Informationen PETER-LACKE India Pvt. Ltd. D-369, TTC Industrial Area Navi Mumbai - 400 706 India Gründung: 05. Dezember 2007 Fon: +91 22 2762 2302/3 Fax: +91 22 2762 2304 india(at)peter-lacke.com Der Firmenstandort liegt 40 Kilometer östlich der Industriemetropole Mumbai, des früheren Bombay, und nur 100 Kilometer von Pune, dem Sitz der indischen Autoindustrie, entfernt. PETER-LACKE México S.A. de C.V. Peter-Lacke México S.A. de C.V. Santa Rosa Jauregul Parque Industrial Querétaro, Av. Benito Juárez No. 113 CP.76220 Querétaro, Qro. México Gründung: 19. Juni 2007 Fon: +52 442 218 99 70 Fax: +52 422 218 99 80 mexico(at)peter-lacke.com Der Unternehmensstandort liegt verkehrstechnisch zentral in Querétaro. PETER-LACKE Polska SP. z o.o. PETER-LACKE Polska SP. z.o.o. Ul. Zernicka 9 PL-55 010 Sw. Katarzyna Gründung: 12. Mai 1998 Fon: +48 71 30 39 111 Fax: +48 71 31 14 392 polska(at)peter-lacke.com Firmensitz ist Swieta Katarzyna, etwa 10 km von Wroclaw (Breslau) entfernt. PETER-LACKE Russia ul. Borovaya, 7, bld. 7 111020 Moskau Russia Gründung: 27. Januar 2005 Fon: +7 (495) 988 1187 Fax: +7 (495) 380 0685 rossia(at)peter-lacke.com Firmensitz von PETER-LACKE Russia ist seit 2005 Moskau. 2008 wurden dort ein Servicecenter und in Togliatti/Samara eine Filiale gegründet. PETER-LACKE Türkiye Kurtköy Sanayi Mahallesi Ensar Caddesi No. 3 34912 Pendik/Istanbul Gründung: 1. Mai 2009 Fon: +90 (0) 216 378 8084 Fax: +90 (0) 216 378 77 63 turkey@peter-lacke.com PETER-LACKE Türkiye ist im asiatischen Teil Istanbuls ansässig und kann die ganze Türkei schnell und zuverlässig beliefern. PETER-LACKE Hungaria Kft. Velegi ut 2 8060 Mór Gründung: 28. Mai 2003 Fon: +36 22 562 463 Fax: +36 22 562 059 hungaria(at)peter-lacke.com PETER-LACKE Hungaria ist südwestlich von Budapest im Zentrum Ungarns ansässig, verkehrstechnisch ideal als logistisches Zentrum für Südosteuropa. PETER-LACKE USA Detroit Gegründet 2014 Alex Khaw Kim Lek No.4, Jalan Setia Impian U13/4P, Setia Alam, Seksyen U13 41700 Shah Alam, Selangor Fon +60 16 8300398 malaysia(at)peter-lacke.com LagoTech AB Angeredsvinkeln 5 424 67 Angered, Schweden Fon +46 31 3326360 Fax +46 31 3303150 lagotech(at)lagotech.se Peter-Lacke Czech. Republic Merhautova 170 61400 Brno Fon +420 5 45576315 Fax +420 5 576315 DOLD AG Hertistrasse 4 8304 Wallisellen, Schweiz Fon +41 (0)44 877 48 48 Fax +41 (0)44 877 48 49 info(at)dold.ch ICRO Coatings SPA Sede di Chignolo d'Isola (BG) Via Bedeschi, 25 Fon +39 035 999 711 Fax +39 035 999 712 mauro.acquaroli(at)peter-lacke.com Equilibrium Chemical Services Limited Unit 5 Merebrook Business Park Hanley Road Welland Worcestershire WR13 6NP United Kingdom abellamy(at)equilibriumchemical.net Hemmelrath do Brasil Tintas e Vernizes Ltda Rua da Prata, 511 - Distrito Industrial – Indaiatuba CEP 13347-010 – SP Brasil Tel.:+ 55 19 31151256 brasil(at)peter-lacke.com Stéphane Poincheval demeurant Polignac-Le Dresny 44630 PLESSE France Tel.: +33 (6) 71 51 08 97 france@peter-lacke.com Palmetal Mr Bruno Ferreira Parque Industrial Autoeuropa 2950-659 Palmela - Portugal Att: Peter Lacke / Kluthe – Office. Tel: +351 914502711 iberica(at)peter-lacke.com Headquarters: Deutschland Tochtergesellschaften: China, Türkei, Mexiko, USA, Indien, Polen, Ungarn, Russland Servicestandorte: Brasilien, Malaysia, Russland, Schweiz, Portugal, England, Schweden, Frankreich, Tschechien Wir bauen kontinuierlich unser Einsatzgebiet aus, und dies auch im geographischen Sinne. Alle Standorte profitieren davon, Teil eines starken Verbundes zu sein.

- Unternehmen - Branchen - Vertrieb + Service - Kontakt Wir bauen kontinuierlich unser Einsatzgebiet aus, und dies auch im geographischen Sinne. Alle Standorte profitieren davon, Teil eines starken Verbundes zu sein. PETER-LACKE GmbH Herforder Straße 80 D-32120 Hiddenhausen Routenplanung mit Google Maps > Fon +49 5221 96250 Fax +49 5221 962599 info(at)peter-lacke.com www.peter-lacke.com Ernst Peter & Sohn GmbH & Co. KG Engerstraße 3-5 D-32051 Herford Routenplanung mit Google Maps > Fon +49 5221 929 17-0 Fax +49 5221 929 17-29 eps(at)peter-lacke.com www.peter-lacke.com

Wir bauen kontinuierlich unser Einsatzgebiet aus, und dies auch im geographischen Sinne. Alle Standorte profitieren davon, Teil eines starken Verbundes zu sein. Servicestandorte Malaysia Schweden Tschechien Schweiz Italien England Brasilien Frankreich Portugal Russland

Wir bauen kontinuierlich unser Einsatzgebiet aus, und dies auch im geographischen Sinne. Alle Standorte profitieren davon, Teil eines starken Verbundes zu sein. Tochtergesellschaften PETER-LACKE China, Shanghai PETER-LACKE Polen, Wroclaw PETER-LACKE Ungarn, Mór PETER-LACKE Indien, Navi Mumbai PETER-LACKE Russland, Moskau PETER-LACKE USA, Detroit PETER-LACKE Mexiko, Querétaro PETER-LACKE Türkei, Istanbul

- Unternehmen - Branchen - Vertrieb + Service - Kontakt UMWELT ... – bei der Planung von Lackieranlagen stehen unsere Experten beratend zur Seite. Ebenso unterstützen wir Sie in dem Bereich Wirtschaftlichkeit und bei den immer komplexer werdenden Rahmenbedingungen zum Thema Umweltschutz. Auch sind wir Ihre Ansprech- partner für die gemäß VOC-Bestimmungen zu erstellende Lösemittelbilanz. … & QUALITÄT – neben den unten aufgeführten Zertifikaten zu unserer Produktqualität, zählt für uns die Qualität insgesamt. Als wesentlichen Bestandteil unseres Qualitätsanspruches pflegen wir die offene und sachbezogene Kommunikation intern wie extern. ISO/TS 16949 Mit der Zertifizierung nach ISO/TS 16949 erfüllen wir die Qualitäts- anforderungen an einen international tätigen Automobilzulieferer. Darüber hinaus ist diese Bestätigung auch gültig für die Zusammen- arbeit mit allen weiteren Branchen.

Impressum AGB Kontakt DE GB Unternehmen Videos News Umwelt + Qualität Standorte Headquarters Tochtergesellschaften Servicestandorte Philosophie Historie Branchen Faszination Glas Kunststoff Vielfalt Hausgeräte / Elektronik Automotive Vertrieb + Service Imagefilm Downloads Handelspartner national Innovation + Service Produktportfolio Standorte Headquarters Tochtergesellschaften Servicestandorte Kontakt Karriere Newsletter Adresse / Anfahrt Historie Philosophie Standorte Umwelt + Qualität News Videos Imagefilm Nehmen sie sich 2 Minuten Zeit uns kennen zu lernen. Dem Chrom so nah Die neuen Galvanoeffekte.

Impressum AGB Kontakt DE GB Unternehmen Videos News Umwelt + Qualität Standorte Headquarters Tochtergesellschaften Servicestandorte Philosophie Historie Branchen Faszination Glas Kunststoff Vielfalt Hausgeräte / Elektronik Automotive Vertrieb + Service Imagefilm Downloads Handelspartner national Innovation + Service Produktportfolio Standorte Headquarters Tochtergesellschaften Servicestandorte Kontakt Karriere Newsletter Adresse / Anfahrt Adresse / Anfahrt Newsletter Karriere Newsletter Wir halten Sie auf dem Laufenden. Melden Sie sich hier zu unserem Newsletter an. E-Mail* Sprache* Deutsch English Name* Firma* Ihre Eingabe stimmte nicht mit dem Captcha überein Geben Sie die abgebildeten Zeichen ein Geben Sie die abgebildeten Zeichen ein Ein anderes CAPTCHA anzeigen Anmelden

PETER-LACKE ist eine operativ ausgerichtete, mittelständische Unternehmensgruppe mit mehr als 100 Jahren Erfahrung in der Entwicklung und Produktion hochwertiger Lacksysteme. PETER-LACKE garantiert geprüfte, gleichbleibende Qualitätsstandards und Versorgungssicherheit – weltweit! mehr erfahren

Mit über 400 Mitarbeitern weltweit, sorgen wir für Ihren Erfolg. Bitte wählen Sie ein Land aus: Deutschland Brasilien China England Frankreich Indien Italien Malaysia Mexiko Polen Portugal Russland Schweden Schweiz Tschechien Türkei Ungarn Vereinigte Staaten von Amerika PETER-LACKE GmbH Herforder Straße 80 D-32120 Hiddenhausen Fon +49 5221 96250 Fax +49 5221 962599 info(at)peter-lacke.com www.peter-lacke.com Ernst Peter & Sohn GmbH & Co. KG Engerstraße 3-5 D-32051 Herford Fon +49 5221 929 17-0 Fax +49 5221 929 17-29 eps(at)peter-lacke.com Tochtergesellschaften – PETER-LACKE (Shanghai) Co. Ltd. No. 369 Chuhua Branch Road Fengxian Sub-Zone Shanghai Chemical Industry Park Shanghai 201417 Gründung: 29. August 2003 Kontakt Fon: +86 21 681 834 68 Fax: +86 21 681 831 china(at)peter-lacke.com Firmensitz ist im Industriegebiet Fengxian im Süden von Pudong. In Shenzhen wird ein Rep. Office mit Labor und Lager betrieben. Weitere Informationen PETER-LACKE India Pvt. Ltd. D-369, TTC Industrial Area Navi Mumbai - 400 706 India Gründung: 05. Dezember 2007 Fon: +91 22 2762 2302/3 Fax: +91 22 2762 2304 india(at)peter-lacke.com Der Firmenstandort liegt 40 Kilometer östlich der Industriemetropole Mumbai, des früheren Bombay, und nur 100 Kilometer von Pune, dem Sitz der indischen Autoindustrie, entfernt. PETER-LACKE México S.A. de C.V. Peter-Lacke México S.A. de C.V. Santa Rosa Jauregul Parque Industrial Querétaro, Av. Benito Juárez No. 113 CP.76220 Querétaro, Qro. México Gründung: 19. Juni 2007 Fon: +52 442 218 99 70 Fax: +52 422 218 99 80 mexico(at)peter-lacke.com Der Unternehmensstandort liegt verkehrstechnisch zentral in Querétaro. PETER-LACKE Polska SP. z o.o. PETER-LACKE Polska SP. z.o.o. Ul. Zernicka 9 PL-55 010 Sw. Katarzyna Gründung: 12. Mai 1998 Fon: +48 71 30 39 111 Fax: +48 71 31 14 392 polska(at)peter-lacke.com Firmensitz ist Swieta Katarzyna, etwa 10 km von Wroclaw (Breslau) entfernt. PETER-LACKE Russia ul. Borovaya, 7, bld. 7 111020 Moskau Russia Gründung: 27. Januar 2005 Fon: +7 (495) 988 1187 Fax: +7 (495) 380 0685 rossia(at)peter-lacke.com Firmensitz von PETER-LACKE Russia ist seit 2005 Moskau. 2008 wurden dort ein Servicecenter und in Togliatti/Samara eine Filiale gegründet. PETER-LACKE Türkiye Kurtköy Sanayi Mahallesi Ensar Caddesi No. 3 34912 Pendik/Istanbul Gründung: 1. Mai 2009 Fon: +90 (0) 216 378 8084 Fax: +90 (0) 216 378 77 63 turkey@peter-lacke.com PETER-LACKE Türkiye ist im asiatischen Teil Istanbuls ansässig und kann die ganze Türkei schnell und zuverlässig beliefern. PETER-LACKE Hungaria Kft. Velegi ut 2 8060 Mór Gründung: 28. Mai 2003 Fon: +36 22 562 463 Fax: +36 22 562 059 hungaria(at)peter-lacke.com PETER-LACKE Hungaria ist südwestlich von Budapest im Zentrum Ungarns ansässig, verkehrstechnisch ideal als logistisches Zentrum für Südosteuropa. PETER-LACKE USA Detroit Gegründet 2014 Alex Khaw Kim Lek No.4, Jalan Setia Impian U13/4P, Setia Alam, Seksyen U13 41700 Shah Alam, Selangor Fon +60 16 8300398 malaysia(at)peter-lacke.com LagoTech AB Angeredsvinkeln 5 424 67 Angered, Schweden Fon +46 31 3326360 Fax +46 31 3303150 lagotech(at)lagotech.se Peter-Lacke Czech. Republic Merhautova 170 61400 Brno Fon +420 5 45576315 Fax +420 5 576315 DOLD AG Hertistrasse 4 8304 Wallisellen, Schweiz Fon +41 (0)44 877 48 48 Fax +41 (0)44 877 48 49 info(at)dold.ch ICRO Coatings SPA Sede di Chignolo d'Isola (BG) Via Bedeschi, 25 Fon +39 035 999 711 Fax +39 035 999 712 mauro.acquaroli(at)peter-lacke.com Equilibrium Chemical Services Limited Unit 5 Merebrook Business Park Hanley Road Welland Worcestershire WR13 6NP United Kingdom abellamy(at)equilibriumchemical.net Hemmelrath do Brasil Tintas e Vernizes Ltda Rua da Prata, 511 - Distrito Industrial – Indaiatuba CEP 13347-010 – SP Brasil Tel.:+ 55 19 31151256 brasil(at)peter-lacke.com Stéphane Poincheval demeurant Polignac-Le Dresny 44630 PLESSE France Tel.: +33 (6) 71 51 08 97 france@peter-lacke.com Palmetal Mr Bruno Ferreira Parque Industrial Autoeuropa 2950-659 Palmela - Portugal Att: Peter Lacke / Kluthe – Office. Tel: +351 914502711 iberica(at)peter-lacke.com Headquarters: Deutschland Tochtergesellschaften: China, Türkei, Mexiko, USA, Indien, Polen, Ungarn, Russland Servicestandorte: Brasilien, Malaysia, Russland, Schweiz, Portugal, England, Schweden, Frankreich, Tschechien Wir bauen kontinuierlich unser Einsatzgebiet aus, und dies auch im geographischen Sinne. Alle Standorte profitieren davon, Teil eines starken Verbundes zu sein.",2122,2122,12,"[""http://www.peter-lacke.de/kontakt/karriere.html"", ""http://www.peter-lacke.de/unternehmen/historie.html"", ""http://www.peter-lacke.de/unternehmen/philosophie.html"", ""http://www.peter-lacke.de/unternehmen/standorte.html"", ""http://www.peter-lacke.de/unternehmen/standorte/headquarters.html"", ""http://www.peter-lacke.de/unternehmen/standorte/servicestandorte.html"", ""http://www.peter-lacke.de/unternehmen/standorte/tochtergesellschaften.html"", ""http://www.peter-lacke.de/unternehmen/umwelt-qualitaet.html"", ""http://www.peter-lacke.de/unternehmen/videos.html"", ""http://www.peter-lacke.de/kontakt/newsletter.html"", ""http://www.peter-lacke.de/"", ""http://www.peter-lacke.de/vertrieb-service/standorte.html""]","[""careers_employer"", ""company_about"", ""company_about"", ""company_about"", ""company_about"", ""company_about"", ""company_about"", ""company_about"", ""company_about"", ""contact"", ""homepage"", ""products_services""]",10,948,948,12,True,12,0,0,0,2122,0,0,0,de,True,,de,True,high,
c956bd4e-2b8a-4c48-8780-c187587f46b3,3,ANLAGENTECHNIK LEICHTLE GMBH,pre_pre_event,include,"Wir sind Ihr fachlich kompetenter und zuverlässiger Meisterbetrieb seit dem Jahr 2007 und bieten Ihnen eine große Auswahl zu erschwinglichen Preisen und in hoher Qualität. Unsere Mitarbeiter empfangen Sie jederzeit freundlich und hilfsbereit. Wir führen umfassende Beratungsgespräche und nehmen uns Zeit für Sie und Ihre ganz individuellen Wünsche. Dabei zeigen wir Ihnen neue Möglichkeiten auf und freuen uns, wenn Sie etwas Passendes bei uns finden. Durch langjährige Erfahrung und engen Kundenkontakt wissen wir, worauf es ankommt und haben uns zum Ziel gesetzt, jeden Kundenwunsch zur vollsten Zufriedenheit umzusetzen. Schwerpunkt des Unternehmens ist die moderne Haustechnik im Eigenheimbereich. Wir kümmern uns um die Herstellung zeitgemäßer Solaranlagen, Holz- und Pelletsheizung, Wärmepumpen, Neuinstallation, Instandsetzung und Wartung energiesparender Gas- und Ölheizungen.

Anlagentechnik Leichtle Schloßstr. 16 86441 Zusmarshausen Telefon: 082911359 Mobil: 01772341359 Fax: 08291859044 E-Mail: mail@anlagentechnik-leichtle.de Haben Sie Fragen, Wünsche oder Anregungen? Bitte nehmen Sie Kontakt mit uns auf, wir helfen Ihnen gerne weiter!

Navigation aufklappen/zuklappen Home Über uns Team Kontakt Anfahrt Impressum Datenschutzerklärung Produkte Solaranlagen Heizungsanlagen Sanitäranlagen Förderungen Partnerfirmen Galerie Videos Home Über uns Produkte Förderungen Partnerfirmen Galerie Ihr Installateur im Raum Zusmarshausen und Umgebung Unser Expertenteam ist für Sie da um Ihre Probleme zu lösen. Zeitnah und Kompetent! Solaranlagen Heizungsanlagen Sanitäranlagen Unser Service Solaranlagen Heizungsanlagen Wasserversorgung Sanitäranlagen Gasinstallation Badsanierung Wartung Reparaturen Kesseltausch Energiesparen Spenglerei Notdienst

Kopfbrausen Wenn sie gerne einen sanften Regenschauer im eigenen Bad genießen möchten, ist eine Rainshower Kopfbrause mit GROHE DreamSpray Technologie ein absolutes Muss. Die Rainshower Cosmopolitan überzeugt mit 160 mm Durchmesser und bietet ihnen vier verschiedene Strahlarten. Oder wählen Sie ihren Designfavoriten mit 210 mm Durchmesser. Rainshower Modern punktet durch cooles Understatement, die Rainshower Retro hingegen ist mit ihren sanft geschwungenen Linien zeitlos. Absolutes Highlight jedoch ist die einmalige Rainshower Jumbo, die es bei einem Durchmesser von 400 mm aus 252 Düsen regnen läßt. Alle Modelle sind für die Wand- und Deckenmontage geeignet.

Ob Einfamilien- oder Mehrfamilienhaus, mit einer Solaranlage ist die unerschöpfliche und umweltfreundliche Energie der Sonne für die Trinkwassererwärmung und Heizungsunterstützung optimal nutzbar. Bei dem BRÖTJE Solarsystem WH werden die Heizkreise witterungsgeführt geregelt. Hauptwärmelieferant ist dabei das Heizwert- oder Brennwertgerät. Doch sobald der Solarregler feststellt, dass eine effektive Nutzung der Sonnenstrahlen möglich ist, wird das 3-Weg-Ventil automatisch in Richtung Solar-Kombispeicher umgeschaltet. Je nach Energieangebot erwärmt die Solaranlage das Trinkwasser. Ansonsten wird das Wasser vom Brennwert- oder Heizwertgerät nachgeheizt-zeitgesteuert über die Schaltuhr im Brennwertgerät oder das Zeitprogramm in der Kesselregelung.",395,395,5,"[""https://www.anlagentechnik-leichtle.de/über-uns"", ""https://www.anlagentechnik-leichtle.de/über-uns/kontakt"", ""https://www.anlagentechnik-leichtle.de/"", ""https://www.anlagentechnik-leichtle.de/produkte/sanitäranlagen"", ""https://www.anlagentechnik-leichtle.de/produkte/solaranlagen""]","[""company_about"", ""contact"", ""homepage"", ""products_services"", ""products_services""]",2,32,32,5,True,5,0,0,0,395,0,0,0,de,True,,de,True,high,
c956bd4e-2b8a-4c48-8780-c187587f46b3,3,ANLAGENTECHNIK LEICHTLE GMBH,pre_event,include,"Wir sind Ihr fachlich kompetenter und zuverlässiger Meisterbetrieb seit dem Jahr 2007 und bieten Ihnen eine große Auswahl zu erschwinglichen Preisen und in hoher Qualität. Unsere Mitarbeiter empfangen Sie jederzeit freundlich und hilfsbereit. Wir führen umfassende Beratungsgespräche und nehmen uns Zeit für Sie und Ihre ganz individuellen Wünsche. Dabei zeigen wir Ihnen neue Möglichkeiten auf und freuen uns, wenn Sie etwas Passendes bei uns finden. Durch langjährige Erfahrung und engen Kundenkontakt wissen wir, worauf es ankommt und haben uns zum Ziel gesetzt, jeden Kundenwunsch zur vollsten Zufriedenheit umzusetzen. Schwerpunkt des Unternehmens ist die moderne Haustechnik im Eigenheimbereich. Wir kümmern uns um die Herstellung zeitgemäßer Solaranlagen, Holz- und Pelletsheizung, Wärmepumpen, Neuinstallation, Instandsetzung und Wartung energiesparender Gas- und Ölheizungen.

Unser Betrieb bietet Ihnen ein großes Leistungsspektrum für Ihre Haustechnik. Bei der Planung, Installation und Modernisierung Ihrer Heizungsanlage unterstützen wir Sie genauso wie bei der Nutzung regenerativer Energieformen und der Energierückgewinnung. Als Spezialist für Sanitärinstallationen sind wir Ihr Dienstleister bei der Umsetzung Ihrer Badträume - von einzelnen Elementen bis hin zum Komplettbad. Am Anfang all unserer Projekte steht bei uns die Besichtigung Ihrer Räumlichkeiten und ein umfassendes Beratungsgespräch. Wir stellen die Lösung zusammen, die genau zu Ihren Ansprüchen und Ihrem Kostenrahmen passt. Legen Sie die Arbeit in unsere Hände, wir sorgen dafür, dass so wenig wie möglich Unannehmlichkeiten während der Baumaßnahmen entstehen. Nehmen Sie am besten direkt Kontakt mit uns auf!

Das Bad hat sich in den letzten Jahren in vielen Haushalten zum Ort der Entspannung und Erholung entwickelt. Diesem Trend tragen wir durch unser umfangreiches Angebot an Produkten und Leistungen Rechnung. Wir unterstützen Sie bei der Planung, dem Materialeinsatz und der Realisierung Ihrer Badträume und finden genau die richtige Lösung für Ihre Vorstellungen. Hier ein Auszug aus unserem Leistungsangebot: Realisierung von Komplettbädern Badsanierung Installation von Duschen und Duschkabinen Montage von Badewannen und Whirlpools Einbau von Toiletten und Sanitäranlagen Erneuerung von Rohrleitungen Erste Hilfe bei Leitungsschäden Nutzen Sie unser Kontaktformular für eine kostenlose und unverbindliche Beratung.

Mit unserem Fachwissen unterstützen wir Sie dabei, Ihre Wohnräume zu energiesparenden Wohlfühlräumen zu machen. Unser besonderes Augenmerk liegt auf Energie sparenden und umweltbewussten sowie komfortabel und leicht zu bedienenden Installationen. Hier ein Auszug aus unserem Leistungsangebot: Wartung und Reparatur Neuinstallation und Modernisierung Etagenheizung Zentralheizung Fußbodenheizung Wandflächenheizung Lüftungs- und Klimaanlagen Weitere Leistungen können Sie gerne persönlich bei uns erfragen. Nutzen Sie einfach unser Kontaktformular.

Sie möchten emissionsschonend heizen? Sie legen Wert auf umweltfreundliche Technik? Sie möchten langfristig Ihre Energiekosten senken? Wir zeigen Ihnen, wie sich diese Ziele miteinander vereinbaren lassen! Unser Leistungsspektrum: Nehmen Sie Kontakt mit uns auf - wir beraten Sie gerne!

Bauen Sie mit uns gemeinsam eine moderne Lagerhaltung auf, dafür suchen wir einen Lagerist/in für 30 Std. / Woche, Erfahrung im SHK-Bereich vorteilhaft, PKW Führerschein erwünscht, gerne auch ein rüstiger Rentner. für 40 Std./Woche, PKW Führerschein erwünscht. Bewerbungen bitte schriftlich per Post oder per E-Mail an mail@anlagentechnik-leichtle.de Bei Rückfragen stehen wir Ihnen unter Tel. 08291 1359 gerne zur Verfügung.

Navigation aufklappen/zuklappen Home Über uns Team Leistungen Heizungs- und Klimatechnik Bad- und Sanitärinstallation Umwelt- und Solartechnik Kontakt Anfahrt Impressum Datenschutzerklärung Produkte Solaranlagen Heizungsanlagen Sanitäranlagen Förderungen Partnerfirmen Galerie Videos Home Über uns Produkte Förderungen Partnerfirmen Galerie Videos Links

Anlagentechnik Leichtle Schloßstr. 16 86441 Zusmarshausen Telefon: 082911359 Mobil: 01772341359 Fax: 08291859044 E-Mail: mail@anlagentechnik-leichtle.de Haben Sie Fragen, Wünsche oder Anregungen? Bitte nehmen Sie Kontakt mit uns auf, wir helfen Ihnen gerne weiter!

Navigation aufklappen/zuklappen Home Über uns Team Leistungen Heizungs- und Klimatechnik Bad- und Sanitärinstallation Umwelt- und Solartechnik Kontakt Anfahrt Impressum Datenschutzerklärung Produkte Solaranlagen Heizungsanlagen Sanitäranlagen Förderungen Partnerfirmen Galerie Videos Home Über uns Produkte Förderungen Partnerfirmen Galerie Ihr Installateur im Raum Zusmarshausen und Umgebung Unser Expertenteam ist für Sie da um Ihre Probleme zu lösen. Zeitnah und Kompetent! Solaranlagen Heizungsanlagen Sanitäranlagen Unser Service Solaranlagen Heizungsanlagen Wasserversorgung Sanitäranlagen Gasinstallation Badsanierung Wartung Reparaturen Kesseltausch Energiesparen Spenglerei Notdienst

Kopfbrausen Wenn sie gerne einen sanften Regenschauer im eigenen Bad genießen möchten, ist eine Rainshower Kopfbrause mit GROHE DreamSpray Technologie ein absolutes Muss. Die Rainshower Cosmopolitan überzeugt mit 160 mm Durchmesser und bietet ihnen vier verschiedene Strahlarten. Oder wählen Sie ihren Designfavoriten mit 210 mm Durchmesser. Rainshower Modern punktet durch cooles Understatement, die Rainshower Retro hingegen ist mit ihren sanft geschwungenen Linien zeitlos. Absolutes Highlight jedoch ist die einmalige Rainshower Jumbo, die es bei einem Durchmesser von 400 mm aus 252 Düsen regnen läßt. Alle Modelle sind für die Wand- und Deckenmontage geeignet.

Ob Einfamilien- oder Mehrfamilienhaus, mit einer Solaranlage ist die unerschöpfliche und umweltfreundliche Energie der Sonne für die Trinkwassererwärmung und Heizungsunterstützung optimal nutzbar. Bei dem BRÖTJE Solarsystem WH werden die Heizkreise witterungsgeführt geregelt. Hauptwärmelieferant ist dabei das Heizwert- oder Brennwertgerät. Doch sobald der Solarregler feststellt, dass eine effektive Nutzung der Sonnenstrahlen möglich ist, wird das 3-Weg-Ventil automatisch in Richtung Solar-Kombispeicher umgeschaltet. Je nach Energieangebot erwärmt die Solaranlage das Trinkwasser. Ansonsten wird das Wasser vom Brennwert- oder Heizwertgerät nachgeheizt-zeitgesteuert über die Schaltuhr im Brennwertgerät oder das Zeitprogramm in der Kesselregelung.",809,809,11,"[""https://www.anlagentechnik-leichtle.de/über-uns"", ""https://www.anlagentechnik-leichtle.de/über-uns/leistungen"", ""https://www.anlagentechnik-leichtle.de/über-uns/leistungen/bad-und-sanitärinstallation"", ""https://www.anlagentechnik-leichtle.de/über-uns/leistungen/heizungs-und-klimatechnik"", ""https://www.anlagentechnik-leichtle.de/über-uns/leistungen/umwelt-und-solartechnik"", ""https://www.anlagentechnik-leichtle.de/über-uns/stellenangebote"", ""https://www.anlagentechnik-leichtle.de/galerie/videos"", ""https://www.anlagentechnik-leichtle.de/über-uns/kontakt"", ""https://www.anlagentechnik-leichtle.de/"", ""https://www.anlagentechnik-leichtle.de/produkte/sanitäranlagen"", ""https://www.anlagentechnik-leichtle.de/produkte/solaranlagen""]","[""company_about"", ""company_about"", ""company_about"", ""company_about"", ""company_about"", ""company_about"", ""contact"", ""contact"", ""homepage"", ""products_services"", ""products_services""]",6,338,338,11,True,11,0,0,0,809,0,0,0,de,True,,de,True,high,
c956bd4e-2b8a-4c48-8780-c187587f46b3,3,ANLAGENTECHNIK LEICHTLE GMBH,event,sensitivity_analysis,"_____________________________________________________________________ Projektleiter (m/w/d) Wir suchen zur Unterstützung unseres Teams einen Projektleiter (m/w/d) Wir suchen - mit abgeschlossener Ausbildung - gerne mit Meisterbrief - mit PKW Führerschein Aufgaben - Baustellenbetreuung - selbstständige Projektbetreuung - Unterstützung der Geschäftsleitung Wir bieten - ein eigenes Fahrzeug - Unbefristeten Arbeitsvertrag in Vollzeit (40 St./Woche) oder Teilzeit nach Absprache - 30 Tage Urlaub - Arbeitszeiten Mo-Do 7.30 bis 12.00 Uhr und 12.30 bis 16.30 Uhr Freitags 7.30 bis 13.30 Uhr - oder nach Vereinbarung - stets pünktliche und leistungsentsprechende Bezahlung - gutes Betriebsklima - selbstständiges Arbeiten im Team mit digitaler Unterstützung (Craftnote) - Arbeitskleidung - moderne Sozialräume - gute Einarbeitung - und immer ein offenes Ohr für unsere Mitarbeiter Lagerist Heizung Sanitär (m/w/d) - befristet befristeter Arbeitsvertrag (Krankheitsvertretung) in Vollzeit oder Teilzeit (ab 30 St./Woche) evtl. spätere Übernahme denkbar Ihre Vorteile auf einen Blick - selbständiges und eigenverantwortliches Arbeiten - moderne Sozialräume - kostenlose Getränke Wir suchen - einen Lagerist für SHK - möglichst ab sofort - gewünscht wird ausgeprägtes handwerkliches Geschick - gerne Quereinsteiger oder Rentner - sofern ausreichend Erfahrung für selbständiges Arbeiten vorhanden ist - Freude daran, das Lager zuverlässig und strukturiert zu organisieren. - Offenheit und wertschätzender Umgang mit Kollegen. - Führerschein der Klasse B. Deine Aufgaben - Verantwortung für ein sauberes und organisiertes Lager. - Selbstständiges Arbeiten im Bereich der Lagerlogistik, gelegentlich Botenfahrten/Materiallieferungen und zur Hilfestellung bei Montagen oder Endmontagen von Heizungssystemen oder Bädern - Warenbestellungen (vorbereiten) und Durchführung / Unterstützung bei der Lagerinventur. _____________________________________________________________________ Anlagenmechaniker SHK (m/w/d) Wir suchen zur Unterstützung unseres Teams SHK-Anlagenmechaniker. Wir suchen - zur Unterstützung unseres Teams SHK-Anlagenmechaniker - mit abgeschlossener Ausbildung - oder als Quereinsteiger mit Erfahrung in diesem Bereich - mit PKW Führerschein Aufgaben - Austausch alter Heizungen - Installation von modernen und regenerativen Heizsystemen inklusive zugehöriger Verrohrung - Einbau von Solaranlagen - Sanierung und Neugestaltung von Sanitäranlagen - Sowie Reparaturarbeiten in diesen Bereichen Wir bieten - ein eigenes Fahrzeug, inklusive Werkzeug - Unbefristeten Arbeitsvertrag in Vollzeit (40 St./Woche) - 30 Tage Urlaub - Arbeitszeiten Mo-Do 7.30 bis 12.00 Uhr und 12.30 bis 16.30 Uhr Freitags 7.30 bis 13.30 Uhr - stets pünktliche und leistungsentsprechende Bezahlung - gutes Betriebsklima - selbstständiges Arbeiten im Team mit digitaler Unterstützung (Craftnote) - Arbeitskleidung - moderne Sozialräume - gute Einarbeitung - und immer ein offenes Ohr für unsere Mitarbeiter - kostenlose Getränke Montagehelfer SHK (m/w/d) Wir suchen - einen Montagehelfer mit ausgeprägtem handwerklichem Geschick und Teamfähigkeit - Erfahrung ist von Vorteil Wir bieten - unbefristeten Arbeitsvertrag in Vollzeit (40 St./Woche) - 30 Tage Urlaub - Arbeitszeiten Mo-Do 7.30 bis 12.00 Uhr und 12.30 bis 16.30 Uhr Freitags 7.30 bis 13.30 Uhr - stets pünktliche und leistungsentsprechende Bezahlung - gutes Betriebsklima - Arbeiten in kleinen Teams - Arbeitskleidung - moderne Sozialräume - gute Einarbeitung - kostenlose Getränke Kundendienstmonteur Heizung Sanitär (m/w/d) Ihre Vorteile auf einen Blick - Top Verdienstmöglichkeiten - Ausgleich für Notdienste - selbständiges und eigenverantwortliches Arbeiten - Firmenwagen, Berufskleidung und Werkzeug wird gestellt - moderne Sozialräume - unbefristeten Arbeitsvertrag in Vollzeit (40 St./Woche) - Arbeitszeiten Mo-Do 7.30 bis 12.00 Uhr und 12.30 bis 16.30 Uhr Freitag 7.30 bis 13.30 Uhr - 30 Tage Urlaub - gute Einarbeitung - ein offenes Ohr für unsere Mitarbeiter - kostenlose Getränke Wir suchen - einen gelernten Servicetechniker, Kundendienstmonteur, Meister, Anlagenmechaniker für Sanitär, Heizung und Klimatechnik SHK, Gasinstallateur, Heizungsbauer, Wasserinstallateur, Zentralheizungsbauer oder Lüftungsbauer - gewünscht wird ausgeprägtes handwerkliches Geschick sowie gute Kommunikationsfähigkeiten mit Kunden und Kollegen - jemand, der Lust hat auf modernes Arbeiten (mit Craftnote, zur elektronischen Datensicherung) - auch als Quereinsteiger, sofern ausreichend Erfahrung für selbständiges Arbeiten vorhanden ist. - guter Sinn für Qualität und Kundenorientierung - PKW-Führerschein erforderlich Deine Aufgaben - Wartung und Instandsetzung von Heizungsanlagen - Überprüfung und Reparatur von Solaranlagen - Überprüfung und Reparatur Sanitär - Genaues Arbeiten in Eigenverantwortung Los geht's Wir freuen uns darauf Sie kennenzulernen Über Ihre Bewerbung freuen wir uns - gerne telefonisch, per Post oder per E-Mail Bei Rückfragen stehen wir Ihnen unter Tel. 08291 1359 gerne zur Verfügung.

Wir sind seit 2007 Ihr fachlich kompetenter und zuverlässiger Meisterbetrieb und bieten Ihnen eine große Auswahl zu erschwinglichen Preisen und in hoher Qualität. Unsere Mitarbeiter empfangen Sie jederzeit freundlich und hilfsbereit. Unser Team sucht jeden Tag nach neuen Möglichkeiten, Kunden die effizienteste und beste Lösung zu bieten, um den Weg in eine gute und grüne Zukunft zu ermöglichen. Durch langjährige Erfahrung und engen Kundenkontakt wissen wir, worauf es ankommt und haben uns zum Ziel gesetzt, jeden Kundenwunsch zur vollsten Zufriedenheit umzusetzen. Schwerpunkt des Unternehmens ist die moderne Haustechnik im Eigenheimbereich. Wir kümmern uns um die Herstellung zeitgemäßer Solaranlagen, Holz- und Pelletsheizung, Wärmepumpen, Neuinstallation Instandsetzung und Wartung energiesparender Gas- und Ölheizungen.

Unser Betrieb bietet Ihnen ein großes Leistungsspektrum für Ihre Haustechnik. Bei der Planung, Installation und Modernisierung Ihrer Heizungsanlage unterstützen wir Sie genauso, wie bei der Nutzung regenerativer Energieformen und der Energierückgewinnung. Als Spezialist für Sanitärinstallationen sind wir Ihr Dienstleister, bei der Umsetzung Ihrer Badträume - von einzelnen Elementen bis hin zum Komplettbad. Am Anfang all unserer Projekte steht bei uns die Besichtigung Ihrer Räumlichkeiten und ein umfassendes Beratungsgespräch. Wir stellen die Lösung zusammen, die genau zu Ihren Ansprüchen und Ihrem Kostenrahmen passt. Legen Sie die Arbeit in unsere Hände, wir sorgen dafür, dass so wenig wie möglich Unannehmlichkeiten während der Baumaßnahmen entstehen. Nehmen Sie am besten direkt Kontakt mit uns auf!

Das Bad hat sich in den letzten Jahren in vielen Haushalten zum Ort der Entspannung und Erholung entwickelt. Diesem Trend tragen wir durch unser umfangreiches Angebot an Produkten und Leistungen Rechnung. Wir unterstützen Sie bei der Planung, dem Materialeinsatz und der Realisierung Ihrer Badträume und finden genau die richtige Lösung für Ihre Vorstellungen. Hier ein Auszug aus unserem Leistungsangebot: Realisierung von Komplettbädern Badsanierung Installation von Duschen und Duschkabinen Montage von Badewannen und Whirlpools Einbau von Toiletten und Sanitäranlagen Erneuerung von Rohrleitungen Erste Hilfe bei Leitungsschäden Nutzen Sie unser Kontaktformular für eine kostenlose und unverbindliche Beratung.

Mit unserem Fachwissen unterstützen wir Sie dabei, Ihre Wohnräume zu energiesparenden Wohlfühlräumen zu machen. Unser besonderes Augenmerk liegt auf Energie sparenden und umweltbewussten sowie komfortabel und leicht zu bedienenden Installationen. Hier ein Auszug aus unserem Leistungsangebot: Wartung und Reparatur Neuinstallation und Modernisierung Etagenheizung Zentralheizung Fußbodenheizung Wandflächenheizung Lüftungs- und Klimaanlagen Weitere Leistungen können Sie gerne persönlich bei uns erfragen. Nutzen Sie einfach unser Kontaktformular.

Sie möchten emissionsschonend heizen? Sie legen Wert auf umweltfreundliche Technik? Sie möchten langfristig Ihre Energiekosten senken? Wir zeigen Ihnen, wie sich diese Ziele miteinander vereinbaren lassen! Unser Leistungsspektrum: Nehmen Sie Kontakt mit uns auf - wir beraten Sie gerne!

Unser Team besteht ausschließlich aus qualifiziertem Personal, das zuverlässig und kompetent für Sie im Einsatz ist. Geschäftsführer Kundendienst Adrian Wicenec-Saur Wolfgang Ahle Krzysztof Sochaj Auszubildender Peter Sigel Gurvir Singh Philipp Glöcklhofer Büro Barbara Glöcklhofer Sandra Hirmann AnlagenTechnik Leichtle GmbH Im Oberdorf 1 86441 Zusmarshausen Rufen Sie gerne an unter 08291 / 13 59 oder nutzen Sie unser Kontaktformular.

Informieren Sie sich über die neuen staatlichen Förderungen! AnlagenTechnik Leichtle GmbH Im Oberdorf 1 86441 Zusmarshausen Rufen Sie gerne an unter 08291 / 13 59 oder nutzen Sie unser Kontaktformular.

Navigation aufklappen/zuklappen Home Über uns Team Leistungen Heizungs- und Klimatechnik Bad- und Sanitärinstallation Umwelt- und Solartechnik Kontakt Anfahrt Impressum Datenschutzerklärung Produkte Solaranlagen Heizungsanlagen Sanitäranlagen Förderungen Partnerfirmen Galerie Videos Offene Stellen Home Über uns Produkte Förderungen Partnerfirmen Galerie Offene Stellen Videos Links

Navigation aufklappen/zuklappen Home Über uns Team Leistungen Heizungs- und Klimatechnik Bad- und Sanitärinstallation Umwelt- und Solartechnik Kontakt Anfahrt Impressum Datenschutzerklärung Produkte Solaranlagen Heizungsanlagen Sanitäranlagen Förderungen Partnerfirmen Galerie Videos Offene Stellen Home Über uns Produkte Förderungen Partnerfirmen Galerie Offene Stellen Team Leistungen Kontakt Anfahrt Impressum Datenschutzerklärung Anfahrt

AnlagenTechnik Leichtle GmbH Im Oberdorf 1 86441 Zusmarshausen OT Gabelbach Telefon: 08291 1359 oder 08291 627 93 62 E-Mail: mail@anlagentechnik-leichtle.de Öffnungszeiten: Mo - Do 07:30 - 16:30 Uhr Fr 07:30 - 13:30 Uhr Haben Sie Fragen, Wünsche oder Anregungen? Bitte nehmen Sie Kontakt mit uns auf, wir helfen Ihnen gerne weiter!

Kopfbrausen Wenn sie gerne einen sanften Regenschauer im eigenen Bad genießen möchten, ist eine Rainshower Kopfbrause mit GROHE DreamSpray Technologie ein absolutes Muss. Die Rainshower Cosmopolitan überzeugt mit 160 mm Durchmesser und bietet ihnen vier verschiedene Strahlarten. Oder wählen Sie ihren Designfavoriten mit 210 mm Durchmesser. Rainshower Modern punktet durch cooles Understatement, die Rainshower Retro hingegen ist mit ihren sanft geschwungenen Linien zeitlos. Absolutes Highlight jedoch ist die einmalige Rainshower Jumbo, die es bei einem Durchmesser von 400 mm aus 252 Düsen regnen läßt. Alle Modelle sind für die Wand- und Deckenmontage geeignet.

Ob Einfamilien- oder Mehrfamilienhaus, mit einer Solaranlage ist die unerschöpfliche und umweltfreundliche Energie der Sonne für die Trinkwassererwärmung und Heizungsunterstützung optimal nutzbar. Bei dem BRÖTJE Solarsystem WH werden die Heizkreise witterungsgeführt geregelt. Hauptwärmelieferant ist dabei das Heizwert- oder Brennwertgerät. Doch sobald der Solarregler feststellt, dass eine effektive Nutzung der Sonnenstrahlen möglich ist, wird das 3-Weg-Ventil automatisch in Richtung Solar-Kombispeicher umgeschaltet. Je nach Energieangebot erwärmt die Solaranlage das Trinkwasser. Ansonsten wird das Wasser vom Brennwert- oder Heizwertgerät nachgeheizt-zeitgesteuert über die Schaltuhr im Brennwertgerät oder das Zeitprogramm in der Kesselregelung.",1419,1419,13,"[""https://www.anlagentechnik-leichtle.de/offene-stellen"", ""https://www.anlagentechnik-leichtle.de/über-uns"", ""https://www.anlagentechnik-leichtle.de/über-uns/leistungen"", ""https://www.anlagentechnik-leichtle.de/über-uns/leistungen/bad-und-sanitärinstallation"", ""https://www.anlagentechnik-leichtle.de/über-uns/leistungen/heizungs-und-klimatechnik"", ""https://www.anlagentechnik-leichtle.de/über-uns/leistungen/umwelt-und-solartechnik"", ""https://www.anlagentechnik-leichtle.de/über-uns/team"", ""https://www.anlagentechnik-leichtle.de/förderungen"", ""https://www.anlagentechnik-leichtle.de/galerie/videos"", ""https://www.anlagentechnik-leichtle.de/über-uns/anfahrt"", ""https://www.anlagentechnik-leichtle.de/über-uns/kontakt"", ""https://www.anlagentechnik-leichtle.de/produkte/sanitäranlagen"", ""https://www.anlagentechnik-leichtle.de/produkte/solaranlagen""]","[""careers_employer"", ""company_about"", ""company_about"", ""company_about"", ""company_about"", ""company_about"", ""company_about"", ""contact"", ""contact"", ""contact"", ""contact"", ""products_services"", ""products_services""]",2,42,42,13,True,13,0,0,0,1419,0,0,0,de,True,,de,True,high,
c956bd4e-2b8a-4c48-8780-c187587f46b3,3,ANLAGENTECHNIK LEICHTLE GMBH,post_event,include,"_____________________________________________________________________ Anlagenmechaniker SHK (m/w/d) Wir suchen zur Unterstützung unseres Teams SHK-Anlagenmechaniker. Wir suchen - zur Unterstützung unseres Teams SHK-Anlagenmechaniker - mit abgeschlossener Ausbildung - oder als Quereinsteiger mit ausreichend Erfahrung in diesem Bereich - mit PKW Führerschein Aufgaben - Austausch alter Heizungen - Installation von modernen und regenerativen Heizsystemen inklusive zugehöriger Verrohrung - Einbau von Solaranlagen - Sanierung und Neugestaltung von Sanitäranlagen - Sowie Reparaturarbeiten in diesen Bereichen Wir bieten - ein eigenes Fahrzeug, inklusive Werkzeug - Unbefristeten Arbeitsvertrag in Vollzeit (40 St./Woche) - 30 Tage Urlaub - Arbeitszeiten Mo-Do 7.30 bis 12.00 Uhr und 12.30 bis 16.30 Uhr Freitags 7.30 bis 13.30 Uhr - stets pünktliche und leistungsentsprechende Bezahlung - gutes Betriebsklima - selbstständiges Arbeiten im Team mit digitaler Unterstützung (Craftnote) - Arbeitskleidung - moderne Sozialräume - gute Einarbeitung - kostenlose Getränke - kostenlose Krankenzusatzversicherung - und immer ein offenes Ohr für unsere Mitarbeiter Los geht's Wir freuen uns darauf Sie kennenzulernen Über Ihre Bewerbung freuen wir uns - gerne telefonisch, per Post oder per E-Mail Bei Rückfragen stehen wir Ihnen unter Tel. 08291 1359 gerne zur Verfügung.

Wir sind seit 2007 Ihr fachlich kompetenter und zuverlässiger Meisterbetrieb, mit Tradition und Zukunft! Wir bieten Ihnen eine große Auswahl zu erschwinglichen Preisen und in hoher Qualität. Unser starkes Team sucht jeden Tag nach neuen Möglichkeiten, die effizienteste und beste Lösung zu bieten, um den Weg in eine gute und grüne Zukunft zu ermöglichen. Wir erledigen die Klein­repa­ratur mit gleicher fach­licher Gründ­lich­keit und Pro­fessio­nali­tät wie die Planung, Instal­lation und Wartung von Groß­pro­jekten. Unser Ziel sind zufriedene Kunden! Schwerpunkt des Unternehmens ist die moderne Haustechnik im Eigenheimbereich. Wir kümmern uns um die Herstellung zeitgemäßer Solaranlagen, Holz- und Pelletsheizung, Wärmepumpen, Neuinstallation Instandsetzung und Wartung energiesparender Gas- und Ölheizungen. *********** Unser Bestreben ist es täglich besser zu werden. Deshalb ist es uns wichtig, Mitarbeiter und Geschäftsführer regelmäßig zu schulen .

Wir bieten Ihnen alles Rund um Heizung und Sanitär! Bei der Planung, Installation und Modernisierung Ihrer Heizungsanlage unterstützen wir Sie genauso, wie bei der Nutzung regenerativer Energieformen und der Energierückgewinnung. Als Spezialist für Sanitärinstallationen sind wir Ihr Panter, bei der Umsetzung Ihrer Badträume - von einzelnen Elementen bis hin zum Komplettbad. Wir verwirklichen Ihre Wünsche! Am Anfang eines Projekts steht immer ein umfassendes Beratungsgespräch vor Ort, um uns einen Eindruck Ihrer Räumlichkeiten zu verschaffen und mit Ihnen zusammen die beste Lösung, die genau zu Ihren Ansprüchen und Ihrem Kostenrahmen passt, finden zu können. Legen Sie die Arbeit in unsere Hände! Nehmen Sie am besten direkt Kontakt mit uns auf!

Das Bad hat sich in den letzten Jahren in vielen Haushalten zum Ort der Entspannung und Erholung entwickelt. Diesem Trend tragen wir durch unser umfangreiches Angebot an Produkten und Leistungen Rechnung. Wir unterstützen Sie bei der Planung, dem Materialeinsatz und der Realisierung Ihrer Badträume und finden genau die richtige Lösung für Ihre Vorstellungen. Hier ein Auszug aus unserem Leistungsangebot: Realisierung von Komplettbädern Badsanierung Installation von Duschen und Duschkabinen Montage von Badewannen und Whirlpools Einbau von Toiletten und Sanitäranlagen Erneuerung von Rohrleitungen Erste Hilfe bei Leitungsschäden Nutzen Sie unser Kontaktformular für eine kostenlose und unverbindliche Beratung.

Mit unserem Fachwissen unterstützen wir Sie dabei, Ihre Wohnräume zu energiesparenden Wohlfühlräumen zu machen. Unser besonderes Augenmerk liegt auf Energie sparenden und umweltbewussten sowie komfortabel und leicht zu bedienenden Installationen. Hier ein Auszug aus unserem Leistungsangebot: Wartung und Reparatur Neuinstallation und Modernisierung Etagenheizung Zentralheizung Fußbodenheizung Wandflächenheizung Lüftungs- und Klimaanlagen Weitere Leistungen können Sie gerne persönlich bei uns erfragen. Nutzen Sie einfach unser Kontaktformular.

Sie möchten emissionsschonend heizen? Sie legen Wert auf umweltfreundliche Technik? Sie möchten langfristig Ihre Energiekosten senken? Wir zeigen Ihnen, wie sich diese Ziele miteinander vereinbaren lassen! Unser Leistungsspektrum: Nehmen Sie Kontakt mit uns auf - wir beraten Sie gerne!

Sehr geehrte Damen und Herren, liebe Kunden! Mit diesem Schreiben möchten wir Sie über die Anpassung der Dienstleistungssätze in allen Bereichen unseres Hauses zum 01.07.2023 informieren. Bereits erstellte Angebote, laufende Projekte und Vereinbarungen behalten natürlich Ihre Gültigkeit. Die Anpassung tritt hier erst mit der Erteilung eines neuen Auftrags in Kraft. Leider sind wir zu diesem Schritt aufgrund der aktuellen Markt- und Personalsituation gezwungen, da es auch mit vorausschauender Kostenplanung und Steigerung der Effizienz leider nicht möglich ist, die bisherigen Preise weiterhin zu halten Wir reagieren mit dieser Erhöhung auf die sprunghaft gestiegenen Personal- und Ausbildungskosten, die Lage auf dem Arbeitsmarkt, den Fachkräftemangel, sowie die Kosten für die notwendige Digitalisierung und Weiterentwicklung, die heute zum Standard im Handwerk gehört. Wie setzen sich Handwerkerstunden zusammen? Wenn Kunden einen Auftrag erteilen, möchten Sie wissen, was Sie dafür bezahlen müssen. Die Handwerkerstunde kostet bei uns zwischen 34 Euro für einen Azubi bis hin zu 81 Euro für die Meisterstunde. Dieser Stundenverrechnungssatz ist aber nicht gleichbedeutend mit dem Stundenverdienst des Betriebs. Weitere Informationen können Sie gerne dieser PDF entnehmen:

Unser Team besteht ausschließlich aus qualifiziertem Personal, das zuverlässig und kompetent für Sie im Einsatz ist. Geschäftsführer Installateur- und Heizungsbauermeister Adrian Rudek Servicetechniker / Kundendienst Monteur Peter Sigel Auszubildender Lager und Montage Barbara Glöcklhofer Büro Sandra Hirmann AnlagenTechnik Leichtle GmbH Im Oberdorf 1 86441 Zusmarshausen Rufen Sie gerne an unter 08291 / 13 59 oder nutzen Sie unser Kontaktformular.

Unsere langjährige Erfahrung und Fachkompetenz versetzt uns in die Lage, Sie jederzeit umfassend zu Ihrem Vorhaben beraten zu können. Als Fachbetrieb der Innung Sanitär, Heizung, Klima legen wir großen Wert auf die Aus- und Weiterbildung unserer Mitarbeiter. So können wir Ihnen stets die aktuellste Technik für Ihre Installationen empfehlen. Sprechen Sie uns einfach an - Wir finden gemneinsam eine Lösung!

Informieren Sie sich über die neuen staatlichen Förderungen! AnlagenTechnik Leichtle GmbH Im Oberdorf 1 86441 Zusmarshausen Rufen Sie gerne an unter 08291 / 13 59 oder nutzen Sie unser Kontaktformular.

Navigation aufklappen/zuklappen Home Über uns Unser Betrieb Stundensätze Team Leistungen Heizungs- und Klimatechnik Bad- und Sanitärinstallation Umwelt- und Solartechnik Kontakt Anfahrt Impressum Datenschutzerklärung Produkte Solaranlagen Heizungsanlagen Sanitäranlagen Förderungen Partnerfirmen Galerie Videos Offene Stellen Home Über uns Produkte Förderungen Partnerfirmen Galerie Offene Stellen Videos

Navigation aufklappen/zuklappen Home Über uns Unser Betrieb Stundensätze Team Leistungen Heizungs- und Klimatechnik Bad- und Sanitärinstallation Umwelt- und Solartechnik Kontakt Anfahrt Impressum Datenschutzerklärung Produkte Solaranlagen Heizungsanlagen Sanitäranlagen Förderungen Partnerfirmen Galerie Videos Offene Stellen Home Über uns Produkte Förderungen Partnerfirmen Galerie Offene Stellen Unser Betrieb Stundensätze Team Leistungen Kontakt Anfahrt Impressum Datenschutzerklärung Anfahrt

AnlagenTechnik Leichtle GmbH Im Oberdorf 1 86441 Zusmarshausen OT Gabelbach Telefon: 08291 1359 oder 08291 627 93 62 E-Mail: mail@anlagentechnik-leichtle.de Öffnungszeiten: Mo - Do 07:30 - 16:30 Uhr Fr 07:30 - 13:30 Uhr Haben Sie Fragen, Wünsche oder Anregungen? Bitte nehmen Sie Kontakt mit uns auf, wir helfen Ihnen gerne weiter!

Bei uns sind Sie richtig - egal ob es um Einbau, Reparatur oder Beratung zu Ihrer neuen Heizung geht! Kleine Modernisierung oder großer Umbau - wir machen Ihr Bad zur Wohlfühloase! Planen Sie, Ihre alte Heizung an das Fern -und Nahwärmenetz anzuschließen? Auch das übernehmen wir gerne - inkl. Förderungsantrag ( min. 30 % der Maximalfördersumme) - für Sie! Wir beraten Sie gerne vor Ort kostenlos und unverbindlich!! Wenn Sie mehr über unsere Leistungen und unseren Service erfahren wollen, nehmen Sie Kontakt mit uns auf! Bei Notfällen an Sonn- und Feiertagen: Der SHK Notdienst der Innung ist in der Augsburger Allgemeinen und in der Friedberger Allgemeinen, sowie im Internet unter SHK-Schwaben zu finden. Hier wechseln wir uns mit Kollegen beim Notdienst ab.

Gute Gründe für eine Hybridheizung von BRÖTJE • Attraktives Preis-Leistungs-Verhältnis • Passt sich Ihren Wünschen und Anforderungen an • Alle Hybridkomponenten von BRÖTJE, optimal abgestimmt und geprüft, mit Systemgarantie • Intelligentes Energiemanagement mit automatisierter Anlagensteuerung • Bestehende Geräte anderer Hersteller können integriert werden • Keine Zuschüsse verschenken mit dem BRÖTJE Förderservice Hybrid – einfach erklärt In einer Hybridheizung sorgen immer mindestens zwei Wärmeerzeuger für Ihren Wärmekomfort. In der Regel heißt das: Gas- oder Öl-Brennwert mit einer regenerativen Komponente, wie z. B. einer Wärmepumpe. Der Brennwertkessel hat in einem Hybridsystem die Aufgabe, in Spitzenlastzeiten (bei Kälte oder hohem Warmwasserbedarf) schnell Wärme/Warmwasser bereitzustellen. Die Regelung zwischen beiden Wärmeerzeugern und dem Speicher funktioniert komplett automatisch. Das intelligente System wählt stets die wirtschaftlichste Betriebsweise. Damit ist die Hybridheizung das optimale System für die Heizungsmodernisierung im Altbau. Vorteile einer Hybridheizung • Sicher: konstante Wärme im Altbau, unabhängig von Dämmung und Wetter • Wirtschaftlich & klimafreundlich: spart Betriebskosten und CO2 • Flexibel: kann auf jeden Anwendungsfall angepasst werden • Zukunftsfähig: erweiterbares Sanierungsheizsystem, der Anteil fossiler Brennstoffe kann nach Modernisierungen sinken • Gesetzeskonform: erfüllt die neuen GEG-Vorgaben • Förderfähig: viele Komponenten der Hybridheizung werden staatlich bezuschusst* Sichere Heizungsmodernisierung Die Hybridheizung im Altbau Gebäude ab dem Baujahr 1995 und älter eignen sich weniger für den reinen Betrieb mit einer Wärmepumpe. Warum ist das so? Weil die Heizlast auf Grund einer nicht zeitgemäßen Gebäudedämmung in der Regel zu hoch ausfällt. Die Wärmepumpe müsste zu groß dimensioniert werden und Ihre Stromkosten würden ungemütlich steigen. Sanierungsmaßnahmen, wie eine nachträgliche Dämmung oder der Austausch von Fenstern und Radiatoren auf Niedertemperaturheizkörper wirken sich insgesamt positiv auf Ihre Heizlast aus. Davon profitiert auch Ihre Hybridheizung, die zu weiten Teilen von der Wärmepumpe betrieben werden kann und nur noch in Spitzenlastzeiten den Gaskessel dazuschaltet. Öl- und Gaskessel jetzt erneuern Brennwertkessel büßen im Laufe der Zeit an Effizienz ein und werden ausfallanfälliger. Daher ist ein Kesseltausch auf ein modernes Modell bereits der erste und auch ein verhältnismäßig günstiger Schritt fossile Brennstoffe zu sparen und Ihre Wärmeversorgung sicher zu stellen. Bei einer Hybridheizung im Altbau ergibt sich ein weiterer Vorteil: der Gaskessel kann in der Regel sehr klein dimensioniert werden, weil die Wärmepumpe mindestens 2/3 der Wärmeleistung übernimmt. Das freut die Umwelt und auch Ihren Geldbeutel. Wärmepumpe im Altbau Wärmepumpen eignen sich für (fast) jedes Gebäude. Im Altbau laufen sie am besten zusammen mit einem weiteren Wärmeerzeuger, wie z. B. einer effizienten, niedrig dimensionierten Gas-Brennwert-Heizung. Keine Angst vor der Lautstärke und ärgerlichen Nachbarn! Eine Wärmepumpe in Volllast ist nicht lauter als ein Kühlschrank. Dazu baut BRÖTJE Wärmepumpen, die zu den leistesten ihrer Klasse gehören. Und dank Ihrer Hybridheizung übernimmt in Spitzenlastzeiten sowieso Ihr fossiler Wärmeerzeuger. Systemhaus Hybridheizung 1. Wärmepumpe Die Wärmepumpe deckt den Großteil der Grundlast ab und spart damit fossile Brennstoffe ein. Besonders nachhaltig wird der Betrieb, wenn der benötigte Strom durch eine PV-Anlage eigenerzeugt wird. 2. Gas- oder Öl-Brennwert Der Brennwertkessel hat in einem Hybridsystem die Aufgabe, in Spitzenlastzeiten (bei Kälte oder hohem Warmwasserbedarf) schnell Wärme/Warmwasser bereitzustellen. Kessel büßen im Laufe der Zeit an Effizienz ein und werden ausfallanfälliger. Deshalb lohnt sich der Austausch. Brennwertkessel dürfen ab 2024 in der Regel nur noch zusammen mit regenerativen Heizungskomponenten verbaut werden. 3. Kit 65 Schnell, kostengünstig und sicher bereit für Hybrid. Das Kit 65 ist die optimale Schnittstelle zwischen Gas-Brennwert und einer Wärmepumpe. Diese gesetzeskonforme Lösung stellt die 65-%-Vorgabe des GEG sicher. Die Wärmepumpe kann nachträglich ins Heizsystem integriert werden. 4. Speicher Der Trinkwarmwasserspeicher stellt sicher, dass im Bedarfsfall schnell eine größere Menge wohltemperiertes Wasser zur Verfügung steht. 5. Solarthermie Solarthermie kann die Gas-Brennwertanlage als regenerative Heizungskomponente nachhaltig ergänzen. Bis zu 60 % Deckung des Trinkwarmwasserbedarfs sind durch Solarthermie möglich. 6. Heizkörper Wärmepumpen können grundsätzlich auch mit Heizkörpern betrieben werden. Allerdings wirkt sich ein Austausch auf Niedertemperatur-Heizelemente positiv auf die Effizienz des neuen Heizsystems aus und ist ebenfalls förderfähig.

Kopfbrausen Wenn sie gerne einen sanften Regenschauer im eigenen Bad genießen möchten, ist eine Rainshower Kopfbrause mit GROHE DreamSpray Technologie ein absolutes Muss. Die Rainshower Cosmopolitan überzeugt mit 160 mm Durchmesser und bietet ihnen vier verschiedene Strahlarten. Oder wählen Sie ihren Designfavoriten mit 210 mm Durchmesser. Rainshower Modern punktet durch cooles Understatement, die Rainshower Retro hingegen ist mit ihren sanft geschwungenen Linien zeitlos. Absolutes Highlight jedoch ist die einmalige Rainshower Jumbo, die es bei einem Durchmesser von 400 mm aus 252 Düsen regnen läßt. Alle Modelle sind für die Wand- und Deckenmontage geeignet.

Ob Einfamilien- oder Mehrfamilienhaus, mit einer Solaranlage ist die unerschöpfliche und umweltfreundliche Energie der Sonne für die Trinkwassererwärmung und Heizungsunterstützung optimal nutzbar. Bei dem BRÖTJE Solarsystem WH werden die Heizkreise witterungsgeführt geregelt. Hauptwärmelieferant ist dabei das Heizwert- oder Brennwertgerät. Doch sobald der Solarregler feststellt, dass eine effektive Nutzung der Sonnenstrahlen möglich ist, wird das 3-Weg-Ventil automatisch in Richtung Solar-Kombispeicher umgeschaltet. Je nach Energieangebot erwärmt die Solaranlage das Trinkwasser. Ansonsten wird das Wasser vom Brennwert- oder Heizwertgerät nachgeheizt-zeitgesteuert über die Schaltuhr im Brennwertgerät oder das Zeitprogramm in der Kesselregelung.",1988,1988,17,"[""https://www.anlagentechnik-leichtle.de/offene-stellen"", ""https://www.anlagentechnik-leichtle.de/über-uns"", ""https://www.anlagentechnik-leichtle.de/über-uns/leistungen"", ""https://www.anlagentechnik-leichtle.de/über-uns/leistungen/bad-und-sanitärinstallation"", ""https://www.anlagentechnik-leichtle.de/über-uns/leistungen/heizungs-und-klimatechnik"", ""https://www.anlagentechnik-leichtle.de/über-uns/leistungen/umwelt-und-solartechnik"", ""https://www.anlagentechnik-leichtle.de/über-uns/stundensätze"", ""https://www.anlagentechnik-leichtle.de/über-uns/team"", ""https://www.anlagentechnik-leichtle.de/über-uns/unser-betrieb-1"", ""https://www.anlagentechnik-leichtle.de/förderungen"", ""https://www.anlagentechnik-leichtle.de/galerie/videos"", ""https://www.anlagentechnik-leichtle.de/über-uns/anfahrt"", ""https://www.anlagentechnik-leichtle.de/über-uns/kontakt"", ""https://www.anlagentechnik-leichtle.de/"", ""https://www.anlagentechnik-leichtle.de/produkte/heizungsanlagen"", ""https://www.anlagentechnik-leichtle.de/produkte/sanitäranlagen"", ""https://www.anlagentechnik-leichtle.de/produkte/solaranlagen""]","[""careers_employer"", ""company_about"", ""company_about"", ""company_about"", ""company_about"", ""company_about"", ""company_about"", ""company_about"", ""company_about"", ""contact"", ""contact"", ""contact"", ""contact"", ""homepage"", ""products_services"", ""products_services"", ""products_services""]",1,25,25,17,True,17,0,0,0,1988,0,0,0,de,True,,de,True,high,
c956bd4e-2b8a-4c48-8780-c187587f46b3,4,MYRENNE GMBH,pre_event,include,"Anfahrt Auf der Karte können Sie erkennen, wo unser Unternehmen zu finden ist. Mit gedrückter linker Maustaste lässt sich der Kartenausschnitt verschieben und mit dem Mausrad (oder wahlweise den <+-> Tasten links oben) ist der Zoomfaktor einstellbar. JavaScript must be enabled in order for you to use Google Maps. However, it seems JavaScript is either disabled or not supported by your browser. To view Google Maps, enable JavaScript by changing your browser options, and then try again. Unsere Adresse lautet: Myrenne GmbH Vennhorn 7 52159 Roetgen An dieser Stelle können Sie bequem Ihre persönliche Anfahrtsbeschreibung abfragen. Bitte geben Sie dazu Ihre Startadresse ein. Es öffnet sich daraufhin ein neues Fenster, welches Ihnen Ihre Route sowie die Routenbeschreibung anzeigt. Falls die automatischen Routing-Funktionen nicht funktionieren oder Sie diese nicht nutzen möchten, finden Sie hier eine einfache Beschreibung: am AB-Kreuz Aachen A44 Richtung Lüttich / Liège Abfahrt Lichtenbusch links abbiegen Richtung Monschau geradeaus bis zur T-Kreuzung dort rechts abbiegen Richtung Monschau geradeaus bis Roetgen hinter Ortseingangsschild 1. Straße rechts direkt die 1. Straße wieder rechts bis zum Wendehammer durchfahren linke Seite: Vennhorn 7

Aktuelles | Kontakt | Leistungen | Produkte | Qualität | allgemeine Information: | Zentrale Tel.: 02471-12120 Fax: 02471-121212 Diese E-Mail-Adresse ist gegen Spambots geschützt! JavaScript muss aktiviert werden, damit sie angezeigt werden kann. | | Entwicklung & Konstruktion: | Herr Jan van Gilse Tel.: 02471-121221 Diese E-Mail-Adresse ist gegen Spambots geschützt! JavaScript muss aktiviert werden, damit sie angezeigt werden kann. | | Medizintechnik: | Herr Peter Göbel Tel.: 02471-121211 Diese E-Mail-Adresse ist gegen Spambots geschützt! JavaScript muss aktiviert werden, damit sie angezeigt werden kann. | | Fertigung: | Herr Karl-Heinz Backes Tel.: 02471-121223 Diese E-Mail-Adresse ist gegen Spambots geschützt! JavaScript muss aktiviert werden, damit sie angezeigt werden kann. | Herr Rainer Schmeltz Tel.: 02471-121216 Fax: 02471-121225 Diese E-Mail-Adresse ist gegen Spambots geschützt! JavaScript muss aktiviert werden, damit sie angezeigt werden kann. | Geschäftsleitung: | Frau Bärbel Myrenne Tel.: 02471-121219 Diese E-Mail-Adresse ist gegen Spambots geschützt! JavaScript muss aktiviert werden, damit sie angezeigt werden kann. | Auf dieser Seite finden Sie alle Informationen, um mit uns Kontakt aufzunehmen. Sie können zu unseren Produktbereichen Informationsmaterial anfordern oder uns eine E-Mail mit Fragen, Anregungen oder auch Kritik schicken. Wenn Sie statt diesen Formulars lieber Ihr E-Mail-Programm benutzen möchten, verwenden Sie einfach die oben angegebenen Mailadressen. Ihre Daten dienen ausschließlich der internen Bearbeitung der Fa. Myrenne GmbH und werden nicht an Dritte weitergeleitet.

11.11.1976 | Gründung der Myrenne GmbH durch Heinz und Bärbel Myrenne. | Nov. 1988 | Umzug in das neu errichtete Betriebsgebäude im Gewerbegebiet Roetgen mit 216 m² Bürofläche, Personalräumen sowie 432 m² Produktionsfläche, ca. 20 Mitarbeiter | Nov. 1997 | Fertigstellung der Erweiterung des Betriebsgebäudes um 612 m² | März 2000 | Zertifiziert nach DIN ISO EN 9001. | Jan. 2001 | Fertigstellung des neuen Hallenanbaus für die Produktionsabteilung (1872 m²), ca. 30 Mitarbeiter. | Nov. 2001 | 25-jähriges Bestehen der Myrenne GmbH | März 2005 | Erweiterung des Materiallagers auf insgesamt 400m² | Juni 2006 | Anbau eines Messraums für die Qualitätskontrolle (90m²), 34 Mitarbeiter |

myrenne gmbh ﻿ Herzlich Willkommen bei Myrenne! Als mittelständisches Unternehen im Raum Aachen/Eifel bieten wir Ihnen Gesamtlösungen im Maschinenbau. Von der Produktidee bis zur Auslieferung des fertigen Produkts bekommen Sie bei uns alles aus einer Hand. Sollten Sie nur einen Spezialisten für die Fertigung Ihrer Produkte suchen, sind Sie bei uns ebenfalls an der richtigen Adresse. Wir bieten Ihnen alle gängigen Fertigungsverfahren in höchster Qualität. Alle Ansprechpartner stehen Ihnen hier gerne zur Verfügung. Wir freuen uns auf Ihre Anfrage. Ihr Team der Myrenne GmbH

Aktuelles | Kontakt | Leistungen | Produkte | Qualität | Beim Schülerwettbewerb ""Formel 1 in der Schule"", bei dem es darum geht, einen kleinen Balsaholzrennwagen selber zu konstruieren, zu testen und zu realisieren, unterstützt unsere Firma das Team ""Aixtrem Racing"" des Einhard-Gymnasiums. Die von den Schülern selbst konstruierten und von uns gefertigten Chassis der Rennwagen legten den Grundstein für den großen Erfolg, den die Aachener Schüler in diesem Jahr vorweisen konnten. Alle Informationen zum Wettbewerb, die Bilder und Hintergründe finden Sie auf http://www.f1inschools.de/. Die Homepage des Teams ""Aixtrem Racing"" des Aachener Einhard-Gymnasiums zeigt unter http://www.aixtrem-racing.de/ das Team, das Auto und eine Gallerie für Interessierte. Ab sofort finden Sie an dieser Stelle unsere überarbeitete Webseite. Unser Ziel bei der Neugestaltung der Seiten war es, Interessenten alle benötigten Informationen noch strukturierter und übersichtlicher zur Verfügung zu stellen. Im Bereich Über uns erfahren Sie mehr über die Geschichte unseres Unternehmens, unsere Leistungen und unser Qualitätsverständnis. Weiterhin geben wir Ihnen hier einen Überblick über unsere lagermäßig verfügbaren Werkstoffe, unser logistischen Möglichkeiten, ein paar unserer bekannteren Kunden, sowie eine Anfahrtsbeschreibung. Unter dem Menüpunkt Leistungen stellen wir Ihnen die von uns angebotenen Dienstleistungen, sowie unsere Fertigungsverfahren vor. Beispiele für von uns gefertigte Produkte erhalten Sie unter dem gleichnamigen Menüpunkt. Sie finden hier sowohl eigene Produkte, als auch Beispiele für Produkte, die wir im Kundenauftrag gefertigt haben. Der Bereich Fertigungsverfahren bietet Ihnen einen detaillierten Einblick in unsere fertigungstechnischen Möglichkeiten. Für Produkte, die nicht mit unseren Verfahren oder auf unseren Maschinen gefertigt werden können, arbeiten wir regelmäßig mit kompetenten Partnern zusammen, so dass wir die Fertigung Ihrer Produkte in jedem Fall aus einer Hand anbieten können. Selbstverständlich sind wir auch auf den branchenüblichen Ausstellungen und Messen vertreten. In diesem Bereich finden Sie Informationen, wann und wo die nächsten Messetermine geplant sind. Wir beschäftigen ständig mehrere Auszubildende in verschiedenen Berufsbildern. Unter Ausbildung finden Sie hierzu alles Wissenswerte. Ihre Kritik oder Anregungen zur Webseite nehmen wir gerne entgegen. Stellenangebote | Referenzen | Anfahrt | Impressum | Sitemap |

Ausbildungsberufe Wir bilden regelmäßig junge Leute in folgenden Berufsfeldern aus: Die Tätigkeit im Überblick Feinwerkmechaniker/innen stellen Produkte der Stanz-, Schnitt- und Umformtechnik sowie der Vorrichtungs- und Formenbautechnik ebenso her wie Maschinen, Geräte, Systeme und Anlagen, die sie auch warten und instand setzen. Sie arbeiten bei Herstellern von feinmechanischen und optischen Erzeugnissen sowie im Maschinen- und Werkzeugbau. Außerdem sind Feinwerkmechaniker/innen z.B. in Betrieben tätig, die elektrische Mess- und Kontrollinstrumente produzieren. Darüber hinaus bieten Wartungs- und Reparaturdienste, z.B. für Nähmaschinen, Beschäftigungsmöglichkeiten. Die Ausbildung im Überblick Feinwerkmechaniker/in ist ein anerkannter Ausbildungsberuf nach der Handwerksordnung (HwO). Diese bundesweit geregelte 3 1/2-jährige Ausbildung wird im Handwerk in folgenden Schwerpunkten angeboten: Feinmechanik Maschinenbau Werkzeugbau Auch eine schulische Ausbildung ist möglich. Lesezeichen-tauglicher Link Wenn Sie diese Berufsbeschreibung als Lesezeichen/Favorit speichern oder die Adresse (per eMail) weitergeben wollen, benutzen Sie bitte die folgende Adresse: http://berufenet.arbeitsagentur.de/berufe/start?dest=profession&prof-id=15145 Die Tätigkeit im Überblick Technische Zeichner/innen der Fachrichtung Maschinen- und Anlagentechnik setzen die Vorgaben von Konstrukteuren und Konstrukteurinnen in Pläne und technische Unterlagen um. Sie fertigen vor allem technische Zeichnungen für den Neubau, die Entwicklung und die Modernisierung von Maschinen, Geräten und Fahrzeugen. Technische Zeichner/innen der Fachrichtung Maschinen- und Anlagentechnik arbeiten in erster Linie in Architektur- oder Ingenieurbüros. Auch in Konstruktionsbüros von Betrieben sind sie tätig, z.B. im Maschinen- und Anlagen- oder im Fahrzeugbau. Darüber hinaus sind sie unter anderem bei Energieversorgern oder in kommunalen Bauämtern tätig. Die Ausbildung im Überblick Technische/r Zeichner/in ist ein anerkannter Ausbildungsberuf nach dem Berufsbildungsgesetz (BBiG). Diese bundesweit geregelte 3 1/2-jährige Ausbildung wird in Industrie und Handwerk in den folgenden Fachrichtungen angeboten: Maschinen- und Anlagentechnik Elektrotechnik Heizungs-, Klima- und Sanitärtechnik Holztechnik Stahl- und Metallbautechnik Daneben gibt es die Möglichkeit, im Rahmen einer landesrechtlich geregelten schulischen Ausbildung an Berufsfachschulen den Abschluss als Technische/r Zeichner/in ohne Schwerpunkt zu erwerben. Lesezeichen-tauglicher Link Wenn Sie diese Berufsbeschreibung als Lesezeichen/Favorit speichern oder die Adresse (per eMail) weitergeben wollen, benutzen Sie bitte die folgende Adresse: http://berufenet.arbeitsagentur.de/berufe/start?dest=profession&prof-id=6477

﻿ Leistungen Gesamtlösungen Wir bieten Ihnen Gesamtlösungen im Maschinenbau . Das bedeutet: Sie liefern uns Ihre Idee, wir planen, entwerfen, konstruieren, dokumentieren, und fertigen Ihr Produkt. Darüber hinaus betreuen wir Ihr Produkt mit technischem Support, Ersatzteilen, sowie notwendigen Anpassungs- und Umkonstruktionen. Bei uns sind Sie mit Ihrem Produkt in guten Händen. Konstruktion & Entwicklung In unserer Entwicklungsabteilung stehen Ihnen qualifizierte und erfahrene Ingenieure zur Verfügung, die Ihre Wünsche und Ansprüche an Ihr Produkt konsequent umsetzen. Wir legen dabei größten Wert auf Qualität Sicherheit Handhabbarkeit und Design der Produkte. Durch die vielfache Verwendung von Normteilen und Standardkomponenten überall dort, wo es möglich und sinnvoll ist, stellen wir sicher, dass die Produkt- und Ersatzteilkosten überschaubar bleiben. Entwicklung und Fertigung von kundenspezifischen Sondermaschinen einschließlich elektronischer und datentechnischer Zusatzeinrichtungen Optimale Lösungen für Entwicklung und Konstruktion in enger interaktiver Zusammenarbeit mit dem Kunden Durchgehender Einsatz von 3D-CAD (Unigraphics NX, Inventor u.a.), CAE und CAM 3D-Modelle Unser Prototypenplotter ""FDM Vantage"" von Stratasys bietet die Möglichkeit, innerhalb kurzer Zeit funktionelle Prototypen von Einzelkomponenten oder ganzen Baugruppen zu fertigen. Benötigt wird dazu lediglich ein 3D-Modell in einem gängigen CAD-Format. Bauteilgröße: max. x 203 / y 203 / z 305 mm Material: PC- ABS (Acrylnitril-Butadien-Styrol) erhältlich in den Farben: schwarz, weiß, rot, blau, gelb, grün Verfahren: FDM (fused deposition modeling) erforderliche Daten: 3D-Daten im STL-Format Die folgenden Bilder zeigen ein 3D-Modell im Rechner, das daraus gefertigte Prototypenteil aus Kunststoff sowie ein Gerät, das auf herkömmlichem Weg aus Alu gefräst wurde. Zu erkennen sind die endmaßnahe Formgebung und die farblichen Variationsmöglichkeiten. Montage Unsere Montagehalle bietet viel Platz auch für die Montage großer Maschinen und Anlagen. Montage von mechanischen, elektromechanischen, hydraulischen, pneumatischen und medizinischen Einheiten und Geräten wie z. B.: Mess- und Prüfgeräte, komplette Fahranlagen, Eichgeräte, Rundtaktmaschinen, ... 360 m² Montagehalle Montage auf Kundenwunsch auch vor Ort möglich! Partner Folgende spezielle Fertigungsverfahren bieten wir in enger Zusammenarbeit mit kompetenten Partnern an: Oberflächenbehandlung: Eloxieren, Hartcoatieren, chemisch Vernickeln, Chromatieren, TUFRAM (synergetische Behandlung von Aluminium) Pulverbeschichten usw. Wärmebehandlung von Stählen: Härten, Glühen usw. Rundschleifen Wasserstrahlschneiden Blechbearbeitung Laserschneiden Laserschweißen Schaltschrankbau Verschiedene Zusätzlich zu den beschriebenen Fertigungsverfahren verfügen wir über folgende weitere Möglichkeiten, hochwertige Produkte zu fertigen: Trowalisiergerät Sandstrahlkabine Stoßmaschine Biegemaschine Plasmabrenner 2-Komponenten-Dosieranlage Powerflex Universal-Gewindeschneidsystem Teilereinigungsanlage Fertigung Unsere umfangreich ausgestattete Fertigungsabteilung erlaubt es uns, alle von uns entwickelten Produkte selbst zu fertigen. Dazu stehen uns alle gängigen Fertigungsverfahren zur Verfügung. Bei einigen spezielle Verfahren greifen wir auf unsere spezialisierten und kompetenten zurück. Natürlich fertigen wir auch Ihr Produkt nach Ihren Vorgaben. Dabei stehen wir Ihnen auch gerne als kompetenter Berater in allen Fertigungsfragen zur Verfügung. Auch Änderungen an Ihren bestehenden Produkten arbeiten wir in enger Zusammenarbeit mit unserer Konstruktionsabteilung gerne ein.

Aktuelles | Kontakt | Leistungen | Produkte | Qualität | (Änderungen im Sinne des technischen Fortschritts, die die Funktion und die Qualität nicht beeinträchtigen, behalten wir uns vor.) nach H. Schmid-Schönbein für die schnelle Bestimmung der Erythrozytenaggregation, der wichtigsten Determinante in der Blut-Thixotropie. Äquivalent zur BSG in 60 s. Hauptmerkmale: (Änderungen im Sinne des technischen Fortschritts, die die Funktion und die Qualität nicht beeinträchtigen, behalten wir uns vor.) hier z.B.: Laserschneidanlage In enger Zusammenarbeit mit einer anerkannten Huforthopädin haben wir einen neuen Hufbock entwickelt, der die Hufbehandlung und -pflege sehr bequem und einfach macht. Der höhenverstellbare Bock steht auf einem tragfähigen Dreibein-Gestänge, welches selbst bei nervösen Pferden kippsicher und stabil steht. Die Hufauflage aus PP ist rutschsicher ausgelegt und erlaubt sowohl ein Aufstellen des Hufes als auch ein Auflegen des Beines für verschiedene Untersuchungen und Behandlungen am Huf. Bei Interesse wenden Sie sich bitte an Frau Evelyn Myrenne ( Diese E-Mail-Adresse ist gegen Spambots geschützt! JavaScript muss aktiviert werden, damit sie angezeigt werden kann. ). Ein Infoblatt zum Hufbock können Sie hier herunterladen. Auch für Ihre Maschine entwickeln und fertigen wir Ersatzteile, Vorrichtungen und Baugruppen. Baugruppe für die Funkstromzange ICP Die hochgenaue Funkstromzange mit integriertem Gesamtmesssystem, Steuerrechner und Funkmodul ermöglicht berührungsloses Messen von Adaptionen ohne Abklemmen der Batteriepole. Gehäuse für Multifunktionstester MFT Das universell einsetzbare Instrument zur Programmierung,Prüfung und Diagnose von Fahrzeug-Steuergeräten. Das automatische Torsions-Messsystem ATM3 hat sich als Prüfgerät in der Laborpraxis bestens bewährt. Es besteht aus einem Computer mit Steuerelektronik, der den Anschluss von zwei Torsionsschwingungsmessgeräten gestattet. Zur Bestimmung der mechanischen und thermischen Eigenschaften von Kunststoffen, Elastomeren und ähnlichen Werkstoffen wird der Torsionsschwingungsversuch eingesetzt. Die Messbedingungen für den Schubmodul und die Schwingungsdämpfung sind in den Normen DIN 53445, DIN 53520, ASTM D 2236-70 und ISO-R 537 festgelegt. Gemessen werden Frequenz und Amplituden der sich ergebenden frei abklingenden Schwingung. Daraus werden Dämpfung und Schubmodul des Werkstoffes berechnet. Folgende Bedingungen müssen beim Torsionsschwingungsversuch eingehalten werden: Die Probe hängt zwischen Klemmen in einem Thermostaten, dessen Probenraum von -180°C bis +300°C temperiert werden kann. Das schwingungsfähige System, bestehend aus Probe und Massen, wird zu einer Torsionsschwingung angeregt. Die Massenscheiben sind zwischen zwei Federn eingespannt, wodurch eine Zugbelastung der Probe ausgeschlossen wird. Gleichzeitig werden dadurch Querschwingungen vermieden. Die im oberen Teil der Anordnung angebrachte Waage ermöglicht eine einstellbare Zugkraft von wenigen mN auf die Probe. Diese Zugkraft bleibt auch bei Längenänderung der Probe konstant. Durch diese Maßnahme ist man in der Lage, Werkstoffe bis in den Erweichungsbereich zu vermessen. Der Schubmodul und die Dämpfung der Werkstoffe sind frequenzabhängig. Deshalb muss bei konstanter Schwingungsfrequenz gemessen werden. Das ATM3 gestattet es, bei einstellbaren Frequenzen von 0,1 Hz bis 10 Hz zu messen. Die Schwingungsfrequenz wird durch automatisches Wechseln der 18 vorhandenen Massenscheiben während des Versuchs ±12% konstant gehalten. Die Fourierzerlegung freier, gedämpfter Schwingungen liefert ein Spektrum von Frequenzen. Dieses Spektrum ist nur bei kleiner Dämpfung so schmal, dass in guter Näherung die Torsionsschwingung eine einzige Frequenz enthält. In der Messpraxis treten jedoch so hohe Dämpfungen auf, dass es erforderlich wird, das schwingungsfähige System bestehend aus Probe und Masse, um eine Feder zu erweitern. Durch die Auswahl einer entsprechenden Feder erreicht man, dass die Dämpfung des kombinierten Systems kleiner wird. Diese Maßnahme erfordert die Aufnahme vieler Perioden der Schwingung (bis zu fünfzig) und die Berücksichtigung des Federeinflusses in der Auswertung durch Computerprogramme. Die DIN-Norm schreibt einen Auslenkwinkel von maximal 1,5 Grad vor. Der Winkel wird während der Auslenkung ständig gemessen. Die Auslenkkraft wird beim ATM3 abgeschaltet, wenn der vorgewählte Sollwert erreicht ist. Auf diese Weise ist eine gute Konstanz der Auslenkung, selbst bei kleinsten Winkeln gegeben. Das ATM3 ist ein vollautomatisch arbeitendes Messsystem (siehe Abbildung). Nach Einspannen der Probe in den Präzisionsfederhalter müssen lediglich die Versuchsparameter über den Bildschirm dem Computer übergeben werden. Die gesamte Steuerung des Versuchsablaufs, Kontrolle des Messsystems, Auswertung der Versuchsdaten und Ausgabe der Ergebnisse werden vom Computer vorgenommen. Je nach Systemkonfiguration können die Ergebnisdaten auf dem Bildschirm, dem Drucker oder auch graphisch über einen Plotter ausgegeben werden. Außerdem ist eine Schnittstelle vorhanden, um die Daten an ein Labordatensystem weiterzuleiten. Technische Daten: Probenabmessung: freie Länge 50 mm, 10 mm breit, bis 1,5 mm dick, andere Probenabmessungen auf Anfrage | Messwerterfassung: Torsionswinkelmessung durch Trägerfrequenzverfahren Genauigkeit 0,1 % Frequenzmessung quarzstabilisiert, Zähltakt 1 MHz | Frequenz: | Messablauf: | Massenträgheitsmomente: | Messwertverarbeitung: | Auslenkwinkel: | Messwertausgabe: | Federkonstante: | Anschlusswert: | Temperiersystem: | Abmessung: | Mit dem Prüfgerät SP1 können Streifenproben, Schuhsohlen oder ganze Schuhe geprüft werden. Das Gerät empfindet den natürlichen Bewegungsablauf nach. Im gestreckten Zustand ist die Sohle unbelastet. Während des Biegevorganges wird sie mit ca. 700 N be- und in der Ausgangsstellung wieder entlastet. Zur Methode: Zu beiden Seiten des kompakten Maschinenkörpers in Ständerausführung befinden sich höhenverstellbare Fuß-Tische. Zwischen diesen und den Gegendruckplatten wird der Prüfkörper einseitig eingespannt. Die zweite Befestigung der Probe erfolgt an Schwenkarm-Konsolen. Die Schwenkarmbewegung erzeugt eine Wechselbiegebelastung auf den Prüfkörper, wobei der Prüfkörper in der gestreckten Lage zur Vermeidung unkontrollierter Zug- oder Druckspannung durch ein kurzes Abheben der Gegendruckplatte entlastet wird. Der Schenkwinkel ist einstellbar. Die Schwenkarme werden mit der vorgewählten Biegefrequenz bewegt. Die Abschaltung erfolgt automatisch in gestreckter Lage des Prüfkörpers, nachdem die vorgewählte Biegungsanzahl erreicht ist. Die Gegendruckplatten werden durch einen doppelwirkenden Hydraulikzylinder aufgepresst und zur Entlastung der Probe abgehoben. Die Entlastungszeit ist stufenlos einstellbar. Die Gegendruckplatten sind temperierbar (Option). Alle beweglichen Teile sind durch Schutzhauben gegen unbeabsichtigtes Hineingreifen gesichert. Biegewinkel: | 50° - 100° in 10°-Stufen, manuell einstellbar. (Einrichtezeit: ca. 15 min.) | Biegefrequenz: | 65 und 130/min, automatisch | Antrieb: | Drehstromgetriebe-Bremsmotor polumschaltbar 220/380 · V 0,5/0,6 kW | Druckplatten: | Stufenlos höhenverstellbar, zyklischer Anpressdruck ca. 700 N pro Druckplatte über integriertes Hydraulikaggregat 0,37 kW. Auf Wunsch temperierbar über Flüssigkeitsthermostat bzw. Kryostat.* | Ventilsteuerung: | elektromagnetisch über Lichtschranke einschließlich elektronischer Zeitschaltung. | Fußtische: | Aufspannfläche 130x80 mm, T-Nut 8 mm breit, höhenverstellbar in 20 mm Stufen. | Biegezählwerk: | Subtrahierendes Zählwerk, nach eingestellter Hubzahl automatisch abschaltend. Zählimpuls über Lichtschranke. Abschaltpunkt bei gestrecktem Schwenkwinkel. | Prüfkörper-Risskontrolle: | Zwischenstop im max. eingestellten Biegewinkel. | Sicherheitseinrichtungen: | Not-Aus-Schalter, Türkontaktschalter, die den Betrieb des Gerätes ausschließlich bei geschlossenen Türen gestatten. | Anschluss: | 380 V · 50 Hz · 16 A. Auf Wunsch andere Spannungen.* | Abmessung: | ca. 550 x 550 x 1350 mm Höhe. | Gewicht: | ca. 300 kg | * gegen Mehrpreis

﻿ Qualität Zertifikat Die Sicherstellung einer hervorragenden Qualität unserer Produkte und Dienstleistungen ist bei uns das oberste Ziel. Dazu haben wir ein Qualitätsmanagementsystem ausgearbeitet und eingeführt, das uns bei der Erfüllung dieses Ziels unterstützt. Seit März 2000 ist unser Qualitätsmanagementsystem nach ISO 9001 zertifiziert. In jährlichen Überwachungsaudits durch die LRQA (Lloyd's Register Quality Assurance) wird die fortdauernde Wirksamkeit unseres Systems nachgewiesen. Auf Wunsch stellen wir Ihnen gerne unser QM-Handbuch zur Verfügung, damit Sie nachvollziehen können, auf welche Weise wir unsere gute Qualität sicherstellen. Messen Zur Sicherstellung der Qualität unserer Produkte verfügen wir über moderne Messeinrichtungen, wie z.B. unsere 3D-Koordinaten-Messmaschine mit Scanning-Funktion: CNC gesteuert, max. x 505 mm / y 705 mm / z 405 mm Außerdem stehen uns folgende Messmöglichkeiten zur Verfügung: 3D-Auftragsmessungen berührungsloses Messsystem mit geometrischem Messrechner Schichtdickenmessung Shorehärteprüfung Oberflächenrauheitsbestimmung Werksprotokolle Werkzeugvoreinstellgerät Für zuverlässige Messungen haben wir einen separaten Messraum eingerichtet (36m²), der abgeschirmt vom Betrieb der Fertigung ein ruhiges und konzentriertes Arbeiten ermöglicht. Qualitätskontrolle Qualitätskontrolle während der Fertigung: Schaltendes 3D-Funkmesssystem Laserwerkzeug- und Werkstückvermessung kalibrierte Messwerkzeuge und Lehren: in der Produktion und Endkontrolle Prüfen Prüfverfahren für Rohmaterial und Fertigteile Weiterbildung Zukunftsorientierte Mitarbeiterentwicklung Durch regelmäßige interne und externe Schulungen unserer Mitarbeiter erweitern wir unser Know-How. Dabei steht die Anforderung im Vordergrund, ständig über technische Entwicklungen in unserem Bereich auf dem laufenden zu bleiben und den Mitarbeitern höchstmögliche Kompetenz zu ermöglichen.

Aktuelles | Kontakt | Leistungen | Produkte | Qualität | Wir suchen für sofort oder später einen erfahrenen und verantwortungsbewussten CNC-Fräser (m/w) mit Heidenhain-Steuerungs-Kenntnissen, der nach kurzer Einarbeitungszeit die ihm übertragenen Arbeiten selbständig durchführen kann. Bewerbungsschreiben mit Zeugnissen und Lebenslauf nur schriftlich an myrenne gmbh Spezialmaschinen & Apparatebau Vennhorn 7 D-52159 Roetgen Stellenangebote | Referenzen | Anfahrt | Impressum | Sitemap |

﻿ Über uns Zertifikat Die Sicherstellung einer hervorragenden Qualität unserer Produkte und Dienstleistungen ist bei uns das oberste Ziel. Dazu haben wir ein Qualitätsmanagementsystem ausgearbeitet und eingeführt, das uns bei der Erfüllung dieses Ziels unterstützt. Seit März 2000 ist unser Qualitätsmanagementsystem nach ISO 9001 zertifiziert. In jährlichen Überwachungsaudits durch die LRQA (Lloyd's Register Quality Assurance) wird die fortdauernde Wirksamkeit unseres Systems nachgewiesen. Auf Wunsch stellen wir Ihnen gerne unser QM-Handbuch zur Verfügung, damit Sie nachvollziehen können, auf welche Weise wir unsere gute Qualität sicherstellen. Messen Zur Sicherstellung der Qualität unserer Produkte verfügen wir über moderne Messeinrichtungen, wie z.B. unsere 3D-Koordinaten-Messmaschine mit Scanning-Funktion: CNC gesteuert, max. x 505 mm / y 705 mm / z 405 mm Außerdem stehen uns folgende Messmöglichkeiten zur Verfügung: 3D-Auftragsmessungen berührungsloses Messsystem mit geometrischem Messrechner Schichtdickenmessung Shorehärteprüfung Oberflächenrauheitsbestimmung Werksprotokolle Werkzeugvoreinstellgerät Für zuverlässige Messungen haben wir einen separaten Messraum eingerichtet (36m²), der abgeschirmt vom Betrieb der Fertigung ein ruhiges und konzentriertes Arbeiten ermöglicht. Qualitätskontrolle Qualitätskontrolle während der Fertigung: Schaltendes 3D-Funkmesssystem Laserwerkzeug- und Werkstückvermessung kalibrierte Messwerkzeuge und Lehren: in der Produktion und Endkontrolle Prüfen Für die von uns verwendeten Rohmaterialien und Fertigteile stehen uns bei Bedarf folgende Prüfverfahren zur Verfügung: Röntgenprüfung Ultraschallprüfung Heliumlecktest für druckdichte Bauteile und Baugruppen Weiterbildung Zukunftsorientierte Mitarbeiterentwicklung Durch regelmäßige interne und externe Schulungen unserer Mitarbeiter erweitern wir unser Know-How. Dabei steht die Anforderung im Vordergrund, ständig über technische Entwicklungen in unserem Bereich auf dem laufenden zu bleiben und den Mitarbeitern höchstmögliche Kompetenz zu ermöglichen. Materiallager In unserem 400m² großen Materiallager halten wir alle gängigen Werkstoffe in verschiedensten Größen für Sie bereit. Hier eine Auswahl unserer ständig verfügbaren Werkstoffe: Stähle: 1.4305, 1.4301, St37-52, … Aluminiumlegierungen: AlMgCuZn1,5 AlMg4,5Mn, AlMgCuPb, AlMgSi0,5, ... Kunststoffe: PETP, PP, POM, PA, PVC, PEEK, HS25, Semitron … Nichteisenmetalle: Cu, CuZn40Pb2, RG … Referenzen Hier sehen Sie einige unserer bekanntesten Kunden: Carl Schenck AG MAN Nutzfahrzeuge AG Robert Bosch GmbH Philips Deutschland GmbH Bayer AG Fresenius SE BAM Bundesanstalt für Materialforschung und -prüfung BYK-Chemie GmbH DSA - Daten- und Systemtechnik GmbH Romika Shoes GmbH Daimler AG: Mercedes Benz Fraunhofer-Gesellschaft zur Förderung der angewandten Forschung e.V. BASF SE Ford Motor Company Institut für Kunststoffverarbeitung an der RWTH Aachen AMEPA Angewandte Messtechnik und Prozessautomatisierung GmbH Quality Automation GmbH Volvo Car Germany GmbH Dürr AG Sanofi-Aventis Deutschland GmbH Gates Corporation Logistik Fuhrpark Zu unserem Fuhrpark zählen mehrere Kleintransporter, um bei Bedarf die umgehende Belieferung unserer Kunden zu gewährleisten. Paketzustellung und Speditionen Wir liefern auf Wunsch über alle gängigen Paketdienste (UPS, TNT, ...). Größere Transporte organisieren wir mittels zuverlässiger Speditionen national und international inklusive der Erledigung von Formalitäten und Verzollung. Historie 11.11.1976 Gründung der Myrenne GmbH durch Heinz und Bärbel Myrenne. Nov. 1988 Umzug in das neu errichtete Betriebsgebäude im Gewerbegebiet Roetgen mit 216 m² Bürofläche, Personalräumen sowie 432 m² Produktionsfläche, ca. 20 Mitarbeiter Nov. 1997 Fertigstellung der Erweiterung des Betriebsgebäudes um 612 m² März 2000 Zertifiziert nach DIN ISO EN 9001. Jan. 2001 Fertigstellung des neuen Hallenanbaus für die Produktionsabteilung (1872 m²), ca. 30 Mitarbeiter. Nov. 2001 25-jähriges Bestehen der Myrenne GmbH März 2005 Erweiterung des Materiallagers auf insgesamt 400m² Juni 2006 Anbau eines Messraums für die Qualitätskontrolle (90m²), 34 Mitarbeiter Anfahrt Auf der Karte können Sie erkennen, wo unser Unternehmen zu finden ist. Mit gedrückter linker Maustaste lässt sich der Kartenausschnitt verschieben und mit dem Mausrad (oder wahlweise den <+-> Tasten links oben) ist der Zoomfaktor einstellbar. JavaScript must be enabled in order for you to use Google Maps. However, it seems JavaScript is either disabled or not supported by your browser. To view Google Maps, enable JavaScript by changing your browser options, and then try again. Unsere Adresse lautet: Myrenne GmbH Vennhorn 7 52159 Roetgen An dieser Stelle können Sie bequem Ihre persönliche Anfahrtsbeschreibung abfragen. Bitte geben Sie dazu Ihre Startadresse ein. Es öffnet sich daraufhin ein neues Fenster, welches Ihnen Ihre Route sowie die Routenbeschreibung anzeigt. Falls die automatischen Routing-Funktionen nicht funktionieren oder Sie diese nicht nutzen möchten, finden Sie hier eine einfache Beschreibung: am AB-Kreuz Aachen A44 Richtung Lüttich / Liège Abfahrt Lichtenbusch links abbiegen Richtung Monschau geradeaus bis zur T-Kreuzung dort rechts abbiegen Richtung Monschau geradeaus bis Roetgen hinter Ortseingangsschild 1. Straße rechts direkt die 1. Straße wieder rechts bis zum Wendehammer durchfahren linke Seite: Vennhorn 7 Ein Pavillon für den Seismik-Globus In einer interessanten Aktion bauten die Schüler der Seismik-AG des St. Michael-Gymnasiums Monschau einen mannshohen Globus, der die Grenzen der tektonischen Platten, sowie die Ausbreitung von Erdbeben im Inneren der Erde darstellt. Der Glaspavillon, in dem der Globus seinen Platz gefunden hat, ist unser Beitrag zu diesem bemerkenswerten Projekt. Weitere Informationen zum Bau des Globus haben die beteiligten Schüler in zwei Flyern zusammengestellt, die Sie hier herunterladen können: Bau Seismik-Globus Globus im Haus bei Nacht",3682,3682,11,"[""http://www.myrenne.com/de/anfahrt.html"", ""http://www.myrenne.com/de/kontakt.html"", ""http://www.myrenne.com/de/ueberuns/historie.html"", ""http://www.myrenne.com/"", ""http://www.myrenne.com/de/aktuelles.html"", ""http://www.myrenne.com/de/ausbildung.html"", ""http://www.myrenne.com/de/leistungen.html"", ""http://www.myrenne.com/de/produkte.html"", ""http://www.myrenne.com/de/qualitaet.html"", ""http://www.myrenne.com/de/stellenangebote.html"", ""http://www.myrenne.com/de/ueberuns.html""]","[""contact"", ""contact"", ""history_heritage"", ""homepage"", ""management_leadership"", ""management_leadership"", ""management_leadership"", ""management_leadership"", ""management_leadership"", ""management_leadership"", ""management_leadership""]",10,910,910,11,True,11,0,0,0,3682,0,0,0,de,True,,de,True,high,
c956bd4e-2b8a-4c48-8780-c187587f46b3,4,MYRENNE GMBH,post_event,include,"Aktuelles | Kontakt | Leistungen | Produkte | Qualität | Beim Schülerwettbewerb ""Formel 1 in der Schule"", bei dem es darum geht, einen kleinen Balsaholzrennwagen selber zu konstruieren, zu testen und zu realisieren, unterstützt unsere Firma das Team ""Aixtrem Racing"" des Einhard-Gymnasiums. Die von den Schülern selbst konstruierten und von uns gefertigten Chassis der Rennwagen legten den Grundstein für den großen Erfolg, den die Aachener Schüler in diesem Jahr vorweisen konnten. Alle Informationen zum Wettbewerb, die Bilder und Hintergründe finden Sie auf http://www.f1inschools.de/. Die Homepage des Teams ""Aixtrem Racing"" des Aachener Einhard-Gymnasiums zeigt unter http://www.aixtrem-racing.de/ das Team, das Auto und eine Gallerie für Interessierte. Ab sofort finden Sie an dieser Stelle unsere überarbeitete Webseite. Unser Ziel bei der Neugestaltung der Seiten war es, Interessenten alle benötigten Informationen noch strukturierter und übersichtlicher zur Verfügung zu stellen. Im Bereich Über uns erfahren Sie mehr über die Geschichte unseres Unternehmens, unsere Leistungen und unser Qualitätsverständnis. Weiterhin geben wir Ihnen hier einen Überblick über unsere lagermäßig verfügbaren Werkstoffe, unser logistischen Möglichkeiten, ein paar unserer bekannteren Kunden, sowie eine Anfahrtsbeschreibung. Unter dem Menüpunkt Leistungen stellen wir Ihnen die von uns angebotenen Dienstleistungen, sowie unsere Fertigungsverfahren vor. Beispiele für von uns gefertigte Produkte erhalten Sie unter dem gleichnamigen Menüpunkt. Sie finden hier sowohl eigene Produkte, als auch Beispiele für Produkte, die wir im Kundenauftrag gefertigt haben. Der Bereich Fertigungsverfahren bietet Ihnen einen detaillierten Einblick in unsere fertigungstechnischen Möglichkeiten. Für Produkte, die nicht mit unseren Verfahren oder auf unseren Maschinen gefertigt werden können, arbeiten wir regelmäßig mit kompetenten Partnern zusammen, so dass wir die Fertigung Ihrer Produkte in jedem Fall aus einer Hand anbieten können. Selbstverständlich sind wir auch auf den branchenüblichen Ausstellungen und Messen vertreten. In diesem Bereich finden Sie Informationen, wann und wo die nächsten Messetermine geplant sind. Wir beschäftigen ständig mehrere Auszubildende in verschiedenen Berufsbildern. Unter Ausbildung finden Sie hierzu alles Wissenswerte. Ihre Kritik oder Anregungen zur Webseite nehmen wir gerne entgegen. Stellenangebote | Referenzen | Anfahrt | Impressum | Sitemap |

Ausbildungsberufe Wir bilden regelmäßig junge Leute in folgenden Berufsfeldern aus: Die Tätigkeit im Überblick Feinwerkmechaniker/innen stellen Produkte der Stanz-, Schnitt- und Umformtechnik sowie der Vorrichtungs- und Formenbautechnik ebenso her wie Maschinen, Geräte, Systeme und Anlagen, die sie auch warten und instand setzen. Sie arbeiten bei Herstellern von feinmechanischen und optischen Erzeugnissen sowie im Maschinen- und Werkzeugbau. Außerdem sind Feinwerkmechaniker/innen z.B. in Betrieben tätig, die elektrische Mess- und Kontrollinstrumente produzieren. Darüber hinaus bieten Wartungs- und Reparaturdienste, z.B. für Nähmaschinen, Beschäftigungsmöglichkeiten. Die Ausbildung im Überblick Feinwerkmechaniker/in ist ein anerkannter Ausbildungsberuf nach der Handwerksordnung (HwO). Diese bundesweit geregelte 3 1/2-jährige Ausbildung wird im Handwerk in folgenden Schwerpunkten angeboten: Feinmechanik Maschinenbau Werkzeugbau Auch eine schulische Ausbildung ist möglich. Lesezeichen-tauglicher Link Wenn Sie diese Berufsbeschreibung als Lesezeichen/Favorit speichern oder die Adresse (per eMail) weitergeben wollen, benutzen Sie bitte die folgende Adresse: http://berufenet.arbeitsagentur.de/berufe/start?dest=profession&prof-id=15145 Die Tätigkeit im Überblick Technische Zeichner/innen der Fachrichtung Maschinen- und Anlagentechnik setzen die Vorgaben von Konstrukteuren und Konstrukteurinnen in Pläne und technische Unterlagen um. Sie fertigen vor allem technische Zeichnungen für den Neubau, die Entwicklung und die Modernisierung von Maschinen, Geräten und Fahrzeugen. Technische Zeichner/innen der Fachrichtung Maschinen- und Anlagentechnik arbeiten in erster Linie in Architektur- oder Ingenieurbüros. Auch in Konstruktionsbüros von Betrieben sind sie tätig, z.B. im Maschinen- und Anlagen- oder im Fahrzeugbau. Darüber hinaus sind sie unter anderem bei Energieversorgern oder in kommunalen Bauämtern tätig. Die Ausbildung im Überblick Technische/r Zeichner/in ist ein anerkannter Ausbildungsberuf nach dem Berufsbildungsgesetz (BBiG). Diese bundesweit geregelte 3 1/2-jährige Ausbildung wird in Industrie und Handwerk in den folgenden Fachrichtungen angeboten: Maschinen- und Anlagentechnik Elektrotechnik Heizungs-, Klima- und Sanitärtechnik Holztechnik Stahl- und Metallbautechnik Daneben gibt es die Möglichkeit, im Rahmen einer landesrechtlich geregelten schulischen Ausbildung an Berufsfachschulen den Abschluss als Technische/r Zeichner/in ohne Schwerpunkt zu erwerben. Lesezeichen-tauglicher Link Wenn Sie diese Berufsbeschreibung als Lesezeichen/Favorit speichern oder die Adresse (per eMail) weitergeben wollen, benutzen Sie bitte die folgende Adresse: http://berufenet.arbeitsagentur.de/berufe/start?dest=profession&prof-id=6477

Aktuelles | Kontakt | Leistungen | Produkte | Qualität | Zur Kabelbaumprüfung in der Automobilfertigung werden sogenannte ""Handadapter"" eingesetzt. Diese Geräte werden spezifisch für jeden Stecker im Fahrzeug angefertigt und erlauben es dem Werker, durch einfaches Einstecken des Steckers in eine dafür vorgesehene Kammer, die Funktion und richtige Verkabelung zu testen. Das Ergebnis des Tests wird sofort abgespeichert und dem Werker angezeigt. Aufgrund der rauen Bedingungen in der Automobilfertigung müssen besondere Anforderungen an die Stabilität und Haltbarkeit der Adapter gestellt werden. Unsere langjährige Erfahrung erlaubt es uns, höchst genaue und nahezu unzerstörbare Gehäuse für diese Geräte liefern zu können. Die Gehäuseschalen werden dabei aus einem speziellen Werkstoff aus einem Stück gefräst. hier z.B.: Laserschneidanlage Baugruppe für die Funkstromzange ICP Die hochgenaue Funkstromzange mit integriertem Gesamtmesssystem, Steuerrechner und Funkmodul ermöglicht berührungsloses Messen von Adaptionen ohne Abklemmen der Batteriepole. In enger Zusammenarbeit mit der anerkannten Huforthopädin Adriane Georgi vom Deutschen Institut für Huforthopädie (DIfHO) haben wir einen neuen Hufbock entwickelt, der die Hufbehandlung und -pflege sehr bequem und einfach macht. Der höhenverstellbare Bock steht auf einem tragfähigen Dreibein-Gestänge, welches selbst bei nervösen Pferden kippsicher und stabil steht. Die Hufauflage aus PP ist rutschsicher ausgelegt und erlaubt sowohl ein Aufstellen des Hufes als auch ein Auflegen des Beines für verschiedene Untersuchungen und Behandlungen am Huf. Bei Interesse wenden Sie sich bitte an Frau Evelyn Myrenne ( Diese E-Mail-Adresse ist gegen Spambots geschützt! JavaScript muss aktiviert werden, damit sie angezeigt werden kann. ). Ein Infoblatt zum Hufbock können Sie hier herunterladen. Gehäuse für Multifunktionstester MFT Das universell einsetzbare Instrument zur Programmierung,Prüfung und Diagnose von Fahrzeug-Steuergeräten. Mit dem Prüfgerät SP1 können Streifenproben, Schuhsohlen oder ganze Schuhe geprüft werden. Das Gerät empfindet den natürlichen Bewegungsablauf nach. Im gestreckten Zustand ist die Sohle unbelastet. Während des Biegevorganges wird sie mit ca. 700 N be- und in der Ausgangsstellung wieder entlastet. Zur Methode: Zu beiden Seiten des kompakten Maschinenkörpers in Ständerausführung befinden sich höhenverstellbare Fuß-Tische. Zwischen diesen und den Gegendruckplatten wird der Prüfkörper einseitig eingespannt. Die zweite Befestigung der Probe erfolgt an Schwenkarm-Konsolen. Die Schwenkarmbewegung erzeugt eine Wechselbiegebelastung auf den Prüfkörper, wobei der Prüfkörper in der gestreckten Lage zur Vermeidung unkontrollierter Zug- oder Druckspannung durch ein kurzes Abheben der Gegendruckplatte entlastet wird. Der Schenkwinkel ist einstellbar. Die Schwenkarme werden mit der vorgewählten Biegefrequenz bewegt. Die Abschaltung erfolgt automatisch in gestreckter Lage des Prüfkörpers, nachdem die vorgewählte Biegungsanzahl erreicht ist. Die Gegendruckplatten werden durch einen doppelwirkenden Hydraulikzylinder aufgepresst und zur Entlastung der Probe abgehoben. Die Entlastungszeit ist stufenlos einstellbar. Die Gegendruckplatten sind temperierbar (Option). Alle beweglichen Teile sind durch Schutzhauben gegen unbeabsichtigtes Hineingreifen gesichert. Biegewinkel: | 50° - 100° in 10°-Stufen, manuell einstellbar. (Einrichtezeit: ca. 15 min.) | Biegefrequenz: | 65 und 130/min, automatisch | Antrieb: | Drehstromgetriebe-Bremsmotor polumschaltbar 220/380 · V 0,5/0,6 kW | Druckplatten: | Stufenlos höhenverstellbar, zyklischer Anpressdruck ca. 700 N pro Druckplatte über integriertes Hydraulikaggregat 0,37 kW. Auf Wunsch temperierbar über Flüssigkeitsthermostat bzw. Kryostat.* | Ventilsteuerung: | elektromagnetisch über Lichtschranke einschließlich elektronischer Zeitschaltung. | Fußtische: | Aufspannfläche 130x80 mm, T-Nut 8 mm breit, höhenverstellbar in 20 mm Stufen. | Biegezählwerk: | Subtrahierendes Zählwerk, nach eingestellter Hubzahl automatisch abschaltend. Zählimpuls über Lichtschranke. Abschaltpunkt bei gestrecktem Schwenkwinkel. | Prüfkörper-Risskontrolle: | Zwischenstop im max. eingestellten Biegewinkel. | Sicherheitseinrichtungen: | Not-Aus-Schalter, Türkontaktschalter, die den Betrieb des Gerätes ausschließlich bei geschlossenen Türen gestatten. | Anschluss: | 380 V · 50 Hz · 16 A. Auf Wunsch andere Spannungen.* | Abmessung: | ca. 550 x 550 x 1350 mm Höhe. | Gewicht: | ca. 300 kg | * gegen Mehrpreis Auch für Ihre Maschine entwickeln und fertigen wir Ersatzteile, Vorrichtungen und Baugruppen. Stellenangebote | Referenzen | Anfahrt | Impressum | Sitemap |

Zertifikat Die Sicherstellung einer hervorragenden Qualität unserer Produkte und Dienstleistungen ist bei uns das oberste Ziel. Dazu haben wir ein Qualitätsmanagementsystem ausgearbeitet und eingeführt, das uns bei der Erfüllung dieses Ziels unterstützt. Seit März 2000 ist unser Qualitätsmanagementsystem nach ISO 9001 zertifiziert. In jährlichen Überwachungsaudits durch die LRQA (Lloyd's Register Quality Assurance) wird die fortdauernde Wirksamkeit unseres Systems nachgewiesen. Auf Wunsch stellen wir Ihnen gerne unser QM-Handbuch zur Verfügung, damit Sie nachvollziehen können, auf welche Weise wir unsere gute Qualität sicherstellen. Messen Zur Sicherstellung der Qualität unserer Produkte verfügen wir über moderne Messeinrichtungen, wie z.B. unsere 3D-Koordinaten-Messmaschine mit Scanning-Funktion: CNC gesteuert, max. x 505 mm / y 705 mm / z 405 mm Außerdem stehen uns folgende Messmöglichkeiten zur Verfügung: 3D-Auftragsmessungen berührungsloses Messsystem mit geometrischem Messrechner Schichtdickenmessung Shorehärteprüfung Oberflächenrauheitsbestimmung Werksprotokolle Werkzeugvoreinstellgerät Für zuverlässige Messungen haben wir einen separaten Messraum eingerichtet (36m²), der abgeschirmt vom Betrieb der Fertigung ein ruhiges und konzentriertes Arbeiten ermöglicht. Qualitätskontrolle Qualitätskontrolle während der Fertigung: Schaltendes 3D-Funkmesssystem Laserwerkzeug- und Werkstückvermessung kalibrierte Messwerkzeuge und Lehren: in der Produktion und Endkontrolle Prüfen Für die von uns verwendeten Rohmaterialien und Fertigteile stehen uns bei Bedarf folgende Prüfverfahren zur Verfügung: Röntgenprüfung Ultraschallprüfung Heliumlecktest für druckdichte Bauteile und Baugruppen Weiterbildung Zukunftsorientierte Mitarbeiterentwicklung Durch regelmäßige interne und externe Schulungen unserer Mitarbeiter erweitern wir unser Know-How. Dabei steht die Anforderung im Vordergrund, ständig über technische Entwicklungen in unserem Bereich auf dem laufenden zu bleiben und den Mitarbeitern höchstmögliche Kompetenz zu ermöglichen.

Startseite > Stellenangebote Aktuelles | Kontakt | Leistungen | Produkte | Qualität Startseite Über uns Leistungen Produkte Fertigungsverfahren Veranstaltungen Ausbildung Stellenangebote Stellenangebote | Referenzen | Anfahrt | Impressum | Sitemap

Über uns Zertifikat Die Sicherstellung einer hervorragenden Qualität unserer Produkte und Dienstleistungen ist bei uns das oberste Ziel. Dazu haben wir ein Qualitätsmanagementsystem ausgearbeitet und eingeführt, das uns bei der Erfüllung dieses Ziels unterstützt. Seit März 2000 ist unser Qualitätsmanagementsystem nach ISO 9001 zertifiziert. In jährlichen Überwachungsaudits durch die LRQA (Lloyd's Register Quality Assurance) wird die fortdauernde Wirksamkeit unseres Systems nachgewiesen. Auf Wunsch stellen wir Ihnen gerne unser QM-Handbuch zur Verfügung, damit Sie nachvollziehen können, auf welche Weise wir unsere gute Qualität sicherstellen. Materiallager In unserem 400m² großen Materiallager halten wir alle gängigen Werkstoffe in verschiedensten Größen für Sie bereit. Hier eine Auswahl unserer ständig verfügbaren Werkstoffe: Stähle: 1.4305, 1.4301, St37-52, … Aluminiumlegierungen: AlMgCuZn1,5 AlMg4,5Mn, AlMgCuPb, AlMgSi0,5, ... Kunststoffe: PETP, PP, POM, PA, PVC, PEEK, HS25, Semitron … Nichteisenmetalle: Cu, CuZn40Pb2, RG … Referenzen Hier sehen Sie einige unserer bekanntesten Kunden: Carl Schenck AG MAN Nutzfahrzeuge AG Robert Bosch GmbH Philips Deutschland GmbH Bayer AG Fresenius SE BAM Bundesanstalt für Materialforschung und -prüfung BYK-Chemie GmbH DSA - Daten- und Systemtechnik GmbH Romika Shoes GmbH Daimler AG: Mercedes Benz Fraunhofer-Gesellschaft zur Förderung der angewandten Forschung e.V. BASF SE Ford Motor Company Institut für Kunststoffverarbeitung an der RWTH Aachen AMEPA Angewandte Messtechnik und Prozessautomatisierung GmbH Quality Automation GmbH Volvo Car Germany GmbH Dürr AG Sanofi-Aventis Deutschland GmbH Gates Corporation Logistik Fuhrpark Zu unserem Fuhrpark zählen mehrere Kleintransporter, um bei Bedarf die umgehende Belieferung unserer Kunden zu gewährleisten. Paketzustellung und Speditionen Wir liefern auf Wunsch über alle gängigen Paketdienste (UPS, TNT, ...). Größere Transporte organisieren wir mittels zuverlässiger Speditionen national und international inklusive der Erledigung von Formalitäten und Verzollung. Historie 11.11.1976 Gründung der Myrenne GmbH durch Heinz und Bärbel Myrenne. Nov. 1988 Umzug in das neu errichtete Betriebsgebäude im Gewerbegebiet Roetgen mit 216 m² Bürofläche, Personalräumen sowie 432 m² Produktionsfläche, ca. 20 Mitarbeiter Nov. 1997 Fertigstellung der Erweiterung des Betriebsgebäudes um 612 m² März 2000 Zertifiziert nach DIN ISO EN 9001. Jan. 2001 Fertigstellung des neuen Hallenanbaus für die Produktionsabteilung (1872 m²), ca. 30 Mitarbeiter. Nov. 2001 25-jähriges Bestehen der Myrenne GmbH März 2005 Erweiterung des Materiallagers auf insgesamt 400m² Juni 2006 Anbau eines Messraums für die Qualitätskontrolle (90m²), 34 Mitarbeiter Anfahrt Auf der Karte können Sie erkennen, wo unser Unternehmen zu finden ist. Mit gedrückter linker Maustaste lässt sich der Kartenausschnitt verschieben und mit dem Mausrad (oder wahlweise den <+-> Tasten links oben) ist der Zoomfaktor einstellbar. JavaScript must be enabled in order for you to use Google Maps. However, it seems JavaScript is either disabled or not supported by your browser. To view Google Maps, enable JavaScript by changing your browser options, and then try again. Unsere Adresse lautet: Myrenne GmbH Vennhorn 7 52159 Roetgen An dieser Stelle können Sie bequem Ihre persönliche Anfahrtsbeschreibung abfragen. Bitte geben Sie dazu Ihre Startadresse ein. Es öffnet sich daraufhin ein neues Fenster, welches Ihnen Ihre Route sowie die Routenbeschreibung anzeigt. Falls die automatischen Routing-Funktionen nicht funktionieren oder Sie diese nicht nutzen möchten, finden Sie hier eine einfache Beschreibung: am AB-Kreuz Aachen A44 Richtung Lüttich / Liège Abfahrt Lichtenbusch links abbiegen Richtung Monschau geradeaus bis zur T-Kreuzung dort rechts abbiegen Richtung Monschau geradeaus bis Roetgen hinter Ortseingangsschild 1. Straße rechts direkt die 1. Straße wieder rechts bis zum Wendehammer durchfahren linke Seite: Vennhorn 7 Ein Pavillon für den Seismik-Globus In einer interessanten Aktion bauten die Schüler der Seismik-AG des St. Michael-Gymnasiums Monschau einen mannshohen Globus, der die Grenzen der tektonischen Platten, sowie die Ausbreitung von Erdbeben im Inneren der Erde darstellt. Der Glaspavillon, in dem der Globus seinen Platz gefunden hat, ist unser Beitrag zu diesem bemerkenswerten Projekt. Weitere Informationen zum Bau des Globus haben die beteiligten Schüler in zwei Flyern zusammengestellt, die Sie hier herunterladen können: Bau des Seismik-Globus Globus im Haus bei Nacht Messen Zur Sicherstellung der Qualität unserer Produkte verfügen wir über moderne Messeinrichtungen, wie z.B. unsere 3D-Koordinaten-Messmaschine mit Scanning-Funktion: CNC gesteuert, max. x 505 mm / y 705 mm / z 405 mm Außerdem stehen uns folgende Messmöglichkeiten zur Verfügung: 3D-Auftragsmessungen berührungsloses Messsystem mit geometrischem Messrechner Schichtdickenmessung Shorehärteprüfung Oberflächenrauheitsbestimmung Werksprotokolle Werkzeugvoreinstellgerät Für zuverlässige Messungen haben wir einen separaten Messraum eingerichtet (36m²), der abgeschirmt vom Betrieb der Fertigung ein ruhiges und konzentriertes Arbeiten ermöglicht. Qualitätskontrolle Qualitätskontrolle während der Fertigung: Schaltendes 3D-Funkmesssystem Laserwerkzeug- und Werkstückvermessung kalibrierte Messwerkzeuge und Lehren: in der Produktion und Endkontrolle Prüfen Für die von uns verwendeten Rohmaterialien und Fertigteile stehen uns bei Bedarf folgende Prüfverfahren zur Verfügung: Röntgenprüfung Ultraschallprüfung Heliumlecktest für druckdichte Bauteile und Baugruppen Weiterbildung Zukunftsorientierte Mitarbeiterentwicklung Durch regelmäßige interne und externe Schulungen unserer Mitarbeiter erweitern wir unser Know-How. Dabei steht die Anforderung im Vordergrund, ständig über technische Entwicklungen in unserem Bereich auf dem laufenden zu bleiben und den Mitarbeitern höchstmögliche Kompetenz zu ermöglichen.

Anfahrt Auf der Karte können Sie erkennen, wo unser Unternehmen zu finden ist. Mit gedrückter linker Maustaste lässt sich der Kartenausschnitt verschieben und mit dem Mausrad (oder wahlweise den <+-> Tasten links oben) ist der Zoomfaktor einstellbar. JavaScript must be enabled in order for you to use Google Maps. However, it seems JavaScript is either disabled or not supported by your browser. To view Google Maps, enable JavaScript by changing your browser options, and then try again. Unsere Adresse lautet: Myrenne GmbH Vennhorn 7 52159 Roetgen An dieser Stelle können Sie bequem Ihre persönliche Anfahrtsbeschreibung abfragen. Bitte geben Sie dazu Ihre Startadresse ein. Es öffnet sich daraufhin ein neues Fenster, welches Ihnen Ihre Route sowie die Routenbeschreibung anzeigt. Falls die automatischen Routing-Funktionen nicht funktionieren oder Sie diese nicht nutzen möchten, finden Sie hier eine einfache Beschreibung: am AB-Kreuz Aachen A44 Richtung Lüttich / Liège Abfahrt Lichtenbusch links abbiegen Richtung Monschau geradeaus bis zur T-Kreuzung dort rechts abbiegen Richtung Monschau geradeaus bis Roetgen hinter Ortseingangsschild 1. Straße rechts direkt die 1. Straße wieder rechts bis zum Wendehammer durchfahren linke Seite: Vennhorn 7

Aktuelles | Kontakt | Leistungen | Produkte | Qualität | Allgemeine Information: | Zentrale Tel.: 02471-12120 Fax: 02471-121212 Diese E-Mail-Adresse ist gegen Spambots geschützt! JavaScript muss aktiviert werden, damit sie angezeigt werden kann. | | Entwicklung & Konstruktion: | Herr Jan van Gilse Tel.: 02471-121221 Diese E-Mail-Adresse ist gegen Spambots geschützt! JavaScript muss aktiviert werden, damit sie angezeigt werden kann. | | Betriebsleitung: | Herr Karl-Heinz Backes Tel.: 02471-121223 Diese E-Mail-Adresse ist gegen Spambots geschützt! JavaScript muss aktiviert werden, damit sie angezeigt werden kann. | | Fertigung: | Herr Rainer Schmeltz Tel.: 02471-121216 Fax: 02471-121225 Diese E-Mail-Adresse ist gegen Spambots geschützt! JavaScript muss aktiviert werden, damit sie angezeigt werden kann. | | Geschäftsleitung: | Frau Evelyn Myrenne, Herr Karl-Heinz Backes Tel.: 02471-121224 Diese E-Mail-Adresse ist gegen Spambots geschützt! JavaScript muss aktiviert werden, damit sie angezeigt werden kann. | Auf dieser Seite finden Sie alle Informationen, um mit uns Kontakt aufzunehmen. Sie können zu unseren Produktbereichen Informationsmaterial anfordern oder uns eine E-Mail mit Fragen, Anregungen oder auch Kritik schicken. Wenn Sie statt diesen Formulars lieber Ihr E-Mail-Programm benutzen möchten, verwenden Sie einfach die oben angegebenen Mailadressen. Ihre Daten dienen ausschließlich der internen Bearbeitung der Fa. Myrenne GmbH und werden nicht an Dritte weitergeleitet. Stellenangebote | Referenzen | Anfahrt | Impressum | Sitemap |

11.11.1976 | Gründung der Myrenne GmbH durch Heinz und Bärbel Myrenne. | Nov. 1988 | Umzug in das neu errichtete Betriebsgebäude im Gewerbegebiet Roetgen mit 216 m² Bürofläche, Personalräumen sowie 432 m² Produktionsfläche, ca. 20 Mitarbeiter | Nov. 1997 | Fertigstellung der Erweiterung des Betriebsgebäudes um 612 m² | März 2000 | Zertifiziert nach DIN ISO EN 9001. | Jan. 2001 | Fertigstellung des neuen Hallenanbaus für die Produktionsabteilung (1872 m²), ca. 30 Mitarbeiter. | Nov. 2001 | 25-jähriges Bestehen der Myrenne GmbH | März 2005 | Erweiterung des Materiallagers auf insgesamt 400m² | Juni 2006 | Anbau eines Messraums für die Qualitätskontrolle (90m²), 34 Mitarbeiter |

myrenne gmbh Wir bieten Gesamtlösungen im Maschinenbau Als mittelständisches Unternehmen im Raum Aachen/Eifel bieten wir Ihnen Gesamtlösungen im Maschinenbau. Von der Produktidee bis zur Auslieferung des fertigen Produkts bekommen Sie bei uns alles aus einer Hand. Sollten Sie lediglich einen Spezialisten für die Fertigung Ihrer Produkte suchen, sind Sie bei uns ebenfalls an der richtigen Adresse. Wir bieten Ihnen alle gängigen Fertigungsverfahren in höchster Qualität. Alle Ansprechpartner stehen Ihnen hier gerne zur Verfügung. Wir freuen uns auf Ihre Anfrage. Ihr Team der Myrenne GmbH

Leistungen Gesamtlösungen Wir bieten Ihnen Gesamtlösungen im Maschinenbau . Das bedeutet: Sie liefern uns Ihre Idee, wir planen, entwerfen, konstruieren, dokumentieren, fertigen und montieren Ihr Produkt. Darüber hinaus betreuen wir Ihr Produkt mit technischem Support, Ersatzteilen, sowie notwendigen Anpassungs- und Umkonstruktionen. Bei uns sind Sie mit Ihrem Produkt in guten Händen. Konstruktion & Entwicklung In unserer Entwicklungsabteilung stehen Ihnen qualifizierte und erfahrene Ingenieure zur Verfügung, die Ihre Wünsche und Ansprüche an Ihr Produkt konsequent umsetzen. Wir legen dabei größten Wert auf Qualität Sicherheit Handhabbarkeit und Design der Produkte. Durch die vielfache Verwendung von Normteilen und Standardkomponenten überall dort, wo es möglich und sinnvoll ist, stellen wir sicher, dass die Produkt- und Ersatzteilkosten überschaubar bleiben. Entwicklung und Fertigung von kundenspezifischen Sondermaschinen einschließlich elektronischer und datentechnischer Zusatzeinrichtungen. Optimale Lösungen für Entwicklung und Konstruktion in enger interaktiver Zusammenarbeit mit dem Kunden. Durchgehenden Einsatz von 3D-CAD und CAM mit Siemens NX . 3D-Modelle Unser Prototypenplotter ""FDM Vantage"" von Stratasys bietet die Möglichkeit, innerhalb kurzer Zeit funktionelle Prototypen von Einzelkomponenten oder ganzen Baugruppen zu fertigen. Benötigt wird dazu lediglich ein 3D-Modell in einem gängigen CAD-Format. Bauteilgröße: max. x 203 / y 203 / z 305 mm Material: PC- ABS (Acrylnitril-Butadien-Styrol) erhältlich in den Farben: schwarz, weiß, rot, blau, gelb, grün Verfahren: FDM (fused deposition modeling) erforderliche Daten: 3D-Daten im STL-Format Die folgenden Bilder zeigen ein 3D-Modell im Rechner, das daraus gefertigte Prototypenteil aus Kunststoff sowie ein Gerät, das auf herkömmlichem Weg aus Alu gefräst wurde. Zu erkennen sind die endmaßnahe Formgebung und die farblichen Variationsmöglichkeiten. Montage Unsere Montagehalle bietet viel Platz auch für die Montage großer Maschinen und Anlagen. Montage von mechanischen, elektromechanischen, hydraulischen, pneumatischen und medizinischen Einheiten und Geräten wie z. B.: Mess- und Prüfgeräte, komplette Fahranlagen, Eichgeräte, Rundtaktmaschinen, ... 360 m² Montagehalle Montage auf Kundenwunsch auch vor Ort möglich! Partner Folgende spezielle Fertigungsverfahren bieten wir in enger Zusammenarbeit mit kompetenten Partnern an: Oberflächenbehandlung: Eloxieren, Hartcoatieren, chemisch Vernickeln, Chromatieren, TUFRAM (synergetische Behandlung von Aluminium) Pulverbeschichten usw. Wärmebehandlung von Stählen: Härten, Glühen usw. Rundschleifen Wasserstrahlschneiden Blechbearbeitung Laserschneiden Laserschweißen Schaltschrankbau Verschiedene Zusätzlich zu den beschriebenen Fertigungsverfahren verfügen wir über folgende weitere Möglichkeiten, hochwertige Produkte zu fertigen: Trowalisiergerät Sandstrahlkabine Stoßmaschine Biegemaschine Plasmabrenner 2-Komponenten-Dosieranlage Powerflex Universal-Gewindeschneidsystem Teilereinigungsanlage Fertigung Unsere umfangreich ausgestattete Fertigungsabteilung erlaubt es uns, alle von uns entwickelten Produkte selbst zu fertigen. Dazu stehen uns alle gängigen Fertigungsverfahren zur Verfügung. Bei einigen spezielle Verfahren greifen wir auf unsere spezialisierten und kompetenten zurück. Natürlich fertigen wir auch Ihr Produkt nach Ihren Vorgaben. Dabei stehen wir Ihnen auch gerne als kompetenter Berater in allen Fertigungsfragen zur Verfügung. Auch Änderungen an Ihren bestehenden Produkten arbeiten wir in enger Zusammenarbeit mit unserer Konstruktionsabteilung gerne ein.",3224,3224,11,"[""http://myrenne.com/de/aktuelles.html"", ""http://myrenne.com/de/ausbildung.html"", ""http://myrenne.com/de/produkte.html"", ""http://myrenne.com/de/qualitaet.html"", ""http://myrenne.com/de/stellenangebote.html"", ""http://myrenne.com/de/ueberuns.html"", ""http://myrenne.com/de/anfahrt.html"", ""http://myrenne.com/de/kontakt.html"", ""http://myrenne.com/de/ueberuns/historie.html"", ""http://myrenne.com/"", ""http://myrenne.com/de/leistungen.html""]","[""company_about"", ""company_about"", ""company_about"", ""company_about"", ""company_about"", ""company_about"", ""contact"", ""contact"", ""history_heritage"", ""homepage"", ""products_services""]",11,1056,1056,11,True,11,0,0,0,3224,0,0,0,de,True,,de,True,high,
c956bd4e-2b8a-4c48-8780-c187587f46b3,4,MYRENNE GMBH,post_post_event,include,"ÜBER UNS 11. November 1976 Gründung der Myrenne GmbH durch Heinz und Bärbel Myrenne November 1988 Umzug in das neu errichtete Betriebsgebäude im Gewerbegebiet Roetgen Novemer 1997 Fertigstellung der Erweiterung des Betriebsgebäudes um eine zweite Halle März 2000 Zertifizierung nach DIN ISO EN 9001 Januar 2001 Vergrößerung der Produktionsfläche durch den Anbau einer dritten Halle November 2001 25-jähriges Bestehen der Myrenne GmbH März 2005 Erweiterung des Materiallagers durch den Anbau einer vierten Halle Juni 2006 Anbau eines Messraums für die Qualitätskontrolle Dezember 2011 Umzug des Materiallagers in die Vennstraße 4 April 2012 Übergabe der Geschäftsleitung an Evelyn Myrenne und Karl-Heinz Backes Juli 2013 1. Tag der offenen Tür März 2014 Errichtung eines vollklimatisierten Messraums Juli 2014 Ehrung zum Ausbildungsbetrieb des Jahres 2013 im Feinwerkmechaniker-Handwerk Februar 2015 Rezertifizierung (15 Jahre ISO 9001) Stand heute 28 Mitarbeiter, ca. 3.000m² Betriebsfläche Gründung der Myrenne GmbH durch Heinz und Bärbel Myrenne November 1988 Umzug in das neu errichtete Betriebsgebäude im Gewerbegebiet Roetgen Novemer 1997 Fertigstellung der Erweiterung des Betriebsgebäudes um eine zweite Halle März 2000 Zertifizierung nach DIN ISO EN 9001 Januar 2001 Vergrößerung der Produktionsfläche durch den Anbau einer dritten Halle November 2001 25-jähriges Bestehen der Myrenne GmbH März 2005 Erweiterung des Materiallagers durch den Anbau einer vierten Halle Juni 2006 Anbau eines Messraums für die Qualitätskontrolle Dezember 2011 Umzug des Materiallagers in die Vennstraße 4 April 2012 Übergabe der Geschäftsleitung an Evelyn Myrenne und Karl-Heinz Backes Juli 2013 1. Tag der offenen Tür März 2014 Errichtung eines vollklimatisierten Messraums Juli 2014 Ehrung zum Ausbildungsbetrieb des Jahres 2013 im Feinwerkmechaniker-Handwerk Februar 2015 Rezertifizierung (15 Jahre ISO 9001) Stand heute 28 Mitarbeiter, ca. 3.000m² Betriebsfläche

QUALITÄTSMANAGEMENT Die Sicherstellung einer hervorragenden Qualität unserer Produkte und Dienstleistungen ist bei uns das oberste Ziel. Dazu haben wir ein Qualitätsmanagementsystem ausgearbeitet und eingeführt, das uns bei der Erfüllung dieses Ziels unterstützt. Seit März 2000 ist unser Qualitätsmanagementsystem nach ISO 9001 zertifiziert. In jährlichen Überwachungsaudits durch die LRQA (Lloyd's Register Quality Assurance) wird die fortdauernde Wirksamkeit unseres Systems nachgewiesen. Auf Wunsch stellen wir Ihnen gerne unser QM-Handbuch zur Verfügung, damit Sie nachvollziehen können, auf welche Weise wir unsere gute Qualität sicherstellen. Durch regelmäßige interne und externe Schulungen unserer Mitarbeiterinnen und Mitarbeiter erweitern wir ständig unser Know-How. Seit März 2000 ist unser Qualitätsmanagementsystem nach ISO 9001 zertifiziert. In jährlichen Überwachungsaudits durch die LRQA (Lloyd's Register Quality Assurance) wird die fortdauernde Wirksamkeit unseres Systems nachgewiesen. Auf Wunsch stellen wir Ihnen gerne unser QM-Handbuch zur Verfügung, damit Sie nachvollziehen können, auf welche Weise wir unsere gute Qualität sicherstellen. Durch regelmäßige interne und externe Schulungen unserer Mitarbeiterinnen und Mitarbeiter erweitern wir ständig unser Know-How.

WETTBEWERBE Dieses Auto wurde das schnellste bei der Miniatur-Formel-1-Rennwagen-Weltmeisterschaft in Singapur 2010. Mehr Infos! SCHULPROJEKTE http://seismic.mgm-monschau.de/ Download: Zeitungsbericht zum Schulprojekt der Seismic AG des St. Michael Gymnasiums in Monschau http://mgm-monschau.de/ Aufbau des Pavillon auf dem Gelände des St. Michael Gymnasiums in Monschau MUSIK- UND SPORTVEREINE http://www.musik-kornelimünster.de http://www.musikvereinigung-roetgen.de http://esv-ac.de/

VERANSTALTUNGEN Girls' Day Im Rahmen des Girls' Day bieten wir jedes Jahr interessierten Mädchen die Möglichkeit, Einblicke in ein typischerweise von Männern dominiertes Tätigkeitsfeld zu erhalten. Ausbildungstag Wir nehmen regelmäßig am Ausbildungstag, einer regionalen Ausbildungsmesse der Kommunen Monschau, Roetgen und Simmerath teil. Dabei informieren wir über unsere Ausbildungsmöglichkeiten zum/zur Feinwerkmechaniker/in.

WIR BIETEN GESAMTLÖSUNGEN IM MASCHINENBAU Als mittelständisches Unternehmen im Raum Aachen/Eifel bieten wir Ihnen Gesamtlösungen im Maschinenbau. Von der ersten Idee bis zum Abschluss des Projekts bekommen Sie bei uns alles aus einer Hand. Sollten Sie einen Spezialisten für die Fertigung Ihrer Produkte suchen, dann sind Sie bei uns an der richtigen Adresse. Wir bieten Ihnen alle gängigen Fertigungsverfahren in höchster Qualität. LEISTUNGEN Konstruktion und Entwicklung Rapid Prototyping Technische Dokumentation Fertigung Montage Prüfen und Messen Materiallager Logistik FERTIGUNGSVERFAHREN Fertigungsabteilung Fräsen Drehen Schweißen Laserbeschriften Rapid Manufacturing (FDM) Schleifen Läppen Lackieren Sonstiges Partner PRODUKTE Kundenspezifische Turn-Key-Spezialmaschinen Sondermaschinen Mechanische Lösungen für elektronische Geräte Sonderanfertigungen und Sonderlösungen Huf-Schemel (Hufbock)

KONSTRUKTION UND ENTWICKLUNG In unserer Entwicklungsabteilung stehen Ihnen qualifizierte und erfahrene Ingenieure zur Verfügung, die Ihre Wünsche und Ansprüche an Ihr Produkt konsequent umsetzen. Wir legen dabei größten Wert auf: Funktionalität Qualität Sicherheit Handhabbarkeit und Design der Produkte Durch die vielfache Verwendung von Normteilen und Standardkomponenten überall dort, wo es möglich und sinnvoll ist, stellen wir sicher, dass die Produkt- und Ersatzteilkosten überschaubar bleiben. Prozesselemente eines typischen Entwicklungsprojektes sind u.a.: Entwicklung und Fertigung von kundenspezifischen Sondermaschinen einschließlich elektronischer und datentechnischer Zusatzeinrichtungen Optimale Lösungen für Entwicklung und Konstruktion in enger interaktiver Zusammenarbeit mit dem Kunden Durchgehender Einsatz von 3D-CAD (Siemens NX, Inventor u.a.), CAE und CAM

KONSTRUKTION UND ENTWICKLUNG RAPID PROTOTYPING TECHNISCHE DOKUMENTATION FERTIGUNG MONTAGE PRÜFEN UND MESSEN MATERIALLAGER LOGISTIK FERTIGUNGSABTEILUNG FRÄSEN DREHEN SCHWEIßEN LASERBESCHRIFTEN RAPID MANUFACTURING (FDM) SCHLEIFEN LÄPPEN LACKIEREN SONSTIGES PARTNER KUNDENSPEZIFISCHE TURN-KEY-SPEZIALMASCHINEN SONDERMASCHINEN MECHANISCHE LÖSUNGEN FÜR ELEKTRONISCHE GERÄTE SONDERANFERTIGUNGEN UND SONDERLÖSUNGEN HUF-SCHEMEL (HUFBOCK) ÜBER UNS AUSBILDUNG VERANSTALTUNGEN QUALITÄTSMANAGEMENT SPONSORING ANFRAGEFORMULAR POSTANSCHRIFT UND ZENTRALE ANFAHRT UND ROUTENPLANUNG 3D-PROTOTYPING HOME LEISTUNGEN FERTIGUNGSVERFAHREN PRODUKTE UNTERNEHMEN KONTAKT 3D-PROTOTYPING LOGIN FERTIGUNG Weitere Informationen: Fertigungsverfahren

LOGISTIK Fuhrpark Zu unserem Fuhrpark zählen mehrere Kleintransporter, um bei Bedarf die umgehende Belieferung unserer Kunden zu gewährleisten. Paketzustellung und Speditionen Wir liefern auf Wunsch über alle gängigen Paketdienste (UPS, TNT, DHL, …). Größere Transporte organisieren wir mittels zuverlässiger Speditionen national und international inklusive der Erledigung von Formalitäten und Verzollung.

KONSTRUKTION UND ENTWICKLUNG RAPID PROTOTYPING TECHNISCHE DOKUMENTATION FERTIGUNG MONTAGE PRÜFEN UND MESSEN MATERIALLAGER LOGISTIK FERTIGUNGSABTEILUNG FRÄSEN DREHEN SCHWEIßEN LASERBESCHRIFTEN RAPID MANUFACTURING (FDM) SCHLEIFEN LÄPPEN LACKIEREN SONSTIGES PARTNER KUNDENSPEZIFISCHE TURN-KEY-SPEZIALMASCHINEN SONDERMASCHINEN MECHANISCHE LÖSUNGEN FÜR ELEKTRONISCHE GERÄTE SONDERANFERTIGUNGEN UND SONDERLÖSUNGEN HUF-SCHEMEL (HUFBOCK) ÜBER UNS AUSBILDUNG VERANSTALTUNGEN QUALITÄTSMANAGEMENT SPONSORING ANFRAGEFORMULAR POSTANSCHRIFT UND ZENTRALE ANFAHRT UND ROUTENPLANUNG 3D-PROTOTYPING HOME LEISTUNGEN FERTIGUNGSVERFAHREN PRODUKTE UNTERNEHMEN KONTAKT 3D-PROTOTYPING LOGIN MATERIALLAGER In unserem Materiallager halten wir ständig, neben den gängigen Materialien, auch außergewöhnliche Werkstoffe in vielen Größen vor. So ist es uns auch in zeitkritischen Fällen möglich Ihren Auftrag termingerecht zu bearbeiten.

MONTAGE Montage von mechanischen, elektromechanischen, hydraulischen, pneumatischen und medizintechnischen Einheiten und Geräten wie z. B.: Mess- und Prüfgeräte, Fahranlagen, Eich- und Kalibriergeräte, Rundtaktmaschinen, … Unsere Montagehallen mit Säulenschwenkkranen bieten viel Platz für die Montage großer Maschinen und Anlagen. Montage auf Kundenwunsch auch vor Ort möglich

PRÜFEN UND MESSEN Zur Qualifizierung der von uns verwendeten Rohmaterialien und Fertigteile stehen uns bei Bedarf folgende Methoden und Prüfverfahren zur Verfügung: Röntgenprüfung Ultraschallprüfung Heliumlecktest für hochvakuumdichte Bauteile und Baugruppen Qualitätskontrolle während der Fertigung Kalibrierte Messwerkzeuge und Lehren Vorrichtungsbau Zur Sicherstellung der Qualität unserer Produkte verfügen wir über moderne Messeinrichtungen, wie z.B. unsere 3D-Koordinaten-Messmaschine mit Scanning-Funktion: CNC gesteuert, Messbereich max. x 1000 mm / y 1200 mm / z 600 mm Außerdem stehen uns folgende Messmöglichkeiten zur Verfügung: Digitale und optische Auflichtmikroskopie 2D- und 3D-Messungen berührungsloses Messsystem mit geometrischem Messrechner Schichtdickenmessung Shorehärteprüfung Oberflächenrauheitsbestimmung diverse Werkzeugvoreinstellgeräte und Laservermessungssysteme KLIMATISIERTER MESSRAUM Die hochgenauen Messungen werden in unserem klimatisierten Messraum durchgeführt. WERKSPROTOKOLLE Alle Messergebnisse werden individuell protokolliert, auch die Erstellung von Werksprotokollen ist möglich.

TECHNISCHE DOKUMENTATIONEN Ein wichtiges Element der technischen Dokumentation bleibt, trotz fortschreitender Nutzung der Möglichkeiten des digitalen Produktmanagements, die Erstellung von 2D-Zeichnungen. Wir bieten Ihnen diese Form der Dokumentation natürlich als Teil unserer Entwicklungs- und Konstruktionsarbeit an. Profitieren Sie von der langjährigen Erfahrung unserer praxisnahen Zeichnungsabteilung und lassen Sie sich zu Ihrer bereits fertiggestellten Entwicklung von uns normgerechte Zeichnungen und eine aussagekräftige Dokumentation erstellen!

KUNDENSPEZIFISCHE TURN-KEY-SPEZIALMASCHINEN Einige Beispiele unserer kundenspezifischen Turn-Key-Spezialmaschinen. Rundtaktmaschinen Maschinen zum Einbrennen und Prüfen von Xenonlampen für die Automobilindustrie entwickelten und fertigten wir für die Firma Quality Automation GmbH . Planlagenmesstisch Automatisierte Messtische zur Bestimmung und Prüfung der Ebenheit von Aluminiumfolien entwickeln und fertigen wir für Firma eifa Impacter Einen Crashprüfstand mit max. 14 m/s Auftreffgeschwindigkeit und bis zu 2400 J Energie entwickelten und fertigten wir für EADS Laserschneidanlage Schrägbettlaserschneidemaschinen entwickelten und fertigen wir für Firma ACELtec

DER ""DURCHDACHTE"" HUF-SCHEMEL Wir haben diesen neuen Hufbock in enger Zusammenarbeit mit dem Deutschen Institut für Hufothopädie entwickelt.Viele Huforthopäden und Huforthopädinnen wissen ihn sehr zu schätzen, weil er die Hufbehandlung und -pflege nun bequem und einfach macht. Sehen Sie die Vorteile des Huf-Schemels, indem Sie auf den Flyer klicken! Download: Flyer Huf-Schemel

MECHANISCHE LÖSUNGEN FÜR ELEKTRONISCHE GERÄTE Multi-Funktionstester MFT 3 Gehäuse, Mechanik und Kühltechnik eines Multifunktionstesters für die Diagnose, Parametrierung und Programmierung elektronischer Steuergeräte in der Automobilproduktion entwickelten und fertigen wir für die Firma DSA . Funkstromzange ICP3 Gehäuse und Mechanik einer Funkstromzange zur zentralen Messwerterfassung eines Electric Check Out Systems (ECOS) in der Automobilproduktion entwickelten und fertigen wir für die Adaptionstechnik Robuste Handadapter und Adaptionsmodule zur Prüfung von Steckverbindern, Kabelbäumen und Steuergeräten in der Automobilproduktion entwickelten und fertigen wir für die ... sowie Eichgeräte, mechanische, elektrische, hydraulisch, pneumatische Elemente und Einheiten, komplette Fahranlagen und mechanische Baugruppen für die Elektroindustrie u.v.m. Metek-Tastatur Wir fertigten diese Bedientastatur des hämodynamischen Messplatz DAVID, der zur Messung von Vitalparametern bei Patienten in der Kardiologie dient, für die Firma Metek

SONDERANFERTIGUNGEN UND SONDERLÖSUNGEN Innenbearbeitungsoptiken Die IXUN Lasertechnik GmbH aus Aachen entwickelt kundenspezifische Innenbearbeitungsoptiken mit variablen Innendurchmessern und Eintauchtiefen für die Oberflächenveredelung mittels Laserstrahlung (z.B. Laserauftragschweißen, Laserhärten). Die komplexen Baugruppen werden in enger Zusammenarbeit mit unserem Kunden konstruiert und gefertigt. Bei Fragen zu den Produkten der Firma IXUN Lasertechnik wenden Sie sich gerne an folgende Adresse: info@ixun-lasertechnik.de Spaltimprägnieranlage Diese Maschine zur automatisierten Herstellung von faserverstärkten Kunststoffbauteilen mit kurzen Zykluszeiten fertigten wir für die Firma Hille . Webschützen In Zusammenarbeit mit namhaften Herstellern aus der Textil- und Papierindustrie modernisierten wir die Fertigungsdaten elementarer Bauteile und fertigten auf dieser neuen Grundlage diverse Prototypen und Serienteile. Ersatzteile Wir fertigen Ersatzteile und –Baugruppen für die Elektro-, Automobil-, Halbleiter- und Verfahrensindustrie. Der durchdachte Huf-Schemel Wir haben diesen neuen Hufbock in enger Zusammenarbeit mit dem Deutschen Institut für Hufothopädie entwickelt.Viele Huforthopäden und Huforthopädinnen wissen ihn sehr zu schätzen, weil er dieHufbehandlung und –pflege nun bequem und einfach macht. Sehen Sie die Vorteile des Huf-Schemels, indem Sie auf den Flyer klicken!

SONDERMASCHINEN Label-Feeder Label-Feeder zur automatischen Applikation gedruckter Aufkleber in Bestückungsautomaten entwickelten und fertigten wirfür die Firma Kuttig . Schuhbiegeprüfmaschine Schuhbiegeprüfmaschinen entwickelten und fertigen wir für die Firma Romika Tampontester Prüfgerät zur Qualitätskontrolle von Tampons entwickelten und fertigen wir für die Firma Johnson + Johnson Messkammern Messkammern für elektrophysiologische Versuche fertigen wir für die Firma Ussing Chamber",1665,1665,17,"[""http://www.myrenne.com/unternehmen"", ""http://www.myrenne.com/unternehmen/qualitaetsmanagement"", ""http://www.myrenne.com/unternehmen/sponsoring"", ""http://www.myrenne.com/unternehmen/veranstaltungen"", ""http://www.myrenne.com/"", ""http://www.myrenne.com/leistungen"", ""http://www.myrenne.com/leistungen/fertigung"", ""http://www.myrenne.com/leistungen/logistik"", ""http://www.myrenne.com/leistungen/materiallager"", ""http://www.myrenne.com/leistungen/montage"", ""http://www.myrenne.com/leistungen/pruefen-und-messen"", ""http://www.myrenne.com/leistungen/technische-dokumentation"", ""http://www.myrenne.com/produkte"", ""http://www.myrenne.com/produkte/huf-schemel-hufbock"", ""http://www.myrenne.com/produkte/mechanische-loesungen-fuer-elektronische-geraete"", ""http://www.myrenne.com/produkte/sonderanfertigungen-und-sonderloesungen"", ""http://www.myrenne.com/produkte/sondermaschinen""]","[""company_about"", ""company_about"", ""company_about"", ""company_about"", ""homepage"", ""products_services"", ""products_services"", ""products_services"", ""products_services"", ""products_services"", ""products_services"", ""products_services"", ""products_services"", ""products_services"", ""products_services"", ""products_services"", ""products_services""]",5,618,618,17,True,17,0,0,0,1665,0,0,0,de,True,,de,True,high,
c956bd4e-2b8a-4c48-8780-c187587f46b3,5,MSF-VATHAUER ANTRIEBSTECHNIK GMBH & CO. KG,post_event,include,"Stellenangebote Zur Zeit haben wir Handelsvertretungen in den Postleitzahlgebieten: PLZ 0 PLZ 1 PLZ 5 PLZ 6 PLZ 9 zu vergeben. Wenn wir Ihr Interesse geweckt haben, nehmen Sie bitte Kontakt mit uns auf. Wir freuen uns Sie pers�nlich kennen zu lernen. Stellenausschreibung f�r einen Fertigungsleiter (m/w) Wir als Technologief�hrer f�r dezentrale Antriebssysteme und der elektronischen und machanischen Antriebstechnik suchen Sie als neues Mitglied in unserem Team. Wir setzen voraus: Techniker- oder Meisterausbildung im Elektronikbereich. Sie sollten langj�hrige Erfahrungen in der Koodinierung einer Elektronikfertigung mitbringen, sowie in der F�hrung von Personal. Sie sollten kommunikativ sein als auch �berzeugend auftreten k�nnen. Als Fertigungsleiter (m/w) sollten Sie selbstst�ndig und zielorientiert Arbeiten sowie bestehende Fertigungsabl�ufe analysieren und bei Bedarf optimieren. Weiterhin sollten Sie langj�hrige Erfahrung in der Materialdisposition sowie in der Lenkung und Weiterentwicklung von Fertigungsprozessen haben. Daf�r bieten wir Ihnen: ein dynamisch wachsendes, mittelst�ndisches und familiengef�hrtes Unternehmen das sich durch innovative Produkte am Markt zum Technologief�hrer entwickelt hat. Wir bieten Ihnen einen zukunftssicheren Arbeitsplatz mit fachlichen und pers�nlichen Entwicklungsm�glichkeiten, sowie einen hochmotivierten Mitarbeiterstamm. Wenn wir Ihr Interesse geweckt haben, senden Sie und bitte Ihre Bewerbungsunterlagen an folgende Adresse zu. MSF-Vathauer Antriebstechnik GmbH & Co KG Personalabteilung Am Hessentuch 6-8 32758 Detmold Stellenausschreibung f�r einen Industrieelektroniker/In Wir als Technologief�hrer f�r dezentrale Antriebssysteme und der elektronischen und machanischen Antriebstechnik suchen Sie als neues Mitglied in unserem Team. Wir setzen voraus: Ausbildung zum Industrieelektroniker/IN Ger�tetechnik, Radio- und Fersehtechniker/IN, oder Kommunikationselektroniker/IN. Weiterf�hrende Ausbildungen zum Meister oder �hnlichem sind w�nschenswert. Sie sollten langj�hrige Erfahrungen in der Inbetriebnahme, Reparatur und Montage von elektronischen Komponenten der Antriebstechnik mitbringen, bzw. �ber Erfahrungen in der Radio- und Fersehtechnik oder in der Kommunikationselektronik haben. Als Facharbeiter sollten Sie selbstst�ndig und zielorientiert Arbeiten. Daf�r bieten wir Ihnen: ein dynamisch wachsendes, mittelst�ndisches und familiengef�hrtes Unternehmen das sich durch innovative Produkte am Markt zum Technologief�hrer entwickelt hat. Wir bieten Ihnen einen zukunftssicheren Arbeitsplatz mit fachlichen und pers�nlichen Entwicklungsm�glichkeiten, sowie einen hochmotivierten Mitarbeiterstamm. Wenn wir Ihr Interesse geweckt haben, senden Sie und bitte Ihre Bewerbungsunterlagen an folgende Adresse zu. MSF-Vathauer Antriebstechnik GmbH & Co KG Personalabteilung Am Hessentuch 6-8 32758 Detmold

Herzlich WIllkommen bei MSF-Vathauer Antriebstechnik Wir sind seit mehr als 30 Jahren Hersteller von mechanischer, elektrischer und elektronischer Antriebstechnik. Als Ihr kompetenter Partner im Bereich der Antriebstechnik bieten wir Ihnen von Getriebemotoren, über elektronische Motorstarter in Verbindung mit Frequenzumrichtern und Sondermotoren Lösungen aus einer Hand. Unsere Stärke sind Frequenzumrichter mit innovativen Dezentralisierungssystemen für die Energie und Feldbusverteilung sowie für Sie maßgeschneiderte Sonder- Frequenzumrichter. Auf ca. 6.000 m 2 mitten in Europa sind wir zu Hause und betreiben Forschung, Entwicklung und Produktion für die Mess-, Steuerungs und Antriebstechnik. Hierbei legen wir großen Wert auf die enge Zusammenarbeit mit unseren Kunden und Lieferanten und halten kurze Kommunikationswege ein. Nicht nur in Detmold wird produziert, sondern seit 1995 auch in unserem zweiten Werk in Oborniki 30 km westlich von Posen. Hochqualifizierte und motivierte Teams in Entwicklung und Produktion sowie unsere langjährige Erfahrung in der Entwicklung und Fertigung von Antriebssystemen in allen Industriezweigen sind die Garantie für Ihren Erfolg. In eigenen Schulungsräumen finden in regelmäßigen Abständen Schulungen für unsere Mitarbeiter sowie für unsere Kunden statt. Durch eigene EMV Laboratorien sind wir jederzeit in der Lage, nicht nur für die eigene Entwicklung, sondern auch für kundenspezifische Entwicklungen EMV Konforme Messungen durchzuführen. Dieses bietet unserem Kunden ein höchstes Maß an Qualität und Sicherheit. Seit 1997 sind wir nach DIN EN ISO 9000:2000 zertifiziert und lassen in regelmäßigen Abständen Zwischenaudits durchführen. Frequenzumrichter, Motoren, Motorstarter, Wärmerückgewinnung, Fördertechnik, Frequenzumformer, Motorswitch, Drehstrommotoren, Energieeinsparung, Kompaktantriebe, Motorbremsen, Gleichstromantriebe, Dezentrale Antriebstechnik, Intralogistikanlagen, Förderanlagen, Welterweiter Vertrieb, Wechselstrommotoren, Schneckengetriebe, Getriebe, Stirnradgetriebe, Flachgetriebe, Wärmetauscher, Spezial Frequenzumrichter, Weidmüller Field Power, Intelligente Antriebe, Feldbussysteme

Herzlich willkommen Wir sind seit mehr als 30 Jahren Hersteller von mechanischer, elektrischer und elektronischer Antriebstechnik. Als Ihr kompetenter Partner im Bereich der Antriebstechnik bieten wir Ihnen von Getriebemotoren, �ber elektronische Motorstarter in Verbindung mit Frequenzumrichtern und Sondermotoren L�sungen aus einer Hand. Unsere St�rke sind Frequenzumrichter mit innovativen Dezentralisierungssystemen f�r die Energie und Feldbusverteilung sowie f�r Sie ma�geschneiderte Sonder- Frequenzumrichter. Auf ca. 6.000 m 2 mitten in Europa sind wir zu Hause und betreiben Forschung, Entwicklung und Produktion f�r die Mess-, Steuerungs und Antriebstechnik. Hierbei legen wir gro�en Wert auf die enge Zusammenarbeit mit unseren Kunden und Lieferanten und halten kurze Kommunikationswege ein. Nicht nur in Detmold wird produziert, sondern seit 1995 auch in unserem zweiten Werk in Oborniki 30 km westlich von Posen. Hochqualifizierte und motivierte Teams in Entwicklung und Produktion sowie unsere langj�hrige Erfahrung in der Entwicklung und Fertigung von Antriebssystemen in allen Industriezweigen sind die Garantie f�r Ihren Erfolg. In eigenen Schulungsr�umen finden in regelm��igen Abst�nden Schulungen f�r unsere Mitarbeiter sowie f�r unsere Kunden statt. Durch eigene EMV Laboratorien sind wir jederzeit in der Lage, nicht nur f�r die eigene Entwicklung, sondern auch f�r kundenspezifische Entwicklungen EMV Konforme Messungen durchzuf�hren. Dieses bietet unserem Kunden ein h�chstes Ma� an Qualit�t und Sicherheit. Seit 1997 sind wir nach DIN EN ISO 9000:2000 zertifiziert und lassen in regelm��igen Abst�nden Zwischenaudits durchf�hren.

Aktuelles NEU NEU NEU NEU NEU NEU NEU NEU NEU Seit dem 1. Januar 2008 ist MSF-Vathauer Antriebstechnik auch in der Schweiz vertreten. Unser Vertriebspartner ist Fa. REFERENZ-Technik AG. Hiermit verstärken wir unser Vertriebsnetz und bauen die Vertriebsinfrastruktur weiter aus um unseren Kunden einen noch besseren vor Ort Service bieten zu können. Besuchen Sie auch den neuen Online-Shop der Fa. REFERENZ-Technik AG. Hier können Sie online bequem und schnell elektronische Antriebstechnik bestellen. Bei Fragen hierzu stehen wir Ihnen gerne jederzeit zur Verfügung. REFERENZ-Technik AG -- Lösungen für die Antriebstechnik Neue Steuerung für Schrauben- und Kleinteileportionierer realisiert. Nach kurzer Entwicklungszeit in Zusammenarbeit mit unserem Kunden haben wir einen neuartigen Schrauben- und Kleinteileportionierer zur Zählung von Montageschrauben entwickelt. Über den Schrauben-und Kleinteileportionierer könnenSchrauben, Muttern (auch Kunststoff) oder SchraubenähnlicheTeile in ein Portionierfach personenunabhängig eingezähltwerden. Über das ergonomische Schnellentnahmesystem kannder Werker die Teile sicher und schnell von Hand entnehmen.Hierdurch wird sichergestellt, dass der Werker nur diebenötigte Stückzahl erhält welche er benötigt. MSF-Vathauer Antriebstechnik entwickelte zusammen mit der Fa. Hammer Automationstechnik, www.hammer-automation.de, diese neuartige vollprogrammierfähige Steuerung die in den Schrauben-und Kleinteileportionierer der Fa. Hammer Automationstechnik Einzug erhält. Alle erforderlichen Parameter werden über eine Bedientastertur sowie über ein LC-Display eingegeben. Sie haben die Möglichkeit 3 verschiedene Stückzahlen die ausgegeben werden sollen digital vorzuwählen. Optional können über eine Ethernet TCP/IP Schnittstelle alle Signale und Vorgaben von einem übergeordneten Leit-PC an die Steuerung übermittelt werden. Die Steuerung des Schrauben-und Kleinteileportionierers kommuniziert über das Standardprotokoll TCP/IP mit einem Leit-PC, vom dem alle Befehle zur Steuerung übermittelt werden. Darüer hinaus werden Fehlermeldungen, Zwischenstatusberichte sowie Freigaben an den Leit-PC bzw. an die Steuerung übertragen. Dieser Schrauben-und Kleinteileportionierer wird flexibel in Ihre Produktionslinien aber auch einfach und schnell in Ihr Ethernet-Netzwerk eingebunden. Die Integrierung Ihrer Haus-Internen Ethernetprotokolls ist jederzeit möglich. Somit gewinnen Sie ein Höchstmaß an Prozesssicherheit und erhöhen den Qualitätsstandard Ihrer Produkte. W-LAN in der Feldebene Auf der SPS Drives 2006 stellte MSF-Vathauer Antriebstechnik ein Demonstrationsmodell des VECTOR W-LAN vor, welches in Kooperation mit der Fachhochschule Amberg-Weiden und dem Team des Prof. Dr. Hans-Peter Schmidt entwickelt wurde. Erstmals wurden damit die Möglichkeiten von W-LAN für die Fördertechnik nutzbar gemacht. Automatisiert mit RFID, Ethernet und W-LAN Auf der diesjährigen Hannovermesse vom 16. April - 20. April 2007 werden wir unsere neue Generation der vollelektronischen Motorstarter MONO-SWITCH und DUO-SWITCH in Verbindung mit den Zukunftsträchtigen Feldbussystemen Ethernet und W-LAN vorstellen. Weiterhin werden wir Ihnen die Automatisierung mit RFID-Chips in Verbindung mit MONO-SWITCH und DUO-SWITCH präsentieren. Besuchen Sie uns auf den Stand ""AUTOMATION IT"" und lassen sich von den Möglichkeiten in der Automatisierungs- und Fördertechnik begeistern. |

Downloadbereich Unserer allgemeinen Geschäftsbedingungen Allgemeine_Geschaeftsbedingungen.pdf Hier können SIe sich den aktuellen Abobe Acrobat Reader herunter laden. Neue e Plan Produktmakros für Frequenzumrichter VECTOR. Für den Frequenzumrichter VECTOR aller Leistungsklassen stellt MSF-Vathauer Antriebstechnik GmbH & Co KG nun neue EPLAN-Produktmakros bereit, die eine besonders bequeme Projektierung ermöglichen. Produktdokumentation Produktmakros VECTOR 20 und VECTOR 54 Neuer Produktkatalog der mechanischen und elektronischen Antriebstechnik Neuer_Produktkatalog_MSF.pdf

NEWSLETTER - Hier erfahren Sie noch mehr über uns Ausgabe Januar 2008: Dezentralisierung in der Fördertechnik mit MONO-SWITCH DUO-SWITCH und VECTOR Dezentrale vollelektronische Motorstarter für Ihre Fördertechnik und Intralogistikanlagen MSF-Vathauer baut sein Produktspektrum weiter aus. Mit dem neuen vollelektronischen Motorstarter MONO-SWITCH --PROFI DP-- sowie mit dem Frequenzumrichter VECTOR stehen Ihnen zwei Geräte mit Profibusanschluss und zahlreichen Funktionen für Fördertechnische Anwendungen in Hochregallager und Intralogistikanwendungen zur Verfügung. Funktionen MONO-SWITCH : Vollelektronischer Motorstarter als Direktstarter 3-Phasiges direktes Einschalten von einem Antrieb Schaltungen im Nulldurchgang verhindern Störspitzen Motorschutz über PTC-Kaltleiter oder Bi-Metall Leistungen bis 0,75KW Anschlussspannung: 400V +/- 10% Schutzklasse: IP54 (Option IP65) 4 Digitale Eingänge für Sensoren über M12 Stecker/ Buchse 1 Digitaler Eingang für Handbediensteuerung über M12 Stecker / Buchse Profibusanschluss über M12 Stecker / Buchse Integrierter abschließbarer Revisionsschalter (Hauptschalter) Integrierte und von außen zugängliche Netzsicherungen Von außen zugängliche Profibus DP Adressierung Klarsicht Diagnosefenster für Funktions- und Statusanzeigen Motor- und Netzanschluss über metrische Kabelverschraubungen (Optional über Steckverbinder) Bremsmotoransteuerung über Relais oder direktes Schalten der Motorbremse Funktionen Frequenzumrichter VECTOR Vector geregelter Frequenzumrichter für das 3-Phasiges ansteuern eines Drehstrommotors Motorschutz über PTC oder Bi-Metall Leistung bis 1,5KW / 400V +/- 10% Integrierte EMV Filter Schutzklasse IP54 Einstellung aller Geräteparameter über den Signalbus Funktionsfähig an Industrie PC mit Profibus-Einsteckkarte oder über SPS 4 Digitale Eingänge auf M12-Stecker für Sensoren 1 Digitaler Eingang auf M12-Stecker für Handbediengerät Jeweils 1x M12 Stecker für Profibusanschluss Abschließbarer Hauptschalter im Gerätedeckel Von außen zugängliche Profibus DP-Adressierung Motor- und Netzanschluss über Kabelverschraubungen Bremsmotoransteuerung über Relay oder direktes Schalten der Motorbremse Steckbare Motor- und Netzanschlüsse (Option) Weitere Funktionen für MONO-SWITCH --PROFI-- und VECTOR --PROFI-- Erkennung aller Sensoren bei lokelem Signalbusausfall über den Profibus-Ring Erkennung aller Sensoren bei lokaler Antriebsabschaltung Sofortiger Halt des Antriebs bei lokalem Ausfall des Profibusses Einstellbare Drehfeldfrequenz zum Lüften der Motorbremse (Hubgerüste) Meldung der Motortemperaturüberwachung über den Profibus Dadurch kein unkontrolliertes Anschalten des Förderers durch den Frequenzumrichter Handbedienung für den Einrichtfall Die Sternverdrahtung von Antrieben ist out -- Keine sternförmige Verdrahtung durch das Energiebussystem Weidmüller Field Power® mit aufsteckbaren Motorstartern MSF-Vathauer entwickelt vollelektronischen Motorstarter für das Weidmüller Field Power® Energiebussystem Der neue vollelektronische Motorstarter für das Weidmüller Field Power® Energiebussystem wird auf der Power-Box aufgesteckt und bringt somit die Motoransteuerungen in das Maschinenfeld. Dieses System ist eine echte Alternative zu zentral im Schaltschrank installierte Komponenten. Die schnelle, flexible und einfache Installierung bringt erhebliche Vorteile bei Neuinstallation, Erweitereungen sowie Nachrüstungen von Anlagen. Die aüf die Power-Box aufgesteckten Motorstarter können wahlweise mittels einer Rundleitung oder einer Flachleitung angeschlossen werden. Im Motorstarter integrierte Steckbare Anschlüsse M12 für die Signalübertragung mittels einer 24V SPS Ansteuerung oder einer Ansteuerung über ein AS-Interface bzw. über ein Profibus-System sowie für den Motoranschluss machen die Installation noch schneller und einfacher. Weiterhin können bis zu 2 Sensoren über M12 Stecker angeschlossen werden. Varianten des vollelektronischen Motorstarters: MONO-SWITCH: Ein- und Ausschalten von einem Motor DUO-SWITCH: Unabhängiges Ein- und Ausschalten von zwei Motoren MONO-SOFT-SWITCH: Sanftes Ein- und Ausschalten von einem Motor Funktionen der Motorstarter: Vollelektronischer Motorstarter als Direkt- oder Soft-Starter bis 3KW Motorleistung 3- Phasiges sanftes Ein- und Ausschalten von einem Antrieb Einstellbare Hoch- und Tieflauframpen sowie BOOST (Soft-Starter) Integrierte zugängliche und austauschbare Netzsicherungen 2 Digitale Eingänge auf M12-Stecker für Sensoren M12 Stecker für den AS-Interface oder Profibus DP Anschluss Steckbare Motoranschlüsse mit integriertem Motorschutzanschluss (HANQ) Bremsansteuerung und Handbediensteuerung (Optional) Signalbussysteme: 24V SPS Ansteuerung AS-Interface Profibus DP Andere Datenbussysteme auf Anfrage Der vollelektronische Motorstarter MONO-SWITCH und DUO-SWITCH Alle Motorstarter schalten die Motor vollelektronisch, d.h. ohne zusätzliche mechanischen Relais oder Schütze ein- und aus. Das verringert Störspitzen beim Schalten und erhöht die Lebensleistung der Geräte. Durch dieses Konzept werden erheblich mehr Schaltspiele der Förderanlage realisiert und die Gesamtanlage wird Wartungsärmer. Durch die hohen Schaltspiele wird die Förderstrecke effizienter genutzt. Die Baureihe MONO-SWITCH und DUO-SWITCH unterscheidet sich in den einzelnen Anschaltbaugruppen dahingehend, dass nur ein Motor (MONO-SWITCH) oder zwei Motoren (DUO-SWITCH) getrennt direkt ein- und ausgeschaltet werden. Dahingehend ermöglicht der SOFT-SWITCH ein weiches Ein- und Ausschalten des Antriebs durch einstellbare Hoch- und Tieflauframpen. MONO-SWITCH Vollelektronischer Motorstarter als Direktstarter 3-Phasiges direktes Einschalten von einem Antrieb Leistung bis 3KW Bis zu 2 Digitale Eingänge auf M12-Stecker für Sensoren und AS-Interface) Bremsansteuerung (Option) Einstellbare Hoch- und Tieflauframpen (MONO-SOFT-SWITCH) Einstellbarer BOOST (MONO-SOFT-SWITCH) DUO-SWITCH Vollelektronischer Motorstarter als Direktstarter 3 - Phasiges unabhängiges und direktes Ein- und Ausschalten von zwei Antrieben Leistung bis 2 x 0,75KW 2 Digitale Eingänge auf M12-Stecker für Sensoren und AS-Interface Bremsansteuerung für jeden Motor (Option) Einstellbare Hoch- und Tieflauframpen (DUO-SOFT-SWITCH für jeden Motor getrennt) Einstellbarer BOOST (DUO-SOFT-SWITCH für jeden Motor getrennt) Signalbussysteme für alle Gerätetypen CANopen

Pressemitteilungen Der Technologief�hrer f�r dezentrale Antriebssysteme MSF-Vathauer Antriebstechnik entwickelte neue dezentrale Antriebskonzepte f�r die staudrucklose F�rdertechnik. Hierdurch k�nnen bis zu 80% Energie im Produktionsprozess eingespart werden. Unter Ber�cksichtigung des Klimawandels und der immer weiter steigenden Energiepreise stellt diese neue Technologie einen Meilenstein in der Antriebstechnik dar. Einen Bericht dazu sehen Sie hier. MSF-Vathauer entwickelt Frequenzumrichter und vollelektronische Motorstarter f�r das Energiebussystem ""Field Power"" der Firma Weidm�ller GmbH & Co KG Durch jahrzehntelange Erfahrung in der Antriebstechnik sowie in der Sonderentwicklung von Frequenzumruchtern und vollelektronischen Motorstartern entwickelt MSF derzeit neue Anschaltbaugruppen f�r das neue Energiebussystem ""Field Power"". Dieses neue Konzept der Energieverteilung im Zusammenhang der einfachen und schnellen Montage von Frequenzumrichter und Motorstartern revolutionieren die F�rdertechnik. Hier geht es zum Artikel..... MSF-Vathauer Antriebstechnik GmbH & Co KG ist erster Entwicklungspartner der Fa. Weidm�ller GmbH & Co KG in Detmold Ziel dieser Partnerschaft ist die Entwicklung eines intelligenten Energieverteilungssystems auf Basis von FieldPower. Denn die Sternverdrahtung ist ""out"". Hier ein Interview Vorstellung auf der Hannovermesse 2007 Dezentrale Energieverteilung mit FielDPower und elektronische Anschaltungen von MSF-Technik Vathauer Antriebstechnik GmbH & Co KG FieldPower� ist ein neues Anschlusskonzept der dezentralen Energieverteilung im Maschinen- und Anlagenbau, bei Flugh�fen, der Automobilproduktion, also �berall dort, wo Energie �ber weite Strecken verteilt werden soll. Die Produktfamilie umfasst PowerBox Verteilerboxen in Schutzart IP 65, Wartungsschalter, Steckverbinder � optional mit Sicherungsfunktion �, Leitungen, vorkonfektionierte Kabels�tze, Werkzeuge und umfangreiches Zubeh�r. Die Energie wird �ber eine ungeschnittene Rund- und/oder Flachleitung verteilt. Der Abgriff erfolgt verbrauchernah an beliebiger Stelle �ber die PowerBox mit IDC-Kontakttechnologie (Insulation Displacement Connection). Verzweigungen und Abg�nge zu Motor-Startern und Frequenzumrichtern werden �steckbar� oder �fest� realisiert. Das verringert die zu verlegenden Leitungsl�ngen und reduziert Montagezeiten. FieldPower� senkt die gesamten Projektkosten und erh�ht die Flexibilit�t bei Anlagenerweiterungen oder sp�teren Umplanungen. Das FieldPower� Konzept ist multifunktional ausgelegt. Anwender k�nnen ihre individuellen Entwicklungen integrieren. Neben einer gro�en Anzahl industrieller Anwender wurde mit MSF � Vathauer Antriebstechnik GmbH & Co. KG ein Partner f�r Antriebsl�sungen gewonnen . Der Antriebstechnik-Spezialist entwickelt auf Basis von FieldPower� eine neue Produktfamilie in Schutzart IP 65. Hier der ganze Bericht. Intelligente integrierte Antriebskonzepte mit FieldPower MSF-Vathauer Antriebstechnik GmbH & Co KG entwickelt in Zusammenarbeit mit der Fa. Weidm�ller GmbH & Co KG neuartige dezentrale Energieverteilungen mit integrierten Antriebskonzepten. Auf der diesj�hrigen Hannovermesse 2007 pr�sentiert der technologief�hrer f�r dezentrale Antriebskozepte in der staudrucklosen F�rdertechnik MSF-Vathauer Antriebstechnik GmbH & Co KG sowie der Verbindunsspezialist Weidm�ller GmbH & Co KG neue Konzepte zur Energieverteilung f�r weitr�umig konzipierte Maschinen und Anlagen. Mit Hilfe von FieldPower werden wir in Zukunft flexible, intelligente und integrierte Antriebskonzepte anbieten k�nnen. MSF-Vathauer entwickelt auf Basis von FieldPower neuartige Motor-Starter und Frequenzumrichter f�r die F�rdertechnik und Anlagen, die eine rein elektrisch/ elektrische L�sung bieten. Somit fallen zeitaufwendige Installationszeiten weg, Installationskosten werden eingespart und die Anlagen und Maschinen k�nnen jederzeit individuell und flexible erweitert oder an weitere Produktionsprozesse angepasst werden. Hier der ganze Bericht

Produkte der elektronischen Antriebstechnik IEC Normmotoren Baureihe Vector bis IP65 0,09 KW bis 3 KW Baureihe FUTURE DRIVE IP54 1,5 KW bis 3 KW Einsatzspezifische Frequenzumrichter für Rotationswärmetauscher Vibrationswendelförderer Kundenspezifische Frequenumrichter Für den Bundesbahneinsatz Elektronische Motorstarter für staudrucklose Fördertechnik Schutzklasse IP20 bis IP65 Digitale Taktschaltgeräte DTSG 4 Drehteller- und Drehverteilersteuerungen Aufsteckmodule für Frequenzumrichter VECTOR 20 Download: Vollständiger Produktkatalog.pdf Neuer_Produktkatalog_MSF.pdf IEC Normgetriebe Sanftanlaufgeräte Wirbelstrombremsen Gleichstrom- motorregler Dreh-und Stillstandswächter Drehfeldmagnetsteller",2674,2674,8,"[""http://msf-technik.de/Stellenangebote.48.0.html"", ""http://msf-technik.de/UEber-uns.9.0.html"", ""http://msf-technik.de/"", ""http://msf-technik.de/Aktuelles.22.0.html"", ""http://msf-technik.de/Download.6.0.html"", ""http://msf-technik.de/Newsletter-aktuell.71.0.html"", ""http://msf-technik.de/Pressemitteilungen.57.0.html"", ""http://msf-technik.de/Produkte.8.0.html""]","[""careers_employer"", ""company_about"", ""homepage"", ""news_press"", ""news_press"", ""news_press"", ""news_press"", ""products_services""]",12,1374,1374,9,True,8,0,0,0,2674,0,0,0,de,True,,de,True,high,
c956bd4e-2b8a-4c48-8780-c187587f46b3,5,MSF-VATHAUER ANTRIEBSTECHNIK GMBH & CO. KG,post_post_event,include,"Stellenangebote Zur Zeit haben wir Handelsvertretungen in den Postleitzahlgebieten: PLZ 0 PLZ 1 PLZ 5 PLZ 6 PLZ 9 zu vergeben. Wenn wir Ihr Interesse geweckt haben, nehmen Sie bitte Kontakt mit uns auf. Wir freuen uns Sie pers�nlich kennen zu lernen. Stellenausschreibung f�r Vertriebsinnendienst und - Au�endienst Wir als Technologief�hrer f�r dezentrale Antriebssysteme und der elektronischen und machanischen Antriebstechnik suchen Sie als neues Mitglied in unserem Vertriebsteam. Voraussetzungen: Erfahrung in der Antriebstechnik sowie in der Kundenberatung von Antriebskomponenten. Wirtschaftliche und technische Ausbildung sind von Vorteil. Reisebereitschaft sowie eingenst�ndiges Arbeiten und Durchsetzungsverm�gen werden erwartet. Sie erwartet ein interessantes und vielf�ltiges Aufgabengebiet sowie ein motiviertes Team und Netzwerk in dem Sie sich bewegen k�nnen. Wenn wir Ihr Interesse geweckt haben, nehmen Sie bitte Kontakt mit uns auf. Wir freuen uns Sie pers�nlich kennen zu lernen. Stellenausschreibung f�r einen Fertigungsleiter (m/w) Wir als Technologief�hrer f�r dezentrale Antriebssysteme und der elektronischen und machanischen Antriebstechnik suchen Sie als neues Mitglied in unserem Team. Wir setzen voraus: Techniker- oder Meisterausbildung im Elektronikbereich. Sie sollten langj�hrige Erfahrungen in der Koodinierung einer Elektronikfertigung mitbringen, sowie in der F�hrung von Personal. Sie sollten kommunikativ sein als auch �berzeugend auftreten k�nnen. Als Fertigungsleiter (m/w) sollten Sie selbstst�ndig und zielorientiert Arbeiten sowie bestehende Fertigungsabl�ufe analysieren und bei Bedarf optimieren. Weiterhin sollten Sie langj�hrige Erfahrung in der Materialdisposition sowie in der Lenkung und Weiterentwicklung von Fertigungsprozessen haben. Daf�r bieten wir Ihnen: ein dynamisch wachsendes, mittelst�ndisches und familiengef�hrtes Unternehmen das sich durch innovative Produkte am Markt zum Technologief�hrer entwickelt hat. Wir bieten Ihnen einen zukunftssicheren Arbeitsplatz mit fachlichen und pers�nlichen Entwicklungsm�glichkeiten, sowie einen hochmotivierten Mitarbeiterstamm. Wenn wir Ihr Interesse geweckt haben, senden Sie und bitte Ihre Bewerbungsunterlagen an folgende Adresse zu. MSF-Vathauer Antriebstechnik GmbH & Co KG Personalabteilung Am Hessentuch 6-8 32758 Detmold Stellenausschreibung f�r einen Industrieelektroniker/In Wir als Technologief�hrer f�r dezentrale Antriebssysteme und der elektronischen und machanischen Antriebstechnik suchen Sie als neues Mitglied in unserem Team. Wir setzen voraus: Ausbildung zum Industrieelektroniker/IN Ger�tetechnik, Radio- und Fersehtechniker/IN, oder Kommunikationselektroniker/IN. Weiterf�hrende Ausbildungen zum Meister oder �hnlichem sind w�nschenswert. Sie sollten langj�hrige Erfahrungen in der Inbetriebnahme, Reparatur und Montage von elektronischen Komponenten der Antriebstechnik mitbringen, bzw. �ber Erfahrungen in der Radio- und Fersehtechnik oder in der Kommunikationselektronik haben. Als Facharbeiter sollten Sie selbstst�ndig und zielorientiert Arbeiten. Daf�r bieten wir Ihnen: ein dynamisch wachsendes, mittelst�ndisches und familiengef�hrtes Unternehmen das sich durch innovative Produkte am Markt zum Technologief�hrer entwickelt hat. Wir bieten Ihnen einen zukunftssicheren Arbeitsplatz mit fachlichen und pers�nlichen Entwicklungsm�glichkeiten, sowie einen hochmotivierten Mitarbeiterstamm. Wenn wir Ihr Interesse geweckt haben, senden Sie und bitte Ihre Bewerbungsunterlagen an folgende Adresse zu. MSF-Vathauer Antriebstechnik GmbH & Co KG Personalabteilung Am Hessentuch 6-8 32758 Detmold

Herzlich willkommen bei MSF-Vathauer Antriebstechnik Wir sind seit mehr als 30 Jahren Hersteller von mechanischer, elektrischer und elektronischer Antriebstechnik. Als Ihr kompetenter Partner im Bereich der Antriebstechnik bieten wir Ihnen von Getriebemotoren, �ber elektronische Motorstarter in Verbindung mit Frequenzumrichtern und Sondermotoren L�sungen aus einer Hand. Unsere St�rke sind Frequenzumrichter mit innovativen Dezentralisierungssystemen f�r die Energie und Feldbusverteilung sowie f�r Sie ma�geschneiderte Sonder- Frequenzumrichter. Auf ca. 6.000 m 2 mitten in Europa sind wir zu Hause und betreiben Forschung, Entwicklung und Produktion f�r die Mess-, Steuerungs und Antriebstechnik. Hierbei legen wir gro�en Wert auf die enge Zusammenarbeit mit unseren Kunden und Lieferanten und halten kurze Kommunikationswege ein. Nicht nur in Detmold wird produziert, sondern seit 1995 auch in unserem zweiten Werk in Oborniki 30 km westlich von Posen. Hochqualifizierte und motivierte Teams in Entwicklung und Produktion sowie unsere langj�hrige Erfahrung in der Entwicklung und Fertigung von Antriebssystemen in allen Industriezweigen sind die Garantie f�r Ihren Erfolg. In eigenen Schulungsr�umen finden in regelm��igen Abst�nden Schulungen f�r unsere Mitarbeiter sowie f�r unsere Kunden statt. Durch eigene EMV Laboratorien sind wir jederzeit in der Lage, nicht nur f�r die eigene Entwicklung, sondern auch f�r kundenspezifische Entwicklungen EMV Konforme Messungen durchzuf�hren. Dieses bietet unserem Kunden ein h�chstes Ma� an Qualit�t und Sicherheit. Seit 1997 sind wir nach DIN EN ISO 9000:2000 zertifiziert und lassen in regelm��igen Abst�nden Zwischenaudits durchf�hren. Frequenzumrichter, Motoren, Motorstarter, W�rmer�ckgewinnung, F�rdertechnik, Frequenzumformer, Motorswitch, Drehstrommotoren, Energieeinsparung, Kompaktantriebe, Motorbremsen, Gleichstromantriebe, Dezentrale Antriebstechnik, Intralogistikanlagen, F�rderanlagen, Welterweiter Vertrieb, Wechselstrommotoren, Schneckengetriebe, Getriebe, Stirnradgetriebe, Flachgetriebe, W�rmetauscher, Spezial Frequenzumrichter, Weidm�ller Field Power, Intelligente Antriebe, Feldbussysteme, Energie sparen, Energie, EVG, Energie sparen, Leuchtstofflampen. Leuchtstoffr�hren, Lichtb�nder, Energie sparen - Energieeinsparung - rationelle Energieverwendung - Strom sparen- stromsparende Beleuchtung - Beleuchtungssanierung - Sonderleuchtenbau - Lichttechnik - Adapter-EVG - Nachr�st-EVG - Retrofit-Adapter - Vorschaltger�t - Vorschaltger�te - elektronischer / elektronische Starter - T5-Adapter- Reflektor - Reflektoren - Nachr�streflektor - Nachr�streflektoren - Energiesparreflektor - Energiespar-Reflektor - Energiesparreflektoren - Energiespar

Aktuelles Unser virtueller Messestand der SPS/IPC/DRIVES 2009 in N�rnberg Sehr geehrte Besucherin, Sehr geehrter Besucher die Pforten der SPS / IPC / Drives 2009 sind nun geschlossen. Jedoch nicht f�r Sie - zumindest was unseren Messestand betrifft. Schlie�lich konnte man sich nicht alles ansehen, was geboten wurde, und so Mancher konnte gar nicht nach N�rnberg kommen. Deshalb hier f�r Sie eine "" interaktive Tour "" �ber unseren Messestand. Klicken Sie auf das Bild und Sie bewegen sich virtuell �ber unseren Messestand. Hier erhalten Sie viele Informationen �ber unsere Produkte. Nominiert f�r ""Gro�er Preis des Mittelstandes"" 2009 Zum f�nften Mal in Folge wurde MSF-Vathauer Antriebstechnik GmbH & Co KG f�r den Gro�en Preis des Mittelstandes nominiert. Mit dieser Nominierung z�hlen wir zu den Besten im unternehmerischen Mittelstand in NRW. Bundesweit wurden �ber 3000 mittelst�ndische Unternehmen aus allen Bundesl�ndern auserw�hlt. F�r die Nominierenden z�hlten unter anderem die Kriterien Gesamtentwicklung des Unternehmen Schaffung und Sicherung von Arbeitspl�tzen Innovation und Modernisierung Engagement in der Region Kundenn�he sowie Kundenzufriedenheit Wir freuen uns sehr �ber die diesj�hrige Nominierung. Dieses ist der Beweis technologisch, kundenorientiert sowie sozial auf dem richtigen Weg zu sein. Dennoch gilt es f�r uns nun um so mehr diesen Weg konsequent weiter zu verfolgen. Neue Steuerung f�r Schrauben- und Kleinteileportionierer realisiert. Nach kurzer Entwicklungszeit in Zusammenarbeit mit unserem Kunden haben wir einen neuartigen Schrauben- und Kleinteileportionierer zur Z�hlung von Montageschrauben entwickelt. �ber den Schrauben-und Kleinteileportionierer k�nnenSchrauben, Muttern (auch Kunststoff) oder Schrauben�hnlicheTeile in ein Portionierfach personenunabh�ngig eingez�hltwerden. �ber das ergonomische Schnellentnahmesystem kannder Werker die Teile sicher und schnell von Hand entnehmen.Hierdurch wird sichergestellt, dass der Werker nur dieben�tigte St�ckzahl erh�lt welche er ben�tigt. MSF-Vathauer Antriebstechnik entwickelte zusammen mit der Fa. Hammer Automationstechnik, www.hammer-automation.de , diese neuartige vollprogrammierf�hige Steuerung die in den Schrauben-und Kleinteileportionierer der Fa. Hammer Automationstechnik Einzug erh�lt. Alle erforderlichen Parameter werden �ber eine Bedientastertur sowie �ber ein LC-Display eingegeben. Sie haben die M�glichkeit 3 verschiedene St�ckzahlen die ausgegeben werden sollen digital vorzuw�hlen. Optional k�nnen �ber eine Ethernet TCP/IP Schnittstelle alle Signale und Vorgaben von einem �bergeordneten Leit-PC an die Steuerung �bermittelt werden. Die Steuerung des Schrauben-und Kleinteileportionierers kommuniziert �ber das Standardprotokoll TCP/IP mit einem Leit-PC, vom dem alle Befehle zur Steuerung �bermittelt werden. Dar�er hinaus werden Fehlermeldungen, Zwischenstatusberichte sowie Freigaben an den Leit-PC bzw. an die Steuerung �bertragen. Dieser Schrauben-und Kleinteileportionierer wird flexibel in Ihre Produktionslinien aber auch einfach und schnell in Ihr Ethernet-Netzwerk eingebunden. Die Integrierung Ihrer Haus-Internen Ethernetprotokolls ist jederzeit m�glich. Somit gewinnen Sie ein H�chstma� an Prozesssicherheit und erh�hen den Qualit�tsstandard Ihrer Produkte. W-LAN in der Feldebene Auf der SPS Drives 2006 stellte MSF-Vathauer Antriebstechnik ein Demonstrationsmodell des VECTOR W-LAN vor, welches in Kooperation mit der Fachhochschule Amberg-Weiden und dem Team des Prof. Dr. Hans-Peter Schmidt entwickelt wurde. Erstmals wurden damit die M�glichkeiten von W-LAN f�r die F�rdertechnik nutzbar gemacht. Vollst�ndiger Artikel . Automatisiert mit RFID, Ethernet und W-LAN Auf der diesj�hrigen Hannovermesse vom 16. April - 20. April 2007 werden wir unsere neue Generation der vollelektronischen Motorstarter MONO-SWITCH und DUO-SWITCH in Verbindung mit den Zukunftstr�chtigen Feldbussystemen Ethernet und W-LAN vorstellen. Weiterhin werden wir Ihnen die Automatisierung mit RFID-Chips in Verbindung mit MONO-SWITCH und DUO-SWITCH pr�sentieren. Besuchen Sie uns auf den Stand ""AUTOMATION IT"" und lassen sich von den M�glichkeiten in der Automatisierungs- und F�rdertechnik begeistern.

Dezentrale Antriebe für Förderanlagen - Die neue Referenz - Vollelektronischer Motorstarter mit integrierten Energiebussystem Field Power Integriertes Energiebussystem Field Power Standardisierte steckbare M12 Anschlüsse für Sensorik und Kommunikation DESINA - Standardisierte steckbare Q8- Anschlüsse für Motoren Für einem oder zwei Drehstrom-Asynchonmotoren Einsparung von AS-i Feldverteilern Hohe Schalthäufigkeit Als Direktstarter, Sanftstarter, Wendestarter und Frequenzumrichter Ansteuerung: AS-interface oder 24V binär Mehr Informationen HIER Vollelektronische Motorstarter MONO-SWITCH und DUO-SWITCH Robustes Aluminiumgehäuse Energiebushgersteller unabhängig Als Direktstarter, Softstarter, Wendestarter und Frequenzumrichter Für Intralogistikanlagen, Rollenbahnen, verkettete Förderstrecken, etc Produktkatalog der dezentralen Antriebstechnik Dezentrale Antriebe für Klima- und Lüftungstechnik Vollelektronischer Motorstarter MONOVENT für Lüftungstechnische Anwendungen Axialventilatoren Radialventilatoren Hoch- und Niederdruckventilatoren

Downloadbereich In unserem Download-Bereich erhalten Sie alle Informationen zu unserem Unternehmen sowie zu unseren Produkten. Unsere allgemeinen Einkaufsbedingungen Unsere allgemeinen Geschäftsbedingungen Produktkataloge Produktinformation Motorstarter / Frequenzumrichter mit Weidmüller Energiebus Field Power Produktkatalog dezentrale Antriebstechnik Gesamtproduktkatalog der elektronischen und mechanischen Antriebstechnik Produktinformationen elektronisches Vorschaltgerät E-S-L für Leuchtstofflampen und Lichtbänder -- Sparen Sie 40% Ihrer Stromkosten e-Plan Produktmakros e-Plan Produktmakros für Frequenzumrichter VECTOR und Field Power Motorstarter MONO-SWITCH / DUO-SWITCH Hier können SIe sich den aktuellen Abobe Acrobat Reader herunter laden.

NEWSLETTER - Hier erfahren Sie noch mehr über uns Ausgabe Januar 2008: Dezentralisierung in der Fördertechnik mit MONO-SWITCH DUO-SWITCH und VECTOR Dezentrale vollelektronische Motorstarter für Ihre Fördertechnik und Intralogistikanlagen MSF-Vathauer baut sein Produktspektrum weiter aus. Mit dem neuen vollelektronischen Motorstarter MONO-SWITCH --PROFI DP-- sowie mit dem Frequenzumrichter VECTOR stehen Ihnen zwei Geräte mit Profibusanschluss und zahlreichen Funktionen für Fördertechnische Anwendungen in Hochregallager und Intralogistikanwendungen zur Verfügung. Funktionen MONO-SWITCH : Vollelektronischer Motorstarter als Direktstarter 3-Phasiges direktes Einschalten von einem Antrieb Schaltungen im Nulldurchgang verhindern Störspitzen Motorschutz über PTC-Kaltleiter oder Bi-Metall Leistungen bis 0,75KW Anschlussspannung: 400V +/- 10% Schutzklasse: IP54 (Option IP65) 4 Digitale Eingänge für Sensoren über M12 Stecker/ Buchse 1 Digitaler Eingang für Handbediensteuerung über M12 Stecker / Buchse Profibusanschluss über M12 Stecker / Buchse Integrierter abschließbarer Revisionsschalter (Hauptschalter) Integrierte und von außen zugängliche Netzsicherungen Von außen zugängliche Profibus DP Adressierung Klarsicht Diagnosefenster für Funktions- und Statusanzeigen Motor- und Netzanschluss über metrische Kabelverschraubungen (Optional über Steckverbinder) Bremsmotoransteuerung über Relais oder direktes Schalten der Motorbremse Funktionen Frequenzumrichter VECTOR Vector geregelter Frequenzumrichter für das 3-Phasiges ansteuern eines Drehstrommotors Motorschutz über PTC oder Bi-Metall Leistung bis 1,5KW / 400V +/- 10% Integrierte EMV Filter Schutzklasse IP54 Einstellung aller Geräteparameter über den Signalbus Funktionsfähig an Industrie PC mit Profibus-Einsteckkarte oder über SPS 4 Digitale Eingänge auf M12-Stecker für Sensoren 1 Digitaler Eingang auf M12-Stecker für Handbediengerät Jeweils 1x M12 Stecker für Profibusanschluss Abschließbarer Hauptschalter im Gerätedeckel Von außen zugängliche Profibus DP-Adressierung Motor- und Netzanschluss über Kabelverschraubungen Bremsmotoransteuerung über Relay oder direktes Schalten der Motorbremse Steckbare Motor- und Netzanschlüsse (Option) Weitere Funktionen für MONO-SWITCH --PROFI-- und VECTOR --PROFI-- Erkennung aller Sensoren bei lokelem Signalbusausfall über den Profibus-Ring Erkennung aller Sensoren bei lokaler Antriebsabschaltung Sofortiger Halt des Antriebs bei lokalem Ausfall des Profibusses Einstellbare Drehfeldfrequenz zum Lüften der Motorbremse (Hubgerüste) Meldung der Motortemperaturüberwachung über den Profibus Dadurch kein unkontrolliertes Anschalten des Förderers durch den Frequenzumrichter Handbedienung für den Einrichtfall Die Sternverdrahtung von Antrieben ist out -- Keine sternförmige Verdrahtung durch das Energiebussystem Weidmüller Field Power® mit aufsteckbaren Motorstartern MSF-Vathauer entwickelt vollelektronischen Motorstarter für das Weidmüller Field Power® Energiebussystem Der neue vollelektronische Motorstarter für das Weidmüller Field Power® Energiebussystem wird auf der Power-Box aufgesteckt und bringt somit die Motoransteuerungen in das Maschinenfeld. Dieses System ist eine echte Alternative zu zentral im Schaltschrank installierte Komponenten. Die schnelle, flexible und einfache Installierung bringt erhebliche Vorteile bei Neuinstallation, Erweitereungen sowie Nachrüstungen von Anlagen. Die aüf die Power-Box aufgesteckten Motorstarter können wahlweise mittels einer Rundleitung oder einer Flachleitung angeschlossen werden. Im Motorstarter integrierte Steckbare Anschlüsse M12 für die Signalübertragung mittels einer 24V SPS Ansteuerung oder einer Ansteuerung über ein AS-Interface bzw. über ein Profibus-System sowie für den Motoranschluss machen die Installation noch schneller und einfacher. Weiterhin können bis zu 2 Sensoren über M12 Stecker angeschlossen werden. Varianten des vollelektronischen Motorstarters: MONO-SWITCH: Ein- und Ausschalten von einem Motor DUO-SWITCH: Unabhängiges Ein- und Ausschalten von zwei Motoren MONO-SOFT-SWITCH: Sanftes Ein- und Ausschalten von einem Motor Funktionen der Motorstarter: Vollelektronischer Motorstarter als Direkt- oder Soft-Starter bis 3KW Motorleistung 3- Phasiges sanftes Ein- und Ausschalten von einem Antrieb Einstellbare Hoch- und Tieflauframpen sowie BOOST (Soft-Starter) Integrierte zugängliche und austauschbare Netzsicherungen 2 Digitale Eingänge auf M12-Stecker für Sensoren M12 Stecker für den AS-Interface oder Profibus DP Anschluss Steckbare Motoranschlüsse mit integriertem Motorschutzanschluss (HANQ) Bremsansteuerung und Handbediensteuerung (Optional) Signalbussysteme: 24V SPS Ansteuerung AS-Interface Profibus DP Andere Datenbussysteme auf Anfrage Der vollelektronische Motorstarter MONO-SWITCH und DUO-SWITCH Alle Motorstarter schalten die Motor vollelektronisch, d.h. ohne zusätzliche mechanischen Relais oder Schütze ein- und aus. Das verringert Störspitzen beim Schalten und erhöht die Lebensleistung der Geräte. Durch dieses Konzept werden erheblich mehr Schaltspiele der Förderanlage realisiert und die Gesamtanlage wird Wartungsärmer. Durch die hohen Schaltspiele wird die Förderstrecke effizienter genutzt. Die Baureihe MONO-SWITCH und DUO-SWITCH unterscheidet sich in den einzelnen Anschaltbaugruppen dahingehend, dass nur ein Motor (MONO-SWITCH) oder zwei Motoren (DUO-SWITCH) getrennt direkt ein- und ausgeschaltet werden. Dahingehend ermöglicht der SOFT-SWITCH ein weiches Ein- und Ausschalten des Antriebs durch einstellbare Hoch- und Tieflauframpen. MONO-SWITCH Vollelektronischer Motorstarter als Direktstarter 3-Phasiges direktes Einschalten von einem Antrieb Leistung bis 3KW Bis zu 2 Digitale Eingänge auf M12-Stecker für Sensoren und AS-Interface) Bremsansteuerung (Option) Einstellbare Hoch- und Tieflauframpen (MONO-SOFT-SWITCH) Einstellbarer BOOST (MONO-SOFT-SWITCH) DUO-SWITCH Vollelektronischer Motorstarter als Direktstarter 3 - Phasiges unabhängiges und direktes Ein- und Ausschalten von zwei Antrieben Leistung bis 2 x 0,75KW 2 Digitale Eingänge auf M12-Stecker für Sensoren und AS-Interface Bremsansteuerung für jeden Motor (Option) Einstellbare Hoch- und Tieflauframpen (DUO-SOFT-SWITCH für jeden Motor getrennt) Einstellbarer BOOST (DUO-SOFT-SWITCH für jeden Motor getrennt) Signalbussysteme für alle Gerätetypen CANopen

Pressemitteilungen MSF-Vathauer Antriebstechnik investiert in hohem Ma� auch in wirtschaftlich schlechten Zeiten in die eigene Fertigung Durch unsere hohe Investition in die vollautomatische SMD Best�ckung sind wir bestens f�r die Zukunft aufgestellt. Sie sichert dem Unternehmen die notwendige Flexibilit�t erfolgreich am Markt zu agieren. Mit dieser Investition sind zus�tzliche Arbeitspl�tze geschaffen. Durch die gewonnene Flexibilit�t und dazu gewonnene Fertigungstiefe, ist MSF-Vathauer Antriebstechnik in der Lage komplette Dienstleistung beginnend von der Werkzeugkonstruktion f�r Spritzgussteile, �ber Elektronikentwicklung, Fertigung bis hin zum Testen, anzubieten. Die Pressemitteilung lesen Sie hier.... Der Technologief�hrer f�r dezentrale Antriebssysteme MSF-Vathauer Antriebstechnik entwickelte neue dezentrale Antriebskonzepte f�r die staudrucklose F�rdertechnik. Hierdurch k�nnen bis zu 80% Energie im Produktionsprozess eingespart werden. Unter Ber�cksichtigung des Klimawandels und der immer weiter steigenden Energiepreise stellt diese neue Technologie einen Meilenstein in der Antriebstechnik dar. Einen Bericht dazu sehen Sie hier. MSF-Vathauer entwickelt Frequenzumrichter und vollelektronische Motorstarter f�r das Energiebussystem ""Field Power"" der Firma Weidm�ller GmbH & Co KG Durch jahrzehntelange Erfahrung in der Antriebstechnik sowie in der Sonderentwicklung von Frequenzumruchtern und vollelektronischen Motorstartern entwickelt MSF derzeit neue Anschaltbaugruppen f�r das neue Energiebussystem ""Field Power"". Dieses neue Konzept der Energieverteilung im Zusammenhang der einfachen und schnellen Montage von Frequenzumrichter und Motorstartern revolutionieren die F�rdertechnik. Hier geht es zum Artikel..... MSF-Vathauer Antriebstechnik GmbH & Co KG ist erster Entwicklungspartner der Fa. Weidm�ller GmbH & Co KG in Detmold Ziel dieser Partnerschaft ist die Entwicklung eines intelligenten Energieverteilungssystems auf Basis von FieldPower. Denn die Sternverdrahtung ist ""out"". Hier ein Interview Vorstellung auf der Hannovermesse 2007 Dezentrale Energieverteilung mit FielDPower und elektronische Anschaltungen von MSF-Technik Vathauer Antriebstechnik GmbH & Co KG FieldPower� ist ein neues Anschlusskonzept der dezentralen Energieverteilung im Maschinen- und Anlagenbau, bei Flugh�fen, der Automobilproduktion, also �berall dort, wo Energie �ber weite Strecken verteilt werden soll. Die Produktfamilie umfasst PowerBox Verteilerboxen in Schutzart IP 65, Wartungsschalter, Steckverbinder � optional mit Sicherungsfunktion �, Leitungen, vorkonfektionierte Kabels�tze, Werkzeuge und umfangreiches Zubeh�r. Die Energie wird �ber eine ungeschnittene Rund- und/oder Flachleitung verteilt. Der Abgriff erfolgt verbrauchernah an beliebiger Stelle �ber die PowerBox mit IDC-Kontakttechnologie (Insulation Displacement Connection). Verzweigungen und Abg�nge zu Motor-Startern und Frequenzumrichtern werden �steckbar� oder �fest� realisiert. Das verringert die zu verlegenden Leitungsl�ngen und reduziert Montagezeiten. FieldPower� senkt die gesamten Projektkosten und erh�ht die Flexibilit�t bei Anlagenerweiterungen oder sp�teren Umplanungen. Das FieldPower� Konzept ist multifunktional ausgelegt. Anwender k�nnen ihre individuellen Entwicklungen integrieren. Neben einer gro�en Anzahl industrieller Anwender wurde mit MSF � Vathauer Antriebstechnik GmbH & Co. KG ein Partner f�r Antriebsl�sungen gewonnen . Der Antriebstechnik-Spezialist entwickelt auf Basis von FieldPower� eine neue Produktfamilie in Schutzart IP 65. Hier der ganze Bericht. Intelligente integrierte Antriebskonzepte mit FieldPower MSF-Vathauer Antriebstechnik GmbH & Co KG entwickelt in Zusammenarbeit mit der Fa. Weidm�ller GmbH & Co KG neuartige dezentrale Energieverteilungen mit integrierten Antriebskonzepten. Auf der diesj�hrigen Hannovermesse 2007 pr�sentiert der technologief�hrer f�r dezentrale Antriebskozepte in der staudrucklosen F�rdertechnik MSF-Vathauer Antriebstechnik GmbH & Co KG sowie der Verbindunsspezialist Weidm�ller GmbH & Co KG neue Konzepte zur Energieverteilung f�r weitr�umig konzipierte Maschinen und Anlagen. Mit Hilfe von FieldPower werden wir in Zukunft flexible, intelligente und integrierte Antriebskonzepte anbieten k�nnen. MSF-Vathauer entwickelt auf Basis von FieldPower neuartige Motor-Starter und Frequenzumrichter f�r die F�rdertechnik und Anlagen, die eine rein elektrisch/ elektrische L�sung bieten. Somit fallen zeitaufwendige Installationszeiten weg, Installationskosten werden eingespart und die Anlagen und Maschinen k�nnen jederzeit individuell und flexible erweitert oder an weitere Produktionsprozesse angepasst werden. Hier der ganze Bericht

Produkte der elektronischen Antriebstechnik IEC Normmotoren EFF2 und Energiesparmotore EFF1 Frequenzumrichter VECTOR eco/ 1-phasig 54/ 1-phasig 54/ 3-phasig 20/ 1-phasig 20/ 3-phasig Frequenzumrichter für Rotationswärmetauscher WT Frequenzumrichter zur Ansteuerung von Schwingförderern Vibrodrive Frequenzumrichter für den Einsatz in Schienenfahrzeugen Railway Kundenspezifische Frequenzumrichter open Pack-Man Customized Single-Phase-Regulator Stufenlose Drehzahlregelung von Wechselstrommotoren SPR 1500 Three-Phase-Regulator Stufenlose Regelung von ohmschen Lasten Stufenlose Drehzahlregelung von induktiven Lasten TPR 3000 Digitale Taktschaltgeräte DTSG 4 DTSG 4 Gesamtproduktkatalog IEC Normgetriebe Schneckengetriebe Stirnradgetriebe Stirnrad- Flachgetriebe Kompaktantriebe Motorbaugröße 050 / Schneckengetriebe 025 Vollelektronische Motorstarter MONO-SWITCH DUO-SWITCH MONO-SOFT-SWITCH DUO-SOFT-SWITCH MONO-SWITCH mit Reversierung Field Power Rerversierung Sanftanlaufgeräte SAE 1,5 - 3,0KW SAZ 1,5 - 3,0KW SSAZ 1,5 - 3,0KW Wirbelstrombremsen BR 2 - 10.....BR 2 - 600 BR 3 - 10.....BR 3 - 600 Gleichstrom- motorregler MTR 101 MTR 201 MTR 203 MTR 204 Drehfeldmagnetsteller DFM 1 (1,5KW) DFM 3 (3,0KW) Drehteller- und Drehverteilersteuerungen DSVT - KR - IP54 DSDR - KR - IP54 Aufsteckmodule für Frequenzumrichter VECTOR 20 Bedieninterface I/O Modul Positioniermodul POSI Schnittstelle RS 232 Kommunikation Blue-Tooth Kommunikation Ethernet TPC/IP",3059,3059,8,"[""http://www.msf-technik.de/Stellenangebote.48.0.html"", ""http://www.msf-technik.de/"", ""http://www.msf-technik.de/Aktuelles.22.0.html"", ""http://www.msf-technik.de/Dezentrale-Antriebstechnik.79.0.html"", ""http://www.msf-technik.de/Download.6.0.html"", ""http://www.msf-technik.de/Newsletter-aktuell.71.0.html"", ""http://www.msf-technik.de/Pressemitteilungen.57.0.html"", ""http://www.msf-technik.de/Produkte.antriebstechnikdezentraleantr.0.html""]","[""careers_employer"", ""homepage"", ""news_press"", ""news_press"", ""news_press"", ""news_press"", ""news_press"", ""products_services""]",14,1944,1944,9,True,8,0,0,0,3059,0,0,0,de,True,,de,True,high,
